league,team_id,abbreviation,display_name,short_display_name,location,nickname,color,alternate_color
cfb,101,ERKA,Eureka Red Devils,Eureka,Eureka,Red Devils,960a2c,c09a05
cfb,101161,LYON,Lyon Scots,Lyon,Lyon,Scots,000000,
cfb,101442,CTLA,Centenary (LA) Gentlemen,Centenary (LA),Centenary (LA),Gentlemen,000000,
cfb,101784,ERSK,Erskine Flying Fleet,Erskine,Erskine,Flying Fleet,000000,
cfb,103,BC,Boston College Eagles,Boston College,Boston College,Eagles,8c2232,dbcca6
cfb,107,HC,Holy Cross Crusaders,Holy Cross,Holy Cross,Crusaders,582c83,ffffff
cfb,108,HARV,Harvard Crimson,Harvard,Harvard,Crimson,990000,dbdbdb
cfb,108354,HOL,Holland College Hurricanes,Holland College,Holland College,Hurricanes,,
cfb,108358,AZCH,Arizona Christian Firestorm,AZ Christian,Arizona Christian,Firestorm,,
cfb,108382,COI,College of Idaho Yotes,Coll. of Idaho,College of Idaho,Yotes,,
cfb,109,MIT,MIT Engineers,MIT,MIT,Engineers,000000,
cfb,11,COMU,Colorado Mesa Mavericks,Colorado Mesa,Colorado Mesa,Mavericks,000000,
cfb,110,MMT,Mass Maritime Buccaneers,Mass Maritime,Mass Maritime,Buccaneers,212c62,fed523
cfb,110242,UWF,West Florida Argonauts,West Florida,West Florida,Argonauts,,
cfb,110243,UTPB,UT Permian Basin Falcons,UT Prmian Basn,UT Permian Basin,Falcons,,
cfb,110438,DEAN,Dean Bulldogs,Dean,Dean,Bulldogs,,
cfb,111610,STAU,St. Andrews Knights,St Andrews,St. Andrews,Knights,,
cfb,111674,ALVR,Alvernia Golden Wolves,Alvernia,Alvernia,Golden Wolves,,
cfb,111675,UNE,New England Nor'easters,New England,New England,Nor'easters,,
cfb,111756,INWESL,Indiana Wesleyan Wildcats,INDWESLYAN,Indiana Wesleyan,Wildcats,,
cfb,112,TUFT,Tufts Jumbos,Tufts,Tufts,Jumbos,3e8ede,c6beb6
cfb,112334,FP,Franklin Pierce Ravens,Franklin Pierce,Franklin Pierce,Ravens,,
cfb,112335,WHLG,Wheeling Cardinals,Wheeling,Wheeling,Cardinals,,
cfb,113,MASS,Massachusetts Minutemen,UMass,Massachusetts,Minutemen,881c1c,ffffff
cfb,114,FBSU,Fitchburg State Falcons,Fitchburg St,Fitchburg State,Falcons,024d36,fbbf16
cfb,118,JHU,Johns Hopkins Blue Jays,Johns Hopkins,Johns Hopkins,Blue Jays,000000,
cfb,119,TOW,Towson Tigers,Towson,Towson,Tigers,FFC229,
cfb,12,ARIZ,Arizona Wildcats,Arizona,Arizona,Wildcats,cc0033,003366
cfb,120,MD,Maryland Terrapins,Maryland,Maryland,Terrapins,ce1126,ffffff
cfb,121,BATE,Bates Bobcats,Bates,Bates,Bobcats,a51e36,b2b3b2
cfb,122666,BART,Barton Bulldogs,Barton,Barton,Bulldogs,000000,
cfb,122774,KYSN,Keystone Giants,Keystone,Keystone,Giants,,
cfb,122775,JUDSO,Elgin Eagles,JUDSON,Elgin,Eagles,,
cfb,123086,NAMU,North American Stallions,N American,North American,Stallions,,
cfb,124,AUGS,Augsburg Auggies,Augsburg,Augsburg,Auggies,74233d,a9a9aa
cfb,124179,LNCA,Lincoln (CA) Oaklanders,Lincoln (CA),Lincoln (CA),Oaklanders,,
cfb,124180,BLUS,Bluefield State Big Blue,Bluefield St,Bluefield State,Big Blue,,
cfb,124386,ARBA,Arkansas Baptist Buffaloes,Ark Baptist,Arkansas Baptist,Buffaloes,,
cfb,125,GVSU,Grand Valley State Lakers,Grand Val St,Grand Valley State,Lakers,000000,
cfb,125762,FMU,Florida Memorial Lions,FL Memorial,Florida Memorial,Lions,,
cfb,125974,HLBT,Hilbert Hawks,Hilbert,Hilbert,Hawks,,
cfb,126,KALC,Kalamazoo Hornets,Kalamazoo,Kalamazoo,Hornets,000000,
cfb,126086,POST,Post Eagles,Post,Post,Eagles,,
cfb,126110,KEISER,Keiser University Keiser,Keiser Univers,Keiser University,Keiser,,
cfb,126146,MDNN,Madonna Crusaders,Madonna,Madonna,Crusaders,,
cfb,127,MSU,Michigan State Spartans,Michigan St,Michigan State,Spartans,173f35,ffffff
cfb,127954,EU,Eastern Eagles,Eastern,Eastern,Eagles,,
cfb,127991,RSVT,Roosevelt Lakers,Roosevelt,Roosevelt,Lakers,000000,
cfb,128,NMI,Northern Michigan Wildcats,N Michigan,Northern Michigan,Wildcats,000000,
cfb,129,SVSU,Saginaw Valley State Cardinals,Saginaw Valley,Saginaw Valley State,Cardinals,000000,
cfb,129469,ANSC,Anderson (SC) Trojans,Anderson (SC),Anderson (SC),Trojans,,
cfb,129738,CALU,Calvin Knights,Calvin,Calvin,Knights,000000,
cfb,129741,WLWD,William Woods Owls,William Woods,William Woods,Owls,,
cfb,129758,SUCA,Simpson (CA) Red Hawks,Simpson (CA),Simpson (CA),Red Hawks,,
cfb,13,CP,Cal Poly Mustangs,Cal Poly,Cal Poly,Mustangs,1E4D2B,eed897
cfb,130,MICH,Michigan Wolverines,Michigan,Michigan,Wolverines,00274c,ffcb05
cfb,131,WSMI,Wayne State (MI) Warriors,Wayne St (MI),Wayne State (MI),Warriors,000000,
cfb,132,BST,Bemidji State Beavers,Bemidji St,Bemidji State,Beavers,000000,
cfb,133,OLAF,St. Olaf Oles,St Olaf,St. Olaf,Oles,000000,d18c29
cfb,134,UMD,Minnesota Duluth Bulldogs,Minn Duluth,Minnesota Duluth,Bulldogs,000000,
cfb,134000,THO,Thomas Night Hawks,Thomas,Thomas,Night Hawks,,
cfb,134001,MON,Monroe Mustangs,Monroe,Monroe,Mustangs,,
cfb,134002,AND,Andrew Fighting Tigers,Andrew,Andrew,Fighting Tigers,,
cfb,134087,WES,Westgate Christian University Ravens,Westgate Chris,Westgate Christian University,Ravens,,
cfb,135,MINN,Minnesota Golden Gophers,Minnesota,Minnesota,Golden Gophers,5e0a2f,fab41c
cfb,137,MOWE,Missouri Western Griffons,MO Western,Missouri Western,Griffons,000000,
cfb,138,MWMO,Northwest Missouri State Bearcats,NW Missouri St,Northwest Missouri State,Bearcats,000000,
cfb,142,MIZ,Missouri Tigers,Missouri,Missouri,Tigers,f1b82d,000000
cfb,143,WUMO,Washington St. Louis Bears,Wash St Louis,Washington St. Louis,Bears,000000,
cfb,145,MISS,Ole Miss Rebels,Ole Miss,Ole Miss,Rebels,13294b,cf142b
cfb,146,GRO,Grove City Wolverines,Grove City,Grove City,Wolverines,000000,
cfb,147,MTST,Montana State Bobcats,Montana St,Montana State,Bobcats,00205c,bc955c
cfb,149,MONT,Montana Grizzlies,Montana,Montana,Grizzlies,751D4A,666666
cfb,150,DUKE,Duke Blue Devils,Duke,Duke,Blue Devils,00539b,ffffff
cfb,151,ECU,East Carolina Pirates,East Carolina,East Carolina,Pirates,582c83,ffc72c
cfb,152,NCSU,NC State Wolfpack,NC State,NC State,Wolfpack,cc0000,ffffff
cfb,153,UNC,North Carolina Tar Heels,North Carolina,North Carolina,Tar Heels,7bafd4,13294b
cfb,154,WAKE,Wake Forest Demon Deacons,Wake Forest,Wake Forest,Demon Deacons,ceb888,2c2a29
cfb,155,UND,North Dakota Fighting Hawks,North Dakota,North Dakota,Fighting Hawks,00A26B,c2c3c0
cfb,158,NEB,Nebraska Cornhuskers,Nebraska,Nebraska,Cornhuskers,e31937,ffffff
cfb,159,DART,Dartmouth Big Green,Dartmouth,Dartmouth,Big Green,005730,000000
cfb,16,SAC,Sacramento State Hornets,Sacramento St,Sacramento State,Hornets,00573C,cdb97d
cfb,160,UNH,New Hampshire Wildcats,New Hampshire,New Hampshire,Wildcats,004990,c3c4c6
cfb,16111,BENC,Benedictine College Ravens,Bndctn Col,Benedictine College,Ravens,,
cfb,162,HMLN,Hamline Pipers,Hamline,Hamline,Pipers,98012e,ffffff
cfb,163,PRIN,Princeton Tigers,Princeton,Princeton,Tigers,000000,ff6000
cfb,164,RUTG,Rutgers Scarlet Knights,Rutgers,Rutgers,Scarlet Knights,ce0e2d,ffffff
cfb,166,NMSU,New Mexico State Aggies,New Mexico St,New Mexico State,Aggies,7e141b,231f20
cfb,167,UNM,New Mexico Lobos,New Mexico,New Mexico,Lobos,ba0c2f,a7a8aa
cfb,17,CMS,Claremont Mudd Scripps Stags,Claremont-M-S,Claremont Mudd Scripps,Stags,981a31,feba15
cfb,171,COLU,Columbia Lions,Columbia,Columbia,Lions,7ba4db,183863
cfb,172,COR,Cornell Big Red,Cornell,Cornell,Big Red,b31b1b,ffffff
cfb,173,HRTW,Hartwick Hawks,Hartwick,Hartwick,Hawks,000000,
cfb,174,HBRT,Hobart Statesmen,Hobart,Hobart,Statesmen,000000,
cfb,175,ITH,Ithaca Bombers,Ithaca,Ithaca,Bombers,000000,
cfb,18,BRIS,Bridgewater State Bears,Bridgewater St,Bridgewater State,Bears,bf2f38,000000
cfb,183,SYR,Syracuse Orange,Syracuse,Syracuse,Orange,000e54,ff431b
cfb,184,URNY,Rochester (NY) Yellow Jackets,Rochester (NY),Rochester (NY),Yellow Jackets,000000,
cfb,188,BW,Baldwin Wallace Yellow Jackets,Baldwin Wall,Baldwin Wallace,Yellow Jackets,000000,
cfb,189,BGSU,Bowling Green Falcons,Bowling Green,Bowling Green,Falcons,fd5000,4f2c1d
cfb,190,DEF,Defiance College Yellow Jackets,Defiance,Defiance College,Yellow Jackets,4e2d8a,ded27c
cfb,191,HDBG,Heidelberg Student Princes,Heidelberg,Heidelberg,Student Princes,000000,
cfb,193,M-OH,Miami (OH) RedHawks,Miami OH,Miami (OH),RedHawks,c41230,ffffff
cfb,194,OSU,Ohio State Buckeyes,Ohio State,Ohio State,Buckeyes,ba0c2f,a8adb4
cfb,195,OHIO,Ohio Bobcats,Ohio,Ohio,Bobcats,154734,ffffff
cfb,196,NESU,Northeastern State RiverHawks,NE State,Northeastern State,RiverHawks,000000,
cfb,197,OKST,Oklahoma State Cowboys,Oklahoma St,Oklahoma State,Cowboys,fe5c00,000000
cfb,199,SEOK,Southeastern Oklahoma State Savage Storm,SE Oklahoma St,Southeastern Oklahoma State,Savage Storm,000000,
cfb,2,AUB,Auburn Tigers,Auburn,Auburn,Tigers,002b5c,f26522
cfb,200,SNU,Southern Nazarene Crimson Storm,S Nazarene,Southern Nazarene,Crimson Storm,000000,
cfb,2000,ACU,Abilene Christian Wildcats,Abilene Chrstn,Abilene Christian,Wildcats,592d82,b1b3b3
cfb,2001,ADSU,Adams State Grizzlies,Adams St,Adams State,Grizzlies,000000,
cfb,2003,ADR,Adrian Bulldogs,Adrian,Adrian,Bulldogs,000000,
cfb,2005,AF,Air Force Falcons,Air Force,Air Force,Falcons,003594,ffffff
cfb,2006,AKR,Akron Zips,Akron,Akron,Zips,041e42,c5b783
cfb,201,OU,Oklahoma Sooners,Oklahoma,Oklahoma,Sooners,990000,ffffff
cfb,2010,AAMU,Alabama A&M Bulldogs,Alabama A&M,Alabama A&M,Bulldogs,790000,ffffff
cfb,2011,ALST,Alabama State Hornets,Alabama St,Alabama State,Hornets,e9a900,0a0a0a
cfb,2013,ABSU,Albany State Golden Rams,Albany St,Albany State,Golden Rams,000000,
cfb,2015,ALBR,Albright Lions,Albright,Albright,Lions,c82e48,000000
cfb,2016,ALCN,Alcorn State Braves,Alcorn St,Alcorn State,Braves,4b0058,46166a
cfb,2018,ALLG,Allegheny Gators,Allegheny,Allegheny,Gators,000000,
cfb,2019,ALNU,Allen Yellow Jackets,Allen,Allen,Yellow Jackets,,
cfb,202,TLSA,Tulsa Golden Hurricane,Tulsa,Tulsa,Golden Hurricane,003595,d0b787
cfb,2022,AIC,American International Yellow Jackets,American Int'l,American International,Yellow Jackets,000000,
cfb,2023,ANIN,Anderson (IN) Ravens,Anderson (IN),Anderson (IN),Ravens,000000,
cfb,2025,AGSU,Angelo State Rams,Angelo St,Angelo State,Rams,000000,
cfb,2026,APP,App State Mountaineers,App State,App State,Mountaineers,000000,ffcd00
cfb,2028,UAM,Arkansas Monticello Boll Weevils,UA Monticello,Arkansas Monticello,Boll Weevils,000000,
cfb,2029,UAPB,Arkansas-Pine Bluff Golden Lions,AR-Pine Bluff,Arkansas-Pine Bluff,Golden Lions,e0aa0f,eaaa00
cfb,203,LINF,Linfield Wildcats,Linfield,Linfield,Wildcats,46256a,d41e47
cfb,2032,ARST,Arkansas State Red Wolves,Arkansas St,Arkansas State,Red Wolves,cc092f,000000
cfb,2033,ARTE,Arkansas Tech Wonder Boys,Arkansas Tech,Arkansas Tech,Wonder Boys,000000,
cfb,2038,ASP,Assumption Greyhounds,Assumption,Assumption,Greyhounds,000000,
cfb,204,ORST,Oregon State Beavers,Oregon St,Oregon State,Beavers,dc4405,000000
cfb,2042,AUGC,Augustana (IL) Vikings,Augustana (IL),Augustana (IL),Vikings,000000,
cfb,2043,AUSD,Augustana (SD) Vikings,Augustana (SD),Augustana (SD),Vikings,000000,
cfb,2044,AUR,Aurora Spartans,Aurora,Aurora,Spartans,00549f,000000
cfb,2045,AUS,Austin 'Roos,Austin,Austin,'Roos,000000,
cfb,2046,APSU,Austin Peay Governors,Austin Peay,Austin Peay,Governors,8e0b0b,
cfb,2047,AVER,Averett Cougars,Averett,Averett,Cougars,012853,fdbb30
cfb,2048,AVILA,Avila University Eagles,Avila,Avila University,Eagles,000000,
cfb,2049,APU,Azusa Pacific Cougars,Azusa Pacific,Azusa Pacific,Cougars,000000,
cfb,205,PCOR,Pacific (OR) Boxers,Pacific (OR),Pacific (OR),Boxers,b4183a,ffffff
cfb,2050,BALL,Ball State Cardinals,Ball State,Ball State,Cardinals,ba0c2f,ffffff
cfb,2056,BELH,Belhaven Blazers,Belhaven,Belhaven,Blazers,215732,f2a900
cfb,2060,BENT,Bentley Falcons,Bentley,Bentley,Falcons,000000,
cfb,2062,BCWV,Bethany (WV) Bison,Bethany (WV),Bethany (WV),Bison,000000,
cfb,2064,BTTN,Bethel (TN) Wildcats,Bethel (TN),Bethel (TN),Wildcats,000000,
cfb,2065,BCU,Bethune-Cookman Wildcats,Bethune,Bethune-Cookman,Wildcats,7b1831,e9aa12
cfb,2069,BHSU,Black Hills State Yellow Jackets,Black Hills St,Black Hills State,Yellow Jackets,000000,
cfb,2071,BBU,Bloomsburg Huskies,Bloomsburg,Bloomsburg,Huskies,000000,
cfb,2074,BLF,Bluffton Beavers,Bluffton,Bluffton,Beavers,46166a,ffffff
cfb,2075,BOWE,Bowie State Bulldogs,Bowie St,Bowie State,Bulldogs,000000,
cfb,2079,BRI,Bridgewater Eagles,Bridgewater,Bridgewater,Eagles,990022,8d724b
cfb,2080,BBM,British Columbia British Col,Britsh Col,British Columbia,British Col,000000,
cfb,2083,BUCK,Bucknell Bison,Bucknell,Bucknell,Bison,000060,00316e
cfb,2084,BUF,Buffalo Bulls,Buffalo,Buffalo,Bulls,005bbb,ffffff
cfb,2085,BSU,Buffalo State Bengals,Buffalo St,Buffalo State,Bengals,000000,
cfb,2086,BTLR,Butler Bulldogs,Butler,Butler,Bulldogs,0d1361,00a3e0
cfb,209,LHU,Lock Haven Bald Eagles,Lock Haven,Lock Haven,Bald Eagles,000000,
cfb,2094,CLU,Cal Lutheran Kingsmen,Cal Lutheran,Cal Lutheran,Kingsmen,3b2361,fec223
cfb,2097,CAM,Campbell Fighting Camels,Campbell,Campbell,Fighting Camels,000000,
cfb,2098,CBVU,Campbellsville Tigers,Campbellsville,Campbellsville,Tigers,,
cfb,21,SDSU,San Diego State Aztecs,San Diego St,San Diego State,Aztecs,a6192e,000000
cfb,210,MILL,Millersville Marauders,Millersville,Millersville,Marauders,000000,
cfb,2101,CAR,Carleton Knights,Carleton,Carleton,Knights,173a79,edac09
cfb,2102,CGMU,Carnegie Mellon Tartans,Carn Mellon,Carnegie Mellon,Tartans,000000,
cfb,2105,CN,Carson Newman Eagles,Carson Newman,Carson Newman,Eagles,f2682a,0c233f
cfb,2106,CCW,Carthage Firebirds,Carthage,Carthage,Firebirds,000000,
cfb,2107,CAT,Catawba Indians,Catawba,Catawba,Indians,0c233f,cb152f
cfb,2108,CATH,Catholic Cardinals,Catholic,Catholic,Cardinals,000000,
cfb,2110,CARK,Central Arkansas Bears,C Arkansas,Central Arkansas,Bears,a7a9ac,8e959a
cfb,2115,CCSU,Central Connecticut Blue Devils,C Connecticut,Central Connecticut,Blue Devils,1B49A2,d1d5d8
cfb,2116,UCF,UCF Knights,UCF,UCF,Knights,000000,b4a169
cfb,2117,CMU,Central Michigan Chippewas,C Michigan,Central Michigan,Chippewas,4c0027,fbab18
cfb,2118,UCM,Central Missouri Mules,C Missouri,Central Missouri,Mules,000000,
cfb,2119,CNSU,Central State Marauders,Central St,Central State,Marauders,000000,
cfb,2120,CWAU,Central Washington Wildcats,C Washington,Central Washington,Wildcats,000000,
cfb,2121,CCO,Centre Colonels,Centre,Centre,Colonels,000000,
cfb,2122,UCO,Central Oklahoma Bronchos,C Oklahoma,Central Oklahoma,Bronchos,000000,
cfb,2123,CHAD,Chadron State Eagles,Chadron St,Chadron State,Eagles,000000,
cfb,2127,CHSO,Charleston Southern Buccaneers,Charleston So,Charleston Southern,Buccaneers,2e3192,ded090
cfb,2128,UCWV,Charleston (WV) Golden Eagles,Charleston WV,Charleston (WV),Golden Eagles,000000,
cfb,213,PSU,Penn State Nittany Lions,Penn State,Penn State,Nittany Lions,061440,ffffff
cfb,2130,CHST,Chicago State Cougars,Chicago St,Chicago State,Cougars,,
cfb,2132,CIN,Cincinnati Bearcats,Cincinnati,Cincinnati,Bearcats,000000,e00122
cfb,2134,CLRN,Clarion Golden Eagles,Clarion,Clarion,Golden Eagles,000000,
cfb,2141,COE,Coe Kohawks,Coe,Coe,Kohawks,881922,c8934a
cfb,2142,COLG,Colgate Raiders,Colgate,Colgate,Raiders,821019,ffffff
cfb,2146,CMIN,Colorado School of Mines Orediggers,Colorado Mines,Colorado School of Mines,Orediggers,000000,
cfb,2148,CONC,Concord Mountain Lions,Concord,Concord,Mountain Lions,000000,
cfb,215,SRU,Slippery Rock The Rock,Slippery Rock,Slippery Rock,The Rock,000000,
cfb,2151,CUC,Concordia Chicago Cougars,Concordia Chi,Concordia Chicago,Cougars,572a31,ffc72e
cfb,2152,CCMN,Concordia (MN) Cobbers,Concordia (MN),Concordia (MN),Cobbers,701d45,ffffff
cfb,2155,CNIA,Cornell (IA) Rams,Cornell (IA),Cornell (IA),Rams,000000,
cfb,216,SUSQ,Susquehanna River Hawks,Susquehanna,Susquehanna,River Hawks,6b1a31,fd6b0d
cfb,2161,CUMBTN,Cumberland (TN) Bulldogs,Cmbrlnd TN,Cumberland (TN),Bulldogs,,
cfb,2166,DAV,Davidson Wildcats,Davidson,Davidson,Wildcats,000000,e51837
cfb,2168,DAY,Dayton Flyers,Dayton,Dayton,Flyers,004B8D,ffffff
cfb,2169,DSU,Delaware State Hornets,Delaware St,Delaware State,Hornets,009cdb,d51c28
cfb,2170,DLST,Delta State Statesmen,Delta St,Delta State,Statesmen,00753e,000000
cfb,2171,DSN,Denison Big Red,Denison,Denison,Big Red,000000,
cfb,2175,DKSN,Dickinson Red Devils,Dickinson,Dickinson,Red Devils,ed192d,000000
cfb,218,TEM,Temple Owls,Temple,Temple,Owls,a41e35,ffffff
cfb,2181,DRKE,Drake Bulldogs,Drake,Drake,Bulldogs,005596,bec0c2
cfb,2184,DUQ,Duquesne Dukes,Duquesne,Duquesne,Dukes,002D62,b90b2e
cfb,2188,ESU,East Stroudsburg Warriors,E Stroudsburg,East Stroudsburg,Warriors,000000,
cfb,219,PENN,Pennsylvania Quakers,Penn,Pennsylvania,Quakers,082A74,a6163d
cfb,2191,ECNU,East Central Tigers,East Central,East Central,Tigers,000000,
cfb,2193,ETSU,East Tennessee State Buccaneers,ETSU,East Tennessee State,Buccaneers,002d61,ffc423
cfb,2194,ETBU,East Texas Baptist Tigers,E TX Baptist,East Texas Baptist,Tigers,002b44,e0ad13
cfb,2197,EIU,Eastern Illinois Panthers,E Illinois,Eastern Illinois,Panthers,000000,bebab9
cfb,2198,EKU,Eastern Kentucky Colonels,E Kentucky,Eastern Kentucky,Colonels,660819,f0f0f0
cfb,2199,EMU,Eastern Michigan Eagles,E Michigan,Eastern Michigan,Eagles,006938,ffffff
cfb,2201,ENMU,Eastern New Mexico Greyhounds,Eastern NM,Eastern New Mexico,Greyhounds,000000,
cfb,2202,EORE,Eastern Oregon,E Oregon,Eastern Oregon,Eastern Oregon,,
cfb,2205,EDBR,Edinboro Fighting Scots,Edinboro,Edinboro,Fighting Scots,000000,
cfb,2206,EDW,Edward Waters Tigers,Edward Waters,Edward Waters,Tigers,,
cfb,2207,ECSU,Elizabeth City State Vikings,Elizabeth City,Elizabeth City State,Vikings,000000,
cfb,221,PITT,Pittsburgh Panthers,Pitt,Pittsburgh,Panthers,003594,ffb81c
cfb,2210,ELON,Elon Phoenix,Elon,Elon,Phoenix,020303,b59a57
cfb,2213,EHC,Emory & Henry Wasps,Emory & Henry,Emory & Henry,Wasps,1e376d,daad27
cfb,2214,EMSU,Emporia State Hornets,Emporia St,Emporia State,Hornets,000000,
cfb,2219,FAULKNER,Faulkner University Eagles,Faulkner,Faulkner University,Eagles,000000,
cfb,222,VILL,Villanova Wildcats,Villanova,Villanova,Wildcats,00205b,13b5ea
cfb,2220,FAYU,Fayetteville State Broncos,Fay'ville St,Fayetteville State,Broncos,000000,
cfb,2221,FDUF,FDU Florham Devils,FDU Florham,FDU Florham,Devils,003f87,a32638
cfb,2222,FRST,Ferris State Bulldogs,Ferris St,Ferris State,Bulldogs,000000,
cfb,2224,UF,Findlay Oilers,Findlay,Findlay,Oilers,000000,
cfb,2226,FAU,Florida Atlantic Owls,FAU,Florida Atlantic,Owls,003366,cc0000
cfb,2229,FIU,Florida International Panthers,FIU,Florida International,Panthers,091f3f,c3993f
cfb,223,WCHT,West Chester Golden Rams,West Chester,West Chester,Golden Rams,000000,
cfb,2230,FOR,Fordham Rams,Fordham,Fordham,Rams,830032,909090
cfb,2231,FHSU,Fort Hays Tigers,Fort Hays,Fort Hays,Tigers,000000,
cfb,2232,FVSU,Fort Valley State Wildcats,Fort Valley St,Fort Valley State,Wildcats,f9bd0a,2a307f
cfb,2233,FRKL,Franklin Grizzlies,Franklin,Franklin,Grizzlies,1b295b,fdd106
cfb,2234,FMC,Franklin & Marshall Diplomats,Franklin Marsh,Franklin & Marshall,Diplomats,25377d,6cb3e9
cfb,2237,FLWC,Fort Lewis Skyhawks,Fort Lewis,Fort Lewis,Skyhawks,000000,
cfb,2241,GWEB,Gardner-Webb Runnin' Bulldogs,Gardner-Webb,Gardner-Webb,Runnin' Bulldogs,c12535,909090
cfb,2242,GEN,Geneva Golden Tornadoes,Geneva,Geneva,Golden Tornadoes,000000,
cfb,2244,GMU,George Mason University Patriots,George Mason,George Mason University,Patriots,016600,ecb010
cfb,2245,GTKY,Georgetown (KY) Tigers,Georgetown KY,Georgetown (KY),Tigers,,
cfb,2247,GAST,Georgia State Panthers,Georgia St,Georgia State,Panthers,0039a6,ffffff
cfb,2248,GTYB,Gettysburg Bullets,Gettysburg,Gettysburg,Bullets,000000,
cfb,2249,GVLS,Glenville State Pioneers,Glenville St,Glenville State,Pioneers,000000,
cfb,225,BRWN,Brown Bears,Brown,Brown,Bears,411e09,949300
cfb,2254,GRANDVIEW,Des Moines Vikings,Grand View,Des Moines,Vikings,,
cfb,2256,GRNB,Greensboro Pride,Greensboro,Greensboro,Pride,000000,
cfb,2257,GRNV,Greenville Panthers,Greenville,Greenville,Panthers,f36917,000000
cfb,2258,GLFD,Guilford Quakers,Guilford,Guilford,Quakers,910028,dcddde
cfb,2261,HAMP,Hampton Pirates,Hampton,Hampton,Pirates,0067AC,
cfb,2262,HNVR,Hanover Panthers,Hanover,Hanover,Panthers,0b486d,990000
cfb,2264,HARD,Harding Bisons,Harding,Harding,Bisons,000000,
cfb,227,URI,Rhode Island Rams,Rhode Island,Rhode Island,Rams,091f3f,5ab3e8
cfb,2271,HSTU,Henderson State Reddies,Henderson St,Henderson State,Reddies,000000,
cfb,2273,HLDL,Hillsdale Chargers,Hillsdale,Hillsdale,Chargers,000000,
cfb,2274,HIRM,Hiram Terriers,Hiram,Hiram,Terriers,000000,
cfb,2277,HCU,Houston Christian Huskies,Hou Christian,Houston Christian,Huskies,00539c,
cfb,228,CLEM,Clemson Tigers,Clemson,Clemson,Tigers,f56600,ffffff
cfb,2280,HUSS,Husson Eagles,Husson,Husson,Eagles,004b44,b09a5f
cfb,2283,BNIL,Benedictine (IL) Eagles,Benedictine IL,Benedictine (IL),Eagles,000000,
cfb,2286,ILLC,Illinois College Blueboys,Illinois Col,Illinois College,Blueboys,000000,
cfb,2287,ILST,Illinois State Redbirds,Illinois St,Illinois State,Redbirds,CE1126,ffe716
cfb,2291,IUP,IU Pennsylvania Crimson Hawks,IU Penn,IU Pennsylvania,Crimson Hawks,000000,
cfb,2292,INDY,Indianapolis Greyhounds,Indianapolis,Indianapolis,Greyhounds,000000,
cfb,2294,IOWA,Iowa Hawkeyes,Iowa,Iowa,Hawkeyes,231f20,fcd116
cfb,2296,JKST,Jackson State Tigers,Jackson St,Jackson State,Tigers,123297,b5b7ba
cfb,23,SJSU,San José State Spartans,San José St,San José State,Spartans,0038a8,ffb81a
cfb,2302,JCU,John Carroll Blue Streaks,John Carroll,John Carroll,Blue Streaks,000000,
cfb,2304,JCSU,Johnson C. Smith Golden Bulls,Johnson C Smth,Johnson C. Smith,Golden Bulls,000000,
cfb,2305,KU,Kansas Jayhawks,Kansas,Kansas,Jayhawks,0051ba,e8000d
cfb,2306,KSU,Kansas State Wildcats,Kansas St,Kansas State,Wildcats,330a57,e2e3e4
cfb,2309,KENT,Kent State Golden Flashes,Kent State,Kent State,Golden Flashes,002664,eaab00
cfb,231,FUR,Furman Paladins,Furman,Furman,Paladins,582c83,ffffff
cfb,2310,KYSU,Kentucky State Thorobreds,Kentucky St,Kentucky State,Thorobreds,000000,
cfb,2315,KUTZ,Kutztown Golden Bears,Kutztown,Kutztown,Golden Bears,000000,
cfb,2316,KWC,Kentucky Wesleyan Panthers,KY Wesleyan,Kentucky Wesleyan,Panthers,000000,
cfb,2318,ULV,La Verne Leopards,La Verne,La Verne,Leopards,004812,f89828
cfb,2320,LAM,Lamar Cardinals,Lamar,Lamar,Cardinals,000000,ebebeb
cfb,2323,LANE,Lane College Dragons,Lane College,Lane College,Dragons,000000,
cfb,2324,LNGT,Langston Lions,Langston,Langston,Lions,,
cfb,2329,LEH,Lehigh Mountain Hawks,Lehigh,Lehigh,Mountain Hawks,6c2b2a,b69e70
cfb,233,SDAK,South Dakota Coyotes,South Dakota,South Dakota,Coyotes,CD1241,f0f0f0
cfb,2331,LENR,Lenoir Rhyne Bears,Lenoir Rhyne,Lenoir Rhyne,Bears,000000,ffffff
cfb,2333,LC,Lewis & Clark River Otters,Lewis & Clark,Lewis & Clark,River Otters,f37737,000000
cfb,2335,LIB,Liberty Flames,Liberty,Liberty,Flames,0a254e,b72025
cfb,2339,LNPA,Lincoln (PA) Lions,Lincoln (PA),Lincoln (PA),Lions,000000,
cfb,2341,LIU,Long Island University Sharks,Long Island,Long Island University,Sharks,,
cfb,2347,LCHR,Louisiana Christian Wildcats,LA Christian,Louisiana Christian,Wildcats,000000,
cfb,2348,LT,Louisiana Tech Bulldogs,Louisiana Tech,Louisiana Tech,Bulldogs,003087,cb333b
cfb,235,MEM,Memphis Tigers,Memphis,Memphis,Tigers,004991,8e908f
cfb,2354,LYCO,Lycoming Warriors,Lycoming,Lycoming,Warriors,15283f,eaa22e
cfb,2355,VUL,Virginia Lynchburg Dragons,VA Lynchburg,Virginia Lynchburg,Dragons,,
cfb,2359,MAC,Macalester Scots,Macalester,Macalester,Scots,000000,
cfb,236,UTC,Chattanooga Mocs,Chattanooga,Chattanooga,Mocs,00386b,dca71d
cfb,2362,MNCH,Manchester Spartans,Manchester,Manchester,Spartans,ddac14,000000
cfb,2364,MNST,Minnesota State Mavericks,Minnesota St,Minnesota State,Mavericks,000000,
cfb,2365,MNFD,Mansfield Mountaineers,Mansfield,Mansfield,Mountaineers,000000,
cfb,2366,MUIN,Marian (IN) Knights,Marian (IN),Marian (IN),Knights,000000,
cfb,2368,MRST,Marist Red Foxes,Marist,Marist,Red Foxes,e53730,f0f0f0
cfb,2369,MHU,Mars Hill Lions,Mars Hill,Mars Hill,Lions,004b8d,efc814
cfb,237,UNNY,Union Garnet Chargers,Union,Union,Garnet Chargers,762334,000000
cfb,2371,MHB,Mary Hardin Baylor Crusaders,Mary Hardin,Mary Hardin Baylor,Crusaders,492f92,fece1c
cfb,2373,MCTN,Maryville (TN) Scots,Maryville (TN),Maryville (TN),Scots,000000,
cfb,2377,MCN,McNeese Cowboys,McNeese,McNeese,Cowboys,00529C,
cfb,238,VAN,Vanderbilt Commodores,Vanderbilt,Vanderbilt,Commodores,000000,cfae70
cfb,2382,MER,Mercer Bears,Mercer,Mercer,Bears,ff7f29,080808
cfb,2383,MMA,Merchant Marine Mariners,Merch Marine,Merchant Marine,Mariners,000000,
cfb,2385,MERC,Mercyhurst Lakers,Mercyhurst,Mercyhurst,Lakers,000000,
cfb,239,BAY,Baylor Bears,Baylor,Baylor,Bears,154734,ffb81c
cfb,2390,MIA,Miami Hurricanes,Miami,Miami,Hurricanes,f47423,035131
cfb,2392,MTU,Michigan Tech Huskies,Michigan Tech,Michigan Tech,Huskies,000000,
cfb,2393,MTSU,Middle Tennessee Blue Raiders,MTSU,Middle Tennessee,Blue Raiders,036eb7,ffffff
cfb,2394,MIDB,Middlebury Panthers,Middlebury,Middlebury,Panthers,365a8a,ffffff
cfb,2395,MWSU,Midwestern State Mustangs,Midwestern St,Midwestern State,Mustangs,000000,
cfb,2396,MILE,Miles Golden Bears,Miles,Miles,Golden Bears,000000,
cfb,2398,MLSP,Millsaps Majors,Millsaps,Millsaps,Majors,000000,
cfb,2399,MNMO,Minnesota Morris Cougars,Minn Morris,Minnesota Morris,Cougars,8d191b,e19c25
cfb,24,STAN,Stanford Cardinal,Stanford,Stanford,Cardinal,8c1515,ffffff
cfb,2400,MVSU,Mississippi Valley State Delta Devils,Miss Valley St,Mississippi Valley State,Delta Devils,005328,cf2d34
cfb,2402,MS&T,Missouri S&T Miners,Missouri S&T,Missouri S&T,Miners,000000,
cfb,2403,MSSU,Missouri Southern State Lions,Missouri So St,Missouri Southern State,Lions,000000,
cfb,2405,MONM,Monmouth Hawks,Monmouth,Monmouth,Hawks,051844,
cfb,241,MCM,McMurry War Hawks,McMurry,McMurry,War Hawks,98002e,000000
cfb,2413,MORE,Morehead State Eagles,Morehead St,Morehead State,Eagles,094FA3,fed91a
cfb,2415,MORG,Morgan State Bears,Morgan St,Morgan State,Bears,014786,f47937
cfb,2416,MNGS,Morningside Chiefs,Morningside,Morningside,Chiefs,000000,
cfb,2419,MSJ,Mount St Joseph Lions,Mt St Joseph,Mount St Joseph,Lions,002d5d,f5ce3e
cfb,242,RICE,Rice Owls,Rice,Rice,Owls,00205b,c1c6c8
cfb,2422,MUHL,Muhlenberg Mules,Muhlenberg,Muhlenberg,Mules,000000,
cfb,2424,NMHU,New Mexico Highlands Cowboys,NM Highlands,New Mexico Highlands,Cowboys,000000,
cfb,2426,NAVY,Navy Midshipmen,Navy,Navy,Midshipmen,00225b,b5a67c
cfb,2428,NCCU,North Carolina Central Eagles,NC Central,North Carolina Central,Eagles,880023,c2c3c0
cfb,2429,CLT,Charlotte 49ers,Charlotte,Charlotte,49ers,005035,a49665
cfb,2433,ULM,UL Monroe Warhawks,UL Monroe,UL Monroe,Warhawks,840029,fdb913
cfb,2438,NEBK,Nebraska Kearney Lopers,NE Kearney,Nebraska Kearney,Lopers,000000,
cfb,2439,UNLV,UNLV Rebels,UNLV,UNLV,Rebels,cf0a2c,cac8c8
cfb,2440,NEV,Nevada Wolf Pack,Nevada,Nevada,Wolf Pack,041e42,8a8d8f
cfb,2441,NHVN,New Haven Chargers,New Haven,New Haven,Chargers,041e42,ffc425
cfb,2442,TCNJ,The College of New Jersey Lions,College of NJ,The College of New Jersey,Lions,154c7d,fbbc20
cfb,2444,NBRY,Newberry Wolves,Newberry,Newberry,Wolves,d02030,8a8c8f
cfb,2447,NICH,Nicholls Colonels,Nicholls,Nicholls,Colonels,C41230,f0f0f0
cfb,2448,NCAT,North Carolina A&T Aggies,NC A&T,North Carolina A&T,Aggies,0505aa,004684
cfb,2449,NDSU,North Dakota State Bison,N Dakota St,North Dakota State,Bison,01402A,ffffff
cfb,245,TA&M,Texas A&M Aggies,Texas A&M,Texas A&M,Aggies,500000,ffffff
cfb,2450,NORF,Norfolk State Spartans,Norfolk St,Norfolk State,Spartans,0c8968,fdb813
cfb,2453,UNA,North Alabama Lions,North Alabama,North Alabama,Lions,000000,
cfb,2458,UNCO,Northern Colorado Bears,N Colorado,Northern Colorado,Bears,13558D,ffc533
cfb,2459,NIU,Northern Illinois Huskies,N Illinois,Northern Illinois,Huskies,c8102e,000000
cfb,246,JUN,Juniata Eagles,Juniata,Juniata,Eagles,031832,ac9c66
cfb,2460,UNI,Northern Iowa Panthers,Northern Iowa,Northern Iowa,Panthers,473282,ffffff
cfb,2464,NAU,Northern Arizona Lumberjacks,N Arizona,Northern Arizona,Lumberjacks,003976,1b3069
cfb,2466,NWST,Northwestern State Demons,N'Western St,Northwestern State,Demons,492F91,ed6118
cfb,2467,NWCH,Norwich Cadets,Norwich,Norwich,Cadets,000000,
cfb,247,KNGS,King's Monarchs,King's,King's,Monarchs,c41230,000000
cfb,2477,OHDU,Ohio Dominican Panthers,Ohio Dominican,Ohio Dominican,Panthers,000000,
cfb,248,HOU,Houston Cougars,Houston,Houston,Cougars,c8102e,ffffff
cfb,2483,ORE,Oregon Ducks,Oregon,Oregon,Ducks,00934b,fff41b
cfb,2486,PCLT,Pacific Lutheran Lutes,Pac Lutheran,Pacific Lutheran,Lutes,ffc423,000000
cfb,2487,PACE,Pace Setters,Pace,Pace,Setters,000000,
cfb,249,UNT,North Texas Mean Green,North Texas,North Texas,Mean Green,068f33,ffffff
cfb,25,CAL,California Golden Bears,California,California,Golden Bears,041e42,ffc72c
cfb,2502,PRST,Portland State Vikings,Portland St,Portland State,Vikings,00311e,ebebeb
cfb,2504,PV,Prairie View A&M Panthers,Prairie View,Prairie View A&M,Panthers,582c83,eaaa00
cfb,2506,PRES,Presbyterian Blue Hose,Presbyterian,Presbyterian,Blue Hose,194896,990134
cfb,2508,PUG,Puget Sound Loggers,Puget Sound,Puget Sound,Loggers,680001,ffffff
cfb,2509,PUR,Purdue Boilermakers,Purdue,Purdue,Boilermakers,ceb888,000000
cfb,251,TEX,Texas Longhorns,Texas,Texas,Longhorns,af5c37,ffffff
cfb,2516,RMC,Randolph Macon Yellow Jackets,Randolph Macon,Randolph Macon,Yellow Jackets,fcdf12,000000
cfb,2519,RHDS,Rhodes Lynx,Rhodes,Rhodes,Lynx,000000,
cfb,252,BYU,BYU Cougars,BYU,BYU,Cougars,0047ba,002e5d
cfb,2523,RMU,Robert Morris Colonials,Robert Morris,Robert Morris,Colonials,00214D,a21d2b
cfb,2524,RFU,Rockford Regents,Rockford,Rockford,Regents,5a3f99,c4c6c8
cfb,2528,RPI,Rensselaer Engineers,Rensselaer,Rensselaer,Engineers,000000,
cfb,2529,SHU,Sacred Heart Pioneers,Sacred Heart,Sacred Heart,Pioneers,a40012,c29472
cfb,253,SUU,Southern Utah Thunderbirds,Southern Utah,Southern Utah,Thunderbirds,c72026,000000
cfb,2532,SAL,Salisbury Sea Gulls,Salisbury,Salisbury,Sea Gulls,8b0e04,fdb913
cfb,2534,SHSU,Sam Houston Bearkats,Sam Houston,Sam Houston,Bearkats,f56423,ffffff
cfb,2535,SAM,Samford Bulldogs,Samford,Samford,Bulldogs,005485,bc0023
cfb,254,UTAH,Utah Utes,Utah,Utah,Utes,be0000,ffffff
cfb,2542,SAV,Savannah State Tigers,Savannah St,Savannah State,Tigers,280298,f78f1e
cfb,2545,SELA,SE Louisiana Lions,SE Louisiana,SE Louisiana,Lions,215732,ffc72c
cfb,2546,SEMO,Southeast Missouri State Redhawks,SE Missouri,Southeast Missouri State,Redhawks,c8102e,000000
cfb,255,KNOX,Knox Prairie Fire,Knox,Knox,Prairie Fire,000000,
cfb,2551,SHAW,Shaw Bears,Shaw,Shaw,Bears,000000,
cfb,2553,SEWA,Sewanee Tigers,Sewanee,Sewanee,Tigers,000000,
cfb,2557,USCG,Coast Guard Bears,Coast Guard,Coast Guard,Bears,000000,
cfb,2559,SHIP,Shippensburg Raiders,Shippensburg,Shippensburg,Raiders,000000,
cfb,256,JMU,James Madison Dukes,James Madison,James Madison,Dukes,450084,cbb677
cfb,2560,SHOU,Shorter Hawks,Shorter,Shorter,Hawks,000000,
cfb,2562,SHTU,Siena Heights Saints,Siena Heights,Siena Heights,Saints,000000,
cfb,2564,SCIA,Simpson (IA) Storm,Simpson (IA),Simpson (IA),Storm,b20838,f0b310
cfb,2567,SMU,SMU Mustangs,SMU,SMU,Mustangs,a80000,0033a1
cfb,2568,SAR,Southern Arkansas Muleriders,S Arkansas,Southern Arkansas,Muleriders,000000,
cfb,2569,SCST,South Carolina State Bulldogs,SC State,South Carolina State,Bulldogs,7d1315,104897
cfb,257,RICH,Richmond Spiders,Richmond,Richmond,Spiders,9e0712,b90b2e
cfb,2570,CSUP,CSU Pueblo ThunderWolves,CSU Pueblo,CSU Pueblo,ThunderWolves,000000,
cfb,2571,SDST,South Dakota State Jackrabbits,S Dakota St,South Dakota State,Jackrabbits,0033a0,ffd100
cfb,2572,USM,Southern Miss Golden Eagles,Southern Miss,Southern Miss,Golden Eagles,ffc72c,231f20
cfb,2579,SC,South Carolina Gamecocks,South Carolina,South Carolina,Gamecocks,73000a,000000
cfb,258,UVA,Virginia Cavaliers,Virginia,Virginia,Cavaliers,232d4b,f84c1e
cfb,2582,SOU,Southern Jaguars,Southern,Southern,Jaguars,004B97,ffc82d
cfb,2583,SCTS,Southern Connecticut State Owls,S Conn St,Southern Connecticut State,Owls,000000,
cfb,2584,SOR,Southern Oregon Raiders,S Oregon,Southern Oregon,Raiders,,
cfb,2586,SWBU,Southwest Baptist Bearcats,SW Baptist,Southwest Baptist,Bearcats,000000,
cfb,2587,SWMS,Southwest Minnesota State Mustangs,SW Minn St,Southwest Minnesota State,Mustangs,000000,
cfb,2588,SWU,Southwestern U Pirates,Southwestern,Southwestern U,Pirates,000000,ffcd00
cfb,259,VT,Virginia Tech Hokies,Virginia Tech,Virginia Tech,Hokies,6a2c3e,cf4520
cfb,2591,STAM,St. Ambrose Fighting Bees,St Ambrose,St. Ambrose,Fighting Bees,000000,
cfb,2595,SFIL,St. Francis (IL) Fighting Saints,St Francis IL,St. Francis (IL),Fighting Saints,000000,
cfb,2598,SFPA,Saint Francis Red Flash,Saint Francis,Saint Francis,Red Flash,a20012,
cfb,26,UCLA,UCLA Bruins,UCLA,UCLA,Bruins,2774ae,f2a900
cfb,2600,STJM,Saint John's (MN) Johnnies,St Johns (MN),Saint John's (MN),Johnnies,ce153e,7baed5
cfb,2614,SVC,Saint Vincent Bearcats,Saint Vincent,Saint Vincent,Bearcats,000000,
cfb,2615,STX,Saint Xavier Cougars,Saint Xavier,Saint Xavier,Cougars,000000,
cfb,2617,SFA,Stephen F. Austin Lumberjacks,SF Austin,Stephen F. Austin,Lumberjacks,393996,bec0c2
cfb,2619,STBK,Stony Brook Seawolves,Stony Brook,Stony Brook,Seawolves,990000,
cfb,262,LFC,Lake Forest Foresters,Lake Forest,Lake Forest,Foresters,000000,
cfb,2623,MOST,Missouri State Bears,Missouri St,Missouri State,Bears,5e0009,ffffff
cfb,2627,TAR,Tarleton State Texans,Tarleton St,Tarleton State,Texans,000000,
cfb,2628,TCU,TCU Horned Frogs,TCU,TCU,Horned Frogs,4d1979,ffffff
cfb,263,LOR,Loras Duhawks,Loras,Loras,Duhawks,452d7d,d2b888
cfb,2630,UTM,UT Martin Skyhawks,UT Martin,UT Martin,Skyhawks,FF6700,102a5c
cfb,2633,TENN,Tennessee Volunteers,Tennessee,Tennessee,Volunteers,ff8200,ffffff
cfb,2634,TNST,Tennessee State Tigers,Tennessee St,Tennessee State,Tigers,171796,f0f0f0
cfb,2635,TNTC,Tennessee Tech Golden Eagles,Tennessee Tech,Tennessee Tech,Golden Eagles,5A4099,ffde00
cfb,2636,UTSA,UTSA Roadrunners,UTSA,UTSA,Roadrunners,0c2340,f15a22
cfb,2637,TXCL,Texas College Steers,Texas College,Texas College,Steers,,
cfb,2638,UTEP,UTEP Miners,UTEP,UTEP,Miners,ff8200,041e42
cfb,2639,TXLU,Texas Lutheran Bulldogs,Texas Lutheran,Texas Lutheran,Bulldogs,fdbe10,000000
cfb,264,WASH,Washington Huskies,Washington,Washington,Huskies,33006f,e8d3a2
cfb,2640,TXSO,Texas Southern Tigers,Texas Southern,Texas Southern,Tigers,860038,ffffff
cfb,2641,TTU,Texas Tech Red Raiders,Texas Tech,Texas Tech,Red Raiders,da291c,000000
cfb,2643,CIT,The Citadel Bulldogs,The Citadel,The Citadel,Bulldogs,7badd3,002856
cfb,2644,THI,Thiel Tomcats,Thiel,Thiel,Tomcats,000000,
cfb,2646,TMOR,Thomas More Saints,Thomas More,Thomas More,Saints,000000,
cfb,2649,TOL,Toledo Rockets,Toledo,Toledo,Rockets,0b2240,ffcd00
cfb,265,WSU,Washington State Cougars,Washington St,Washington State,Cougars,a60f2d,4d4d4d
cfb,2651,TRNE,Trine Thunder,Trine,Trine,Thunder,000000,
cfb,2653,TROY,Troy Trojans,Troy,Troy,Trojans,862633,b1b1b1
cfb,2654,TRST,Truman State Bulldogs,Truman St,Truman State,Bulldogs,000000,
cfb,2655,TULN,Tulane Green Wave,Tulane,Tulane,Green Wave,006747,418fde
cfb,2657,TUSK,Tuskegee Golden Tigers,Tuskegee,Tuskegee,Golden Tigers,000000,
cfb,2658,TAMK,Texas A&M-Kingsville Javelinas,TAMU-Kingsvlle,Texas A&M-Kingsville,Javelinas,000000,
cfb,266,BELO,Beloit Buccaneers,Beloit,Beloit,Buccaneers,000000,
cfb,2667,URSN,Ursinus Bears,Ursinus,Ursinus,Bears,98012e,fcb034
cfb,267,SEU,Southeastern Fires,Southeastern,Southeastern,Fires,007dc3,ffc423
cfb,2673,VALD,Valdosta State Blazers,Valdosta St,Valdosta State,Blazers,dd1a32,000000
cfb,2674,VAL,Valparaiso Beacons,Valparaiso,Valparaiso,Beacons,794500,
cfb,2676,VUU,Virginia Union Panthers,Virginia Union,Virginia Union,Panthers,000000,
cfb,2678,VMI,VMI Keydets,VMI,VMI,Keydets,ae122a,000000
cfb,268,LAW,Lawrence Vikings,Lawrence,Lawrence,Vikings,000000,
cfb,2681,WAG,Wagner Seahawks,Wagner,Wagner,Seahawks,00483A,ffffff
cfb,2682,WLSH,Walsh Cavaliers,Walsh,Walsh,Cavaliers,000000,
cfb,2683,WRNR,Warner Royals,Warner,Warner,Royals,,
cfb,2685,WTBG,Wartburg Knights,Wartburg,Wartburg,Knights,f5822b,000000
cfb,2686,W&J,Washington & Jefferson Presidents,Wash & Jeff,Washington & Jefferson,Presidents,000000,
cfb,2687,WSBN,Washburn Ichabods,Washburn,Washburn,Ichabods,000000,
cfb,2688,W&L,Washington and Lee Generals,Wash and Lee,Washington and Lee,Generals,000399,d8d8d8
cfb,2691,WINT,Webber International Warriors,Webber Int'l,Webber International,Warriors,bf2f38,909090
cfb,2692,WEB,Weber State Wildcats,Weber St,Weber State,Wildcats,18005a,ebebeb
cfb,2695,UWA,West Alabama Tigers,West Alabama,West Alabama,Tigers,d31d33,ffffff
cfb,2698,WGA,West Georgia Wolves,West Georgia,West Georgia,Wolves,0033a1,db1a21
cfb,2699,WLU,West Liberty Hilltoppers,West Liberty,West Liberty,Hilltoppers,000000,
cfb,2700,MCD,McDaniel Green Terror,McDaniel,McDaniel,Green Terror,00674d,f5cc2e
cfb,2701,UMW,Montana Western Bulldogs,MT Western,Montana Western,Bulldogs,000000,
cfb,2702,WNE,Western New England Golden Bears,W New England,Western New England,Golden Bears,000000,
cfb,2703,WNMU,Western New Mexico Mustangs,Western NM,Western New Mexico,Mustangs,000000,
cfb,2704,WTAM,West Texas Buffaloes,West Texas,West Texas,Buffaloes,000000,
cfb,2706,WVUT,WVU Tech Golden Bears,WVU Tech,WVU Tech,Golden Bears,000000,
cfb,2707,WVSU,West Virginia State Yellow Jackets,W Virginia St,West Virginia State,Yellow Jackets,000000,
cfb,271,UWO,Wisconsin Oshkosh Titans,UW-Oshkosh,Wisconsin Oshkosh,Titans,000000,
cfb,2710,WIU,Western Illinois Leathernecks,W Illinois,Western Illinois,Leathernecks,4e1e8a,ffc90a
cfb,2711,WMU,Western Michigan Broncos,W Michigan,Western Michigan,Broncos,532e1f,f1c500
cfb,2714,WCOL,Western Colorado Mountaineers,W Colorado,Western Colorado,Mountaineers,000000,
cfb,2717,WCU,Western Carolina Catamounts,W Carolina,Western Carolina,Catamounts,492F91,bf9e70
cfb,272,UWP,Wisconsin Platteville Pioneers,UW-Platteville,Wisconsin Platteville,Pioneers,000000,
cfb,2721,WHIW,Whitworth Pirates,Whitworth,Whitworth,Pirates,930036,000000
cfb,2723,UWRF,Wisconsin River Falls Falcons,UW-River Falls,Wisconsin River Falls,Falcons,000000,
cfb,2725,WIDE,Widener Pride,Widener,Widener,Pride,0056ba,fdc743
cfb,2729,W&M,William & Mary Tribe,William & Mary,William & Mary,Tribe,115740,f0b323
cfb,2731,WLM,Williams Ephs,Williams,Williams,Ephs,500082,ffbe0a
cfb,2733,WCOH,Wilmington (OH) Fightin' Quakers,Wilmington OH,Wilmington (OH),Fightin' Quakers,000000,
cfb,2736,WSSU,Winston-Salem State Rams,Winston-Salem,Winston-Salem State,Rams,bb0100,
cfb,2738,UWEC,Wisconsin Eau Claire Blugolds,UW-Eau Claire,Wisconsin Eau Claire,Blugolds,000000,
cfb,274,UMMA,Maine Maritime Mariners,Maine Maritime,Maine Maritime,Mariners,000000,
cfb,2740,UWL,Wisconsin La Crosse Eagles,UW-La Crosse,Wisconsin La Crosse,Eagles,000000,
cfb,2741,WLC,Wisconsin Lutheran Warriors,Wisc Lutheran,Wisconsin Lutheran,Warriors,006241,000000
cfb,2743,UWSP,Wisconsin Stevens Point Pointers,UW-Stevens Pt,Wisconsin Stevens Point,Pointers,000000,
cfb,2744,UWST,Wisconsin Stout Blue Devils,UW-Stout,Wisconsin Stout,Blue Devils,000000,
cfb,2745,UWW,Wisconsin Whitewater Warhawks,UW-Whitewater,Wisconsin Whitewater,Warhawks,000000,
cfb,2746,WITT,Wittenberg Tigers,Wittenberg,Wittenberg,Tigers,000000,
cfb,2747,WOF,Wofford Terriers,Wofford,Wofford,Terriers,533B23,f0f0f0
cfb,2748,WOO,Wooster Fighting Scots,Wooster,Wooster,Fighting Scots,000000,
cfb,2749,WPI,WPI Engineers,WPI,WPI,Engineers,000000,
cfb,275,WIS,Wisconsin Badgers,Wisconsin,Wisconsin,Badgers,a00000,ffffff
cfb,2751,WYO,Wyoming Cowboys,Wyoming,Wyoming,Cowboys,492f24,ffc425
cfb,2754,YSU,Youngstown State Penguins,Youngstown St,Youngstown State,Penguins,E51936,690717
cfb,2755,GRAM,Grambling Tigers,Grambling,Grambling,Tigers,ee8601,ffd10a
cfb,2757,BERR,Berry Vikings,Berry,Berry,Vikings,00205b,a2aaad
cfb,2758,HWPU,Howard Payne Yellow Jackets,Howard Payne,Howard Payne,Yellow Jackets,02215b,b5985b
cfb,276,MRSH,Marshall Thundering Herd,Marshall,Marshall,Thundering Herd,00b140,000000
cfb,277,WVU,West Virginia Mountaineers,West Virginia,West Virginia,Mountaineers,eaaa00,002855
cfb,2770,MB,MANITOBA,Manitoba,Manitoba,MANITOBA,000000,
cfb,2771,MRMK,Merrimack Warriors,Merrimack,Merrimack,Warriors,000000,
cfb,2776,SALV,Salve Regina Seahawks,Salve Regina,Salve Regina,Seahawks,000000,
cfb,2779,USL,St. Lawrence Saints,St Lawrence,St. Lawrence,Saints,000000,
cfb,278,FRES,Fresno State Bulldogs,Fresno St,Fresno State,Bulldogs,b1102b,13284c
cfb,2781,BRO,Brockport Golden Eagles,Brockport,Brockport,Golden Eagles,000000,
cfb,2782,NYCL,SUNY Cortland Red Dragons,SUNY Cortland,SUNY Cortland,Red Dragons,000000,
cfb,2790,ALBI,Albion Britons,Albion,Albion,Britons,000000,
cfb,2800,ALMA,Alma Scots,Alma,Alma,Scots,000000,
cfb,2802,BUMN,Bethel (MN) Royals,Bethel (MN),Bethel (MN),Royals,002d62,b59859
cfb,2803,BRY,Bryant Bulldogs,Bryant,Bryant,Bulldogs,000000,9f8343
cfb,2804,CWAN,Chowan Hawks,Chowan,Chowan,Hawks,000000,
cfb,2805,CKGA,Clark Atlanta Panthers,Clark (GA),Clark Atlanta,Panthers,000000,
cfb,2808,DVU,Delaware Valley Aggies,Del Val,Delaware Valley,Aggies,004c23,e6b71b
cfb,2810,HSU,Hardin Simmons Cowboys,Hardin Simmons,Hardin Simmons,Cowboys,5b2d83,fec52f
cfb,2812,HOPE,Hope Flying Dutchmen,Hope,Hope,Flying Dutchmen,000000,
cfb,2815,LIN,Lindenwood Lions,Lindenwood,Lindenwood,Lions,000000,
cfb,2816,MCK,McKendree Bearcats,McKendree,McKendree,Bearcats,000000,
cfb,2817,MSUM,Minnesota St Moorhead Dragons,Minn Moorhead,Minnesota St Moorhead,Dragons,000000,
cfb,2818,MCST,Montclair State Red Hawks,Montclair,Montclair State,Red Hawks,c20f2f,53585a
cfb,282,INST,Indiana State Sycamores,Indiana St,Indiana State,Sycamores,00669a,f0f0f0
cfb,2822,NGU,North Greenville Trailblazers,N Greenville,North Greenville,Trailblazers,d91e39,000000
cfb,2823,NWOK,Northwestern (OK) Rangers,N'Western (OK),Northwestern (OK),Rangers,000000,
cfb,2824,OPSU,Oklahoma Panhandle Aggies,OK Panhandle,Oklahoma Panhandle,Aggies,000000,
cfb,2825,QUI,Quincy Hawks,Quincy,Quincy,Hawks,000000,
cfb,2827,ROW,Rowan Profs,Rowan,Rowan,Profs,571b04,ffcf06
cfb,2828,SHEN,Shenandoah Hornets,Shenandoah,Shenandoah,Hornets,000000,
cfb,2830,SANS,Saint Anselm Hawks,Saint Anselm,Saint Anselm,Hawks,000000,
cfb,2831,SFIN,Saint Francis (IN) Cougars,St Francis IN,Saint Francis (IN),Cougars,000000,
cfb,2832,STNC,St. Norbert Green Knights,St Norbert,St. Norbert,Green Knights,000000,
cfb,2834,SRST,Sul Ross State Lobos,Sul Ross St,Sul Ross State,Lobos,000000,
cfb,2837,ETAM,East Texas A&M Lions,East Texas A&M,East Texas A&M,Lions,000000,
cfb,2838,TIFF,Tiffin Dragons,Tiffin,Tiffin,Dragons,000000,
cfb,2839,TUSC,Tusculum Pioneers,Tusculum,Tusculum,Pioneers,f2682a,000000
cfb,284,STO,Stonehill Skyhawks,Stonehill,Stonehill,Skyhawks,000000,
cfb,2842,UVAW,UVA Wise Cavaliers,UVA Wise,UVA Wise,Cavaliers,e30000,000000
cfb,2843,WCSU,Western Connecticut State Wolves,WestConn,Western Connecticut State,Wolves,002857,ffffff
cfb,2844,WSNE,Wayne State (NE) Wildcats,Wayne St (NE),Wayne State (NE),Wildcats,000000,
cfb,2845,WAYN,Waynesburg Yellow Jackets,Waynesburg,Waynesburg,Yellow Jackets,000000,
cfb,2848,WORU,Western Oregon Wolves,West Oregon,Western Oregon,Wolves,000000,
cfb,2849,WCPA,Westminster (PA) Titans,Westminster PA,Westminster (PA),Titans,000000,
cfb,2850,WHTR,Whittier Poets,Whittier,Whittier,Poets,4a217b,b29547
cfb,2851,WNST,Winona State Warriors,Winona St,Winona State,Warriors,000000,
cfb,2858,CAPA,California (PA) Vulcans,Cal (PA),California (PA),Vulcans,000000,
cfb,286,NCW,North Carolina Wesleyan Battling Bishops,NC Wesleyan,North Carolina Wesleyan,Battling Bishops,000000,
cfb,2860,CDF,Central Methodist Eagles,C Methodst,Central Methodist,Eagles,000000,
cfb,2865,EVA,Evangel University Crusaders,Evangel,Evangel University,Crusaders,,
cfb,2871,KEAN,Kean Cougars,Kean,Kean,Cougars,092f56,ffffff
cfb,2876,LNMO,Lincoln (MO) Blue Tigers,Lincoln (MO),Lincoln (MO),Blue Tigers,000000,
cfb,2877,LWU,Lindsey Wilson LINDSEY,Lindsey Wilson,Lindsey Wilson,LINDSEY,,
cfb,2880,MOBU,Missouri Baptist Spartans,Missouri Bapt,Missouri Baptist,Spartans,,
cfb,2882,UNCP,UNC Pembroke Braves,UNC Pembroke,UNC Pembroke,Braves,000000,
cfb,2884,NICC,Nichols Bison,Nichols,Nichols,Bison,007b5f,000000
cfb,2886,NWD,Northwood Timberwolves,Northwood,Northwood,Timberwolves,000000,
cfb,2888,OBU,Ouachita Baptist Tigers,Ouachita Bapt,Ouachita Baptist,Tigers,000000,
cfb,2890,RHDT,Reinhardt Eagles,Reinhardt,Reinhardt,Eagles,,
cfb,2891,RIP,Ripon Red Hawks,Ripon,Ripon,Red Hawks,000000,
cfb,2894,SFU,Sioux Falls Cougars,Sioux Falls,Sioux Falls,Cougars,000000,
cfb,2896,SOVA,Southern Virginia Knights,S Virginia,Southern Virginia,Knights,000000,
cfb,29,REDL,Redlands Bulldogs,Redlands,Redlands,Bulldogs,751708,ffffff
cfb,290,GASO,Georgia Southern Eagles,GA Southern,Georgia Southern,Eagles,041e42,a3aaae
cfb,2900,STMN,St. Thomas Tommies,St Thomas,St. Thomas,Tommies,000000,
cfb,2904,NEL,Nelson (TX) Lions,Nelson,Nelson (TX),Lions,000000,
cfb,2909,WFST,Westfield State Owls,Westfield St,Westfield State,Owls,1b509e,000000
cfb,291,MU,Methodist Monarchs,Methodist,Methodist,Monarchs,000000,
cfb,2911,WJC,William Jewell Cardinals,William Jewell,William Jewell,Cardinals,000000,
cfb,2912,WPEN,William Penn Statesmen,William Penn,William Penn,Statesmen,000000,
cfb,2913,BRE,Brevard Tornados,Brevard,Brevard,Tornados,000000,
cfb,2916,UIW,Incarnate Word Cardinals,Incarnate Word,Incarnate Word,Cardinals,000000,080808
cfb,2919,MNIL,Monmouth (IL) Fighting Scots,Monmouth (IL),Monmouth (IL),Fighting Scots,000000,
cfb,2923,POPI,Pomona Pitzer Sagehens,Pomona Pitzer,Pomona Pitzer,Sagehens,00549a,f7941e
cfb,2927,SOSU,Southwestern Oklahoma State Bulldogs,SW Oklahoma St,Southwestern Oklahoma State,Bulldogs,000000,
cfb,293,VTSC,Vermont State Castleton Spartans,VTSU Castleton,Vermont State Castleton,Spartans,000000,
cfb,2930,WLMT,Willamette Bearcats,Willamette,Willamette,Bearcats,960a2c,ab9e76
cfb,2938,HNTC,Huntingdon Hawks,Huntingdon,Huntingdon,Hawks,000000,
cfb,2939,UJ,Jamestown Jimmies,Jamestown,Jamestown,Jimmies,000000,
cfb,2940,LIV,Livingstone Blue Bears,Livingstone,Livingstone,Blue Bears,000000,
cfb,295,ODU,Old Dominion Monarchs,Old Dominion,Old Dominion,Monarchs,003768,a1d2f1
cfb,2951,NYMT,SUNY Maritime Privateers,SUNY Maritime,SUNY Maritime,Privateers,000000,
cfb,2963,CWRU,Case Western Reserve Spartans,Case Western,Case Western Reserve,Spartans,000000,
cfb,2964,CNTC,Central College Dutch,Central Col,Central College,Dutch,ea0029,c8c8c8
cfb,2967,FRSU,Framingham State Rams,Framingham St,Framingham State,Rams,000000,
cfb,2968,GAC,Gustavus Adolphus Golden Gusties,Gustavus,Gustavus Adolphus,Golden Gusties,000000,ebb700
cfb,2969,MISE,Misericordia Cougars,Misericordia,Misericordia,Cougars,000000,
cfb,297,HSC,Hampden Sydney Tigers,Hampden Sydney,Hampden Sydney,Tigers,900028,a8b1b7
cfb,2970,WPU,William Paterson Pioneers,Wm Paterson,William Paterson,Pioneers,000000,f57b21
cfb,2972,PLYM,Plymouth State Panthers,Plymouth St,Plymouth State,Panthers,054e39,000000
cfb,2974,SHEP,Shepherd Rams,Shepherd,Shepherd,Rams,000000,
cfb,2977,TCCT,Trinity (CT) Bantams,Trinity (CT),Trinity (CT),Bantams,032d58,fecd01
cfb,2980,OWU,Ohio Wesleyan Battling Bishops,Ohio Wesleyan,Ohio Wesleyan,Battling Bishops,000000,
cfb,2985,CONCMI,Concordia-Michigan Cardinals,Cncrdia MI,Concordia-Michigan,Cardinals,000000,
cfb,2986,FMSU,Fairmont State Falcons,Fairmont St,Fairmont State,Falcons,000000,
cfb,30,USC,USC Trojans,USC,USC,Trojans,9d2235,ffc72c
cfb,301,USD,San Diego Toreros,San Diego,San Diego,Toreros,2f99d4,2f99d4
cfb,302,UCD,UC Davis Aggies,UC Davis,UC Davis,Aggies,002855,c3c4c6
cfb,304,IDST,Idaho State Bengals,Idaho St,Idaho State,Bengals,ef8c00,e9a126
cfb,306,ILWU,Illinois Wesleyan Titans,IL Wesleyan,Illinois Wesleyan,Titans,000000,
cfb,3066,CSP,Concordia St. Paul Golden Bears,Concordia St P,Concordia St. Paul,Golden Bears,000000,
cfb,3071,NCC,North Central College Cardinals,N Central (IL),North Central College,Cardinals,000000,
cfb,3077,KYCHR,Kentucky Christian Knights,KCU,Kentucky Christian,Knights,000000,
cfb,308,ASH,Ashland Eagles,Ashland,Ashland,Eagles,000000,
cfb,3080,WLDF,Waldorf Warriors,Waldorf,Waldorf,Warriors,000000,
cfb,309,UL,Louisiana Ragin' Cajuns,Louisiana,Louisiana,Ragin' Cajuns,ce181e,000000
cfb,3100,MITE,Monterrey Tech Borregos,Monterrey Tech,Monterrey Tech,Borregos,000000,
cfb,3101,UTU,Utah Tech Trailblazers,Utah Tech,Utah Tech,Trailblazers,000000,
cfb,311,ME,Maine Black Bears,Maine,Maine,Black Bears,127dbe,
cfb,3110,NYMS,SUNY Morrisville Mustangs,SUNY Morrisvle,SUNY Morrisville,Mustangs,000000,
cfb,3111,APPRE,Apprentice School Builders,Apprentice,Apprentice School,Builders,000000,
cfb,3112,CNU,Christopher Newport Captains,Chris Newport,Christopher Newport,Captains,000000,
cfb,3130,WMSN,Williamson Mechanics,Williamson,Williamson,Mechanics,000000,
cfb,316,DIC,Dickinson State University Blue Hawks,Dicknsn St,Dickinson State University,Blue Hawks,000000,
cfb,3161,OSU,Ohio State Newark Titans,Osunewark,Ohio State Newark,Titans,000000,
cfb,3162,AFST,Alfred State Pioneers,Alfred St,Alfred State,Pioneers,000000,
cfb,317,MRTT,Marietta Pioneers,Marietta,Marietta,Pioneers,000000,
cfb,3178,AVE M,Ave Maria University Gyrenes,Ave Maria,Ave Maria University,Gyrenes,000000,
cfb,3179,POINT,Point University Skyhawks,Point,Point University,Skyhawks,,
cfb,319,OKBU,Oklahoma Baptist Bison,OK Baptist,Oklahoma Baptist,Bison,,
cfb,32,CRU,Carroll (WI) Pioneers,Carroll (WI),Carroll (WI),Pioneers,000000,
cfb,3209,LINB,Lindenwood Belleville Lynx,Lind Bellv,Lindenwood Belleville,Lynx,,
cfb,3210,COLE,Cole College Jaguars,Cole,Cole College,Jaguars,,
cfb,3211,FAI,West Memphis Crusaders,C of Faith,West Memphis,Crusaders,,
cfb,3212,UNAM,University of Mexico MEXICO U,U of Mexico,University of Mexico,MEXICO U,,
cfb,3214,TBIB,Trinity Bible Lions,Trinity Bible,Trinity Bible,Lions,,
cfb,322,LAF,Lafayette Leopards,Lafayette,Lafayette,Leopards,790000,a59474
cfb,323,MOR,Moravian Greyhounds,Moravian,Moravian,Greyhounds,1f3361,a5a6a9
cfb,3236,NYER,SUNY Erie Kats,SUNY Erie,SUNY Erie,Kats,,
cfb,3237,HVCC,Troy Vikings,Hudson,Troy,Vikings,,
cfb,324,CCU,Coastal Carolina Chanticleers,Coastal,Coastal Carolina,Chanticleers,006f71,a27752
cfb,3253,COLLE,Charlotte Saints,Faith NC,Charlotte,Saints,,
cfb,3254,UFFL,St. Petersburg Glory Eagles,U of Faith,St. Petersburg,Glory Eagles,,
cfb,326,TXST,Texas State Bobcats,Texas St,Texas State,Bobcats,501214,6a5638
cfb,328,USU,Utah State Aggies,Utah State,Utah State,Aggies,0f2439,ffffff
cfb,33,CLBY,Colby White Mules,Colby,Colby,White Mules,012778,ffffff
cfb,330,VSU,Virginia State Trojans,Virginia St,Virginia State,Trojans,000000,
cfb,331,EWU,Eastern Washington Eagles,E Washington,Eastern Washington,Eagles,a10022,abb4bc
cfb,332,MSK,Muskingum Fighting Muskies,Muskingum,Muskingum,Fighting Muskies,000000,
cfb,333,ALA,Alabama Crimson Tide,Alabama,Alabama,Crimson Tide,9e1b32,ffffff
cfb,336,WSCT,Wesleyan (CT) Cardinals,Wesleyan (CT),Wesleyan (CT),Cardinals,d72121,000000
cfb,338,KENN,Kennesaw State Owls,Kennesaw St,Kennesaw State,Owls,fdbb30,0b1315
cfb,340,BOW,Bowdoin Polar Bears,Bowdoin,Bowdoin,Polar Bears,ffffff,000000
cfb,341,FSTU,Frostburg State Bobcats,Frostburg St,Frostburg State,Bobcats,000000,
cfb,344,MSST,Mississippi State Bulldogs,Mississippi St,Mississippi State,Bulldogs,5d1725,c1c6c8
cfb,348,HAM,Hamilton Continentals,Hamilton,Hamilton,Continentals,062f87,d5b98b
cfb,349,ARMY,Army Black Knights,Army,Army,Black Knights,000000,d3bc8d
cfb,351,WINU,Wingate Bulldogs,Wingate,Wingate,Bulldogs,182441,c1b585
cfb,352,KNY,Kenyon Owls,Kenyon,Kenyon,Owls,000000,
cfb,354,UOO,Olivet Comets,Olivet,Olivet,Comets,000000,
cfb,356,ILL,Illinois Fighting Illini,Illinois,Illinois,Fighting Illini,ff5f05,13294b
cfb,359,OTTB,Otterbein Cardinals,Otterbein,Otterbein,Cardinals,000000,
cfb,36,CSU,Colorado State Rams,Colorado St,Colorado State,Rams,004c23,c8c372
cfb,365,ALFR,Alfred Saxons,Alfred,Alfred,Saxons,000000,
cfb,366,FC,Ferrum Panthers,Ferrum,Ferrum,Panthers,000000,c0a656
cfb,367,GANN,Gannon Golden Knights,Gannon,Gannon,Golden Knights,000000,
cfb,374,STJF,St. John Fisher Cardinals,St John Fisher,St. John Fisher,Cardinals,000000,
cfb,375,CSS,St. Scholastica Saints,St Scholastica,St. Scholastica,Saints,000000,
cfb,379,MDAR,UMass Dartmouth Corsairs,UMass Dartmth,UMass Dartmouth,Corsairs,000000,
cfb,38,COLO,Colorado Buffaloes,Colorado,Colorado,Buffaloes,cfb87c,000000
cfb,386,TUTX,Trinity (TX) Tigers,Trinity (TX),Trinity (TX),Tigers,000000,
cfb,388,LVC,Lebanon Valley Flying Dutchmen,Lebanon Valley,Lebanon Valley,Flying Dutchmen,003767,ffffff
cfb,389,UIU,Upper Iowa Peacocks,Upper Iowa,Upper Iowa,Peacocks,000000,
cfb,390,UTIC,Utica Pioneers,Utica,Utica,Pioneers,000000,
cfb,391,OBE,Oberlin Yeomen,Oberlin,Oberlin,Yeomen,000000,
cfb,396,WCIL,Wheaton (IL) Thunder,Wheaton (IL),Wheaton (IL),Thunder,000000,
cfb,398,WILK,Wilkes Colonels,Wilkes,Wilkes,Colonels,002856,ffcd00
cfb,399,UALB,UAlbany Great Danes,UAlbany,UAlbany,Great Danes,3D2777,ffffff
cfb,40,CC,Curry Colonels,Curry,Curry,Colonels,65448b,ffffff
cfb,402,WORC,Worcester State Lancers,Worcester St,Worcester State,Lancers,004b8e,ffc629
cfb,409,CUW,Concordia (WI) Falcons,Concordia (WI),Concordia (WI),Falcons,245699,b1b3b3
cfb,41,CONN,UConn Huskies,UConn,UConn,Huskies,0c2340,a2aaad
cfb,411,CHAP,Chapman Panthers,Chapman,Chapman,Panthers,ab1d38,000000
cfb,415,GFU,George Fox Bruins,George Fox,George Fox,Bruins,002d62,c2a303
cfb,417,GLDT,Gallaudet Bison,Gallaudet,Gallaudet,Bison,000000,
cfb,418,HDX,Hendrix Warriors,Hendrix,Hendrix,Warriors,,
cfb,424,CAPU,Capital Comets,Capital,Capital,Comets,000000,
cfb,425,NSU,Northern State Wolves,Northern St,Northern State,Wolves,000000,
cfb,426,UMU,Mount Union Purple Raiders,Mt Union,Mount Union,Purple Raiders,000000,
cfb,427,OHNU,Ohio Northern Polar Bears,Ohio Northern,Ohio Northern,Polar Bears,000000,
cfb,43,YALE,Yale Bulldogs,Yale,Yale,Bulldogs,004a81,286dc0
cfb,433,WCMO,Westminster (MO) Blue Jays,Westminster MO,Westminster (MO),Blue Jays,06496f,ffffff
cfb,437,LKER,Lake Erie Storm,Lake Erie,Lake Erie,Storm,000000,
cfb,446,MLC,Martin Luther Knights,Martin Luther,Martin Luther,Knights,000000,
cfb,452,ENDC,Endicott Gulls,Endicott,Endicott,Gulls,000000,
cfb,455,WVWC,West Virginia Wesleyan Bobcats,WV Wesleyan,West Virginia Wesleyan,Bobcats,000000,
cfb,46,GTWN,Georgetown Hoyas,Georgetown,Georgetown,Hoyas,110E42,001c58
cfb,47,HOW,Howard Bison,Howard,Howard,Bison,003a63,e51937
cfb,471,STVS,Stevenson Mustangs,Stevenson,Stevenson,Mustangs,005747,000000
cfb,48,DEL,Delaware Blue Hens,Delaware,Delaware,Blue Hens,00539f,ffd200
cfb,488,BAK,Baker University Baker,Baker,Baker University,Baker,000000,
cfb,49,DBQ,Dubuque Spartans,Dubuque,Dubuque,Spartans,000000,
cfb,490,BEN,Benedict Tigers,Benedict,Benedict,Tigers,,
cfb,492,BYKS,Bethany (KS) Swedes,Bethany (KS),Bethany (KS),Swedes,000000,
cfb,495,BLU,BLUEFIELD Ramblin' Rams,Bluefield,BLUEFIELD,Ramblin' Rams,,
cfb,5,UAB,UAB Blazers,UAB,UAB,Blazers,1a5632,fdb913
cfb,50,FAMU,Florida A&M Rattlers,Florida A&M,Florida A&M,Rattlers,F89728,00843d
cfb,507,CONCONE,Concordia University Nebraska Clippers,Cncrdia NE,Concordia University Nebraska,Clippers,,
cfb,509,CRWN,Crown Polars,Crown,Crown,Polars,5c2f92,ffffff
cfb,510,CULVE,Culver-Stockton College Wildcats,Culvr-Stck,Culver-Stockton College,Wildcats,,
cfb,511,CMBS,Cumberlands Indians,Cumberlands,Cumberlands,Indians,000000,
cfb,512,DAKOT,Dakota State University Trojans,Dakota St,Dakota State University,Trojans,000000,
cfb,513,DWU,Dakota Wesleyan Tigers,Dakota Wes,Dakota Wesleyan,Tigers,,
cfb,52,FSU,Florida State Seminoles,Florida St,Florida State,Seminoles,782f40,ceb888
cfb,527,FRIE,Friends University Friends,Friends,Friends University,Friends,,
cfb,530,GRC,Graceland University Graceland,Graceland,Graceland University,Graceland,000000,
cfb,535,HASKELL,Haskell Indian Nations Univ Jayhawks,Haskell,Haskell Indian Nations Univ,Jayhawks,000000,
cfb,547,KANSA,Kansas Wesleyan Ks Wesleyan,KS Weslyan,Kansas Wesleyan,Ks Wesleyan,000000,
cfb,548,LGC,LaGrange Panthers,LaGrange,LaGrange,Panthers,000000,
cfb,55,JXST,Jacksonville State Gamecocks,Jax State,Jacksonville State,Gamecocks,cc0000,000000
cfb,559,MARY,University of Mary Marauders,UMary,University of Mary,Marauders,000000,
cfb,56,STET,Stetson Hatters,Stetson,Stetson,Hatters,0a5640,56854e
cfb,561,MYSU,Mayville State Comets,Mayville St,Mayville State,Comets,000000,
cfb,565,MIDL,Midland MIDLAND LUTHERAN,Midland,Midland,MIDLAND LUTHERAN,000000,
cfb,568,MINS,Minot State Beavers,Minot St,Minot State,Beavers,000000,
cfb,57,FLA,Florida Gators,Florida,Florida,Gators,0021a5,fa4616
cfb,58,USF,South Florida Bulls,South Florida,South Florida,Bulls,006747,cfc493
cfb,583,UNW,Northwestern (MN) Eagles,N'Western (MN),Northwestern (MN),Eagles,000000,
cfb,59,GT,Georgia Tech Yellow Jackets,Georgia Tech,Georgia Tech,Yellow Jackets,b3a369,ffffff
cfb,599,RSVT,Roosevelt Lakers,Roosevelt,Roosevelt,Lakers,000000,
cfb,6,USA,South Alabama Jaguars,South Alabama,South Alabama,Jaguars,00205b,bf0d3e
cfb,60,MRHO,Morehouse Maroon Tigers,Morehouse,Morehouse,Maroon Tigers,000000,
cfb,61,UGA,Georgia Bulldogs,Georgia,Georgia,Bulldogs,ba0c2f,2c2a29
cfb,611,SEHI,Seton Hill Griffins,Seton Hill,Seton Hill,Griffins,000000,
cfb,613,SDMT,South Dakota Mines Hardrockers,SD Mines,South Dakota Mines,Hardrockers,000000,
cfb,616,SWKS,Southwestern (KS) Moundbuilders,SW Col (KS),Southwestern (KS),Moundbuilders,000000,
cfb,618,STLG,Sterling STERLING KS,Sterling,Sterling,STERLING KS,000000,
cfb,62,HAW,Hawai'i Rainbow Warriors,Hawai'i,Hawai'i,Rainbow Warriors,005737,000000
cfb,620,TLRU,Taylor Trojans,Taylor,Taylor,Trojans,000000,
cfb,628,VCSU,Valley City State Vikings,Valley City St,Valley City State,Vikings,000000,
cfb,63,BVU,Buena Vista Beavers,Buena Vista,Buena Vista,Beavers,feba12,001440
cfb,630,WYBU,Wayland Baptist Pioneers,Wylnd Baptist,Wayland Baptist,Pioneers,,
cfb,6353,LKLD,Lakeland Muskies,Lakeland,Lakeland,Muskies,,
cfb,65,GRNL,Grinnell Pioneers,Grinnell,Grinnell,Pioneers,000000,
cfb,66,ISU,Iowa State Cyclones,Iowa State,Iowa State,Cyclones,ae192d,ffc72a
cfb,67,LUTH,Luther Norse,Luther,Luther,Norse,015a9c,a5bbda
cfb,68,BOIS,Boise State Broncos,Boise St,Boise State,Broncos,0033a0,d64309
cfb,6845,NWU,Nebraska Wesleyan Prairie Wolves,NE Wesleyan,Nebraska Wesleyan,Prairie Wolves,,
cfb,7,AMH,Amherst Mammoths,Amherst,Amherst,Mammoths,3f1f69,ffffff
cfb,70,IDHO,Idaho Vandals,Idaho,Idaho,Vandals,000000,8c6e4a
cfb,72,ELMH,Elmhurst Bluejays,Elmhurst,Elmhurst,Bluejays,000000,
cfb,74,MILK,Millikin Big Blue,Millikin,Millikin,Big Blue,000000,
cfb,75,NPU,North Park Vikings,North Park,North Park,Vikings,000000,
cfb,77,NU,Northwestern Wildcats,Northwestern,Northwestern,Wildcats,492f92,ffffff
cfb,79,SIU,Southern Illinois Salukis,S Illinois,Southern Illinois,Salukis,85283D,c2c3c0
cfb,8,ARK,Arkansas Razorbacks,Arkansas,Arkansas,Razorbacks,a32136,ffffff
cfb,80,CHI,Chicago Maroons,Chicago,Chicago,Maroons,000000,
cfb,81,SPR,Springfield Pride,Springfield,Springfield,Pride,000000,
cfb,83,DPU,DePauw Tigers,DePauw,DePauw,Tigers,000000,
cfb,84,IU,Indiana Hoosiers,Indiana,Indiana,Hoosiers,970310,ffffff
cfb,86,RHIT,Rose Hulman Fightin' Engineers,Rose Hulman,Rose Hulman,Fightin' Engineers,800000,b3b2b1
cfb,87,ND,Notre Dame Fighting Irish,Notre Dame,Notre Dame,Fighting Irish,062340,c99700
cfb,89,WAB,Wabash Little Giants,Wabash,Wabash,Little Giants,000000,
cfb,9,ASU,Arizona State Sun Devils,Arizona St,Arizona State,Sun Devils,ffc627,8c1d40
cfb,90,PTSU,Pittsburg State Gorillas,Pittsburg St,Pittsburg State,Gorillas,000000,
cfb,93,MUR,Murray State Racers,Murray St,Murray State,Racers,002148,000e00
cfb,95,PIKEV,Pikeville Bears,Pikeville,Pikeville,Bears,,
cfb,96,UK,Kentucky Wildcats,Kentucky,Kentucky,Wildcats,0033a0,ffffff
cfb,97,LOU,Louisville Cardinals,Louisville,Louisville,Cardinals,c9001f,ffffff
cfb,98,WKU,Western Kentucky Hilltoppers,Western KY,Western Kentucky,Hilltoppers,e13a3e,ffffff
cfb,99,LSU,LSU Tigers,LSU,LSU,Tigers,461d76,fdd023
mbb,103,BC,Boston College Eagles,Boston College,Boston College,Eagles,8c2232,dbcca6
mbb,104,BU,Boston University Terriers,Boston U,Boston University,Terriers,cc0000,ffffff
mbb,107,HC,Holy Cross Crusaders,Holy Cross,Holy Cross,Crusaders,582c83,ffffff
mbb,108,HARV,Harvard Crimson,Harvard,Harvard,Crimson,990000,dbdbdb
mbb,111,NE,Northeastern Huskies,Northeastern,Northeastern,Huskies,CC0001,c2c3c0
mbb,112358,LIU,Long Island University Sharks,Long Island,Long Island University,Sharks,50c9f7,ffbf00
mbb,113,MASS,Massachusetts Minutemen,UMass,Massachusetts,Minutemen,881c1c,ffffff
mbb,116,MSM,Mount St. Mary's Mountaineers,Mount St Marys,Mount St. Mary's,Mountaineers,005596,ebebeb
mbb,119,TOW,Towson Tigers,Towson,Towson,Tigers,FFC229,
mbb,12,ARIZ,Arizona Wildcats,Arizona,Arizona,Wildcats,cc0033,003366
mbb,120,MD,Maryland Terrapins,Maryland,Maryland,Terrapins,ce1126,ffffff
mbb,127,MSU,Michigan State Spartans,Michigan St,Michigan State,Spartans,173f35,ffffff
mbb,13,CP,Cal Poly Mustangs,Cal Poly,Cal Poly,Mustangs,1E4D2B,eed897
mbb,130,MICH,Michigan Wolverines,Michigan,Michigan,Wolverines,00274c,ffcb05
mbb,135,MINN,Minnesota Golden Gophers,Minnesota,Minnesota,Golden Gophers,5e0a2f,fab41c
mbb,139,SLU,Saint Louis Billikens,Saint Louis,Saint Louis,Billikens,00539C,ebebeb
mbb,140,KC,Kansas City Roos,Kansas City,Kansas City,Roos,004b87,ffc72c
mbb,142,MIZ,Missouri Tigers,Missouri,Missouri,Tigers,f1b82d,000000
mbb,145,MISS,Ole Miss Rebels,Ole Miss,Ole Miss,Rebels,13294b,cf142b
mbb,147,MTST,Montana State Bobcats,Montana St,Montana State,Bobcats,00205c,bc955c
mbb,149,MONT,Montana Grizzlies,Montana,Montana,Grizzlies,751D4A,666666
mbb,150,DUKE,Duke Blue Devils,Duke,Duke,Blue Devils,00539b,ffffff
mbb,151,ECU,East Carolina Pirates,East Carolina,East Carolina,Pirates,582c83,ffc72c
mbb,152,NCSU,NC State Wolfpack,NC State,NC State,Wolfpack,cc0000,ffffff
mbb,153,UNC,North Carolina Tar Heels,North Carolina,North Carolina,Tar Heels,7bafd4,13294b
mbb,154,WAKE,Wake Forest Demon Deacons,Wake Forest,Wake Forest,Demon Deacons,ceb888,2c2a29
mbb,155,UND,North Dakota Fighting Hawks,North Dakota,North Dakota,Fighting Hawks,00A26B,c2c3c0
mbb,156,CREI,Creighton Bluejays,Creighton,Creighton,Bluejays,005ca9,6cadde
mbb,158,NEB,Nebraska Cornhuskers,Nebraska,Nebraska,Cornhuskers,e31937,ffffff
mbb,159,DART,Dartmouth Big Green,Dartmouth,Dartmouth,Big Green,005730,000000
mbb,16,SAC,Sacramento State Hornets,Sacramento St,Sacramento State,Hornets,00573C,cdb97d
mbb,160,UNH,New Hampshire Wildcats,New Hampshire,New Hampshire,Wildcats,004990,c3c4c6
mbb,161,FDU,Fairleigh Dickinson Knights,FDU,Fairleigh Dickinson,Knights,72293c,28334a
mbb,163,PRIN,Princeton Tigers,Princeton,Princeton,Tigers,000000,ff6000
mbb,164,RUTG,Rutgers Scarlet Knights,Rutgers,Rutgers,Scarlet Knights,ce0e2d,ffffff
mbb,166,NMSU,New Mexico State Aggies,New Mexico St,New Mexico State,Aggies,7e141b,231f20
mbb,167,UNM,New Mexico Lobos,New Mexico,New Mexico,Lobos,ba0c2f,a7a8aa
mbb,171,COLU,Columbia Lions,Columbia,Columbia,Lions,7ba4db,183863
mbb,172,COR,Cornell Big Red,Cornell,Cornell,Big Red,b31b1b,ffffff
mbb,179,SBU,St. Bonaventure Bonnies,St Bonaventure,St. Bonaventure,Bonnies,70261D,
mbb,183,SYR,Syracuse Orange,Syracuse,Syracuse,Orange,000e54,ff431b
mbb,189,BGSU,Bowling Green Falcons,Bowling Green,Bowling Green,Falcons,fd5000,4f2c1d
mbb,193,M-OH,Miami (OH) RedHawks,Miami OH,Miami (OH),RedHawks,c41230,ffffff
mbb,194,OSU,Ohio State Buckeyes,Ohio State,Ohio State,Buckeyes,ba0c2f,a8adb4
mbb,195,OHIO,Ohio Bobcats,Ohio,Ohio,Bobcats,154734,ffffff
mbb,197,OKST,Oklahoma State Cowboys,Oklahoma St,Oklahoma State,Cowboys,fe5c00,000000
mbb,198,ORU,Oral Roberts Golden Eagles,Oral Roberts,Oral Roberts,Golden Eagles,002462,dac792
mbb,2,AUB,Auburn Tigers,Auburn,Auburn,Tigers,002b5c,f26522
mbb,2000,ACU,Abilene Christian Wildcats,Abilene Chrstn,Abilene Christian,Wildcats,592d82,b1b3b3
mbb,2005,AF,Air Force Falcons,Air Force,Air Force,Falcons,003594,ffffff
mbb,2006,AKR,Akron Zips,Akron,Akron,Zips,041e42,c5b783
mbb,201,OU,Oklahoma Sooners,Oklahoma,Oklahoma,Sooners,990000,ffffff
mbb,2010,AAMU,Alabama A&M Bulldogs,Alabama A&M,Alabama A&M,Bulldogs,790000,ffffff
mbb,2011,ALST,Alabama State Hornets,Alabama St,Alabama State,Hornets,e9a900,0a0a0a
mbb,2016,ALCN,Alcorn State Braves,Alcorn St,Alcorn State,Braves,4b0058,46166a
mbb,202,TLSA,Tulsa Golden Hurricane,Tulsa,Tulsa,Golden Hurricane,003595,d0b787
mbb,2026,APP,App State Mountaineers,App State,App State,Mountaineers,000000,ffcd00
mbb,2029,UAPB,Arkansas-Pine Bluff Golden Lions,AR-Pine Bluff,Arkansas-Pine Bluff,Golden Lions,e0aa0f,eaaa00
mbb,2031,LR,Little Rock Trojans,Little Rock,Little Rock,Trojans,AD0000,898d8f
mbb,2032,ARST,Arkansas State Red Wolves,Arkansas St,Arkansas State,Red Wolves,cc092f,000000
mbb,204,ORST,Oregon State Beavers,Oregon St,Oregon State,Beavers,dc4405,000000
mbb,2046,APSU,Austin Peay Governors,Austin Peay,Austin Peay,Governors,8e0b0b,
mbb,2050,BALL,Ball State Cardinals,Ball State,Ball State,Cardinals,ba0c2f,ffffff
mbb,2057,BEL,Belmont Bruins,Belmont,Belmont,Bruins,182142,c9262d
mbb,2065,BCU,Bethune-Cookman Wildcats,Bethune,Bethune-Cookman,Wildcats,7b1831,e9aa12
mbb,2066,BING,Binghamton Bearcats,Binghamton,Binghamton,Bearcats,00614A,f0f0f0
mbb,2083,BUCK,Bucknell Bison,Bucknell,Bucknell,Bison,000060,00316e
mbb,2084,BUF,Buffalo Bulls,Buffalo,Buffalo,Bulls,005bbb,ffffff
mbb,2086,BTLR,Butler Bulldogs,Butler,Butler,Bulldogs,0d1361,00a3e0
mbb,2097,CAM,Campbell Fighting Camels,Campbell,Campbell,Fighting Camels,000000,
mbb,2099,CAN,Canisius Golden Griffins,Canisius,Canisius,Golden Griffins,004a81,dda50f
mbb,21,SDSU,San Diego State Aztecs,San Diego St,San Diego State,Aztecs,a6192e,000000
mbb,2110,CARK,Central Arkansas Bears,C Arkansas,Central Arkansas,Bears,a7a9ac,8e959a
mbb,2115,CCSU,Central Connecticut Blue Devils,C Connecticut,Central Connecticut,Blue Devils,1B49A2,d1d5d8
mbb,2116,UCF,UCF Knights,UCF,UCF,Knights,000000,b4a169
mbb,2117,CMU,Central Michigan Chippewas,C Michigan,Central Michigan,Chippewas,4c0027,fbab18
mbb,2127,CHSO,Charleston Southern Buccaneers,Charleston So,Charleston Southern,Buccaneers,2e3192,ded090
mbb,213,PSU,Penn State Nittany Lions,Penn State,Penn State,Nittany Lions,061440,ffffff
mbb,2130,CHST,Chicago State Cougars,Chicago St,Chicago State,Cougars,006700,
mbb,2132,CIN,Cincinnati Bearcats,Cincinnati,Cincinnati,Bearcats,000000,e00122
mbb,2142,COLG,Colgate Raiders,Colgate,Colgate,Raiders,821019,ffffff
mbb,2154,COPP,Coppin State Eagles,Coppin St,Coppin State,Eagles,2e3192,ffd204
mbb,2166,DAV,Davidson Wildcats,Davidson,Davidson,Wildcats,000000,e51837
mbb,2168,DAY,Dayton Flyers,Dayton,Dayton,Flyers,004B8D,ffffff
mbb,2169,DSU,Delaware State Hornets,Delaware St,Delaware State,Hornets,009cdb,d51c28
mbb,2172,DEN,Denver Pioneers,Denver,Denver,Pioneers,98002e,a8996e
mbb,2174,DETM,Detroit Mercy Titans,Detroit Mercy,Detroit Mercy,Titans,165b9e,d31733
mbb,218,TEM,Temple Owls,Temple,Temple,Owls,a41e35,ffffff
mbb,2181,DRKE,Drake Bulldogs,Drake,Drake,Bulldogs,005596,bec0c2
mbb,2182,DREX,Drexel Dragons,Drexel,Drexel,Dragons,020260,ffd65a
mbb,2184,DUQ,Duquesne Dukes,Duquesne,Duquesne,Dukes,002D62,b90b2e
mbb,219,PENN,Pennsylvania Quakers,Penn,Pennsylvania,Quakers,082A74,a6163d
mbb,2193,ETSU,East Tennessee State Buccaneers,ETSU,East Tennessee State,Buccaneers,002d61,ffc423
mbb,2197,EIU,Eastern Illinois Panthers,E Illinois,Eastern Illinois,Panthers,000000,bebab9
mbb,2198,EKU,Eastern Kentucky Colonels,E Kentucky,Eastern Kentucky,Colonels,660819,f0f0f0
mbb,2199,EMU,Eastern Michigan Eagles,E Michigan,Eastern Michigan,Eagles,006938,ffffff
mbb,221,PITT,Pittsburgh Panthers,Pitt,Pittsburgh,Panthers,003594,ffb81c
mbb,2210,ELON,Elon Phoenix,Elon,Elon,Phoenix,020303,b59a57
mbb,2217,FAIR,Fairfield Stags,Fairfield,Fairfield,Stags,000000,ebebeb
mbb,222,VILL,Villanova Wildcats,Villanova,Villanova,Wildcats,00205b,13b5ea
mbb,2226,FAU,Florida Atlantic Owls,FAU,Florida Atlantic,Owls,003366,cc0000
mbb,2229,FIU,Florida International Panthers,FIU,Florida International,Panthers,091f3f,c3993f
mbb,2230,FOR,Fordham Rams,Fordham,Fordham,Rams,830032,909090
mbb,2239,CSUF,Cal State Fullerton Titans,Fullerton,Cal State Fullerton,Titans,003767,ff8300
mbb,2241,GWEB,Gardner-Webb Runnin' Bulldogs,Gardner-Webb,Gardner-Webb,Runnin' Bulldogs,c12535,909090
mbb,2244,GMU,George Mason Patriots,George Mason,George Mason,Patriots,016600,ecb010
mbb,2247,GAST,Georgia State Panthers,Georgia St,Georgia State,Panthers,0039a6,ffffff
mbb,225,BRWN,Brown Bears,Brown,Brown,Bears,411e09,949300
mbb,2250,GONZ,Gonzaga Bulldogs,Gonzaga,Gonzaga,Bulldogs,041e42,c8102e
mbb,2253,GCU,Grand Canyon Lopes,Grand Canyon,Grand Canyon,Lopes,522398,ffffff
mbb,2261,HAMP,Hampton Pirates,Hampton,Hampton,Pirates,0067AC,
mbb,227,URI,Rhode Island Rams,Rhode Island,Rhode Island,Rams,091f3f,5ab3e8
mbb,2272,HPU,High Point Panthers,High Point,High Point,Panthers,330072,ffffff
mbb,2275,HOF,Hofstra Pride,Hofstra,Hofstra,Pride,003594,ffc72c
mbb,2277,HCU,Houston Christian Huskies,Hou Christian,Houston Christian,Huskies,00539c,
mbb,228,CLEM,Clemson Tigers,Clemson,Clemson,Tigers,f56600,ffffff
mbb,2287,ILST,Illinois State Redbirds,Illinois St,Illinois State,Redbirds,CE1126,ffe716
mbb,2294,IOWA,Iowa Hawkeyes,Iowa,Iowa,Hawkeyes,231f20,fcd116
mbb,2296,JKST,Jackson State Tigers,Jackson St,Jackson State,Tigers,123297,b5b7ba
mbb,23,SJSU,San José State Spartans,San José St,San José State,Spartans,0038a8,ffb81a
mbb,2305,KU,Kansas Jayhawks,Kansas,Kansas,Jayhawks,0051ba,e8000d
mbb,2306,KSU,Kansas State Wildcats,Kansas St,Kansas State,Wildcats,330a57,e2e3e4
mbb,2309,KENT,Kent State Golden Flashes,Kent State,Kent State,Golden Flashes,002664,eaab00
mbb,231,FUR,Furman Paladins,Furman,Furman,Paladins,582c83,ffffff
mbb,232,COFC,Charleston Cougars,Charleston,Charleston,Cougars,7a2531,9e8959
mbb,2320,LAM,Lamar Cardinals,Lamar,Lamar,Cardinals,000000,ebebeb
mbb,2325,LAS,La Salle Explorers,La Salle,La Salle,Explorers,003356,ffce00
mbb,2329,LEH,Lehigh Mountain Hawks,Lehigh,Lehigh,Mountain Hawks,6c2b2a,b69e70
mbb,233,SDAK,South Dakota Coyotes,South Dakota,South Dakota,Coyotes,CD1241,f0f0f0
mbb,2330,LEM,Le Moyne Dolphins,Le Moyne,Le Moyne,Dolphins,,
mbb,2335,LIB,Liberty Flames,Liberty,Liberty,Flames,0a254e,b72025
mbb,2344,LONG,Longwood Lancers,Longwood,Longwood,Lancers,003273,9ea2a3
mbb,2348,LT,Louisiana Tech Bulldogs,Louisiana Tech,Louisiana Tech,Bulldogs,003087,cb333b
mbb,2349,UML,UMass Lowell River Hawks,UMass Lowell,UMass Lowell,River Hawks,00529C,cf1f2f
mbb,235,MEM,Memphis Tigers,Memphis,Memphis,Tigers,004991,8e908f
mbb,2350,LUC,Loyola Chicago Ramblers,Loyola Chicago,Loyola Chicago,Ramblers,9d1244,
mbb,2351,LMU,Loyola Marymount Lions,LMU,Loyola Marymount,Lions,880029,00345b
mbb,2352,L-MD,Loyola Maryland Greyhounds,Loyola MD,Loyola Maryland,Greyhounds,76a7a0,c9cbca
mbb,236,UTC,Chattanooga Mocs,Chattanooga,Chattanooga,Mocs,00386b,dca71d
mbb,2363,MAN,Manhattan Jaspers,Manhattan,Manhattan,Jaspers,4f8537,b5b7ba
mbb,2368,MRST,Marist Red Foxes,Marist,Marist,Red Foxes,e53730,f0f0f0
mbb,2377,MCN,McNeese Cowboys,McNeese,McNeese,Cowboys,00529C,ffd204
mbb,2378,UMBC,UMBC Retrievers,UMBC,UMBC,Retrievers,000000,ad860a
mbb,2379,UMES,Maryland Eastern Shore Hawks,MD Eastern,Maryland Eastern Shore,Hawks,5c2301,b5b7ba
mbb,238,VAN,Vanderbilt Commodores,Vanderbilt,Vanderbilt,Commodores,000000,cfae70
mbb,2382,MER,Mercer Bears,Mercer,Mercer,Bears,ff7f29,080808
mbb,2385,MERC,Mercyhurst Lakers,Mercyhurst,Mercyhurst,Lakers,000000,
mbb,239,BAY,Baylor Bears,Baylor,Baylor,Bears,154734,ffb81c
mbb,2390,MIA,Miami Hurricanes,Miami,Miami,Hurricanes,f47423,035131
mbb,2393,MTSU,Middle Tennessee Blue Raiders,MTSU,Middle Tennessee,Blue Raiders,036eb7,ffffff
mbb,24,STAN,Stanford Cardinal,Stanford,Stanford,Cardinal,8c1515,ffffff
mbb,2400,MVSU,Mississippi Valley State Delta Devils,Miss Valley St,Mississippi Valley State,Delta Devils,005328,cf2d34
mbb,2405,MONM,Monmouth Hawks,Monmouth,Monmouth,Hawks,051844,
mbb,2413,MORE,Morehead State Eagles,Morehead St,Morehead State,Eagles,094FA3,fed91a
mbb,2415,MORG,Morgan State Bears,Morgan St,Morgan State,Bears,014786,f47937
mbb,242,RICE,Rice Owls,Rice,Rice,Owls,00205b,c1c6c8
mbb,2426,NAVY,Navy Midshipmen,Navy,Navy,Midshipmen,00225b,b5a67c
mbb,2427,UNCA,UNC Asheville Bulldogs,UNC Asheville,UNC Asheville,Bulldogs,003da5,ffffff
mbb,2428,NCCU,North Carolina Central Eagles,NC Central,North Carolina Central,Eagles,880023,c2c3c0
mbb,2429,CLT,Charlotte 49ers,Charlotte,Charlotte,49ers,005035,a49665
mbb,2430,UNCG,UNC Greensboro Spartans,UNC Greensboro,UNC Greensboro,Spartans,003559,ffd90a
mbb,2433,ULM,UL Monroe Warhawks,UL Monroe,UL Monroe,Warhawks,840029,fdb913
mbb,2437,OMA,Omaha Mavericks,Omaha,Omaha,Mavericks,e3193e,474648
mbb,2439,UNLV,UNLV Rebels,UNLV,UNLV,Rebels,cf0a2c,cac8c8
mbb,2440,NEV,Nevada Wolf Pack,Nevada,Nevada,Wolf Pack,041e42,8a8d8f
mbb,2441,NHVN,New Haven Chargers,New Haven,New Haven,Chargers,041e42,ffc425
mbb,2443,NOLA,LSU New Orleans Privateers,LSU N Orleans,LSU New Orleans,Privateers,461d7c,fdd023
mbb,2447,NICH,Nicholls Colonels,Nicholls,Nicholls,Colonels,C41230,f0f0f0
mbb,2448,NCAT,North Carolina A&T Aggies,NC A&T,North Carolina A&T,Aggies,0505aa,004684
mbb,2449,NDSU,North Dakota State Bison,N Dakota St,North Dakota State,Bison,01402A,ffffff
mbb,245,TA&M,Texas A&M Aggies,Texas A&M,Texas A&M,Aggies,500000,ffffff
mbb,2450,NORF,Norfolk State Spartans,Norfolk St,Norfolk State,Spartans,0c8968,fdb813
mbb,2453,UNA,North Alabama Lions,North Alabama,North Alabama,Lions,663399,
mbb,2454,UNF,North Florida Ospreys,North Florida,North Florida,Ospreys,004B8D,babcbe
mbb,2458,UNCO,Northern Colorado Bears,N Colorado,Northern Colorado,Bears,13558D,ffc533
mbb,2459,NIU,Northern Illinois Huskies,N Illinois,Northern Illinois,Huskies,c8102e,000000
mbb,2460,UNI,Northern Iowa Panthers,Northern Iowa,Northern Iowa,Panthers,473282,ffffff
mbb,2463,CSUN,Cal State Northridge Matadors,CSU Northridge,Cal State Northridge,Matadors,b50000,
mbb,2464,NAU,Northern Arizona Lumberjacks,N Arizona,Northern Arizona,Lumberjacks,003976,1b3069
mbb,2466,NWST,Northwestern State Demons,N'Western St,Northwestern State,Demons,492F91,ed6118
mbb,2473,OAK,Oakland Golden Grizzlies,Oakland,Oakland,Golden Grizzlies,04091c,bc955c
mbb,248,HOU,Houston Cougars,Houston,Houston,Cougars,c8102e,ffffff
mbb,2483,ORE,Oregon Ducks,Oregon,Oregon,Ducks,00934b,fff41b
mbb,249,UNT,North Texas Mean Green,North Texas,North Texas,Mean Green,068f33,ffffff
mbb,2492,PEPP,Pepperdine Waves,Pepperdine,Pepperdine,Waves,003A72,dc762f
mbb,25,CAL,California Golden Bears,California,California,Golden Bears,041e42,ffc72c
mbb,250,UTA,UT Arlington Mavericks,UT Arlington,UT Arlington,Mavericks,004b7c,f58024
mbb,2501,PORT,Portland Pilots,Portland,Portland,Pilots,330072,a8b3ba
mbb,2502,PRST,Portland State Vikings,Portland St,Portland State,Vikings,00311e,ebebeb
mbb,2504,PV,Prairie View A&M Panthers,Prairie View,Prairie View A&M,Panthers,582c83,eaaa00
mbb,2506,PRES,Presbyterian Blue Hose,Presbyterian,Presbyterian,Blue Hose,194896,990134
mbb,2507,PROV,Providence Friars,Providence,Providence,Friars,000000,a3a19e
mbb,2509,PUR,Purdue Boilermakers,Purdue,Purdue,Boilermakers,ceb888,000000
mbb,251,TEX,Texas Longhorns,Texas,Texas,Longhorns,af5c37,ffffff
mbb,2514,QUIN,Quinnipiac Bobcats,Quinnipiac,Quinnipiac,Bobcats,041B43,
mbb,2515,RAD,Radford Highlanders,Radford,Radford,Highlanders,BC1515,c2c3c0
mbb,252,BYU,BYU Cougars,BYU,BYU,Cougars,0047ba,002e5d
mbb,2520,RID,Rider Broncs,Rider,Rider,Broncs,a80532,ebebeb
mbb,2523,RMU,Robert Morris Colonials,Robert Morris,Robert Morris,Colonials,00214D,a21d2b
mbb,2529,SHU,Sacred Heart Pioneers,Sacred Heart,Sacred Heart,Pioneers,a40012,c29472
mbb,253,SUU,Southern Utah Thunderbirds,Southern Utah,Southern Utah,Thunderbirds,c72026,000000
mbb,2534,SHSU,Sam Houston Bearkats,Sam Houston,Sam Houston,Bearkats,f56423,ffffff
mbb,2535,SAM,Samford Bulldogs,Samford,Samford,Bulldogs,005485,bc0023
mbb,2539,SF,San Francisco Dons,San Francisco,San Francisco,Dons,005a36,ffffff
mbb,254,UTAH,Utah Utes,Utah,Utah,Utes,be0000,ffffff
mbb,2540,UCSB,UC Santa Barbara Gauchos,Santa Barbara,UC Santa Barbara,Gauchos,1e1840,febc11
mbb,2541,SCU,Santa Clara Broncos,Santa Clara,Santa Clara,Broncos,690b0b,101010
mbb,2545,SELA,SE Louisiana Lions,SE Louisiana,SE Louisiana,Lions,215732,ffc72c
mbb,2546,SEMO,Southeast Missouri State Redhawks,SE Missouri,Southeast Missouri State,Redhawks,c8102e,000000
mbb,2547,SEA,Seattle U Redhawks,Seattle U,Seattle U,Redhawks,BF2E1A,c2c3c0
mbb,2550,HALL,Seton Hall Pirates,Seton Hall,Seton Hall,Pirates,0857B1,8a8d8f
mbb,256,JMU,James Madison Dukes,James Madison,James Madison,Dukes,450084,cbb677
mbb,2561,SIE,Siena Saints,Siena,Siena,Saints,037961,eea60f
mbb,2565,SIUE,SIU Edwardsville Cougars,SIUE,SIU Edwardsville,Cougars,eb1c23,080808
mbb,2567,SMU,SMU Mustangs,SMU,SMU,Mustangs,a80000,0033a1
mbb,2569,SCST,South Carolina State Bulldogs,SC State,South Carolina State,Bulldogs,7d1315,104897
mbb,257,RICH,Richmond Spiders,Richmond,Richmond,Spiders,9e0712,b90b2e
mbb,2571,SDST,South Dakota State Jackrabbits,S Dakota St,South Dakota State,Jackrabbits,0033a0,ffd100
mbb,2572,USM,Southern Miss Golden Eagles,Southern Miss,Southern Miss,Golden Eagles,ffc72c,231f20
mbb,2579,SC,South Carolina Gamecocks,South Carolina,South Carolina,Gamecocks,73000a,000000
mbb,258,UVA,Virginia Cavaliers,Virginia,Virginia,Cavaliers,232d4b,f84c1e
mbb,2582,SOU,Southern Jaguars,Southern,Southern,Jaguars,004B97,ffc82d
mbb,259,VT,Virginia Tech Hokies,Virginia Tech,Virginia Tech,Hokies,6a2c3e,cf4520
mbb,2599,SJU,St. John's Red Storm,St John's,St. John's,Red Storm,d10000,101010
mbb,26,UCLA,UCLA Bruins,UCLA,UCLA,Bruins,2774ae,f2a900
mbb,2603,JOES,Saint Joseph's Hawks,Saint Joseph's,Saint Joseph's,Hawks,9e1b32,6c6f70
mbb,2608,SMC,Saint Mary's Gaels,Saint Mary's,Saint Mary's,Gaels,d80024,003057
mbb,261,UVM,Vermont Catamounts,Vermont,Vermont,Catamounts,154734,ffc72c
mbb,2612,SPU,Saint Peter's Peacocks,Saint Peter's,Saint Peter's,Peacocks,004CC2,
mbb,2617,SFA,Stephen F. Austin Lumberjacks,SF Austin,Stephen F. Austin,Lumberjacks,393996,bec0c2
mbb,2619,STBK,Stony Brook Seawolves,Stony Brook,Stony Brook,Seawolves,990000,
mbb,2623,MOST,Missouri State Bears,Missouri St,Missouri State,Bears,5e0009,ffffff
mbb,2627,TAR,Tarleton State Texans,Tarleton St,Tarleton State,Texans,000000,
mbb,2628,TCU,TCU Horned Frogs,TCU,TCU,Horned Frogs,4d1979,ffffff
mbb,2630,UTM,UT Martin Skyhawks,UT Martin,UT Martin,Skyhawks,FF6700,102a5c
mbb,2633,TENN,Tennessee Volunteers,Tennessee,Tennessee,Volunteers,ff8200,ffffff
mbb,2634,TNST,Tennessee State Tigers,Tennessee St,Tennessee State,Tigers,171796,f0f0f0
mbb,2635,TNTC,Tennessee Tech Golden Eagles,Tennessee Tech,Tennessee Tech,Golden Eagles,5A4099,ffde00
mbb,2636,UTSA,UTSA Roadrunners,UTSA,UTSA,Roadrunners,0c2340,f15a22
mbb,2638,UTEP,UTEP Miners,UTEP,UTEP,Miners,ff8200,041e42
mbb,264,WASH,Washington Huskies,Washington,Washington,Huskies,33006f,e8d3a2
mbb,2640,TXSO,Texas Southern Tigers,Texas Southern,Texas Southern,Tigers,860038,ffffff
mbb,2641,TTU,Texas Tech Red Raiders,Texas Tech,Texas Tech,Red Raiders,da291c,000000
mbb,2643,CIT,The Citadel Bulldogs,The Citadel,The Citadel,Bulldogs,7badd3,002856
mbb,2649,TOL,Toledo Rockets,Toledo,Toledo,Rockets,0b2240,ffcd00
mbb,265,WSU,Washington State Cougars,Washington St,Washington State,Cougars,a60f2d,4d4d4d
mbb,2653,TROY,Troy Trojans,Troy,Troy,Trojans,862633,b1b1b1
mbb,2655,TULN,Tulane Green Wave,Tulane,Tulane,Green Wave,006747,418fde
mbb,2670,VCU,VCU Rams,VCU,VCU,Rams,ffaf00,000000
mbb,2674,VAL,Valparaiso Beacons,Valparaiso,Valparaiso,Beacons,794500,
mbb,2678,VMI,VMI Keydets,VMI,VMI,Keydets,ae122a,000000
mbb,2681,WAG,Wagner Seahawks,Wagner,Wagner,Seahawks,00483A,ffffff
mbb,269,MARQ,Marquette Golden Eagles,Marquette,Marquette,Golden Eagles,003366,ffcc00
mbb,2692,WEB,Weber State Wildcats,Weber St,Weber State,Wildcats,18005a,ebebeb
mbb,2697,UWF,West Florida Argonauts,West Florida,West Florida,Argonauts,087dc2,03b186
mbb,2698,WGA,West Georgia Wolves,West Georgia,West Georgia,Wolves,0033a1,db1a21
mbb,27,UCR,UC Riverside Highlanders,UC Riverside,UC Riverside,Highlanders,14234F,
mbb,270,MILW,Milwaukee Panthers,Milwaukee,Milwaukee,Panthers,000000,ffc20e
mbb,2710,WIU,Western Illinois Leathernecks,W Illinois,Western Illinois,Leathernecks,4e1e8a,ffc90a
mbb,2711,WMU,Western Michigan Broncos,W Michigan,Western Michigan,Broncos,532e1f,f1c500
mbb,2717,WCU,Western Carolina Catamounts,W Carolina,Western Carolina,Catamounts,492F91,bf9e70
mbb,2724,WICH,Wichita State Shockers,Wichita St,Wichita State,Shockers,ffcd00,27251f
mbb,2729,W&M,William & Mary Tribe,William & Mary,William & Mary,Tribe,115740,f0b323
mbb,2737,WIN,Winthrop Eagles,Winthrop,Winthrop,Eagles,9e0b0e,fdb41e
mbb,2739,GB,Green Bay Phoenix,Green Bay,Green Bay,Phoenix,006633,ffffff
mbb,2747,WOF,Wofford Terriers,Wofford,Wofford,Terriers,533B22,f0f0f0
mbb,275,WIS,Wisconsin Badgers,Wisconsin,Wisconsin,Badgers,a00000,ffffff
mbb,2750,WRST,Wright State Raiders,Wright St,Wright State,Raiders,cba052,cba052
mbb,2751,WYO,Wyoming Cowboys,Wyoming,Wyoming,Cowboys,492f24,ffc425
mbb,2752,XAV,Xavier Musketeers,Xavier,Xavier,Musketeers,21304e,a5a7a8
mbb,2754,YSU,Youngstown State Penguins,Youngstown St,Youngstown State,Penguins,E51935,690717
mbb,2755,GRAM,Grambling Tigers,Grambling,Grambling,Tigers,ee8601,ffd10a
mbb,276,MRSH,Marshall Thundering Herd,Marshall,Marshall,Thundering Herd,00b140,000000
mbb,277,WVU,West Virginia Mountaineers,West Virginia,West Virginia,Mountaineers,eaaa00,002855
mbb,2771,MRMK,Merrimack Warriors,Merrimack,Merrimack,Warriors,2f4f93,e8c535
mbb,278,FRES,Fresno State Bulldogs,Fresno St,Fresno State,Bulldogs,b1102b,13284c
mbb,279,PAC,Pacific Tigers,Pacific,Pacific,Tigers,F47820,c2c3c0
mbb,28,UCSD,UC San Diego Tritons,UC San Diego,UC San Diego,Tritons,000000,ffcd00
mbb,2803,BRY,Bryant Bulldogs,Bryant,Bryant,Bulldogs,000000,9f8343
mbb,282,INST,Indiana State Sycamores,Indiana St,Indiana State,Sycamores,00669a,f0f0f0
mbb,2837,ETAM,East Texas A&M Lions,East Texas A&M,East Texas A&M,Lions,000000,
mbb,284,STO,Stonehill Skyhawks,Stonehill,Stonehill,Skyhawks,000000,
mbb,2856,CBU,California Baptist Lancers,CA Baptist,California Baptist,Lancers,000080,
mbb,2870,PFW,Purdue Fort Wayne Mastodons,Purdue FW,Purdue Fort Wayne,Mastodons,cfb991,000000
mbb,288,LIP,Lipscomb Bisons,Lipscomb,Lipscomb,Bisons,20366C,f6b734
mbb,2885,NJIT,NJIT Highlanders,NJIT,NJIT,Highlanders,EE3024,df3e2e
mbb,290,GASO,Georgia Southern Eagles,GA Southern,Georgia Southern,Eagles,041e42,a3aaae
mbb,2900,STMN,St. Thomas Tommies,St Thomas,St. Thomas,Tommies,000000,
mbb,2908,UPST,South Carolina Upstate Spartans,SC Upstate,South Carolina Upstate,Spartans,008545,000000
mbb,2916,UIW,Incarnate Word Cardinals,Incarnate Word,Incarnate Word,Cardinals,000000,080808
mbb,292,RGV,UT Rio Grande Valley Vaqueros,UT Rio Grande,UT Rio Grande Valley,Vaqueros,dc6000,e1732d
mbb,2934,CSUB,Cal State Bakersfield Roadrunners,Bakersfield,Cal State Bakersfield,Roadrunners,003BAB,
mbb,294,JAX,Jacksonville Dolphins,Jacksonville,Jacksonville,Dolphins,00523e,
mbb,295,ODU,Old Dominion Monarchs,Old Dominion,Old Dominion,Monarchs,003768,a1d2f1
mbb,299,LBSU,Long Beach State Beach,Long Beach St,Long Beach State,Beach,000000,f1f2f3
mbb,30,USC,USC Trojans,USC,USC,Trojans,9d2235,ffc72c
mbb,300,UCI,UC Irvine Anteaters,UC Irvine,UC Irvine,Anteaters,002B5C,fec52e
mbb,301,USD,San Diego Toreros,San Diego,San Diego,Toreros,2f99d4,2f99d4
mbb,302,UCD,UC Davis Aggies,UC Davis,UC Davis,Aggies,002855,c3c4c6
mbb,304,IDST,Idaho State Bengals,Idaho St,Idaho State,Bengals,ef8c00,e9a126
mbb,305,DEP,DePaul Blue Demons,DePaul,DePaul,Blue Demons,2d649c,ce1125
mbb,3084,UVU,Utah Valley Wolverines,Utah Valley,Utah Valley,Wolverines,004812,e1c736
mbb,309,UL,Louisiana Ragin' Cajuns,Louisiana,Louisiana,Ragin' Cajuns,ce181e,000000
mbb,3101,UTU,Utah Tech Trailblazers,Utah Tech,Utah Tech,Trailblazers,000000,
mbb,311,ME,Maine Black Bears,Maine,Maine,Black Bears,127dbe,
mbb,314,IONA,Iona Gaels,Iona,Iona,Gaels,6f2c3e,f0ab00
mbb,315,NIA,Niagara Purple Eagles,Niagara,Niagara,Purple Eagles,69207E,f0f0f0
mbb,322,LAF,Lafayette Leopards,Lafayette,Lafayette,Leopards,790000,a59474
mbb,324,CCU,Coastal Carolina Chanticleers,Coastal,Coastal Carolina,Chanticleers,006f71,a27752
mbb,325,CLE,Cleveland State Vikings,Cleveland St,Cleveland State,Vikings,006633,231f20
mbb,326,TXST,Texas State Bobcats,Texas St,Texas State,Bobcats,501214,6a5638
mbb,328,USU,Utah State Aggies,Utah State,Utah State,Aggies,0f2439,ffffff
mbb,331,EWU,Eastern Washington Eagles,E Washington,Eastern Washington,Eagles,a10022,abb4bc
mbb,333,ALA,Alabama Crimson Tide,Alabama,Alabama,Crimson Tide,9e1b32,ffffff
mbb,338,KENN,Kennesaw State Owls,Kennesaw St,Kennesaw State,Owls,fdbb30,0b1315
mbb,339,EVAN,Evansville Purple Aces,Evansville,Evansville,Purple Aces,663399,ef6f00
mbb,344,MSST,Mississippi State Bulldogs,Mississippi St,Mississippi State,Bulldogs,5d1725,c1c6c8
mbb,349,ARMY,Army Black Knights,Army,Army,Black Knights,000000,d3bc8d
mbb,350,UNCW,UNC Wilmington Seahawks,UNC Wilmington,UNC Wilmington,Seahawks,00665e,ffda00
mbb,356,ILL,Illinois Fighting Illini,Illinois,Illinois,Fighting Illini,ff5f05,13294b
mbb,357,AMCC,Texas A&M-Corpus Christi Islanders,Texas A&M-CC,Texas A&M-Corpus Christi,Islanders,0067c5,007f3e
mbb,36,CSU,Colorado State Rams,Colorado St,Colorado State,Rams,004c23,c8c372
mbb,38,COLO,Colorado Buffaloes,Colorado,Colorado,Buffaloes,cfb87c,000000
mbb,399,UALB,UAlbany Great Danes,UAlbany,UAlbany,Great Danes,3D2777,ffffff
mbb,41,CONN,UConn Huskies,UConn,UConn,Huskies,0c2340,a2aaad
mbb,43,YALE,Yale Bulldogs,Yale,Yale,Bulldogs,004a81,286dc0
mbb,44,AMER,American University Eagles,American,American University,Eagles,c41130,c8102e
mbb,45,GW,George Washington Revolutionaries,G Washington,George Washington,Revolutionaries,002843,e8d2a1
mbb,46,GTWN,Georgetown Hoyas,Georgetown,Georgetown,Hoyas,110E42,001c58
mbb,47,HOW,Howard Bison,Howard,Howard,Bison,003a63,e51937
mbb,48,DEL,Delaware Blue Hens,Delaware,Delaware,Blue Hens,00539f,ffd200
mbb,5,UAB,UAB Blazers,UAB,UAB,Blazers,1a5632,fdb913
mbb,50,FAMU,Florida A&M Rattlers,Florida A&M,Florida A&M,Rattlers,F89728,00843d
mbb,52,FSU,Florida State Seminoles,Florida St,Florida State,Seminoles,782f40,ceb888
mbb,526,FGCU,Florida Gulf Coast Eagles,FGCU,Florida Gulf Coast,Eagles,00885a,076c3b
mbb,55,JXST,Jacksonville State Gamecocks,Jax State,Jacksonville State,Gamecocks,cc0000,000000
mbb,56,STET,Stetson Hatters,Stetson,Stetson,Hatters,0a5640,56854e
mbb,57,FLA,Florida Gators,Florida,Florida,Gators,0021a5,fa4616
mbb,58,USF,South Florida Bulls,South Florida,South Florida,Bulls,006747,cfc493
mbb,59,GT,Georgia Tech Yellow Jackets,Georgia Tech,Georgia Tech,Yellow Jackets,b3a369,ffffff
mbb,6,USA,South Alabama Jaguars,South Alabama,South Alabama,Jaguars,00205b,bf0d3e
mbb,61,UGA,Georgia Bulldogs,Georgia,Georgia,Bulldogs,ba0c2f,2c2a29
mbb,62,HAW,Hawai'i Rainbow Warriors,Hawai'i,Hawai'i,Rainbow Warriors,005737,000000
mbb,66,ISU,Iowa State Cyclones,Iowa State,Iowa State,Cyclones,ae192d,ffc72a
mbb,68,BOIS,Boise State Broncos,Boise St,Boise State,Broncos,0033a0,d64309
mbb,70,IDHO,Idaho Vandals,Idaho,Idaho,Vandals,000000,8c6e4a
mbb,71,BRAD,Bradley Braves,Bradley,Bradley,Braves,b70002,c0c0c0
mbb,77,NU,Northwestern Wildcats,Northwestern,Northwestern,Wildcats,492f92,ffffff
mbb,79,SIU,Southern Illinois Salukis,S Illinois,Southern Illinois,Salukis,85283D,c2c3c0
mbb,8,ARK,Arkansas Razorbacks,Arkansas,Arkansas,Razorbacks,a32136,ffffff
mbb,82,UIC,UIC Flames,UIC,UIC,Flames,001e62,d50032
mbb,84,IU,Indiana Hoosiers,Indiana,Indiana,Hoosiers,970310,ffffff
mbb,85,IUIN,IU Indianapolis Jaguars,IU Indy,IU Indianapolis,Jaguars,A81F30,d59f0f
mbb,87,ND,Notre Dame Fighting Irish,Notre Dame,Notre Dame,Fighting Irish,062340,c99700
mbb,9,ASU,Arizona State Sun Devils,Arizona St,Arizona State,Sun Devils,ffc627,8c1d40
mbb,91,BELL,Bellarmine Knights,Bellarmine,Bellarmine,Knights,000000,
mbb,93,MUR,Murray State Racers,Murray St,Murray State,Racers,002148,000e00
mbb,94,NKU,Northern Kentucky Norse,N Kentucky,Northern Kentucky,Norse,ffc82e,000000
mbb,96,UK,Kentucky Wildcats,Kentucky,Kentucky,Wildcats,0033a0,ffffff
mbb,97,LOU,Louisville Cardinals,Louisville,Louisville,Cardinals,c9001f,ffffff
mbb,98,WKU,Western Kentucky Hilltoppers,Western KY,Western Kentucky,Hilltoppers,e13a3e,ffffff
mbb,99,LSU,LSU Tigers,LSU,LSU,Tigers,461d76,fdd023
mlb,1,BAL,Baltimore Orioles,Orioles,Baltimore,Orioles,df4601,000000
mlb,10,NYY,New York Yankees,Yankees,New York,Yankees,132448,c4ced4
mlb,11,ATH,Athletics,Athletics,Athletics,Athletics,003831,efb21e
mlb,12,SEA,Seattle Mariners,Mariners,Seattle,Mariners,005c5c,0c2c56
mlb,13,TEX,Texas Rangers,Rangers,Texas,Rangers,003278,c0111f
mlb,14,TOR,Toronto Blue Jays,Blue Jays,Toronto,Blue Jays,134a8e,6cace5
mlb,15,ATL,Atlanta Braves,Braves,Atlanta,Braves,0c2340,ba0c2f
mlb,16,CHC,Chicago Cubs,Cubs,Chicago,Cubs,0e3386,cc3433
mlb,17,CIN,Cincinnati Reds,Reds,Cincinnati,Reds,c6011f,ffffff
mlb,18,HOU,Houston Astros,Astros,Houston,Astros,002d62,eb6e1f
mlb,19,LAD,Los Angeles Dodgers,Dodgers,Los Angeles,Dodgers,005a9c,ffffff
mlb,2,BOS,Boston Red Sox,Red Sox,Boston,Red Sox,0d2b56,bd3039
mlb,20,WSH,Washington Nationals,Nationals,Washington,Nationals,ab0003,11225b
mlb,21,NYM,New York Mets,Mets,New York,Mets,002d72,ff5910
mlb,22,PHI,Philadelphia Phillies,Phillies,Philadelphia,Phillies,e81828,003278
mlb,23,PIT,Pittsburgh Pirates,Pirates,Pittsburgh,Pirates,000000,fdb827
mlb,24,STL,St. Louis Cardinals,Cardinals,St. Louis,Cardinals,be0a14,001541
mlb,25,SD,San Diego Padres,Padres,San Diego,Padres,2f241d,ffc425
mlb,26,SF,San Francisco Giants,Giants,San Francisco,Giants,000000,fd5a1e
mlb,27,COL,Colorado Rockies,Rockies,Colorado,Rockies,33006f,000000
mlb,28,MIA,Miami Marlins,Marlins,Miami,Marlins,00a3e0,000000
mlb,29,ARI,Arizona Diamondbacks,Diamondbacks,Arizona,Diamondbacks,aa182c,000000
mlb,3,LAA,Los Angeles Angels,Angels,Los Angeles,Angels,ba0021,c4ced4
mlb,30,TB,Tampa Bay Rays,Rays,Tampa Bay,Rays,092c5c,8fbce6
mlb,4,CHW,Chicago White Sox,White Sox,Chicago,White Sox,000000,c4ced4
mlb,5,CLE,Cleveland Guardians,Guardians,Cleveland,Guardians,002b5c,e31937
mlb,6,DET,Detroit Tigers,Tigers,Detroit,Tigers,0a2240,ff4713
mlb,7,KC,Kansas City Royals,Royals,Kansas City,Royals,004687,7ab2dd
mlb,8,MIL,Milwaukee Brewers,Brewers,Milwaukee,Brewers,13294b,ffc72c
mlb,9,MIN,Minnesota Twins,Twins,Minnesota,Twins,031f40,e20e32
nba,1,ATL,Atlanta Hawks,Hawks,Atlanta,Hawks,c8102e,fdb927
nba,10,HOU,Houston Rockets,Rockets,Houston,Rockets,ce0e2d,000000
nba,11,IND,Indiana Pacers,Pacers,Indiana,Pacers,0c2340,ffd520
nba,12,LAC,LA Clippers,Clippers,LA,Clippers,12173f,c8102e
nba,13,LAL,Los Angeles Lakers,Lakers,Los Angeles,Lakers,552583,fdb927
nba,14,MIA,Miami Heat,Heat,Miami,Heat,98002e,000000
nba,15,MIL,Milwaukee Bucks,Bucks,Milwaukee,Bucks,00471b,eee1c6
nba,16,MIN,Minnesota Timberwolves,Timberwolves,Minnesota,Timberwolves,266092,79bc43
nba,17,BKN,Brooklyn Nets,Nets,Brooklyn,Nets,000000,ffffff
nba,18,NY,New York Knicks,Knicks,New York,Knicks,1d428a,f58426
nba,19,ORL,Orlando Magic,Magic,Orlando,Magic,0150b5,9ca0a3
nba,2,BOS,Boston Celtics,Celtics,Boston,Celtics,008348,ffffff
nba,20,PHI,Philadelphia 76ers,76ers,Philadelphia,76ers,1d428a,e01234
nba,21,PHX,Phoenix Suns,Suns,Phoenix,Suns,29127a,e56020
nba,22,POR,Portland Trail Blazers,Trail Blazers,Portland,Trail Blazers,e03a3e,000000
nba,23,SAC,Sacramento Kings,Kings,Sacramento,Kings,5a2d81,6a7a82
nba,24,SA,San Antonio Spurs,Spurs,San Antonio,Spurs,000000,c4ced4
nba,25,OKC,Oklahoma City Thunder,Thunder,Oklahoma City,Thunder,007ac1,ef3b24
nba,26,UTAH,Utah Jazz,Jazz,Utah,Jazz,4e008e,79a3dc
nba,27,WSH,Washington Wizards,Wizards,Washington,Wizards,e31837,002b5c
nba,28,TOR,Toronto Raptors,Raptors,Toronto,Raptors,d91244,000000
nba,29,MEM,Memphis Grizzlies,Grizzlies,Memphis,Grizzlies,5d76a9,12173f
nba,3,NO,New Orleans Pelicans,Pelicans,New Orleans,Pelicans,0a2240,b4975a
nba,30,CHA,Charlotte Hornets,Hornets,Charlotte,Hornets,008ca8,1d1060
nba,4,CHI,Chicago Bulls,Bulls,Chicago,Bulls,ce1141,000000
nba,5,CLE,Cleveland Cavaliers,Cavaliers,Cleveland,Cavaliers,860038,bc945c
nba,6,DAL,Dallas Mavericks,Mavericks,Dallas,Mavericks,0064b1,bbc4ca
nba,7,DEN,Denver Nuggets,Nuggets,Denver,Nuggets,0e2240,fec524
nba,8,DET,Detroit Pistons,Pistons,Detroit,Pistons,1d428a,c8102e
nba,9,GS,Golden State Warriors,Warriors,Golden State,Warriors,fdb927,1d428a
nbagl,1,SAN,San Diego Clippers,Clippers,San Diego,Clippers,C8102E,1D428A
nbagl,10,IWA,Iowa Wolves,Wolves,Iowa,Wolves,0C2340,236192
nbagl,11,OSC,Osceola Magic,Magic,Osceola,Magic,000000,0077C0
nbagl,12,LIN,Long Island Nets,Nets,Long Island,Nets,006BB6,ED174C
nbagl,123432,GLI,G League Ignite,Ignite,G League,Ignite,,
nbagl,124612,MXC,Mexico City Capitanes,Capitanes,Mexico City,Capitanes,3A4C98,
nbagl,128019,RCITY,Rip City Remix,Remix,Rip City,Remix,,
nbagl,129713,VALLEY,Valley Suns,Suns,Valley,Suns,,
nbagl,129829,UTD,G League United,United,G League,United,,
nbagl,129830,MEGA,MEGA MIS,MIS,MEGA,MIS,,
nbagl,13,MNE,Maine Celtics,Celtics,Maine,Celtics,006532,f1f2f3
nbagl,14,MHU,Memphis Hustle,Hustle,Memphis,Hustle,E2231A,717271
nbagl,15,MCC,Motor City Cruise,Cruise,Motor City,Cruise,FA002C,006bb6
nbagl,16,OKL,Oklahoma City Blue,Blue,Oklahoma City,Blue,007AC1,EF3B24
nbagl,17,RAP,Raptors 905,905,Raptors,905,CE1141,000000
nbagl,18,RGV,Rio Grande Valley Vipers,Vipers,Rio Grande Valley,Vipers,CE1141,BEC0C2
nbagl,19,SLC,Salt Lake City Stars,Stars,Salt Lake City,Stars,002B5C,F9A01B
nbagl,2,AUS,Austin Spurs,Spurs,Austin,Spurs,000000,C4CED4
nbagl,20,SCW,Santa Cruz Warriors,Warriors,Santa Cruz,Warriors,006BB6,FDB927
nbagl,21,SXF,Sioux Falls Skyforce,Skyforce,Sioux Falls,Skyforce,000000,98002E
nbagl,22,CVL,Coachella Valley Lakers,Lakers,Coachella Valley,Lakers,552583,FDB927
nbagl,23,STO,Stockton Kings,Kings,Stockton,Kings,5A2D81,000000
nbagl,24,TEX,Texas Legends,Legends,Texas,Legends,0053BC,00285E
nbagl,25,WES,Westchester Knicks,Knicks,Westchester,Knicks,006BB6,F58426
nbagl,26,WCB,Windy City Bulls,Bulls,Windy City,Bulls,CE1141,000000
nbagl,27,WIS,Wisconsin Herd,Herd,Wisconsin,Herd,00471B,EEE1C6
nbagl,28,CPS,College Park Skyhawks,Skyhawks,College Park,Skyhawks,000000,b3042a
nbagl,3,CLC,Cleveland Charge,Charge,Cleveland,Charge,061642,fdbb30
nbagl,4,CAP,Capital City Go-Go,Go-Go,Capital City,Go-Go,002B5C,E31837
nbagl,5,DEL,Delaware Blue Coats,Blue Coats,Delaware,Blue Coats,003DA6,DD0031
nbagl,6,LAK,Laketown Squadron,Squadron,Laketown,Squadron,002A5C,b4975a
nbagl,7,NOB,Noblesville Boom,Boom,Noblesville,Boom,002D62,FDBB30
nbagl,8,GRD,Grand Rapids Gold,Gold,Grand Rapids,Gold,C8102E,1D428A
nbagl,9,GBO,Greensboro Swarm,Swarm,Greensboro,Swarm,007BBC,1D1160
ncaa_baseball,100,DART,Dartmouth Big Green,Dartmouth,Dartmouth,Big Green,005730,
ncaa_baseball,101,PRIN,Princeton Tigers,Princeton,Princeton,Tigers,FF9408,
ncaa_baseball,102,RUTG,Rutgers Scarlet Knights,Rutgers,Rutgers,Scarlet Knights,000000,
ncaa_baseball,103,NMSU,New Mexico State Aggies,New Mexico St,New Mexico State,Aggies,730000,
ncaa_baseball,104,UNM,New Mexico Lobos,New Mexico,New Mexico,Lobos,000000,
ncaa_baseball,105,SBON,St. Bonaventure Bonnies,St Bonaventure,St. Bonaventure,Bonnies,712A1B,
ncaa_baseball,106,BGSU,Bowling Green Falcons,Bowling Green,Bowling Green,Falcons,663300,
ncaa_baseball,1067,CONC,Concordia St. Paul Golden Bears,Concordia St P,Concordia St. Paul,Golden Bears,000000,
ncaa_baseball,107,M-OH,Miami (OH) RedHawks,Miami OH,Miami (OH),RedHawks,CE2229,
ncaa_baseball,108,OSU,Ohio State Buckeyes,Ohio State,Ohio State,Buckeyes,DE3129,
ncaa_baseball,109,OHIO,Ohio Bobcats,Ohio,Ohio,Bobcats,006342,
ncaa_baseball,110,OKST,Oklahoma State Cowboys,Oklahoma St,Oklahoma State,Cowboys,000000,
ncaa_baseball,1103,UNA,North Alabama Lions,North Alabama,North Alabama,Lions,000000,
ncaa_baseball,1105,CBU,California Baptist Lancers,CA Baptist,California Baptist,Lancers,000000,
ncaa_baseball,111,ORU,Oral Roberts Golden Eagles,Oral Roberts,Oral Roberts,Golden Eagles,002955,
ncaa_baseball,112,OU,Oklahoma Sooners,Oklahoma,Oklahoma,Sooners,7B0000,
ncaa_baseball,113,ORST,Oregon State Beavers,Oregon St,Oregon State,Beavers,000000,
ncaa_baseball,1139,BOIS,Boise State Broncos,Boise St,Boise State,Broncos,,
ncaa_baseball,114,TEM,Temple Owls,Temple,Temple,Owls,BC0138,
ncaa_baseball,1143,BELL,Bellarmine Knights,Bellarmine,Bellarmine,Knights,,
ncaa_baseball,1145,TaSt,Tarleton State Texans,Tarleton St,Tarleton State,Texans,,
ncaa_baseball,1146,UTU,Utah Tech Trailblazers,Utah Tech,Utah Tech,Trailblazers,,
ncaa_baseball,1147,UCSD,UC San Diego Tritons,UC San Diego,UC San Diego,Tritons,,
ncaa_baseball,1148,MRMK,Merrimack Warriors,Merrimack,Merrimack,Warriors,,
ncaa_baseball,115,PITT,Pittsburgh Panthers,Pitt,Pittsburgh,Panthers,313169,
ncaa_baseball,1153,,TBD,TBD,TBD,TBD,,
ncaa_baseball,1154,TBD,TBD,TBD,TBD,TBD,,
ncaa_baseball,116,BRWN,Brown Bears,Brown,Brown,Bears,54413A,
ncaa_baseball,117,CLEM,Clemson Tigers,Clemson,Clemson,Tigers,F35B0F,
ncaa_baseball,118,CofC,Charleston Cougars,Charleston,Charleston,Cougars,9C8456,
ncaa_baseball,1189,,Loras Duhawks,Loras,Loras,Duhawks,,
ncaa_baseball,119,MEM,Memphis Tigers,Memphis,Memphis,Tigers,29299C,
ncaa_baseball,1190,GV,Grand View Vikings,Grand View,Grand View,Vikings,,
ncaa_baseball,1191,ROO,Roosevelt Lakers,Roosevelt,Roosevelt,Lakers,,
ncaa_baseball,1197,SOU,Southeastern Fires,Southeastern,Southeastern,Fires,,
ncaa_baseball,120,VAN,Vanderbilt Commodores,Vanderbilt,Vanderbilt,Commodores,000000,
ncaa_baseball,121,BAY,Baylor Bears,Baylor,Baylor,Bears,00844A,
ncaa_baseball,122,RICE,Rice Owls,Rice,Rice,Owls,00315A,
ncaa_baseball,123,TA&M,Texas A&M Aggies,Texas A&M,Texas A&M,Aggies,6A3333,
ncaa_baseball,1238,QUOC,Queens University Royals,Queens,Queens University,Royals,,
ncaa_baseball,1239,UPP,Upper Iowa Peacocks,Upper Iowa,Upper Iowa,Peacocks,,
ncaa_baseball,124,HOU,Houston Cougars,Houston,Houston,Cougars,E73139,
ncaa_baseball,1245,STO,Stonehill Skyhawks,Stonehill,Stonehill,Skyhawks,300A48,
ncaa_baseball,1246,USI,Southern Indiana Screaming Eagles,S Indiana,Southern Indiana,Screaming Eagles,,
ncaa_baseball,1247,LIN,Linfield Wildcats,Linfield,Linfield,Wildcats,,
ncaa_baseball,1248,COE,Coe Kohawks,Coe,Coe,Kohawks,,
ncaa_baseball,125,UTA,UT Arlington Mavericks,UT Arlington,UT Arlington,Mavericks,004B7C,
ncaa_baseball,126,TEX,Texas Longhorns,Texas,Texas,Longhorns,EF7321,
ncaa_baseball,127,BYU,BYU Cougars,BYU,BYU,Cougars,002942,
ncaa_baseball,1273,TAM,Tampa Spartans,Tampa,Tampa,Spartans,,
ncaa_baseball,1274,FSC,Florida Southern Moccasins,FL Southern,Florida Southern,Moccasins,,
ncaa_baseball,1275,SAN,San Jacinto SANJACJC,San Jacinto,San Jacinto,SANJACJC,,
ncaa_baseball,1276,JOH,John A. Logan JALC,John A. Logan,John A. Logan,JALC,,
ncaa_baseball,1277,NOR,Northwest Mississippi CC NMCC,NW Mississippi,Northwest Mississippi CC,NMCC,,
ncaa_baseball,1278,STA,State College of Florida SCOF,St Coll of FL,State College of Florida,SCOF,,
ncaa_baseball,1279,PEA,Pearl River PEARL,Pearl River,Pearl River,PEARL,,
ncaa_baseball,128,UTAH,Utah Utes,Utah,Utah,Utes,CE4242,
ncaa_baseball,1280,COP,Copiah Lincoln CLCC,Copiah Lincoln,Copiah Lincoln,CLCC,,
ncaa_baseball,1281,SOU,Southern Nevada Coyotes,S Nevada,Southern Nevada,Coyotes,,
ncaa_baseball,1282,FLO,Florence Darlington Tech FDTC,Florence Tech,Florence Darlington Tech,FDTC,,
ncaa_baseball,1286,DPU,DePauw Tigers,DePauw,DePauw,Tigers,,
ncaa_baseball,1287,ST.,St. Olaf Oles,St Olaf,St. Olaf,Oles,,
ncaa_baseball,129,JMU,James Madison Dukes,James Madison,James Madison,Dukes,0F1358,
ncaa_baseball,129698,MER,Mercyhurst Lakers,Mercyhurst,Mercyhurst,Lakers,,
ncaa_baseball,129699,WES,West Georgia Wolves,West Georgia,West Georgia,Wolves,,
ncaa_baseball,129700,PAC,Pacific Lutheran Lutes,Pac Lutheran,Pacific Lutheran,Lutes,,
ncaa_baseball,129701,AUGC,Augustana (IL) Vikings,Augustana (IL),Augustana (IL),Vikings,,
ncaa_baseball,129702,AUR,Aurora Spartans,Aurora,Aurora,Spartans,,
ncaa_baseball,129706,NHVN,New Haven Chargers,New Haven,New Haven,Chargers,,
ncaa_baseball,129756,WTBG,Wartburg Knights,Wartburg,Wartburg,Knights,,
ncaa_baseball,129760,CSLA,Cal State Los Angeles Golden Eagles,Cal State LA,Cal State Los Angeles,Golden Eagles,,
ncaa_baseball,129762,USW,Southwest Mustangs,Southwest,Southwest,Mustangs,,
ncaa_baseball,129763,UWP,Wisconsin Platteville Pioneers,UW-Platteville,Wisconsin Platteville,Pioneers,,
ncaa_baseball,129772,OCU,Oakland City Mighty Oaks,Oakland City,Oakland City,Mighty Oaks,,
ncaa_baseball,129773,WSBN,Washburn Ichabods,Washburn,Washburn,Ichabods,,
ncaa_baseball,130,RICH,Richmond Spiders,Richmond,Richmond,Spiders,004371,
ncaa_baseball,131,UVA,Virginia Cavaliers,Virginia,Virginia,Cavaliers,000066,
ncaa_baseball,132,VT,Virginia Tech Hokies,Virginia Tech,Virginia Tech,Hokies,7B2129,
ncaa_baseball,133,WASH,Washington Huskies,Washington,Washington,Huskies,3E3468,
ncaa_baseball,134,WSU,Washington State Cougars,Washington St,Washington State,Cougars,94022A,
ncaa_baseball,135,MILW,Milwaukee Panthers,Milwaukee,Milwaukee,Panthers,000000,
ncaa_baseball,136,WVU,West Virginia Mountaineers,West Virginia,West Virginia,Mountaineers,395AB5,
ncaa_baseball,137,FRES,Fresno State Bulldogs,Fresno St,Fresno State,Bulldogs,E73139,
ncaa_baseball,138,GASO,Georgia Southern Eagles,GA Southern,Georgia Southern,Eagles,0A3861,
ncaa_baseball,139,JAX,Jacksonville Dolphins,Jacksonville,Jacksonville,Dolphins,008568,
ncaa_baseball,140,ODU,Old Dominion Monarchs,Old Dominion,Old Dominion,Monarchs,00507D,
ncaa_baseball,141,LBSU,Long Beach State Beach,Long Beach St,Long Beach State,Beach,000000,
ncaa_baseball,142,UCI,UC Irvine Anteaters,UC Irvine,UC Irvine,Anteaters,00108C,
ncaa_baseball,143,USD,San Diego Toreros,San Diego,San Diego,Toreros,0D1361,
ncaa_baseball,144,UL,Louisiana Ragin' Cajuns,Louisiana,Louisiana,Ragin' Cajuns,CE2842,
ncaa_baseball,145,LAF,Lafayette Leopards,Lafayette,Lafayette,Leopards,790000,
ncaa_baseball,146,CCU,Coastal Carolina Chanticleers,Coastal,Coastal Carolina,Chanticleers,59A0A0,
ncaa_baseball,147,TXST,Texas State Bobcats,Texas St,Texas State,Bobcats,94314A,
ncaa_baseball,148,ALA,Alabama Crimson Tide,Alabama,Alabama,Crimson Tide,A42D47,
ncaa_baseball,149,EVAN,Evansville Purple Aces,Evansville,Evansville,Purple Aces,663399,
ncaa_baseball,150,MSST,Mississippi State Bulldogs,Mississippi St,Mississippi State,Bulldogs,531122,
ncaa_baseball,151,ARMY,Army Black Knights,Army,Army,Black Knights,CE9C00,
ncaa_baseball,152,UNCW,UNC Wilmington Seahawks,UNC Wilmington,UNC Wilmington,Seahawks,1D2F68,
ncaa_baseball,153,ILL,Illinois Fighting Illini,Illinois,Illinois,Fighting Illini,F77329,
ncaa_baseball,154,ALB,UAlbany Great Danes,UAlbany,UAlbany,Great Danes,56438E,
ncaa_baseball,155,AFA,Air Force Falcons,Air Force,Air Force,Falcons,004A7B,
ncaa_baseball,156,APSU,Austin Peay Governors,Austin Peay,Austin Peay,Governors,8E0B0B,
ncaa_baseball,157,BALL,Ball State Cardinals,Ball State,Ball State,Cardinals,DE0000,
ncaa_baseball,158,BCU,Bethune-Cookman Wildcats,Bethune,Bethune-Cookman,Wildcats,7B1831,
ncaa_baseball,159,CCSU,Central Connecticut Blue Devils,C Connecticut,Central Connecticut,Blue Devils,1E489C,
ncaa_baseball,160,UCF,UCF Knights,UCF,UCF,Knights,000000,
ncaa_baseball,161,CIN,Cincinnati Bearcats,Cincinnati,Cincinnati,Bearcats,000000,
ncaa_baseball,162,COPP,Coppin State Eagles,Coppin St,Coppin State,Eagles,2E3192,
ncaa_baseball,163,FAU,Florida Atlantic Owls,FAU,Florida Atlantic,Owls,000099,
ncaa_baseball,164,FIU,Florida International Panthers,FIU,Florida International,Panthers,091731,
ncaa_baseball,165,CSUF,Cal State Fullerton Titans,Fullerton,Cal State Fullerton,Titans,10219C,
ncaa_baseball,166,GMU,George Mason Patriots,George Mason,George Mason,Patriots,016600,
ncaa_baseball,167,IOWA,Iowa Hawkeyes,Iowa,Iowa,Hawkeyes,000000,
ncaa_baseball,168,KU,Kansas Jayhawks,Kansas,Kansas,Jayhawks,0337B4,
ncaa_baseball,169,KENT,Kent State Golden Flashes,Kent State,Kent State,Golden Flashes,212142,
ncaa_baseball,170,LAM,Lamar Cardinals,Lamar,Lamar,Cardinals,000000,
ncaa_baseball,171,LEM,Le Moyne Dolphins,Le Moyne,Le Moyne,Dolphins,,
ncaa_baseball,172,LIB,Liberty Flames,Liberty,Liberty,Flames,000073,
ncaa_baseball,173,LT,Louisiana Tech Bulldogs,Louisiana Tech,Louisiana Tech,Bulldogs,3129E7,
ncaa_baseball,174,LMU,Loyola Marymount Lions,LMU,Loyola Marymount,Lions,880029,
ncaa_baseball,175,MRST,Marist Red Foxes,Marist,Marist,Red Foxes,E53730,
ncaa_baseball,176,MIA,Miami Hurricanes,Miami,Miami,Hurricanes,004325,
ncaa_baseball,177,MTSU,Middle Tennessee Blue Raiders,MTSU,Middle Tennessee,Blue Raiders,1842D6,
ncaa_baseball,178,MONM,Monmouth Hawks,Monmouth,Monmouth,Hawks,0D217B,
ncaa_baseball,179,NAVY,Navy Midshipmen,Navy,Navy,Midshipmen,0F1021,
ncaa_baseball,180,CLT,Charlotte 49ers,Charlotte,Charlotte,49ers,0C562D,
ncaa_baseball,181,UNCG,UNC Greensboro Spartans,UNC Greensboro,UNC Greensboro,Spartans,21467B,
ncaa_baseball,182,UNLV,UNLV Rebels,UNLV,UNLV,Rebels,000000,
ncaa_baseball,183,NEV,Nevada Wolf Pack,Nevada,Nevada,Wolf Pack,084A73,
ncaa_baseball,184,UNO,LSU New Orleans Privateers,LSU N Orleans,LSU New Orleans,Privateers,2B3986,
ncaa_baseball,185,CSUN,Cal State Northridge Matadors,CSU Northridge,Cal State Northridge,Matadors,B50000,
ncaa_baseball,186,NWST,Northwestern State Demons,N'Western St,Northwestern State,Demons,68565F,
ncaa_baseball,187,PEPP,Pepperdine Waves,Pepperdine,Pepperdine,Waves,009C98,
ncaa_baseball,188,PV,Prairie View A&M Panthers,Prairie View,Prairie View A&M,Panthers,4D0960,
ncaa_baseball,189,PUR,Purdue Boilermakers,Purdue,Purdue,Boilermakers,211818,
ncaa_baseball,190,SHSU,Sam Houston Bearkats,Sam Houston,Sam Houston,Bearkats,FF7800,
ncaa_baseball,191,SEMO,Southeast Missouri State Redhawks,SE Missouri,Southeast Missouri State,Redhawks,CC0000,
ncaa_baseball,192,USM,Southern Miss Golden Eagles,Southern Miss,Southern Miss,Golden Eagles,FFAA3C,
ncaa_baseball,193,SC,South Carolina Gamecocks,South Carolina,South Carolina,Gamecocks,000000,
ncaa_baseball,194,SOU,Southern Jaguars,Southern,Southern,Jaguars,291B4C,
ncaa_baseball,195,SJU,St. John's Red Storm,St John's,St. John's,Red Storm,E24552,
ncaa_baseball,196,STBK,Stony Brook Seawolves,Stony Brook,Stony Brook,Seawolves,003559,
ncaa_baseball,197,MOST,Missouri State Bears,Missouri St,Missouri State,Bears,4A0010,
ncaa_baseball,198,TCU,TCU Horned Frogs,TCU,TCU,Horned Frogs,201852,
ncaa_baseball,199,TENN,Tennessee Volunteers,Tennessee,Tennessee,Volunteers,EE9627,
ncaa_baseball,200,TXSO,Texas Southern Tigers,Texas Southern,Texas Southern,Tigers,680100,
ncaa_baseball,201,TTU,Texas Tech Red Raiders,Texas Tech,Texas Tech,Red Raiders,D60039,
ncaa_baseball,202,CIT,The Citadel Bulldogs,The Citadel,The Citadel,Bulldogs,000000,
ncaa_baseball,203,TULN,Tulane Green Wave,Tulane,Tulane,Green Wave,084A38,
ncaa_baseball,204,VCU,VCU Rams,VCU,VCU,Rams,929292,
ncaa_baseball,205,WCU,Western Carolina Catamounts,W Carolina,Western Carolina,Catamounts,6E268B,
ncaa_baseball,206,WICH,Wichita State Shockers,Wichita St,Wichita State,Shockers,0D0A03,
ncaa_baseball,207,WIN,Winthrop Eagles,Winthrop,Winthrop,Eagles,9E0B0E,
ncaa_baseball,208,WOF,Wofford Terriers,Wofford,Wofford,Terriers,000000,
ncaa_baseball,209,YSU,Youngstown State Penguins,Youngstown St,Youngstown State,Penguins,961F22,
ncaa_baseball,259,ME,Maine Black Bears,Maine,Maine,Black Bears,000000,
ncaa_baseball,260,ALCN,Alcorn State Braves,Alcorn St,Alcorn State,Braves,C1B881,
ncaa_baseball,261,LR,Little Rock Trojans,Little Rock,Little Rock,Trojans,AD0000,
ncaa_baseball,262,BEL,Belmont Bruins,Belmont,Belmont,Bruins,182142,
ncaa_baseball,263,DBU,Dallas Baptist Patriots,Dallas Baptist,Dallas Baptist,Patriots,,
ncaa_baseball,264,KSU,Kansas State Wildcats,Kansas St,Kansas State,Wildcats,633194,
ncaa_baseball,265,MAN,Manhattan Jaspers,Manhattan,Manhattan,Jaspers,4F8537,
ncaa_baseball,266,SHU,Sacred Heart Pioneers,Sacred Heart,Sacred Heart,Pioneers,BB003A,
ncaa_baseball,267,SF,San Francisco Dons,San Francisco,San Francisco,Dons,083123,
ncaa_baseball,268,HALL,Seton Hall Pirates,Seton Hall,Seton Hall,Pirates,3142AD,
ncaa_baseball,269,TROY,Troy Trojans,Troy,Troy,Trojans,843131,
ncaa_baseball,270,WRST,Wright State Raiders,Wright St,Wright State,Raiders,A36209,
ncaa_baseball,271,APP,App State Mountaineers,App State,App State,Mountaineers,000000,
ncaa_baseball,272,ULM,UL Monroe Warhawks,UL Monroe,UL Monroe,Warhawks,98012e,
ncaa_baseball,273,ORE,Oregon Ducks,Oregon,Oregon,Ducks,044520,
ncaa_baseball,274,SAM,Samford Bulldogs,Samford,Samford,Bulldogs,005485,
ncaa_baseball,284,CLMB,Columbia Lions,Columbia,Columbia,Lions,000000,
ncaa_baseball,285,JACS,Jackson State Tigers,Jackson St,Jackson State,Tigers,000000,
ncaa_baseball,286,SAVS,Savannah State Tigers,Savannah St,Savannah State,Tigers,000000,
ncaa_baseball,287,GONZ,Gonzaga Bulldogs,Gonzaga,Gonzaga,Bulldogs,000000,
ncaa_baseball,288,ILST,Illinois State Redbirds,Illinois St,Illinois State,Redbirds,000000,
ncaa_baseball,289,WMMY,William & Mary Tribe,William & Mary,William & Mary,Tribe,000000,
ncaa_baseball,290,UCSB,UC Santa Barbara Gauchos,Santa Barbara,UC Santa Barbara,Gauchos,000000,
ncaa_baseball,291,FGCU,Florida Gulf Coast Eagles,FGCU,Florida Gulf Coast,Eagles,000000,
ncaa_baseball,292,BING,Binghamton Bearcats,Binghamton,Binghamton,Bearcats,000000,
ncaa_baseball,293,CAM,Campbell Fighting Camels,Campbell,Campbell,Fighting Camels,000000,
ncaa_baseball,294,IU,Indiana Hoosiers,Indiana,Indiana,Hoosiers,000000,
ncaa_baseball,295,MERC,Mercer Bears,Mercer,Mercer,Bears,000000,
ncaa_baseball,296,NFLA,North Florida Ospreys,North Florida,North Florida,Ospreys,000000,
ncaa_baseball,297,UTSA,UTSA Roadrunners,UTSA,UTSA,Roadrunners,000000,
ncaa_baseball,298,CAN,Canisius Golden Griffins,Canisius,Canisius,Golden Griffins,000000,
ncaa_baseball,299,BRY,Bryant Bulldogs,Bryant,Bryant,Bulldogs,000000,
ncaa_baseball,300,SLU,Saint Louis Billikens,Saint Louis,Saint Louis,Billikens,000000,
ncaa_baseball,301,SDST,South Dakota State Jackrabbits,S Dakota St,South Dakota State,Jackrabbits,000000,
ncaa_baseball,302,VALP,Valparaiso Beacons,Valparaiso,Valparaiso,Beacons,000000,
ncaa_baseball,303,ELON,Elon Phoenix,Elon,Elon,Phoenix,000000,
ncaa_baseball,304,ETSU,East Tennessee State Buccaneers,ETSU,East Tennessee State,Buccaneers,000000,
ncaa_baseball,305,TOWU,Towson Tigers,Towson,Towson,Tigers,000000,
ncaa_baseball,306,CARK,Central Arkansas Bears,C Arkansas,Central Arkansas,Bears,000000,
ncaa_baseball,307,KSU,Kennesaw State Owls,Kennesaw St,Kennesaw State,Owls,,
ncaa_baseball,308,ISA,Indiana State Sycamores,Indiana St,Indiana State,Sycamores,,
ncaa_baseball,309,SELA,SE Louisiana Lions,SE Louisiana,SE Louisiana,Lions,,
ncaa_baseball,310,NDST,North Dakota State Bison,N Dakota St,North Dakota State,Bison,,
ncaa_baseball,311,SU,Siena Saints,Siena,Siena,Saints,,
ncaa_baseball,312,XU,Xavier Musketeers,Xavier,Xavier,Musketeers,,
ncaa_baseball,313,BUCK,Bucknell Bison,Bucknell,Bucknell,Bison,,
ncaa_baseball,314,SAC,Sacramento State Hornets,Sacramento St,Sacramento State,Hornets,,
ncaa_baseball,315,ACU,Abilene Christian Wildcats,Abilene Chrstn,Abilene Christian,Wildcats,000000,
ncaa_baseball,316,AKR,Akron Zips,Akron,Akron,Zips,0A1E5B,
ncaa_baseball,317,AAMU,Alabama A&M Bulldogs,Alabama A&M,Alabama A&M,Bulldogs,790000,
ncaa_baseball,318,ALST,Alabama State Hornets,Alabama St,Alabama State,Hornets,603913,
ncaa_baseball,319,AMER,American University Eagles,American,American University,Eagles,c41130,
ncaa_baseball,320,ARST,Arkansas State Red Wolves,Arkansas St,Arkansas State,Red Wolves,e81018,
ncaa_baseball,321,UAPB,Arkansas-Pine Bluff Golden Lions,AR-Pine Bluff,Arkansas-Pine Bluff,Golden Lions,000000,
ncaa_baseball,322,BSU,Boise State Broncos,Boise St,Boise State,Broncos,29299c,
ncaa_baseball,323,BU,Boston University Terriers,Boston U,Boston University,Terriers,cc0000,
ncaa_baseball,324,BRAD,Bradley Braves,Bradley,Bradley,Braves,b70002,
ncaa_baseball,325,BUFF,Buffalo Bulls,Buffalo,Buffalo,Bulls,004a84,
ncaa_baseball,326,BUT,Butler Bulldogs,Butler,Butler,Bulldogs,0d1361,
ncaa_baseball,327,CSUB,Cal State Bakersfield Roadrunners,Bakersfield,Cal State Bakersfield,Roadrunners,003BAB,
ncaa_baseball,328,CMU,Central Michigan Chippewas,C Michigan,Central Michigan,Chippewas,7b0000,
ncaa_baseball,329,CHSO,Charleston Southern Buccaneers,Charleston So,Charleston Southern,Buccaneers,2e3192,
ncaa_baseball,330,UTC,Chattanooga Mocs,Chattanooga,Chattanooga,Mocs,253b81,
ncaa_baseball,331,CHIC,Chicago St Cougars,Chicago St,Chicago St,Cougars,006700,
ncaa_baseball,332,CLEV,Cleveland State Vikings,Cleveland St,Cleveland State,Vikings,006633,
ncaa_baseball,333,COLG,Colgate Raiders,Colgate,Colgate,Raiders,910028,
ncaa_baseball,334,COLO,Colorado Buffaloes,Colorado,Colorado,Buffaloes,d1c57e,
ncaa_baseball,335,CSU,Colorado State Rams,Colorado St,Colorado State,Rams,008c73,
ncaa_baseball,336,COR,Cornell Big Red,Cornell,Cornell,Big Red,d60027,
ncaa_baseball,337,DAV,Davidson Wildcats,Davidson,Davidson,Wildcats,000000,
ncaa_baseball,338,DAY,Dayton Flyers,Dayton,Dayton,Flyers,e50b0d,
ncaa_baseball,339,DEL,Delaware Blue Hens,Delaware,Delaware,Blue Hens,285998,
ncaa_baseball,340,DSU,Delaware State Hornets,Delaware St,Delaware State,Hornets,FF3630,
ncaa_baseball,341,DEN,Denver Pioneers,Denver,Denver,Pioneers,9c143d,
ncaa_baseball,342,DEP,DePaul Blue Demons,DePaul,DePaul,Blue Demons,2d649c,
ncaa_baseball,343,DET,Detroit Mercy Titans,Detroit Mercy,Detroit Mercy,Titans,165b9e,
ncaa_baseball,344,DRKE,Drake Bulldogs,Drake,Drake,Bulldogs,0d1361,
ncaa_baseball,345,DREX,Drexel Dragons,Drexel,Drexel,Dragons,020260,
ncaa_baseball,346,DUQ,Duquesne Dukes,Duquesne,Duquesne,Dukes,283a61,
ncaa_baseball,347,EIU,Eastern Illinois Panthers,E Illinois,Eastern Illinois,Panthers,000000,
ncaa_baseball,348,EKU,Eastern Kentucky Colonels,E Kentucky,Eastern Kentucky,Colonels,800000,
ncaa_baseball,349,EMU,Eastern Michigan Eagles,E Michigan,Eastern Michigan,Eagles,217038,
ncaa_baseball,350,EWU,Eastern Washington Eagles,E Washington,Eastern Washington,Eagles,d72d35,
ncaa_baseball,351,FAIR,Fairfield Stags,Fairfield,Fairfield,Stags,000000,
ncaa_baseball,352,FDU,Fairleigh Dickinson Knights,FDU,Fairleigh Dickinson,Knights,00449C,
ncaa_baseball,353,FAMU,Florida A&M Rattlers,Florida A&M,Florida A&M,Rattlers,ff7329,
ncaa_baseball,354,FOR,Fordham Rams,Fordham,Fordham,Rams,a50019,
ncaa_baseball,355,FUR,Furman Paladins,Furman,Furman,Paladins,4A2184,
ncaa_baseball,356,GWEB,Gardner-Webb Runnin' Bulldogs,Gardner-Webb,Gardner-Webb,Runnin' Bulldogs,CF0000,
ncaa_baseball,357,GTWN,Georgetown Hoyas,Georgetown,Georgetown,Hoyas,38427a,
ncaa_baseball,358,GAST,Georgia State Panthers,Georgia St,Georgia State,Panthers,1e539a,
ncaa_baseball,359,GRAM,Grambling Tigers,Grambling,Grambling,Tigers,ee8601,
ncaa_baseball,360,GCU,Grand Canyon Lopes,Grand Canyon,Grand Canyon,Lopes,,
ncaa_baseball,361,GB,Green Bay Phoenix,Green Bay,Green Bay,Phoenix,006633,
ncaa_baseball,362,HAMP,Hampton Pirates,Hampton,Hampton,Pirates,0067AC,
ncaa_baseball,363,HARV,Harvard Crimson,Harvard,Harvard,Crimson,990000,
ncaa_baseball,364,HP,High Point Panthers,High Point,High Point,Panthers,b0b7bc,
ncaa_baseball,365,HOF,Hofstra Pride,Hofstra,Hofstra,Pride,27297c,
ncaa_baseball,366,HC,Holy Cross Crusaders,Holy Cross,Holy Cross,Crusaders,0a0a0a,
ncaa_baseball,367,HBU,Houston Christian Huskies,Hou Christian,Houston Christian,Huskies,00539c,
ncaa_baseball,368,HOW,Howard Bison,Howard,Howard,Bison,9e0b0e,
ncaa_baseball,369,IDHO,Idaho Vandals,Idaho,Idaho,Vandals,000000,
ncaa_baseball,370,IDST,Idaho State Bengals,Idaho St,Idaho State,Bengals,ef8c00,
ncaa_baseball,371,IW,Incarnate Word Cardinals,Incarnate Word,Incarnate Word,Cardinals,000000,
ncaa_baseball,372,IONA,Iona Gaels,Iona,Iona,Gaels,8c001a,
ncaa_baseball,373,ISU,Iowa State Cyclones,Iowa St,Iowa State,Cyclones,d62949,
ncaa_baseball,374,PFW,Purdue Fort Wayne Mastodons,Purdue FW,Purdue Fort Wayne,Mastodons,00378A,
ncaa_baseball,375,IUPU,IU Indianapolis Jaguars,IU Indy,IU Indianapolis,Jaguars,ca3a44,
ncaa_baseball,376,LAS,La Salle Explorers,La Salle,La Salle,Explorers,000063,
ncaa_baseball,377,LEH,Lehigh Mountain Hawks,Lehigh,Lehigh,Mountain Hawks,6c2b2a,
ncaa_baseball,378,LIP,Lipscomb Bisons,Lipscomb,Lipscomb,Bisons,20366C,
ncaa_baseball,379,LIU,Long Island University Sharks,Long Island,Long Island University,Sharks,000000,
ncaa_baseball,380,LONG,Longwood Lancers,Longwood,Longwood,Lancers,003273,
ncaa_baseball,381,LUC,Loyola Chicago Ramblers,Loyola Chicago,Loyola Chicago,Ramblers,9d1244,
ncaa_baseball,382,L-MD,Loyola Maryland Greyhounds,Loyola MD,Loyola Maryland,Greyhounds,76a7a0,
ncaa_baseball,383,MARQ,Marquette Golden Eagles,Marquette,Marquette,Golden Eagles,083963,
ncaa_baseball,384,MRSH,Marshall Thundering Herd,Marshall,Marshall,Thundering Herd,186329,
ncaa_baseball,385,UMES,Maryland Eastern Shore Hawks,MD Eastern,Maryland Eastern Shore,Hawks,5c2301,
ncaa_baseball,386,MASS,Massachusetts Minutemen,UMass,Massachusetts,Minutemen,ac0d1e,
ncaa_baseball,387,MCN,McNeese Cowboys,McNeese,McNeese,Cowboys,003366,
ncaa_baseball,388,MVSU,Mississippi Valley State Delta Devils,Miss Valley St,Mississippi Valley State,Delta Devils,054105,
ncaa_baseball,389,MONT,Montana Grizzlies,Montana,Montana,Grizzlies,63104a,
ncaa_baseball,390,MTST,Montana State Bobcats,Montana St,Montana State,Bobcats,010670,
ncaa_baseball,391,MORE,Morehead State Eagles,Morehead St,Morehead State,Eagles,29109c,
ncaa_baseball,392,MORG,Morgan State Bears,Morgan St,Morgan State,Bears,0505aa,
ncaa_baseball,393,MSM,Mount St. Mary's Mountaineers,Mount St Marys,Mount St. Mary's,Mountaineers,001259,
ncaa_baseball,394,MUR,Murray State Racers,Murray St,Murray State,Racers,182356,
ncaa_baseball,395,NJIT,NJIT Highlanders,NJIT,NJIT,Highlanders,ff3333,
ncaa_baseball,396,OMA,Omaha Mavericks,Omaha,Omaha,Mavericks,e3193e,
ncaa_baseball,397,UNH,New Hampshire Wildcats,New Hampshire,New Hampshire,Wildcats,004371,
ncaa_baseball,398,NIAG,Niagara Purple Eagles,Niagara,Niagara,Purple Eagles,641460,
ncaa_baseball,399,NICH,Nicholls Colonels,Nicholls,Nicholls,Colonels,2a5074,
ncaa_baseball,400,NORF,Norfolk State Spartans,Norfolk St,Norfolk State,Spartans,08614f,
ncaa_baseball,401,NCAT,North Carolina A&T Aggies,NC A&T,North Carolina A&T,Aggies,0505aa,
ncaa_baseball,402,NCCU,North Carolina Central Eagles,NC Central,North Carolina Central,Eagles,860016,
ncaa_baseball,403,UND,North Dakota Fighting Hawks,North Dakota,North Dakota,Fighting Hawks,00a15e,
ncaa_baseball,404,UNT,North Texas Mean Green,North Texas,North Texas,Mean Green,006342,
ncaa_baseball,405,NE,Northeastern Huskies,Northeastern,Northeastern,Huskies,CC0001,
ncaa_baseball,406,NAU,Northern Arizona Lumberjacks,N Arizona,Northern Arizona,Lumberjacks,001894,
ncaa_baseball,407,UNCO,Northern Colorado Bears,N Colorado,Northern Colorado,Bears,003399,
ncaa_baseball,408,NIU,Northern Illinois Huskies,N Illinois,Northern Illinois,Huskies,e73139,
ncaa_baseball,409,UNI,Northern Iowa Panthers,Northern Iowa,Northern Iowa,Panthers,130671,
ncaa_baseball,410,NKU,Northern Kentucky Norse,N Kentucky,Northern Kentucky,Norse,000000,
ncaa_baseball,411,NU,Northwestern Wildcats,Northwestern,Northwestern,Wildcats,372286,
ncaa_baseball,412,OAK,Oakland Golden Grizzlies,Oakland,Oakland,Golden Grizzlies,04091c,
ncaa_baseball,413,PAC,Pacific Tigers,Pacific,Pacific,Tigers,ff5109,
ncaa_baseball,414,PSU,Penn State Nittany Lions,Penn State,Penn State,Nittany Lions,29294a,
ncaa_baseball,415,PENN,Pennsylvania Quakers,Penn,Pennsylvania,Quakers,B10021,
ncaa_baseball,416,PORT,Portland Pilots,Portland,Portland,Pilots,4200a0,
ncaa_baseball,417,PRST,Portland State Vikings,Portland St,Portland State,Vikings,005e60,
ncaa_baseball,418,PRES,Presbyterian Blue Hose,Presbyterian,Presbyterian,Blue Hose,003372,
ncaa_baseball,419,PROV,Providence Friars,Providence,Providence,Friars,000000,
ncaa_baseball,420,QUIN,Quinnipiac Bobcats,Quinnipiac,Quinnipiac,Bobcats,002162,
ncaa_baseball,421,RAD,Radford Highlanders,Radford,Radford,Highlanders,bd1818,
ncaa_baseball,422,URI,Rhode Island Rams,Rhode Island,Rhode Island,Rams,003559,
ncaa_baseball,423,RID,Rider Broncs,Rider,Rider,Broncs,c82223,
ncaa_baseball,424,RMU,Robert Morris Colonials,Robert Morris,Robert Morris,Colonials,3d4262,
ncaa_baseball,425,JOES,Saint Joseph's Hawks,Saint Joseph's,Saint Joseph's,Hawks,BB003A,
ncaa_baseball,426,SMC,Saint Mary's Gaels,Saint Mary's,Saint Mary's,Gaels,000063,
ncaa_baseball,427,SCU,Santa Clara Broncos,Santa Clara,Santa Clara,Broncos,690b0b,
ncaa_baseball,428,SEA,Seattle U Redhawks,Seattle U,Seattle U,Redhawks,bd2d1a,
ncaa_baseball,429,SIUE,SIU Edwardsville Cougars,SIUE,SIU Edwardsville,Cougars,eb1c23,
ncaa_baseball,430,SCST,South Carolina State Bulldogs,SC State,South Carolina State,Bulldogs,7d1315,
ncaa_baseball,431,SDAK,South Dakota Coyotes,South Dakota,South Dakota,Coyotes,d11346,
ncaa_baseball,432,SIU,Southern Illinois Salukis,S Illinois,Southern Illinois,Salukis,85283D,
ncaa_baseball,433,SMU,SMU Mustangs,SMU,SMU,Mustangs,e73139,
ncaa_baseball,434,SUU,Southern Utah Thunderbirds,Southern Utah,Southern Utah,Thunderbirds,d10000,
ncaa_baseball,435,SFBK,St. Francis (BKN) Terriers,St Francis BK,St. Francis (BKN),Terriers,00158c,
ncaa_baseball,436,SFPA,Saint Francis Red Flash,Saint Francis,Saint Francis,Red Flash,a20012,
ncaa_baseball,437,SPU,Saint Peter's Peacocks,Saint Peter's,Saint Peter's,Peacocks,001555,
ncaa_baseball,438,SFA,Stephen F. Austin Lumberjacks,SF Austin,Stephen F. Austin,Lumberjacks,230d3c,
ncaa_baseball,439,SYR,Syracuse Orange,Syracuse,Syracuse,Orange,1A3E86,
ncaa_baseball,440,TNST,Tennessee State Tigers,Tennessee St,Tennessee State,Tigers,21398c,
ncaa_baseball,441,TNTC,Tennessee Tech Golden Eagles,Tennessee Tech,Tennessee Tech,Golden Eagles,440e62,
ncaa_baseball,442,UTM,UT Martin Skyhawks,UT Martin,UT Martin,Skyhawks,000099,
ncaa_baseball,443,AMCC,Texas A&M-Corpus Christi Islanders,Texas A&M-CC,Texas A&M-Corpus Christi,Islanders,00639c,
ncaa_baseball,444,UTPA,Texas-Pan American Broncs,TX-Pan American,Texas-Pan American,Broncs,dc6000,
ncaa_baseball,445,TOL,Toledo Rockets,Toledo,Toledo,Rockets,00275D,
ncaa_baseball,446,TLSA,Tulsa Golden Hurricane,Tulsa,Tulsa,Golden Hurricane,004273,
ncaa_baseball,447,UAB,UAB Blazers,UAB,UAB,Blazers,000000,
ncaa_baseball,448,UCD,UC Davis Aggies,UC Davis,UC Davis,Aggies,103670,
ncaa_baseball,449,UML,UMass Lowell River Hawks,UMass Lowell,UMass Lowell,River Hawks,,
ncaa_baseball,450,UMBC,UMBC Retrievers,UMBC,UMBC,Retrievers,000000,
ncaa_baseball,451,KC,Kansas City Roos,Kansas City,Kansas City,Roos,004A8B,
ncaa_baseball,452,UNCA,UNC Asheville Bulldogs,UNC Asheville,UNC Asheville,Bulldogs,092575,
ncaa_baseball,453,SCUP,South Carolina Upstate Spartans,SC Upstate,South Carolina Upstate,Spartans,006e3a,
ncaa_baseball,454,USU,Utah State Aggies,Utah State,Utah State,Aggies,020767,
ncaa_baseball,455,UVU,Utah Valley Wolverines,Utah Valley,Utah Valley,Wolverines,702d07,
ncaa_baseball,456,UTEP,UTEP Miners,UTEP,UTEP,Miners,ff7339,
ncaa_baseball,457,UVM,Vermont Catamounts,Vermont,Vermont,Catamounts,204631,
ncaa_baseball,458,VILL,Villanova Wildcats,Villanova,Villanova,Wildcats,006699,
ncaa_baseball,459,VMI,VMI Keydets,VMI,VMI,Keydets,000000,
ncaa_baseball,460,WAG,Wagner Seahawks,Wagner,Wagner,Seahawks,003e22,
ncaa_baseball,461,WEB,Weber State Wildcats,Weber St,Weber State,Wildcats,18005a,
ncaa_baseball,462,WIU,Western Illinois Leathernecks,W Illinois,Western Illinois,Leathernecks,4e1e8a,
ncaa_baseball,463,WMU,Western Michigan Broncos,W Michigan,Western Michigan,Broncos,825229,
ncaa_baseball,464,WISC,Wisconsin Badgers,Wisconsin,Wisconsin,Badgers,c32122,
ncaa_baseball,465,WYO,Wyoming Cowboys,Wyoming,Wyoming,Cowboys,523921,
ncaa_baseball,466,YALE,Yale Bulldogs,Yale,Yale,Bulldogs,004a81,
ncaa_baseball,55,AUB,Auburn Tigers,Auburn,Auburn,Tigers,182942,
ncaa_baseball,56,BSC,Birmingham Southern Panthers,Birmingham-So.,Birmingham Southern,Panthers,000000,
ncaa_baseball,57,USA,South Alabama Jaguars,South Alabama,South Alabama,Jaguars,004A7B,
ncaa_baseball,58,ARK,Arkansas Razorbacks,Arkansas,Arkansas,Razorbacks,9C1831,
ncaa_baseball,59,ASU,Arizona State Sun Devils,Arizona St,Arizona State,Sun Devils,942139,
ncaa_baseball,60,ARIZ,Arizona Wildcats,Arizona,Arizona,Wildcats,102142,
ncaa_baseball,61,CP,Cal Poly Mustangs,Cal Poly,Cal Poly,Mustangs,083808,
ncaa_baseball,62,SDSU,San Diego State Aztecs,San Diego St,San Diego State,Aztecs,D60039,
ncaa_baseball,63,SJSU,San José State Spartans,San José St,San José State,Spartans,005A94,
ncaa_baseball,64,STAN,Stanford Cardinal,Stanford,Stanford,Cardinal,B72931,
ncaa_baseball,65,CAL,California Golden Bears,California,California,Golden Bears,002942,
ncaa_baseball,66,UCLA,UCLA Bruins,UCLA,UCLA,Bruins,005A94,
ncaa_baseball,67,UCRV,UC Riverside Highlanders,UC Riverside,UC Riverside,Highlanders,13214E,
ncaa_baseball,68,USC,USC Trojans,USC,USC,Trojans,A50010,
ncaa_baseball,69,CONN,UConn Huskies,UConn,UConn,Huskies,0A1E5B,
ncaa_baseball,70,HART,Hartford Hawks,Hartford,Hartford,Hawks,D60008,
ncaa_baseball,71,GW,George Washington Revolutionaries,G Washington,George Washington,Revolutionaries,002843,
ncaa_baseball,72,FSU,Florida State Seminoles,Florida St,Florida State,Seminoles,B72931,
ncaa_baseball,73,JXST,Jacksonville State Gamecocks,Jax State,Jacksonville State,Gamecocks,C61018,
ncaa_baseball,74,STET,Stetson Hatters,Stetson,Stetson,Hatters,18581C,
ncaa_baseball,75,FLA,Florida Gators,Florida,Florida,Gators,2A42CE,
ncaa_baseball,76,USF,South Florida Bulls,South Florida,South Florida,Bulls,004231,
ncaa_baseball,77,GT,Georgia Tech Yellow Jackets,Georgia Tech,Georgia Tech,Yellow Jackets,000000,
ncaa_baseball,78,UGA,Georgia Bulldogs,Georgia,Georgia,Bulldogs,D60022,
ncaa_baseball,79,HAW,Hawai'i Rainbow Warriors,Hawai'i,Hawai'i,Rainbow Warriors,004231,
ncaa_baseball,80,UIC,UIC Flames,UIC,UIC,Flames,234077,
ncaa_baseball,81,ND,Notre Dame Fighting Irish,Notre Dame,Notre Dame,Fighting Irish,313A98,
ncaa_baseball,82,UK,Kentucky Wildcats,Kentucky,Kentucky,Wildcats,003399,
ncaa_baseball,821,ALMA,Alma Scots,Alma,Alma,Scots,,
ncaa_baseball,822,ANDC,Anderson (IN) Ravens,Anderson IND,Anderson (IN),Ravens,,
ncaa_baseball,823,BACN,MUSKOGEE Bacone,BACONECG,MUSKOGEE,Bacone,,
ncaa_baseball,824,BAKE,Baker University,Baker University,Baker University,,,
ncaa_baseball,825,BARR,Barry Buccaneers,Barry,Barry,Buccaneers,,
ncaa_baseball,826,BYKS,Bethany (KS) BETHANY (KS),Bethany (KS),Bethany (KS),BETHANY (KS),,
ncaa_baseball,827,CPPM,Cal Poly Pomona Broncos,Cal Poly Pom,Cal Poly Pomona,Broncos,,
ncaa_baseball,828,CENT,Centenary (LA) Gentlemen,Centenary (LA),Centenary (LA),Gentlemen,,
ncaa_baseball,829,CMST,Central Missouri Mules,C Missouri,Central Missouri,Mules,,
ncaa_baseball,83,LOU,Louisville Cardinals,Louisville,Louisville,Cardinals,DE0018,
ncaa_baseball,830,EMPO,Emporia State Hornets,Emporia St,Emporia State,Hornets,,
ncaa_baseball,831,FRMN,Francis Marion Patriots,Francis Marion,Francis Marion,Patriots,,
ncaa_baseball,832,HPAC,Hawaiʻi Pacific Sea Warriors,HI Pacific,Hawaiʻi Pacific,Sea Warriors,,
ncaa_baseball,833,LENR,Lenoir Rhyne Bears,Lenoir Rhyne,Lenoir Rhyne,Bears,,
ncaa_baseball,834,LINC,Lincoln Lions,LINCOLN,Lincoln,Lions,,
ncaa_baseball,835,LOUC,Louisiana Christian Wildcats,LA Christian,Louisiana Christian,Wildcats,,
ncaa_baseball,836,LUBC,Lubbock Christian Chaparrals,Lubbock Christ,Lubbock Christian,Chaparrals,,
ncaa_baseball,837,MACU,Mid America Christian Evangels,Mid Amr Chrstn,Mid America Christian,Evangels,,
ncaa_baseball,838,NYIT,NY Institute of Technology Yellow Jackets,NYIT,NY Institute of Technology,Yellow Jackets,,
ncaa_baseball,839,NTGA,North Georgia Saints,North Georgia,North Georgia,Saints,,
ncaa_baseball,84,WKU,Western Kentucky Hilltoppers,Western KY,Western Kentucky,Hilltoppers,000000,
ncaa_baseball,840,NWIA,Northwestern (IA) NORTHWESTERN COLLEGE (IA),N'Western (IA),Northwestern (IA),NORTHWESTERN COLLEGE (IA),,
ncaa_baseball,841,SALB,Salisbury Sea Gulls,Salisbury,Salisbury,Sea Gulls,,
ncaa_baseball,842,SWOS,Southwestern Oklahoma State Bulldogs,SW Oklahoma St,Southwestern Oklahoma State,Bulldogs,,
ncaa_baseball,843,STGR,St. Gregory Cavaliers,St Gregorys,St. Gregory,Cavaliers,,
ncaa_baseball,844,STMT,Saint Martin's Saints,Saint Martin's,Saint Martin's,Saints,,
ncaa_baseball,845,TABR,Tabor TABOR,Tabor,Tabor,TABOR,,
ncaa_baseball,846,TXLU,Texas Lutheran Bulldogs,Texas Lutheran,Texas Lutheran,Bulldogs,,
ncaa_baseball,847,HILO,Hawaiʻi Hilo Vulcans,Hawaiʻi Hilo,Hawaiʻi Hilo,Vulcans,,
ncaa_baseball,849,NBKE,Nebraska Kearney Lopers,NE Kearney,Nebraska Kearney,Lopers,,
ncaa_baseball,85,LSU,LSU Tigers,LSU,LSU,Tigers,2B0D57,
ncaa_baseball,850,STMN,St. Thomas Tommies,St Thomas,St. Thomas,Tommies,,
ncaa_baseball,851,VALD,Valdosta State Blazers,Valdosta St,Valdosta State,Blazers,,
ncaa_baseball,852,WNST,Wayne State (NE) Wildcats,Wayne St (NE),Wayne State (NE),Wildcats,,
ncaa_baseball,853,WILL,William Woods WILLIAM WOODS,William Woods,William Woods,WILLIAM WOODS,,
ncaa_baseball,86,BC,Boston College Eagles,Boston College,Boston College,Eagles,111111,
ncaa_baseball,87,MD,Maryland Terrapins,Maryland,Maryland,Terrapins,D60039,
ncaa_baseball,88,MSU,Michigan State Spartans,Michigan St,Michigan State,Spartans,226B31,
ncaa_baseball,89,MICH,Michigan Wolverines,Michigan,Michigan,Wolverines,292942,
ncaa_baseball,90,MINN,Minnesota Golden Gophers,Minnesota,Minnesota,Golden Gophers,752132,
ncaa_baseball,91,MIZZ,Missouri Tigers,Missouri,Missouri,Tigers,000000,
ncaa_baseball,92,MISS,Ole Miss Rebels,Ole Miss,Ole Miss,Rebels,101894,
ncaa_baseball,924,TRST,Truman State Bulldogs,Truman St,Truman State,Bulldogs,,
ncaa_baseball,926,LIN,Lindenwood Lions,Lindenwood,Lindenwood,Lions,,
ncaa_baseball,928,CNIA,Cornell (IA) Rams,Cornell (IA),Cornell (IA),Rams,,
ncaa_baseball,929,STFL,St. Thomas (FL) Bobcats,St Thomas FL,St. Thomas (FL),Bobcats,,
ncaa_baseball,93,DUKE,Duke Blue Devils,Duke,Duke,Blue Devils,004A7B,
ncaa_baseball,932,RGV,UT Rio Grande Valley Vaqueros,UT Rio Grande,UT Rio Grande Valley,Vaqueros,,
ncaa_baseball,935,NOV,Nova Southeastern Sharks,Nova SE,Nova Southeastern,Sharks,,
ncaa_baseball,94,ECU,East Carolina Pirates,East Carolina,East Carolina,Pirates,4B1869,
ncaa_baseball,95,NCST,NC State Wolfpack,NC State,NC State,Wolfpack,D60039,
ncaa_baseball,96,UNC,North Carolina Tar Heels,North Carolina,North Carolina,Tar Heels,002942,
ncaa_baseball,97,WAKE,Wake Forest Demon Deacons,Wake Forest,Wake Forest,Demon Deacons,000000,
ncaa_baseball,98,CREI,Creighton Bluejays,Creighton,Creighton,Bluejays,13299E,
ncaa_baseball,99,NEB,Nebraska Cornhuskers,Nebraska,Nebraska,Cornhuskers,FE0D04,
ncaa_mhockey,1,UAA,Alaska Anchorage Seawolves,Alaska Anchorage,Alaska Anchorage,Seawolves,,
ncaa_mhockey,103,BC,Boston College Eagles,Boston College,Boston College,Eagles,,
ncaa_mhockey,104,BU,Boston University Terriers,Boston University,Boston University,Terriers,,
ncaa_mhockey,107,HC,Holy Cross Crusaders,Holy Cross,Holy Cross,Crusaders,,
ncaa_mhockey,108,HARV,Harvard Crimson,Harvard,Harvard,Crimson,,
ncaa_mhockey,110133,LIU,Long Island University Sharks,Long Island University,Long Island University,Sharks,,
ncaa_mhockey,110134,ADR,Adrian Bulldogs,Adrian,Adrian,Bulldogs,,
ncaa_mhockey,111,NE,Northeastern Huskies,Northeastern,Northeastern,Huskies,,
ncaa_mhockey,111400,TMU,Toronto Metropolitan,Toronto Metropolitan,Toronto Metropolitan,Toronto Metropolitan,,
ncaa_mhockey,112334,FP,FRANKLIN PIERCE,Franklin Pierce,Franklin Pierce,FRANKLIN PIERCE,,
ncaa_mhockey,113,MASS,Massachusetts Minutemen,Massachusetts,Massachusetts,Minutemen,,
ncaa_mhockey,12,ARIZ,Arizona Wildcats,Arizona,Arizona,Wildcats,,
ncaa_mhockey,124,AUGS,Augsburg Auggies,Augsburg,Augsburg,Auggies,,
ncaa_mhockey,126807,ANMR,Anna Maria Amcats,Anna Maria,Anna Maria,Amcats,,
ncaa_mhockey,126808,WFST,Westfield State Owls,Westfield State,Westfield State,Owls,,
ncaa_mhockey,126809,NYCA,SUNY Canton SUNY CANT,SUNY Canton,SUNY Canton,SUNY CANT,,
ncaa_mhockey,126810,WORC,Worcester State Lancers,Worcester State,Worcester State,Lancers,,
ncaa_mhockey,126811,SME,Southern Maine Huskies,Southern Maine,Southern Maine,Huskies,,
ncaa_mhockey,126812,NYCL,SUNY Cortland Red Dragons,SUNY Cortland,SUNY Cortland,Red Dragons,,
ncaa_mhockey,126813,NYMS,SUNY Morrisville Mustangs,SUNY Morrisville,SUNY Morrisville,Mustangs,,
ncaa_mhockey,126814,RIVI,Rivier Raiders,Rivier,Rivier,Raiders,,
ncaa_mhockey,126815,FRSU,Framingham State Rams,Framingham State,Framingham State,Rams,,
ncaa_mhockey,127,MSU,Michigan State Spartans,Michigan State,Michigan State,Spartans,,
ncaa_mhockey,127963,ST.,St. Michael'S College Purple Knights,St. Michael'S College,St. Michael'S College,Purple Knights,,
ncaa_mhockey,128,NMI,Northern Michigan Wildcats,Northern Michigan,Northern Michigan,Wildcats,,
ncaa_mhockey,128554,UTIC,Utica Pioneers,Utica,Utica,Pioneers,NULL,NULL
ncaa_mhockey,130,MICH,Michigan Wolverines,Michigan,Michigan,Wolverines,,
ncaa_mhockey,131,WAY,Wayne St. Falcons,Wayne St.,Wayne St.,Falcons,,
ncaa_mhockey,132,BST,Bemidji State Beavers,Bemidji State,Bemidji State,Beavers,,
ncaa_mhockey,134,UMD,Minnesota Duluth Bulldogs,Minnesota Duluth,Minnesota Duluth,Bulldogs,,
ncaa_mhockey,135,MINN,Minnesota Golden Gophers,Minnesota,Minnesota,Golden Gophers,,
ncaa_mhockey,14194,WTLO,Waterloo King Warrior,Waterloo,Waterloo,King Warrior,,
ncaa_mhockey,14195,WIND,WINDSOR,Windsor,Windsor,WINDSOR,,
ncaa_mhockey,14196,ABCA,Alberta Golden Bears & Pandas,Alberta,Alberta,Golden Bears & Pandas,,
ncaa_mhockey,14197,SEN,Seneca Sting,Seneca,Seneca,Sting,,
ncaa_mhockey,155,UND,North Dakota Fighting Hawks,North Dakota,North Dakota,Fighting Hawks,,
ncaa_mhockey,159,DART,Dartmouth Big Green,Dartmouth,Dartmouth,Big Green,,
ncaa_mhockey,160,UNH,New Hampshire Wildcats,New Hampshire,New Hampshire,Wildcats,,
ncaa_mhockey,163,PRIN,Princeton Tigers,Princeton,Princeton,Tigers,,
ncaa_mhockey,172,COR,Cornell Big Red,Cornell,Cornell,Big Red,,
ncaa_mhockey,178,RIT,RIT Tigers,RIT,RIT,Tigers,,
ncaa_mhockey,182,NYPM,SUNY Potsdam SUNY-POTSDAM,SUNY Potsdam,SUNY Potsdam,SUNY-POTSDAM,,
ncaa_mhockey,189,BGSU,Bowling Green Falcons,Bowling Green,Bowling Green,Falcons,,
ncaa_mhockey,193,M-OH,Miami (OH) RedHawks,Miami (OH),Miami (OH),RedHawks,,
ncaa_mhockey,194,OSU,Ohio State Buckeyes,Ohio State,Ohio State,Buckeyes,,
ncaa_mhockey,195,OHIO,Ohio Bobcats,Ohio,Ohio,Bobcats,,
ncaa_mhockey,2005,AF,Air Force Falcons,Air Force,Air Force,Falcons,,
ncaa_mhockey,2008,AH,Alabama Huntsville Chargers,Alabama Huntsville,Alabama Huntsville,Chargers,,
ncaa_mhockey,2022,AIC,American International Yellow Jackets,American International,American International,Yellow Jackets,,
ncaa_mhockey,2038,ASP,Assumption Greyhounds,Assumption,Assumption,Greyhounds,,
ncaa_mhockey,2043,AUSD,Augustana (SD) Vikings,Augustana (SD),Augustana (SD),Vikings,NULL,NULL
ncaa_mhockey,2060,BENT,Bentley Falcons,Bentley,Bentley,Falcons,,
ncaa_mhockey,2099,CAN,Canisius Golden Griffins,Canisius,Canisius,Golden Griffins,,
ncaa_mhockey,213,PSU,Penn State Nittany Lions,Penn State,Penn State,Nittany Lions,,
ncaa_mhockey,2137,CLAR,Clarkson Golden Knights,Clarkson,Clarkson,Golden Knights,,
ncaa_mhockey,2142,COLG,Colgate Raiders,Colgate,Colgate,Raiders,,
ncaa_mhockey,2144,COLC,Colorado College Tigers,Colorado College,Colorado College,Tigers,,
ncaa_mhockey,2152,CCMN,Concordia (MN) Cobbers,Concordia (MN),Concordia (MN),Cobbers,,
ncaa_mhockey,2172,DEN,Denver Pioneers,Denver,Denver,Pioneers,,
ncaa_mhockey,2217,FAIR,Fairfield Badgers,Fairfield,Fairfield,Badgers,,
ncaa_mhockey,2222,FRST,Ferris State Bulldogs,Ferris State,Ferris State,Bulldogs,,
ncaa_mhockey,2224,FIN,Findlay Falcons,Findlay,Findlay,Falcons,,
ncaa_mhockey,225,BRWN,Brown Bears,Brown,Brown,Bears,,
ncaa_mhockey,2335,LIB,Liberty Flames,Liberty,Liberty,Flames,,
ncaa_mhockey,2349,UML,UMass Lowell River Hawks,UMass Lowell,UMass Lowell,River Hawks,,
ncaa_mhockey,2364,MNST,Minnesota State Mavericks,Minnesota State,Minnesota State,Mavericks,,
ncaa_mhockey,2385,MERC,Mercyhurst Lakers,Mercyhurst,Mercyhurst,Lakers,,
ncaa_mhockey,2392,MTU,Michigan Tech Huskies,Michigan Tech,Michigan Tech,Huskies,,
ncaa_mhockey,2394,MIDB,Middlebury Panthers,Middlebury,Middlebury,Panthers,,
ncaa_mhockey,2437,OMA,Omaha Mavericks,Omaha,Omaha,Mavericks,,
ncaa_mhockey,2507,PROV,Providence Friars,Providence,Providence,Friars,,
ncaa_mhockey,2514,QUIN,Quinnipiac Bobcats,Quinnipiac,Quinnipiac,Bobcats,,
ncaa_mhockey,2523,RMU,Robert Morris Colonials,Robert Morris,Robert Morris,Colonials,,
ncaa_mhockey,2528,RPI,Rensselaer Engineers,Rensselaer,Rensselaer,Engineers,,
ncaa_mhockey,2529,SHU,Sacred Heart Pioneers,Sacred Heart,Sacred Heart,Pioneers,,
ncaa_mhockey,2531,SAST,Salem State Vikings,Salem State,Salem State,Vikings,,
ncaa_mhockey,2594,SCSU,St. Cloud State Huskies,St. Cloud State,St. Cloud State,Huskies,,
ncaa_mhockey,260,STM,Saint Michael's Purple Knights,Saint Michael's,Saint Michael's,Purple Knights,,
ncaa_mhockey,261,UVM,Vermont Catamounts,Vermont,Vermont,Catamounts,,
ncaa_mhockey,2651,TRNE,Trine Thunder,Trine,Trine,Thunder,,
ncaa_mhockey,2711,WMU,Western Michigan Broncos,Western Michigan,Western Michigan,Broncos,,
ncaa_mhockey,2731,WLM,Williams Ephs,Williams,Williams,Ephs,,
ncaa_mhockey,2738,UWEC,Wisconsin Eau Claire Blugolds,Wisconsin Eau Claire,Wisconsin Eau Claire,Blugolds,,
ncaa_mhockey,2744,UWST,Wisconsin Stout Blue Devils,Wisconsin Stout,Wisconsin Stout,Blue Devils,,
ncaa_mhockey,275,WIS,Wisconsin Badgers,Wisconsin,Wisconsin,Badgers,,
ncaa_mhockey,2768,LAUREN,Laurentian Voyageur,Laurentian,Laurentian,Voyageur,,
ncaa_mhockey,2771,MRMK,Merrimack Warriors,Merrimack,Merrimack,Warriors,,
ncaa_mhockey,2772,MNCK,Minnesota-Crookston Golden Eagles,Minnesota-Crookston,Minnesota-Crookston,Golden Eagles,,
ncaa_mhockey,2778,SCRN,Scranton Falcons,Scranton,Scranton,Falcons,,
ncaa_mhockey,2779,USL,St. Lawrence Saints,St. Lawrence,St. Lawrence,Saints,,
ncaa_mhockey,2781,BRO,Brockport Golden Eagles,Brockport,Brockport,Golden Eagles,,
ncaa_mhockey,2783,SNYG,SUNY Geneseo SUNY-GENESEO,SUNY Geneseo,SUNY Geneseo,SUNY-GENESEO,,
ncaa_mhockey,2785,UNNY,Union Garnet Chargers,Union,Union,Garnet Chargers,,
ncaa_mhockey,2802,BET,Bethel College Minnesota Falcons,Bethel College Minnesota,Bethel College Minnesota,Falcons,,
ncaa_mhockey,2815,LIN,Lindenwood Lions,Lindenwood,Lindenwood,Lions,,
ncaa_mhockey,2830,SANS,Saint Anselm Hawks,Saint Anselm,Saint Anselm,Hawks,,
ncaa_mhockey,284,STO,Stonehill Skyhawks,Stonehill,Stonehill,Skyhawks,,
ncaa_mhockey,285,LSS,Lake Superior State Lakers,Lake Superior State,Lake Superior State,Lakers,,
ncaa_mhockey,2879,MNHV,Manhattanville Valiants,Manhattanville,Manhattanville,Valiants,,
ncaa_mhockey,2900,STMN,St. Thomas Tommies,St. Thomas,St. Thomas,Tommies,,
ncaa_mhockey,298,AKFB,Alaska Nanooks,Alaska,Alaska,Nanooks,,
ncaa_mhockey,311,ME,Maine Black Bears,Maine,Maine,Black Bears,,
ncaa_mhockey,314,IONA,Iona Gaels,Iona,Iona,Gaels,,
ncaa_mhockey,315,NIA,Niagara Purple Eagles,Niagara,Niagara,Purple Eagles,,
ncaa_mhockey,3256,SNH,SOUTHERN NEW HAMPSHIRE,Southern New Hampshire,Southern New Hampshire,SOUTHERN NEW HAMPSHIRE,,
ncaa_mhockey,349,ARMY,Army Black Knights,Army,Army,Black Knights,,
ncaa_mhockey,379,MDAR,UMASS DARTMOUTH,UMass Dartmouth,UMass Dartmouth,UMASS DARTMOUTH,,
ncaa_mhockey,41,CONN,UConn Huskies,UConn,UConn,Huskies,,
ncaa_mhockey,43,YALE,Yale Bulldogs,Yale,Yale,Bulldogs,,
ncaa_mhockey,430,POST,Post Eagles,Post,Post,Eagles,,
ncaa_mhockey,599,RM,Rob Morris Ill Falcons,Rob Morris Ill,Rob Morris Ill,Falcons,,
ncaa_mhockey,6858,NEC,New England College Pilgrims,New England College,New England College,Pilgrims,,
ncaa_mhockey,6887,NICC,Nichols Bison,Nichols,Nichols,Bison,,
ncaa_mhockey,7536,CORTLAND,SUNY Cortland Red Dragons,SUNY Cortland,SUNY Cortland,Red Dragons,,
ncaa_mhockey,87,ND,Notre Dame Fighting Irish,Notre Dame,Notre Dame,Fighting Irish,,
ncaa_mhockey,9,ASU,Arizona State Sun Devils,Arizona State,Arizona State,Sun Devils,,
ncaa_softball,1080,KY,Louisville KY,LVKENTUCKY,Louisville KY,Louisville KY,,
ncaa_softball,1104,CBU,California Baptist Lancers,CA Baptist,California Baptist,Lancers,000000,
ncaa_softball,1106,UNA,North Alabama Lions,North Alabama,North Alabama,Lions,000000,
ncaa_softball,1140,CLEM,Clemson Tigers,Clemson,Clemson,Tigers,F35B0F,
ncaa_softball,1141,MRMK,Merrimack Warriors,Merrimack,Merrimack,Warriors,,
ncaa_softball,1149,TAR,Tarleton State Texans,Tarleton St,Tarleton State,Texans,,
ncaa_softball,1150,BELL,Bellarmine Knights,Bellarmine,Bellarmine,Knights,,
ncaa_softball,1155,UCSD,UC San Diego Tritons,UC San Diego,UC San Diego,Tritons,,
ncaa_softball,1188,STMN,St. Thomas Tommies,St Thomas,St. Thomas,Tommies,,
ncaa_softball,1192,SHST,Shawnee State Bears,Shawnee State,Shawnee State,Bears,,
ncaa_softball,1193,SHST,Colorado School of Mines Orediggers,Colorado Mines,Colorado School of Mines,Orediggers,,
ncaa_softball,1194,CORB,Corban,Corban,Corban,Corban,,
ncaa_softball,1195,,TBD,TBD,TBD,TBD,,
ncaa_softball,1196,HAW,TBD,TBD,TBD,TBD,,
ncaa_softball,1237,TAMC,East Texas A&M Lions,East Texas A&M,East Texas A&M,Lions,,
ncaa_softball,1240,LIN,Lindenwood Lions,Lindenwood,Lindenwood,Lions,,
ncaa_softball,1241,STO,Stonehill Skyhawks,Stonehill,Stonehill,Skyhawks,300A48,
ncaa_softball,1251,USI,Southern Indiana Screaming Eagles,S Indiana,Southern Indiana,Screaming Eagles,,
ncaa_softball,1254,QUOC,Queens University Royals,Queens,Queens University,Royals,,
ncaa_softball,1283,LE ,Le Moyne Dolphins,Le Moyne,Le Moyne,Dolphins,,
ncaa_softball,1285,WOF,Wofford Terriers,Wofford,Wofford,Terriers,,
ncaa_softball,129696,WES,West Georgia Wolves,West Georgia,West Georgia,Wolves,,
ncaa_softball,129697,MER,Mercyhurst Lakers,Mercyhurst,Mercyhurst,Lakers,,
ncaa_softball,129708,NHVN,New Haven Chargers,New Haven,New Haven,Chargers,,
ncaa_softball,467,AUB,Auburn Tigers,Auburn,Auburn,Tigers,182942,
ncaa_softball,468,BSC,Birmingham Southern Panthers,Birmingham Southern Panthers,Birmingham Southern,Panthers,000000,
ncaa_softball,469,USA,South Alabama Jaguars,South Alabama,South Alabama,Jaguars,004A7B,
ncaa_softball,470,ARK,Arkansas Razorbacks,Arkansas,Arkansas,Razorbacks,9C1831,
ncaa_softball,471,ASU,Arizona State Sun Devils,Arizona St,Arizona State,Sun Devils,942139,
ncaa_softball,472,ARIZ,Arizona Wildcats,Arizona,Arizona,Wildcats,102142,
ncaa_softball,473,CP,Cal Poly Mustangs,Cal Poly,Cal Poly,Mustangs,083808,
ncaa_softball,474,SDSU,San Diego State Aztecs,San Diego St,San Diego State,Aztecs,D60039,
ncaa_softball,475,SJSU,San José State Spartans,San José St,San José State,Spartans,005A94,
ncaa_softball,476,STAN,Stanford Cardinal,Stanford,Stanford,Cardinal,B72931,
ncaa_softball,477,CAL,California Golden Bears,California,California,Golden Bears,002942,
ncaa_softball,478,UCLA,UCLA Bruins,UCLA,UCLA,Bruins,005A94,
ncaa_softball,479,UCR,UC Riverside Highlanders,UC Riverside,UC Riverside,Highlanders,13214E,
ncaa_softball,480,USC,USC Trojans,USC,USC,Trojans,A50010,
ncaa_softball,481,CONN,UConn Huskies,UConn,UConn,Huskies,0A1E5B,
ncaa_softball,482,HART,Hartford Hawks,Hartford,Hartford,Hawks,D60008,
ncaa_softball,483,GW,George Washington Revolutionaries,G Washington,George Washington,Revolutionaries,002843,
ncaa_softball,484,FSU,Florida State Seminoles,Florida St,Florida State,Seminoles,B72931,
ncaa_softball,485,JXST,Jacksonville State Gamecocks,Jax State,Jacksonville State,Gamecocks,C61018,
ncaa_softball,486,STET,Stetson Hatters,Stetson,Stetson,Hatters,18581C,
ncaa_softball,487,FLA,Florida Gators,Florida,Florida,Gators,2A42CE,
ncaa_softball,488,USF,South Florida Bulls,South Florida,South Florida,Bulls,004231,
ncaa_softball,489,GT,Georgia Tech Yellow Jackets,Georgia Tech,Georgia Tech,Yellow Jackets,000000,
ncaa_softball,490,UGA,Georgia Bulldogs,Georgia,Georgia,Bulldogs,D60022,
ncaa_softball,491,HAW,Hawai'i Rainbow Warriors,Hawai'i,Hawai'i,Rainbow Warriors,004231,
ncaa_softball,492,UIC,UIC Flames,UIC,UIC,Flames,234077,
ncaa_softball,493,ND,Notre Dame Fighting Irish,Notre Dame,Notre Dame,Fighting Irish,313A98,
ncaa_softball,494,UK,Kentucky Wildcats,Kentucky,Kentucky,Wildcats,003399,
ncaa_softball,495,LOU,Louisville Cardinals,Louisville,Louisville,Cardinals,DE0018,
ncaa_softball,496,WKU,Western Kentucky Hilltoppers,Western KY,Western Kentucky,Hilltoppers,000000,
ncaa_softball,497,LSU,LSU Tigers,LSU,LSU,Tigers,2B0D57,
ncaa_softball,498,BC,Boston College Eagles,Boston College,Boston College,Eagles,111111,
ncaa_softball,499,MD,Maryland Terrapins,Maryland,Maryland,Terrapins,D60039,
ncaa_softball,500,MSU,Michigan State Spartans,Michigan St,Michigan State,Spartans,226B31,
ncaa_softball,501,MICH,Michigan Wolverines,Michigan,Michigan,Wolverines,292942,
ncaa_softball,502,MINN,Minnesota Golden Gophers,Minnesota,Minnesota,Golden Gophers,752132,
ncaa_softball,503,MIZ,Missouri Tigers,Missouri,Missouri,Tigers,000000,
ncaa_softball,504,MISS,Ole Miss Rebels,Ole Miss,Ole Miss,Rebels,101894,
ncaa_softball,505,DUKE,Duke Blue Devils,Duke,Duke,Blue Devils,004A7B,
ncaa_softball,506,ECU,East Carolina Pirates,East Carolina,East Carolina,Pirates,4B1869,
ncaa_softball,507,NCSU,NC State Wolfpack,NC State,NC State,Wolfpack,D60039,
ncaa_softball,508,UNC,North Carolina Tar Heels,North Carolina,North Carolina,Tar Heels,002942,
ncaa_softball,509,WAKE,Wake Forest Demon Deacons,Wake Forest,Wake Forest,Demon Deacons,000000,
ncaa_softball,510,CREI,Creighton Bluejays,Creighton,Creighton,Bluejays,13299E,
ncaa_softball,511,NEB,Nebraska Cornhuskers,Nebraska,Nebraska,Cornhuskers,FE0D04,
ncaa_softball,512,DART,Dartmouth Big Green,Dartmouth,Dartmouth,Big Green,005730,
ncaa_softball,513,PRIN,Princeton Tigers,Princeton,Princeton,Tigers,FF9408,
ncaa_softball,514,RUTG,Rutgers Scarlet Knights,Rutgers,Rutgers,Scarlet Knights,000000,
ncaa_softball,515,NMSU,New Mexico State Aggies,New Mexico St,New Mexico State,Aggies,730000,
ncaa_softball,516,UNM,New Mexico Lobos,New Mexico,New Mexico,Lobos,000000,
ncaa_softball,517,SBU,St. Bonaventure Bonnies,St Bonaventure,St. Bonaventure,Bonnies,712A1B,
ncaa_softball,518,BGSU,Bowling Green Falcons,Bowling Green,Bowling Green,Falcons,663300,
ncaa_softball,519,M-OH,Miami (OH) RedHawks,Miami OH,Miami (OH),RedHawks,CE2229,
ncaa_softball,520,OSU,Ohio State Buckeyes,Ohio State,Ohio State,Buckeyes,DE3129,
ncaa_softball,521,OHIO,Ohio Bobcats,Ohio,Ohio,Bobcats,006342,
ncaa_softball,522,OKST,Oklahoma State Cowgirls,Oklahoma St,Oklahoma State,Cowgirls,000000,
ncaa_softball,523,ORU,Oral Roberts Golden Eagles,Oral Roberts Golden Eagles,Oral Roberts,Golden Eagles,002955,
ncaa_softball,524,OU,Oklahoma Sooners,Oklahoma,Oklahoma,Sooners,7B0000,
ncaa_softball,525,ORST,Oregon State Beavers,Oregon St,Oregon State,Beavers,000000,
ncaa_softball,526,TEM,Temple Owls,Temple Owls,Temple,Owls,BC0138,
ncaa_softball,527,PITT,Pittsburgh Panthers,Pitt,Pittsburgh,Panthers,313169,
ncaa_softball,528,BRWN,Brown Bears,Brown,Brown,Bears,54413A,
ncaa_softball,529,CLEM,Clemson Tigers,Clemson,Clemson,Tigers,F35B0F,
ncaa_softball,530,CofC,Charleston Cougars,Charleston,Charleston,Cougars,9C8456,
ncaa_softball,531,MEM,Memphis Tigers,Memphis,Memphis,Tigers,29299C,
ncaa_softball,532,VAN,Vanderbilt Commodores,Vanderbilt Commodores,Vanderbilt,Commodores,000000,
ncaa_softball,533,BAY,Baylor Bears,Baylor,Baylor,Bears,00844A,
ncaa_softball,534,RICE,Rice Owls,Rice Owls,Rice,Owls,00315A,
ncaa_softball,535,TA&M,Texas A&M Aggies,Texas A&M,Texas A&M,Aggies,6A3333,
ncaa_softball,536,HOU,Houston Cougars,Houston,Houston,Cougars,E73139,
ncaa_softball,537,UTA,UT Arlington Mavericks,UT Arlington,UT Arlington,Mavericks,004B7C,
ncaa_softball,538,TEX,Texas Longhorns,Texas,Texas,Longhorns,EF7321,
ncaa_softball,539,BYU,BYU Cougars,BYU,BYU,Cougars,002942,
ncaa_softball,540,UTAH,Utah Utes,Utah,Utah,Utes,CE4242,
ncaa_softball,541,JMU,James Madison Dukes,James Madison,James Madison,Dukes,0F1358,
ncaa_softball,542,RICH,Richmond Spiders,Richmond Spiders,Richmond,Spiders,004371,
ncaa_softball,543,UVA,Virginia Cavaliers,Virginia,Virginia,Cavaliers,000066,
ncaa_softball,544,VT,Virginia Tech Hokies,Virginia Tech,Virginia Tech,Hokies,7B2129,
ncaa_softball,545,WASH,Washington Huskies,Washington,Washington,Huskies,3E3468,
ncaa_softball,546,WSU,Washington State Cougars,Washington St,Washington State,Cougars,94022A,
ncaa_softball,547,MILW,Milwaukee Panthers,Milwaukee,Milwaukee,Panthers,000000,
ncaa_softball,548,WVU,West Virginia Mountaineers,West Virginia,West Virginia,Mountaineers,395AB5,
ncaa_softball,549,FRES,Fresno State Bulldogs,Fresno St,Fresno State,Bulldogs,E73139,
ncaa_softball,550,GASO,Georgia Southern Eagles,GA Southern,Georgia Southern,Eagles,0A3861,
ncaa_softball,551,JAX,Jacksonville Dolphins,Jacksonville,Jacksonville,Dolphins,008568,
ncaa_softball,552,ODU,Old Dominion Monarchs,Old Dominion,Old Dominion,Monarchs,00507D,
ncaa_softball,553,LBSU,Long Beach State 49ers,Long Beach St,Long Beach State,49ers,000000,
ncaa_softball,554,UCI,UC Irvine Anteaters,UC Irvine,UC Irvine,Anteaters,00108C,
ncaa_softball,555,USD,San Diego Toreros,San Diego,San Diego,Toreros,0D1361,
ncaa_softball,556,UL,Louisiana Ragin' Cajuns,Louisiana,Louisiana,Ragin' Cajuns,CE2842,
ncaa_softball,557,LAF,Lafayette Leopards,Lafayette,Lafayette,Leopards,790000,
ncaa_softball,558,CCU,Coastal Carolina Chanticleers,Coastal,Coastal Carolina,Chanticleers,59A0A0,
ncaa_softball,559,TXST,Texas State Bobcats,Texas St,Texas State,Bobcats,94314A,
ncaa_softball,560,ALA,Alabama Crimson Tide,Alabama,Alabama,Crimson Tide,A42D47,
ncaa_softball,561,EVAN,Evansville Purple Aces,Evansville,Evansville,Purple Aces,663399,
ncaa_softball,562,MSST,Mississippi State Bulldogs,Mississippi St,Mississippi State,Bulldogs,531122,
ncaa_softball,563,ARMY,Army Black Knights,Army,Army,Black Knights,CE9C00,
ncaa_softball,564,UNCW,UNC Wilmington Seahawks,UNC Wilmington,UNC Wilmington,Seahawks,1D2F68,
ncaa_softball,565,ILL,Illinois Fighting Illini,Illinois,Illinois,Fighting Illini,F77329,
ncaa_softball,566,ALB,UAlbany Great Danes,UAlbany,UAlbany,Great Danes,56438E,
ncaa_softball,567,AFA,Air Force Falcons,Air Force,Air Force,Falcons,004A7B,
ncaa_softball,568,APSU,Austin Peay Governors,Austin Peay,Austin Peay,Governors,8E0B0B,
ncaa_softball,569,BALL,Ball State Cardinals,Ball State,Ball State,Cardinals,DE0000,
ncaa_softball,570,BCU,Bethune-Cookman Wildcats,Bethune,Bethune-Cookman,Wildcats,7B1831,
ncaa_softball,571,CCSU,Central Connecticut Blue Devils,C Connecticut,Central Connecticut,Blue Devils,1E489C,
ncaa_softball,572,UCF,UCF Knights,UCF,UCF,Knights,000000,
ncaa_softball,573,CIN,Cincinnati Bearcats,Cincinnati Bearcats,Cincinnati,Bearcats,000000,
ncaa_softball,574,COPP,Coppin State Eagles,Coppin St,Coppin State,Eagles,2E3192,
ncaa_softball,575,FAU,Florida Atlantic Owls,FAU,Florida Atlantic,Owls,000099,
ncaa_softball,576,FIU,Florida International Panthers,FIU,Florida International,Panthers,091731,
ncaa_softball,577,CSUF,Cal State Fullerton Titans,Fullerton,Cal State Fullerton,Titans,10219C,
ncaa_softball,578,GMU,George Mason Patriots,George Mason,George Mason,Patriots,016600,
ncaa_softball,579,IOWA,Iowa Hawkeyes,Iowa,Iowa,Hawkeyes,000000,
ncaa_softball,580,KU,Kansas Jayhawks,Kansas,Kansas,Jayhawks,0337B4,
ncaa_softball,581,KENT,Kent State Golden Flashes,Kent State,Kent State,Golden Flashes,212142,
ncaa_softball,582,LAM,Lamar Cardinals,Lamar,Lamar,Cardinals,000000,
ncaa_softball,583,LEM,Le Moyne Dolphins,Le Moyne,Le Moyne,Dolphins,,
ncaa_softball,584,LIB,Liberty Flames,Liberty,Liberty,Flames,000073,
ncaa_softball,585,LT,Louisiana Tech Bulldogs,Louisiana Tech,Louisiana Tech,Bulldogs,3129E7,
ncaa_softball,586,LMU,Loyola Marymount Lions,LMU,Loyola Marymount,Lions,880029,
ncaa_softball,587,MRST,Marist Red Foxes,Marist,Marist,Red Foxes,E53730,
ncaa_softball,588,MIA,Miami (FL) Hurricanes,Miami (FL) Hurricanes,Miami (FL),Hurricanes,004325,
ncaa_softball,589,MTSU,Middle Tennessee Blue Raiders,MTSU,Middle Tennessee,Blue Raiders,1842D6,
ncaa_softball,590,MONM,Monmouth Hawks,Monmouth,Monmouth,Hawks,0D217B,
ncaa_softball,591,NAVY,Navy Midshipmen,Navy Midshipmen,Navy,Midshipmen,0F1021,
ncaa_softball,592,CLT,Charlotte 49ers,Charlotte,Charlotte,49ers,0C562D,
ncaa_softball,593,UNCG,UNC Greensboro Spartans,UNC Greensboro,UNC Greensboro,Spartans,21467B,
ncaa_softball,594,UNLV,UNLV Rebels,UNLV,UNLV,Rebels,000000,
ncaa_softball,595,NEV,Nevada Wolf Pack,Nevada,Nevada,Wolf Pack,084A73,
ncaa_softball,596,UNO,New Orleans Privateers,New Orleans Privateers,New Orleans,Privateers,2B3986,
ncaa_softball,597,CSUN,Cal State Northridge Matadors,CSU Northridge,Cal State Northridge,Matadors,B50000,
ncaa_softball,598,NWST,Northwestern State Demons,N'Western St,Northwestern State,Demons,68565F,
ncaa_softball,599,PEPP,Pepperdine Waves,Pepperdine Waves,Pepperdine,Waves,009C98,
ncaa_softball,600,PV,Prairie View A&M Lady Panthers,Prairie View,Prairie View A&M,Lady Panthers,4D0960,
ncaa_softball,601,PUR,Purdue Boilermakers,Purdue,Purdue,Boilermakers,211818,
ncaa_softball,602,SHSU,Sam Houston Bearkats,Sam Houston,Sam Houston,Bearkats,FF7800,
ncaa_softball,603,SEMO,Southeast Missouri State Redhawks,SE Missouri,Southeast Missouri State,Redhawks,CC0000,
ncaa_softball,604,USM,Southern Miss Golden Eagles,Southern Miss,Southern Miss,Golden Eagles,FFAA3C,
ncaa_softball,605,SC,South Carolina Gamecocks,South Carolina,South Carolina,Gamecocks,000000,
ncaa_softball,606,SOU,Southern Jaguars,Southern,Southern,Jaguars,291B4C,
ncaa_softball,607,SJU,St. John's Red Storm,St John's,St. John's,Red Storm,E24552,
ncaa_softball,608,STBK,Stony Brook Seawolves,Stony Brook,Stony Brook,Seawolves,003559,
ncaa_softball,609,MOST,Missouri State Bears,Missouri St,Missouri State,Bears,4A0010,
ncaa_softball,610,TCU,TCU Horned Frogs,TCU Horned Frogs,TCU,Horned Frogs,201852,
ncaa_softball,611,TENN,Tennessee Lady Volunteers,Tennessee,Tennessee,Lady Volunteers,EE9627,
ncaa_softball,612,TXSO,Texas Southern Tigers,Texas Southern,Texas Southern,Tigers,680100,
ncaa_softball,613,TTU,Texas Tech Red Raiders,Texas Tech,Texas Tech,Red Raiders,D60039,
ncaa_softball,614,CIT,The Citadel Bulldogs,The Citadel,The Citadel,Bulldogs,000000,
ncaa_softball,615,TULN,Tulane Green Wave,Tulane Green Wave,Tulane,Green Wave,084A38,
ncaa_softball,616,VCU,Virginia Commonwealth Rams,Virginia Commonwealth Rams,Virginia Commonwealth,Rams,929292,
ncaa_softball,617,WCU,Western Carolina Catamounts,W Carolina,Western Carolina,Catamounts,6E268B,
ncaa_softball,618,WICH,Wichita State Shockers,Wichita St,Wichita State,Shockers,0D0A03,
ncaa_softball,619,WIN,Winthrop Eagles,Winthrop,Winthrop,Eagles,9E0B0E,
ncaa_softball,620,WOF,Wofford Terriers,Wofford Terriers,Wofford,Terriers,000000,
ncaa_softball,621,YSU,Youngstown State Penguins,Youngstown St,Youngstown State,Penguins,961F22,
ncaa_softball,622,ME,Maine Black Bears,Maine,Maine,Black Bears,000000,
ncaa_softball,623,ALCN,Alcorn State Braves,Alcorn St,Alcorn State,Braves,C1B881,
ncaa_softball,624,LR,Little Rock Trojans,Little Rock,Little Rock,Trojans,AD0000,
ncaa_softball,625,BEL,Belmont Bruins,Belmont,Belmont,Bruins,182142,
ncaa_softball,626,DBU,Dallas Baptist Patriots,Dallas Baptist,Dallas Baptist,Patriots,,
ncaa_softball,627,KSU,Kansas State Wildcats,Kansas State Wildcats,Kansas State,Wildcats,633194,
ncaa_softball,628,MAN,Manhattan Jaspers,Manhattan,Manhattan,Jaspers,4F8537,
ncaa_softball,629,SHU,Sacred Heart Pioneers,Sacred Heart,Sacred Heart,Pioneers,BB003A,
ncaa_softball,630,SF,San Francisco Dons,San Francisco,San Francisco,Dons,083123,
ncaa_softball,631,HALL,Seton Hall Pirates,Seton Hall,Seton Hall,Pirates,3142AD,
ncaa_softball,632,TROY,Troy Trojans,Troy,Troy,Trojans,843131,
ncaa_softball,633,WRST,Wright State Raiders,Wright St,Wright State,Raiders,A36209,
ncaa_softball,634,APP,App State Mountaineers,App State,App State,Mountaineers,000000,
ncaa_softball,635,ULM,UL Monroe Warhawks,UL Monroe,UL Monroe,Warhawks,98012e,
ncaa_softball,636,ORE,Oregon Ducks,Oregon,Oregon,Ducks,044520,
ncaa_softball,637,SAM,Samford Bulldogs,Samford,Samford,Bulldogs,005485,
ncaa_softball,638,COLU,Columbia Lions,Columbia,Columbia,Lions,000000,
ncaa_softball,639,JKST,Jackson State Tigers,Jackson St,Jackson State,Tigers,000000,
ncaa_softball,640,SAVS,Savannah State Tigers,Savannah St,Savannah State,Tigers,000000,
ncaa_softball,641,GONZ,Gonzaga Bulldogs,Gonzaga Bulldogs,Gonzaga,Bulldogs,000000,
ncaa_softball,642,ILST,Illinois State Redbirds,Illinois St,Illinois State,Redbirds,000000,
ncaa_softball,643,WMMY,William & Mary Tribe,William & Mary Tribe,William & Mary,Tribe,000000,
ncaa_softball,644,UCSB,UC Santa Barbara Gauchos,Santa Barbara,UC Santa Barbara,Gauchos,000000,
ncaa_softball,645,FGCU,Florida Gulf Coast Eagles,FGCU,Florida Gulf Coast,Eagles,000000,
ncaa_softball,646,BING,Binghamton Bearcats,Binghamton,Binghamton,Bearcats,000000,
ncaa_softball,647,CAM,Campbell Fighting Camels,Campbell,Campbell,Fighting Camels,000000,
ncaa_softball,648,IU,Indiana Hoosiers,Indiana,Indiana,Hoosiers,000000,
ncaa_softball,649,MER,Mercer Bears,Mercer,Mercer,Bears,000000,
ncaa_softball,650,UNF,North Florida Ospreys,North Florida,North Florida,Ospreys,000000,
ncaa_softball,651,UTSA,UTSA Roadrunners,UTSA,UTSA,Roadrunners,000000,
ncaa_softball,652,CAN,Canisius Golden Griffins,Canisius,Canisius,Golden Griffins,000000,
ncaa_softball,653,BRY,Bryant Bulldogs,Bryant,Bryant,Bulldogs,000000,
ncaa_softball,654,SLU,Saint Louis Billikens,Saint Louis,Saint Louis,Billikens,000000,
ncaa_softball,655,SDST,South Dakota State Jackrabbits,S Dakota St,South Dakota State,Jackrabbits,000000,
ncaa_softball,656,VAL,Valparaiso VALPARAISO,Valparaiso,Valparaiso,VALPARAISO,000000,
ncaa_softball,657,ELON,Elon Phoenix,Elon,Elon,Phoenix,000000,
ncaa_softball,658,ETSU,East Tennessee State Buccaneers,ETSU,East Tennessee State,Buccaneers,000000,
ncaa_softball,659,TOW,Towson Tigers,Towson,Towson,Tigers,000000,
ncaa_softball,660,CARK,Central Arkansas Bears,C Arkansas,Central Arkansas,Bears,000000,
ncaa_softball,661,KENN,Kennesaw State Owls,Kennesaw St,Kennesaw State,Owls,,
ncaa_softball,662,INST,Indiana State Sycamores,Indiana St,Indiana State,Sycamores,,
ncaa_softball,663,SELA,SE Louisiana Lions,SE Louisiana,SE Louisiana,Lions,,
ncaa_softball,664,NDSU,North Dakota State Bison,N Dakota St,North Dakota State,Bison,,
ncaa_softball,665,SIE,Siena Saints,Siena,Siena,Saints,,
ncaa_softball,666,XU,Xavier Musketeers,Xavier Musketeers,Xavier,Musketeers,,
ncaa_softball,667,BUCK,Bucknell Bison,Bucknell,Bucknell,Bison,,
ncaa_softball,668,SAC,Sacramento State Hornets,Sacramento St,Sacramento State,Hornets,,
ncaa_softball,669,ACU,Abilene Christian Wildcats,Abilene Chrstn,Abilene Christian,Wildcats,000000,
ncaa_softball,670,AKR,Akron Zips,Akron,Akron,Zips,0A1E5B,
ncaa_softball,671,AAMU,Alabama A&M Bulldogs,Alabama A&M,Alabama A&M,Bulldogs,790000,
ncaa_softball,672,ALST,Alabama State Hornets,Alabama St,Alabama State,Hornets,603913,
ncaa_softball,673,AMER,American University Eagles,American,American University,Eagles,c41130,
ncaa_softball,674,ARST,Arkansas State Red Wolves,Arkansas St,Arkansas State,Red Wolves,e81018,
ncaa_softball,675,UAPB,Arkansas-Pine Bluff Golden Lions,AR-Pine Bluff,Arkansas-Pine Bluff,Golden Lions,000000,
ncaa_softball,676,BOIS,Boise State Broncos,Boise St,Boise State,Broncos,29299c,
ncaa_softball,677,BU,Boston University Terriers,Boston U,Boston University,Terriers,cc0000,
ncaa_softball,678,BRAD,Bradley Braves,Bradley,Bradley,Braves,b70002,
ncaa_softball,679,BUFF,Buffalo Bulls,Buffalo,Buffalo,Bulls,004a84,
ncaa_softball,680,BUT,Butler Bulldogs,Butler,Butler,Bulldogs,0d1361,
ncaa_softball,681,CSUB,Cal State Bakersfield Roadrunners,Bakersfield,Cal State Bakersfield,Roadrunners,003BAB,
ncaa_softball,682,CMU,Central Michigan Chippewas,C Michigan,Central Michigan,Chippewas,7b0000,
ncaa_softball,683,CHSO,Charleston Southern Buccaneers,Charleston So,Charleston Southern,Buccaneers,2e3192,
ncaa_softball,684,UTC,Chattanooga Mocs,Chattanooga,Chattanooga,Mocs,253b81,
ncaa_softball,685,CHIC,Chicago State Cougars,Chicago St,Chicago State,Cougars,006700,
ncaa_softball,686,CLEV,Cleveland State Vikings,Cleveland St,Cleveland State,Vikings,006633,
ncaa_softball,687,COLG,Colgate Raiders,Colgate,Colgate,Raiders,910028,
ncaa_softball,688,COLO,Colorado Buffaloes,Colorado,Colorado,Buffaloes,d1c57e,
ncaa_softball,689,CSU,Colorado State Rams,Colorado St,Colorado State,Rams,008c73,
ncaa_softball,690,COR,Cornell Big Red,Cornell,Cornell,Big Red,d60027,
ncaa_softball,691,DAV,Davidson Wildcats,Davidson,Davidson,Wildcats,000000,
ncaa_softball,692,DAY,Dayton Flyers,Dayton,Dayton,Flyers,e50b0d,
ncaa_softball,693,DEL,Delaware Blue Hens,Delaware,Delaware,Blue Hens,285998,
ncaa_softball,694,DSU,Delaware State Hornets,Delaware St,Delaware State,Hornets,FF3630,
ncaa_softball,695,DEN,Denver Pioneers,Denver,Denver,Pioneers,9c143d,
ncaa_softball,696,DEP,DePaul Blue Demons,DePaul,DePaul,Blue Demons,2d649c,
ncaa_softball,697,DETM,Detroit Mercy Titans,Detroit Mercy,Detroit Mercy,Titans,165b9e,
ncaa_softball,698,DRKE,Drake Bulldogs,Drake,Drake,Bulldogs,0d1361,
ncaa_softball,699,DREX,Drexel Dragons,Drexel,Drexel,Dragons,020260,
ncaa_softball,700,DUQ,Duquesne Dukes,Duquesne,Duquesne,Dukes,283a61,
ncaa_softball,701,EIU,Eastern Illinois Panthers,E Illinois,Eastern Illinois,Panthers,000000,
ncaa_softball,702,EKU,Eastern Kentucky Colonels,E Kentucky,Eastern Kentucky,Colonels,800000,
ncaa_softball,703,EMU,Eastern Michigan Eagles,E Michigan,Eastern Michigan,Eagles,217038,
ncaa_softball,704,EWU,Eastern Washington Eagles,E Washington,Eastern Washington,Eagles,d72d35,
ncaa_softball,705,FAIR,Fairfield Stags,Fairfield,Fairfield,Stags,000000,
ncaa_softball,706,FDU,Fairleigh Dickinson Knights,FDU,Fairleigh Dickinson,Knights,00449C,
ncaa_softball,707,FAMU,Florida A&M Rattlers,Florida A&M,Florida A&M,Rattlers,ff7329,
ncaa_softball,708,FOR,Fordham Rams,Fordham,Fordham,Rams,a50019,
ncaa_softball,709,FUR,Furman Paladins,Furman,Furman,Paladins,4A2184,
ncaa_softball,710,GWEB,Gardner-Webb Runnin' Bulldogs,Gardner-Webb,Gardner-Webb,Runnin' Bulldogs,CF0000,
ncaa_softball,711,GTWN,Georgetown Hoyas,Georgetown,Georgetown,Hoyas,38427a,
ncaa_softball,712,GAST,Georgia State Panthers,Georgia St,Georgia State,Panthers,1e539a,
ncaa_softball,713,GRAM,Grambling Tigers,Grambling,Grambling,Tigers,ee8601,
ncaa_softball,714,GCU,Grand Canyon Lopes,Grand Canyon,Grand Canyon,Lopes,,
ncaa_softball,715,GB,Green Bay Phoenix,Green Bay,Green Bay,Phoenix,006633,
ncaa_softball,716,HAMP,Hampton Pirates,Hampton,Hampton,Pirates,0067AC,
ncaa_softball,717,HARV,Harvard Crimson,Harvard,Harvard,Crimson,990000,
ncaa_softball,718,HP,High Point Panthers,High Point,High Point,Panthers,b0b7bc,
ncaa_softball,719,HOF,Hofstra Pride,Hofstra,Hofstra,Pride,27297c,
ncaa_softball,720,HC,Holy Cross Crusaders,Holy Cross,Holy Cross,Crusaders,0a0a0a,
ncaa_softball,721,HCU,Houston Christian Huskies,Hou Christian,Houston Christian,Huskies,00539c,
ncaa_softball,722,HOW,Howard Bison,Howard,Howard,Bison,9e0b0e,
ncaa_softball,723,IDHO,Idaho Vandals,Idaho,Idaho,Vandals,000000,
ncaa_softball,724,IDST,Idaho State Bengals,Idaho St,Idaho State,Bengals,ef8c00,
ncaa_softball,725,UIW,Incarnate Word Cardinals,Incarnate Word,Incarnate Word,Cardinals,000000,
ncaa_softball,726,IONA,Iona Gaels,Iona,Iona,Gaels,8c001a,
ncaa_softball,727,ISU,Iowa State Cyclones,Iowa State,Iowa State,Cyclones,d62949,
ncaa_softball,728,PFW,Purdue Fort Wayne Mastodons,Purdue FW,Purdue Fort Wayne,Mastodons,00378A,
ncaa_softball,729,IUIN,IU Indianapolis Jaguars,IU Indy,IU Indianapolis,Jaguars,ca3a44,
ncaa_softball,730,LAS,La Salle Explorers,La Salle,La Salle,Explorers,000063,
ncaa_softball,731,LEH,Lehigh Mountain Hawks,Lehigh,Lehigh,Mountain Hawks,6c2b2a,
ncaa_softball,732,LIP,Lipscomb Bisons,Lipscomb,Lipscomb,Bisons,20366C,
ncaa_softball,733,LIU,Long Island University Sharks,Long Island,Long Island University,Sharks,000000,
ncaa_softball,734,LONG,Longwood Lancers,Longwood,Longwood,Lancers,003273,
ncaa_softball,735,LUC,Loyola Chicago Ramblers,Loyola Chicago,Loyola Chicago,Ramblers,9d1244,
ncaa_softball,736,L-MD,Loyola Maryland Greyhounds,Loyola MD,Loyola Maryland,Greyhounds,76a7a0,
ncaa_softball,737,MARQ,Marquette Golden Eagles,Marquette,Marquette,Golden Eagles,083963,
ncaa_softball,738,MRSH,Marshall Thundering Herd,Marshall,Marshall,Thundering Herd,186329,
ncaa_softball,739,UMES,Maryland Eastern Shore Hawks,MD Eastern,Maryland Eastern Shore,Hawks,5c2301,
ncaa_softball,740,MASS,Massachusetts Minutemen,UMass,Massachusetts,Minutemen,ac0d1e,
ncaa_softball,741,MCN,McNeese Cowgirls,McNeese,McNeese,Cowgirls,003366,
ncaa_softball,742,MVSU,Mississippi Valley State Delta Devils,Miss Valley St,Mississippi Valley State,Delta Devils,054105,
ncaa_softball,743,MONT,Montana Grizzlies,Montana,Montana,Grizzlies,63104a,
ncaa_softball,744,MTST,Montana State Bobcats,Montana State,Montana State,Bobcats,010670,
ncaa_softball,745,MORE,Morehead State Eagles,Morehead St,Morehead State,Eagles,29109c,
ncaa_softball,746,MORG,Morgan State Bears,Morgan St,Morgan State,Bears,0505aa,
ncaa_softball,747,MSM,Mount St. Mary's Mountaineers,Mount St Marys,Mount St. Mary's,Mountaineers,001259,
ncaa_softball,748,MUR,Murray State Racers,Murray St,Murray State,Racers,182356,
ncaa_softball,749,NJIT,NJIT Highlanders,NJIT,NJIT,Highlanders,ff3333,
ncaa_softball,750,OMA,Omaha Mavericks,Omaha,Omaha,Mavericks,e3193e,
ncaa_softball,751,UNH,New Hampshire Wildcats,New Hampshire,New Hampshire,Wildcats,004371,
ncaa_softball,752,NIA,Niagara Purple Eagles,Niagara,Niagara,Purple Eagles,641460,
ncaa_softball,753,NICH,Nicholls Colonels,Nicholls,Nicholls,Colonels,2a5074,
ncaa_softball,754,NORF,Norfolk State Spartans,Norfolk St,Norfolk State,Spartans,08614f,
ncaa_softball,755,NCAT,North Carolina A&T Aggies,NC A&T,North Carolina A&T,Aggies,0505aa,
ncaa_softball,756,NCCU,North Carolina Central Eagles,NC Central,North Carolina Central,Eagles,860016,
ncaa_softball,757,UND,North Dakota Fighting Hawks,North Dakota,North Dakota,Fighting Hawks,00a15e,
ncaa_softball,758,UNT,North Texas Mean Green,North Texas,North Texas,Mean Green,006342,
ncaa_softball,759,NE,Northeastern Huskies,Northeastern,Northeastern,Huskies,CC0001,
ncaa_softball,760,NAU,Northern Arizona Lumberjacks,N Arizona,Northern Arizona,Lumberjacks,001894,
ncaa_softball,761,UNCO,Northern Colorado Bears,N Colorado,Northern Colorado,Bears,003399,
ncaa_softball,762,NIU,Northern Illinois Huskies,N Illinois,Northern Illinois,Huskies,e73139,
ncaa_softball,763,UNI,Northern Iowa Panthers,Northern Iowa,Northern Iowa,Panthers,130671,
ncaa_softball,764,NKU,Northern Kentucky Norse,N Kentucky,Northern Kentucky,Norse,000000,
ncaa_softball,765,NU,Northwestern Wildcats,Northwestern,Northwestern,Wildcats,372286,
ncaa_softball,766,OAK,Oakland Golden Grizzlies,Oakland,Oakland,Golden Grizzlies,04091c,
ncaa_softball,767,PAC,Pacific Tigers,Pacific,Pacific,Tigers,ff5109,
ncaa_softball,768,PSU,Penn State Nittany Lions,Penn State,Penn State,Nittany Lions,29294a,
ncaa_softball,769,PENN,Pennsylvania Quakers,Penn,Pennsylvania,Quakers,B10021,
ncaa_softball,770,PORT,Portland Pilots,Portland,Portland,Pilots,4200a0,
ncaa_softball,771,PRST,Portland State Vikings,Portland St,Portland State,Vikings,005e60,
ncaa_softball,772,PRES,Presbyterian Blue Hose,Presbyterian,Presbyterian,Blue Hose,003372,
ncaa_softball,773,PROV,Providence Friars,Providence,Providence,Friars,000000,
ncaa_softball,774,QUIN,Quinnipiac Bobcats,Quinnipiac,Quinnipiac,Bobcats,002162,
ncaa_softball,775,RAD,Radford Highlanders,Radford,Radford,Highlanders,bd1818,
ncaa_softball,776,URI,Rhode Island Rams,Rhode Island,Rhode Island,Rams,003559,
ncaa_softball,777,RID,Rider Broncs,Rider,Rider,Broncs,c82223,
ncaa_softball,778,RMU,Robert Morris Colonials,Robert Morris,Robert Morris,Colonials,3d4262,
ncaa_softball,779,JOES,Saint Joseph's Hawks,Saint Joseph's,Saint Joseph's,Hawks,BB003A,
ncaa_softball,780,SMC,Saint Mary's Gaels,Saint Mary's,Saint Mary's,Gaels,000063,
ncaa_softball,781,SCU,Santa Clara Broncos,Santa Clara,Santa Clara,Broncos,690b0b,
ncaa_softball,782,SEA,Seattle U Redhawks,Seattle U,Seattle U,Redhawks,bd2d1a,
ncaa_softball,783,SIUE,SIU Edwardsville Cougars,SIUE,SIU Edwardsville,Cougars,eb1c23,
ncaa_softball,784,SCST,South Carolina State Bulldogs,SC State,South Carolina State,Bulldogs,7d1315,
ncaa_softball,785,SDAK,South Dakota Coyotes,South Dakota,South Dakota,Coyotes,d11346,
ncaa_softball,786,SIU,Southern Illinois Salukis,S Illinois,Southern Illinois,Salukis,85283D,
ncaa_softball,787,SMU,SMU Mustangs,SMU,SMU,Mustangs,e73139,
ncaa_softball,788,SUU,Southern Utah Thunderbirds,Southern Utah,Southern Utah,Thunderbirds,d10000,
ncaa_softball,789,SFBK,St. Francis Brooklyn Terriers,St Francis BK,St. Francis Brooklyn,Terriers,00158c,
ncaa_softball,790,SFPA,Saint Francis Red Flash,Saint Francis,Saint Francis,Red Flash,a20012,
ncaa_softball,791,SPU,Saint Peter's Peacocks,Saint Peter's,Saint Peter's,Peacocks,001555,
ncaa_softball,792,SFA,Stephen F. Austin Lumberjacks,SF Austin,Stephen F. Austin,Lumberjacks,230d3c,
ncaa_softball,793,SYR,Syracuse Orange,Syracuse,Syracuse,Orange,1A3E86,
ncaa_softball,794,TNST,Tennessee State Tigers,Tennessee St,Tennessee State,Tigers,21398c,
ncaa_softball,795,TNTC,Tennessee Tech Golden Eagles,Tennessee Tech,Tennessee Tech,Golden Eagles,440e62,
ncaa_softball,796,UTM,UT Martin Skyhawks,UT Martin,UT Martin,Skyhawks,000099,
ncaa_softball,797,AMCC,Texas A&M-Corpus Christi Islanders,Texas A&M-CC,Texas A&M-Corpus Christi,Islanders,00639c,
ncaa_softball,798,UTPA,Texas-Pan American Broncs,TX-Pan American,Texas-Pan American,Broncs,dc6000,
ncaa_softball,799,TOL,Toledo Rockets,Toledo,Toledo,Rockets,00275D,
ncaa_softball,800,TLSA,Tulsa Golden Hurricane,Tulsa,Tulsa,Golden Hurricane,004273,
ncaa_softball,801,UAB,UAB Blazers,UAB,UAB,Blazers,000000,
ncaa_softball,802,UCD,UC Davis Aggies,UC Davis,UC Davis,Aggies,103670,
ncaa_softball,803,UML,UMass Lowell River Hawks,UMass Lowell,UMass Lowell,River Hawks,,
ncaa_softball,804,UMBC,UMBC Retrievers,UMBC,UMBC,Retrievers,000000,
ncaa_softball,805,KC,Kansas City Kangaroos,Kansas City,Kansas City,Kangaroos,004A8B,
ncaa_softball,806,UNCA,UNC Asheville Bulldogs,UNC Asheville,UNC Asheville,Bulldogs,092575,
ncaa_softball,807,SCUP,South Carolina Upstate Spartans,SC Upstate,South Carolina Upstate,Spartans,006e3a,
ncaa_softball,808,USU,Utah State Aggies,Utah State,Utah State,Aggies,020767,
ncaa_softball,809,UVU,Utah Valley Wolverines,Utah Valley,Utah Valley,Wolverines,702d07,
ncaa_softball,810,UTEP,UTEP Miners,UTEP,UTEP,Miners,ff7339,
ncaa_softball,811,UVM,Vermont Catamounts,Vermont,Vermont,Catamounts,204631,
ncaa_softball,812,VILL,Villanova Wildcats,Villanova,Villanova,Wildcats,006699,
ncaa_softball,813,VMI,Virginia Military Keydets,VMI,Virginia Military,Keydets,000000,
ncaa_softball,814,WAG,Wagner Seahawks,Wagner,Wagner,Seahawks,003e22,
ncaa_softball,815,WEB,Weber State Wildcats,Weber St,Weber State,Wildcats,18005a,
ncaa_softball,816,WIU,Western Illinois Leathernecks,W Illinois,Western Illinois,Leathernecks,4e1e8a,
ncaa_softball,817,WMU,Western Michigan Broncos,W Michigan,Western Michigan,Broncos,825229,
ncaa_softball,818,WIS,Wisconsin Badgers,Wisconsin,Wisconsin,Badgers,c32122,
ncaa_softball,819,WYO,Wyoming Cowboys,Wyoming,Wyoming,Cowboys,523921,
ncaa_softball,820,YALE,Yale Bulldogs,Yale,Yale,Bulldogs,004a81,
ncaa_softball,854,BAC,Bacone,BACONECG,Bacone,Bacone,,
ncaa_softball,855,CENT,Centenary (LA) Gentlemen,Centenary (LA),Centenary (LA),Gentlemen,,
ncaa_softball,856,LOUC,Louisiana Christian Wildcats,LA Christian,Louisiana Christian,Wildcats,,
ncaa_softball,857,NEKR,Nebraska Kearney Lopers,NE Kearney,Nebraska Kearney,Lopers,,
ncaa_softball,859,STGR,St. Gregory Cavaliers,St Gregorys,St. Gregory,Cavaliers,,
ncaa_softball,860,AH,Alabama Huntsville Chargers,UA-Huntsville,Alabama Huntsville,Chargers,,
ncaa_softball,861,ALBS,Albany State Golden Rams,Albany St,Albany State,Golden Rams,,
ncaa_softball,862,ASHF,CLINTON Ashford,ASHFORD,CLINTON,Ashford,,
ncaa_softball,863,AUST,Austin 'Roos,Austin,Austin,'Roos,,
ncaa_softball,864,BELH,Belhaven Blazers,Belhaven,Belhaven,Blazers,,
ncaa_softball,865,BEN,Benedict Tigers,Benedict,Benedict,Tigers,,
ncaa_softball,866,BTTN,Bethel (TN) Wildcats,Bethel (TN),Bethel (TN),Wildcats,,
ncaa_softball,867,BREW,Brewton Parker Wildcats,Brewton Parker,Brewton Parker,Wildcats,,
ncaa_softball,868,CABR,Cabrini Cavaliers,CABRINI,Cabrini,Cavaliers,,
ncaa_softball,869,CBVU,Campbellsville Tigers,Campbellsville,Campbellsville,Tigers,,
ncaa_softball,870,CASE,Case Western Reserve Spartans,Case Western,Case Western Reserve,Spartans,,
ncaa_softball,871,CEBA,Central Baptist Mustangs,Cent Baptist,Central Baptist,Mustangs,,
ncaa_softball,872,CEME,Central Methodist Eagles,Cen Methodist,Central Methodist,Eagles,,
ncaa_softball,873,CENT,Centre Colonels,Centre,Centre,Colonels,,
ncaa_softball,874,CHRS,Christian Brothers Buccaneers,Christian Bros,Christian Brothers,Buccaneers,,
ncaa_softball,875,UNCF,Claflin Panthers,Claflin,Claflin,Panthers,,
ncaa_softball,876,CLAR,Clark Atlanta Panthers,Clark (GA),Clark Atlanta,Panthers,,
ncaa_softball,877,COSP,Colorado Colorado Springs Mountain Lions,UC Col Springs,Colorado Colorado Springs,Mountain Lions,,
ncaa_softball,878,COLU,Columbia (SC) COLUMBIA COLLEGE,Columbia (SC),Columbia (SC),COLUMBIA COLLEGE,,
ncaa_softball,879,COPI,Copiah-Lincoln CC Lady Wolves,Copiah-Lincoln CC,Copiah-Lincoln CC,Lady Wolves,,
ncaa_softball,880,DELT,Delta State Statesmen,Delta St,Delta State,Statesmen,,
ncaa_softball,881,UTU,Utah Tech Trailblazers,Utah Tech,Utah Tech,Trailblazers,,
ncaa_softball,882,ELIZ,Elizabeth City State Vikings,Elizabeth City,Elizabeth City State,Vikings,,
ncaa_softball,883,GOLD,Goldey Beacom GOLDEY-BEACOM,Goldey Beacom,Goldey Beacom,GOLDEY-BEACOM,,
ncaa_softball,884,HOUV,Texas A&M-Victoria HOUSTON-VICTORIA,Hou Victoria,Texas A&M-Victoria,HOUSTON-VICTORIA,,
ncaa_softball,885,HUST,Huston Tillotson Rams,Huston Till,Huston Tillotson,Rams,,
ncaa_softball,886,ITHA,Ithaca Bombers,Ithaca,Ithaca,Bombers,,
ncaa_softball,887,KYST,Kentucky State Thorobreds,Kentucky St,Kentucky State,Thorobreds,,
ncaa_softball,888,LAND,Lander Senators,Lander,Lander,Senators,,
ncaa_softball,889,LANG,Langston Lions,Langston,Langston,Lions,,
ncaa_softball,890,LSUA,LSU Alexandria LSU ALEXANDRIA,LSU Alexandria,LSU Alexandria,LSU ALEXANDRIA,,
ncaa_softball,891,MCLA,MCLA Mohawks,MCLA,MCLA,Mohawks,,
ncaa_softball,892,MIDW,Midwestern State Mustangs,Midwestern St,Midwestern State,Mustangs,,
ncaa_softball,893,MILE,Miles Golden Bears,Miles,Miles,Golden Bears,,
ncaa_softball,894,MANK,Minnesota State Mavericks,Minnesota St,Minnesota State,Mavericks,,
ncaa_softball,895,MOST,Missouri S&T Miners,Missouri S&T,Missouri S&T,Miners,,
ncaa_softball,896,MOWT,Missouri Western Griffons,MO Western,Missouri Western,Griffons,,
ncaa_softball,898,OKLB,Oklahoma Baptist Bison,OK Baptist,Oklahoma Baptist,Bison,,
ncaa_softball,899,OKLC,Oklahoma Christian OKLAHOMA CHRISTIAN,OK Christian,Oklahoma Christian,OKLAHOMA CHRISTIAN,,
ncaa_softball,900,OKCT,Oklahoma City Okies,Oklahoma City,Oklahoma City,Okies,,
ncaa_softball,901,OBU,Ouachita Baptist Tigers,Ouachita Bapt,Ouachita Baptist,Tigers,,
ncaa_softball,902,LOTL,Our Lady of the Lake Saints,Lady of Lake,Our Lady of the Lake,Saints,,
ncaa_softball,903,PSC,Peru State PERU STATE,Peru State,Peru State,PERU STATE,,
ncaa_softball,904,SALM,Salem State Vikings,Salem St,Salem State,Vikings,,
ncaa_softball,905,SIMF,Simon Fraser Red Leafs,Simon Fraser,Simon Fraser,Red Leafs,,
ncaa_softball,906,SIMP,Simpson (CA) Red Hawks,Simpson (CA),Simpson (CA),Red Hawks,,
ncaa_softball,907,SIOX,Sioux Falls Cougars,Sioux Falls,Sioux Falls,Cougars,,
ncaa_softball,908,SIUC,SIU Carbondale,SiuC,SIU Carbondale,,,
ncaa_softball,909,STHE,Southeastern Fire,Southeastern,Southeastern,Fire,,
ncaa_softball,910,SPAR,Spartanburg Methodist,SpartMth,Spartanburg Methodist,,,
ncaa_softball,911,SPHL,Spring Hill Badgers,Spring Hill,Spring Hill,Badgers,,
ncaa_softball,912,STMY,St. Mary's (TX) Rattlers,St Mary's (TX),St. Mary's (TX),Rattlers,,
ncaa_softball,913,STIL,Stillman Tigers,Stillman,Stillman,Tigers,,
ncaa_softball,914,TUSA,Team USA,Team USA,Team USA,,,
ncaa_softball,915,TXCL,Texas College Steers,Texas College,Texas College,Steers,,
ncaa_softball,916,TREV,Trevecca Nazarene Trojans,Trevecca,Trevecca Nazarene,Trojans,,
ncaa_softball,917,TXWM,Texas Woman's Pioneers,Texas Woman's,Texas Woman's,Pioneers,,
ncaa_softball,918,GRFL,Providence (MT) Argonauts,Providence-MT,Providence (MT),Argonauts,,
ncaa_softball,919,VAUN,Virginia Union Panthers,Virginia Union,Virginia Union,Panthers,,
ncaa_softball,920,WLCA,William Carey Crusaders,William Carey,William Carey,Crusaders,,
ncaa_softball,921,WLPN,William Penn Statesmen,William Penn,William Penn,Statesmen,,
ncaa_softball,922,WNSA,Winston-Salem State Rams,Winston-Salem,Winston-Salem State,Rams,,
ncaa_softball,923,WIRI,Wisconsin River Falls Falcons,UW-River Falls,Wisconsin River Falls,Falcons,,
ncaa_whockey,103,BC,Boston College Eagles,Boston College,Boston College,Eagles,,
ncaa_whockey,104,BU,Boston University Terriers,Boston University,Boston University,Terriers,,
ncaa_whockey,107,HC,Holy Cross Crusaders,Holy Cross,Holy Cross,Crusaders,,
ncaa_whockey,108,HARV,Harvard Crimson,Harvard,Harvard,Crimson,,
ncaa_whockey,111,NE,Northeastern Huskies,Northeastern,Northeastern,Huskies,,
ncaa_whockey,121934,FP,Franklin Pierce Ravens,Franklin Pierce,Franklin Pierce,Ravens,,
ncaa_whockey,127962,ASP,Assumption Greyhounds,Assumption,Assumption,Greyhounds,,
ncaa_whockey,127963,ST.,St. Michael'S College Purple Knights,St. Michael'S College,St. Michael'S College,Purple Knights,,
ncaa_whockey,132,BST,Bemidji State Beavers,Bemidji State,Bemidji State,Beavers,,
ncaa_whockey,134,UMD,Minnesota Duluth Bulldogs,Minnesota Duluth,Minnesota Duluth,Bulldogs,,
ncaa_whockey,135,MINN,Minnesota Golden Gophers,Minnesota,Minnesota,Golden Gophers,,
ncaa_whockey,155,UND,North Dakota Fighting Hawks,North Dakota,North Dakota,Fighting Hawks,,
ncaa_whockey,159,DART,Dartmouth Big Green,Dartmouth,Dartmouth,Big Green,,
ncaa_whockey,160,UNH,New Hampshire Wildcats,New Hampshire,New Hampshire,Wildcats,,
ncaa_whockey,163,PRIN,Princeton Tigers,Princeton,Princeton,Tigers,,
ncaa_whockey,172,COR,Cornell Big Red,Cornell,Cornell,Big Red,,
ncaa_whockey,178,RIT,RIT Tigers,RIT,RIT,Tigers,,
ncaa_whockey,183,SYR,Syracuse Orange,Syracuse,Syracuse,Orange,,
ncaa_whockey,194,OSU,Ohio State Buckeyes,Ohio State,Ohio State,Buckeyes,,
ncaa_whockey,213,PSU,Penn State Nittany Lions,Penn State,Penn State,Nittany Lions,,
ncaa_whockey,2137,CLAR,Clarkson Golden Knights,Clarkson,Clarkson,Golden Knights,,
ncaa_whockey,2142,COLG,Colgate Raiders,Colgate,Colgate,Raiders,,
ncaa_whockey,225,BRWN,Brown Bears,Brown,Brown,Bears,,
ncaa_whockey,2341,LIU,Long Island University Sharks,Long Island University,Long Island University,Sharks,,
ncaa_whockey,2364,MNST,Minnesota State Mavericks,Minnesota State,Minnesota State,Mavericks,,
ncaa_whockey,2385,MERC,Mercyhurst Lakers,Mercyhurst,Mercyhurst,Lakers,,
ncaa_whockey,2507,PROV,Providence Friars,Providence,Providence,Friars,,
ncaa_whockey,2514,QUIN,Quinnipiac Bobcats,Quinnipiac,Quinnipiac,Bobcats,,
ncaa_whockey,2523,RMU,Robert Morris Colonials,Robert Morris,Robert Morris,Colonials,,
ncaa_whockey,2528,RPI,Rensselaer Engineers,Rensselaer,Rensselaer,Engineers,,
ncaa_whockey,2529,SHU,Sacred Heart Pioneers,Sacred Heart,Sacred Heart,Pioneers,,
ncaa_whockey,2594,SCSU,St. Cloud State Huskies,St. Cloud State,St. Cloud State,Huskies,,
ncaa_whockey,260,STM,Saint Michael's Purple Knights,Saint Michael's,Saint Michael's,Purple Knights,,
ncaa_whockey,261,UVM,Vermont Catamounts,Vermont,Vermont,Catamounts,,
ncaa_whockey,275,WIS,Wisconsin Badgers,Wisconsin,Wisconsin,Badgers,,
ncaa_whockey,2771,MRMK,Merrimack Warriors,Merrimack,Merrimack,Warriors,,
ncaa_whockey,2779,USL,St. Lawrence Saints,St. Lawrence,St. Lawrence,Saints,,
ncaa_whockey,2785,UNNY,Union Garnet Chargers,Union,Union,Garnet Chargers,,
ncaa_whockey,2815,LIN,Lindenwood Lions,Lindenwood,Lindenwood,Lions,,
ncaa_whockey,2830,SANS,Saint Anselm Hawks,Saint Anselm,Saint Anselm,Hawks,,
ncaa_whockey,284,STO,Stonehill Skyhawks,Stonehill,Stonehill,Skyhawks,,
ncaa_whockey,2900,STMN,St. Thomas-Minnesota Tommies,St. Thomas-Minnesota,St. Thomas-Minnesota,Tommies,,
ncaa_whockey,311,ME,Maine Black Bears,Maine,Maine,Black Bears,,
ncaa_whockey,315,NIA,Niagara Purple Eagles,Niagara,Niagara,Purple Eagles,,
ncaa_whockey,41,CONN,UConn Huskies,UConn,UConn,Huskies,,
ncaa_whockey,43,YALE,Yale Bulldogs,Yale,Yale,Bulldogs,,
ncaa_whockey,430,POST,Post Eagles,Post,Post,Eagles,,
nfl,1,ATL,Atlanta Falcons,Falcons,Atlanta,Falcons,a71930,000000
nfl,10,TEN,Tennessee Titans,Titans,Tennessee,Titans,4495d2,001532
nfl,11,IND,Indianapolis Colts,Colts,Indianapolis,Colts,003b75,ffffff
nfl,12,KC,Kansas City Chiefs,Chiefs,Kansas City,Chiefs,e31837,ffb612
nfl,13,LV,Las Vegas Raiders,Raiders,Las Vegas,Raiders,000000,a5acaf
nfl,14,LAR,Los Angeles Rams,Rams,Los Angeles,Rams,003594,ffd100
nfl,15,MIA,Miami Dolphins,Dolphins,Miami,Dolphins,008e97,fc4c02
nfl,16,MIN,Minnesota Vikings,Vikings,Minnesota,Vikings,4f2683,ffc62f
nfl,17,NE,New England Patriots,Patriots,New England,Patriots,002a5c,c60c30
nfl,18,NO,New Orleans Saints,Saints,New Orleans,Saints,d3bc8d,000000
nfl,19,NYG,New York Giants,Giants,New York,Giants,003c7f,c9243f
nfl,2,BUF,Buffalo Bills,Bills,Buffalo,Bills,00338d,d50a0a
nfl,20,NYJ,New York Jets,Jets,New York,Jets,115740,ffffff
nfl,21,PHI,Philadelphia Eagles,Eagles,Philadelphia,Eagles,06424d,000000
nfl,22,ARI,Arizona Cardinals,Cardinals,Arizona,Cardinals,a40227,ffffff
nfl,23,PIT,Pittsburgh Steelers,Steelers,Pittsburgh,Steelers,000000,ffb612
nfl,24,LAC,Los Angeles Chargers,Chargers,Los Angeles,Chargers,0080c6,ffc20e
nfl,25,SF,San Francisco 49ers,49ers,San Francisco,49ers,aa0000,b3995d
nfl,26,SEA,Seattle Seahawks,Seahawks,Seattle,Seahawks,002a5c,69be28
nfl,27,TB,Tampa Bay Buccaneers,Buccaneers,Tampa Bay,Buccaneers,bd1c36,3e3a35
nfl,28,WSH,Washington Commanders,Commanders,Washington,Commanders,5a1414,ffb612
nfl,29,CAR,Carolina Panthers,Panthers,Carolina,Panthers,0085ca,000000
nfl,3,CHI,Chicago Bears,Bears,Chicago,Bears,0b1c3a,e64100
nfl,30,JAX,Jacksonville Jaguars,Jaguars,Jacksonville,Jaguars,007487,d7a22a
nfl,33,BAL,Baltimore Ravens,Ravens,Baltimore,Ravens,29126f,000000
nfl,34,HOU,Houston Texans,Texans,Houston,Texans,021018,eb0028
nfl,4,CIN,Cincinnati Bengals,Bengals,Cincinnati,Bengals,fb4f14,000000
nfl,5,CLE,Cleveland Browns,Browns,Cleveland,Browns,472a08,ff3c00
nfl,6,DAL,Dallas Cowboys,Cowboys,Dallas,Cowboys,002a5c,b0b7bc
nfl,7,DEN,Denver Broncos,Broncos,Denver,Broncos,0a2343,fc4c02
nfl,8,DET,Detroit Lions,Lions,Detroit,Lions,0076b6,bbbbbb
nfl,9,GB,Green Bay Packers,Packers,Green Bay,Packers,204e32,ffb612
nhl,1,BOS,Boston Bruins,Bruins,Boston,Bruins,231f20,fdb71a
nhl,10,MTL,Montreal Canadiens,Canadiens,Montreal,Canadiens,c41230,013a81
nhl,11,NJ,New Jersey Devils,Devils,New Jersey,Devils,e30b2b,000000
nhl,12,NYI,New York Islanders,Islanders,New York,Islanders,00529b,f47d31
nhl,124292,SEA,Seattle Kraken,Kraken,Seattle,Kraken,000d33,a3dce4
nhl,129764,UTAH,Utah Mammoth,Mammoth,Utah,Mammoth,000000,7ab2e1
nhl,13,NYR,New York Rangers,Rangers,New York,Rangers,0056ae,e51937
nhl,14,OTT,Ottawa Senators,Senators,Ottawa,Senators,dd1a32,b79257
nhl,15,PHI,Philadelphia Flyers,Flyers,Philadelphia,Flyers,fe5823,000000
nhl,16,PIT,Pittsburgh Penguins,Penguins,Pittsburgh,Penguins,000000,fdb71a
nhl,17,COL,Colorado Avalanche,Avalanche,Colorado,Avalanche,860038,005ea3
nhl,18,SJ,San Jose Sharks,Sharks,San Jose,Sharks,00788a,070707
nhl,19,STL,St. Louis Blues,Blues,St. Louis,Blues,0070b9,fdb71a
nhl,2,BUF,Buffalo Sabres,Sabres,Buffalo,Sabres,00468b,fdb71a
nhl,20,TB,Tampa Bay Lightning,Lightning,Tampa Bay,Lightning,003e7e,ffffff
nhl,21,TOR,Toronto Maple Leafs,Maple Leafs,Toronto,Maple Leafs,003e7e,ffffff
nhl,22,VAN,Vancouver Canucks,Canucks,Vancouver,Canucks,003e7e,008752
nhl,23,WSH,Washington Capitals,Capitals,Washington,Capitals,d71830,0b1f41
nhl,25,ANA,Anaheim Ducks,Ducks,Anaheim,Ducks,fc4c02,000000
nhl,26,FLA,Florida Panthers,Panthers,Florida,Panthers,e51937,002d62
nhl,27,NSH,Nashville Predators,Predators,Nashville,Predators,fdba31,002d62
nhl,28,WPG,Winnipeg Jets,Jets,Winnipeg,Jets,002d62,c41230
nhl,29,CBJ,Columbus Blue Jackets,Blue Jackets,Columbus,Blue Jackets,002d62,e31937
nhl,3,CGY,Calgary Flames,Flames,Calgary,Flames,dd1a32,000000
nhl,30,MIN,Minnesota Wild,Wild,Minnesota,Wild,124734,ae122a
nhl,37,VGK,Vegas Golden Knights,Golden Knights,Vegas,Golden Knights,344043,b4975a
nhl,4,CHI,Chicago Blackhawks,Blackhawks,Chicago,Blackhawks,e31937,000000
nhl,5,DET,Detroit Red Wings,Red Wings,Detroit,Red Wings,e30526,ffffff
nhl,6,EDM,Edmonton Oilers,Oilers,Edmonton,Oilers,00205b,ff4c00
nhl,7,CAR,Carolina Hurricanes,Hurricanes,Carolina,Hurricanes,e30426,000000
nhl,8,LA,Los Angeles Kings,Kings,Los Angeles,Kings,121212,a2aaad
nhl,9,DAL,Dallas Stars,Stars,Dallas,Stars,20864c,000000
ufl,112646,DC,DC DEFENDERS,DEFENDERS,DC,DEFENDERS,c8102e,ffffff
ufl,112647,DAL,Dallas Renegades,Renegades,Dallas,Renegades,69b3e7,000000
ufl,112651,STL,St. Louis Battlehawks,Battlehawks,St. Louis,Battlehawks,002677,a2aaad
ufl,126073,BHAM,Birmingham Stallions,Stallions,Birmingham,Stallions,a32035,c6b784
ufl,126075,HOU,Houston Gamblers,Gamblers,Houston,Gamblers,000000,e4002b
ufl,132261,CLB,Columbus Aviators,Aviators,Columbus,Aviators,0c2340,69b3e7
ufl,132262,LOU,Louisville Kings,Kings,Louisville,Kings,06190a,97d700
ufl,132263,ORL,Orlando Storm,Storm,Orlando,Storm,fe5000,252a36
wbb,103,BC,Boston College Eagles,Boston College,Boston College,Eagles,8c2232,dbcca6
wbb,104,BU,Boston University Terriers,Boston U,Boston University,Terriers,cc0000,ffffff
wbb,107,HC,Holy Cross Crusaders,Holy Cross,Holy Cross,Crusaders,582c83,ffffff
wbb,108,HARV,Harvard Crimson,Harvard,Harvard,Crimson,990000,dbdbdb
wbb,111,NE,Northeastern Huskies,Northeastern,Northeastern,Huskies,CC0001,c2c3c0
wbb,112358,LIU,Long Island University Sharks,Long Island,Long Island University,Sharks,50c9f7,ffbf00
wbb,113,MASS,Massachusetts Minutewomen,UMass,Massachusetts,Minutewomen,881c1c,ffffff
wbb,116,MSM,Mount St. Mary's Mountaineers,Mount St Marys,Mount St. Mary's,Mountaineers,005596,ebebeb
wbb,119,TOW,Towson Tigers,Towson,Towson,Tigers,FFC229,
wbb,12,ARIZ,Arizona Wildcats,Arizona,Arizona,Wildcats,cc0033,003366
wbb,120,MD,Maryland Terrapins,Maryland,Maryland,Terrapins,ce1126,ffffff
wbb,127,MSU,Michigan State Spartans,Michigan St,Michigan State,Spartans,173f35,ffffff
wbb,13,CP,Cal Poly Mustangs,Cal Poly,Cal Poly,Mustangs,1E4D2B,eed897
wbb,130,MICH,Michigan Wolverines,Michigan,Michigan,Wolverines,00274c,ffcb05
wbb,135,MINN,Minnesota Golden Gophers,Minnesota,Minnesota,Golden Gophers,5e0a2f,fab41c
wbb,139,SLU,Saint Louis Billikens,Saint Louis,Saint Louis,Billikens,00539C,ebebeb
wbb,140,KC,Kansas City Roos,Kansas City,Kansas City,Roos,004b87,ffc72c
wbb,142,MIZ,Missouri Tigers,Missouri,Missouri,Tigers,f1b82d,000000
wbb,145,MISS,Ole Miss Rebels,Ole Miss,Ole Miss,Rebels,13294b,cf142b
wbb,147,MTST,Montana State Bobcats,Montana St,Montana State,Bobcats,00205c,bc955c
wbb,149,MONT,Montana Lady Griz,Montana,Montana,Lady Griz,751D4A,666666
wbb,150,DUKE,Duke Blue Devils,Duke,Duke,Blue Devils,00539b,ffffff
wbb,151,ECU,East Carolina Pirates,East Carolina,East Carolina,Pirates,582c83,ffc72c
wbb,152,NCSU,NC State Wolfpack,NC State,NC State,Wolfpack,cc0000,ffffff
wbb,153,UNC,North Carolina Tar Heels,North Carolina,North Carolina,Tar Heels,7bafd4,13294b
wbb,154,WAKE,Wake Forest Demon Deacons,Wake Forest,Wake Forest,Demon Deacons,ceb888,2c2a29
wbb,155,UND,North Dakota Fighting Hawks,North Dakota,North Dakota,Fighting Hawks,00A26B,c2c3c0
wbb,156,CREI,Creighton Bluejays,Creighton,Creighton,Bluejays,005ca9,6cadde
wbb,158,NEB,Nebraska Cornhuskers,Nebraska,Nebraska,Cornhuskers,e31937,ffffff
wbb,159,DART,Dartmouth Big Green,Dartmouth,Dartmouth,Big Green,005730,000000
wbb,16,SAC,Sacramento State Hornets,Sacramento St,Sacramento State,Hornets,00573C,cdb97d
wbb,160,UNH,New Hampshire Wildcats,New Hampshire,New Hampshire,Wildcats,004990,c3c4c6
wbb,161,FDU,Fairleigh Dickinson Knights,FDU,Fairleigh Dickinson,Knights,72293c,28334a
wbb,163,PRIN,Princeton Tigers,Princeton,Princeton,Tigers,000000,ff6000
wbb,164,RUTG,Rutgers Scarlet Knights,Rutgers,Rutgers,Scarlet Knights,ce0e2d,ffffff
wbb,166,NMSU,New Mexico State Aggies,New Mexico St,New Mexico State,Aggies,7e141b,231f20
wbb,167,UNM,New Mexico Lobos,New Mexico,New Mexico,Lobos,ba0c2f,a7a8aa
wbb,171,COLU,Columbia Lions,Columbia,Columbia,Lions,7ba4db,183863
wbb,172,COR,Cornell Big Red,Cornell,Cornell,Big Red,b31b1b,ffffff
wbb,179,SBU,St. Bonaventure Bonnies,St Bonaventure,St. Bonaventure,Bonnies,70261D,
wbb,183,SYR,Syracuse Orange,Syracuse,Syracuse,Orange,000e54,ff431b
wbb,189,BGSU,Bowling Green Falcons,Bowling Green,Bowling Green,Falcons,fd5000,4f2c1d
wbb,193,M-OH,Miami (OH) RedHawks,Miami OH,Miami (OH),RedHawks,c41230,ffffff
wbb,194,OSU,Ohio State Buckeyes,Ohio State,Ohio State,Buckeyes,ba0c2f,a8adb4
wbb,195,OHIO,Ohio Bobcats,Ohio,Ohio,Bobcats,154734,ffffff
wbb,197,OKST,Oklahoma State Cowgirls,Oklahoma St,Oklahoma State,Cowgirls,fe5c00,000000
wbb,198,ORU,Oral Roberts Golden Eagles,Oral Roberts,Oral Roberts,Golden Eagles,002462,dac792
wbb,2,AUB,Auburn Tigers,Auburn,Auburn,Tigers,002b5c,f26522
wbb,2000,ACU,Abilene Christian Wildcats,Abilene Chrstn,Abilene Christian,Wildcats,592d82,b1b3b3
wbb,2005,AF,Air Force Falcons,Air Force,Air Force,Falcons,003594,ffffff
wbb,2006,AKR,Akron Zips,Akron,Akron,Zips,041e42,c5b783
wbb,201,OU,Oklahoma Sooners,Oklahoma,Oklahoma,Sooners,990000,ffffff
wbb,2010,AAMU,Alabama A&M Bulldogs,Alabama A&M,Alabama A&M,Bulldogs,790000,ffffff
wbb,2011,ALST,Alabama State Lady Hornets,Alabama St,Alabama State,Lady Hornets,e9a900,0a0a0a
wbb,2016,ALCN,Alcorn State Lady Braves,Alcorn St,Alcorn State,Lady Braves,4b0058,46166a
wbb,202,TLSA,Tulsa Golden Hurricane,Tulsa,Tulsa,Golden Hurricane,003595,d0b787
wbb,2026,APP,App State Mountaineers,App State,App State,Mountaineers,000000,ffcd00
wbb,2029,UAPB,Arkansas-Pine Bluff Golden Lions,AR-Pine Bluff,Arkansas-Pine Bluff,Golden Lions,e0aa0f,eaaa00
wbb,2031,LR,Little Rock Trojans,Little Rock,Little Rock,Trojans,AD0000,898d8f
wbb,2032,ARST,Arkansas State Red Wolves,Arkansas St,Arkansas State,Red Wolves,cc092f,000000
wbb,204,ORST,Oregon State Beavers,Oregon St,Oregon State,Beavers,dc4405,000000
wbb,2046,APSU,Austin Peay Governors,Austin Peay,Austin Peay,Governors,8e0b0b,
wbb,2050,BALL,Ball State Cardinals,Ball State,Ball State,Cardinals,ba0c2f,ffffff
wbb,2057,BEL,Belmont Bruins,Belmont,Belmont,Bruins,182142,c9262d
wbb,2065,BCU,Bethune-Cookman Wildcats,Bethune,Bethune-Cookman,Wildcats,7b1831,e9aa12
wbb,2066,BING,Binghamton Bearcats,Binghamton,Binghamton,Bearcats,00614A,f0f0f0
wbb,2083,BUCK,Bucknell Bison,Bucknell,Bucknell,Bison,000060,00316e
wbb,2084,BUF,Buffalo Bulls,Buffalo,Buffalo,Bulls,005bbb,ffffff
wbb,2086,BTLR,Butler Bulldogs,Butler,Butler,Bulldogs,0d1361,00a3e0
wbb,2097,CAM,Campbell Fighting Camels,Campbell,Campbell,Fighting Camels,000000,
wbb,2099,CAN,Canisius Golden Griffins,Canisius,Canisius,Golden Griffins,004a81,dda50f
wbb,21,SDSU,San Diego State Aztecs,San Diego St,San Diego State,Aztecs,a6192e,000000
wbb,2110,CARK,Central Arkansas Bears,C Arkansas,Central Arkansas,Bears,a7a9ac,8e959a
wbb,2115,CCSU,Central Connecticut Blue Devils,C Connecticut,Central Connecticut,Blue Devils,1B49A2,d1d5d8
wbb,2116,UCF,UCF Knights,UCF,UCF,Knights,000000,b4a169
wbb,2117,CMU,Central Michigan Chippewas,C Michigan,Central Michigan,Chippewas,4c0027,fbab18
wbb,2127,CHSO,Charleston Southern Buccaneers,Charleston So,Charleston Southern,Buccaneers,2e3192,ded090
wbb,213,PSU,Penn State Lady Lions,Penn State,Penn State,Lady Lions,061440,ffffff
wbb,2130,CHST,Chicago State Cougars,Chicago St,Chicago State,Cougars,006700,
wbb,2132,CIN,Cincinnati Bearcats,Cincinnati,Cincinnati,Bearcats,000000,e00122
wbb,2142,COLG,Colgate Raiders,Colgate,Colgate,Raiders,821019,ffffff
wbb,2154,COPP,Coppin State Eagles,Coppin St,Coppin State,Eagles,2e3192,ffd204
wbb,2166,DAV,Davidson Wildcats,Davidson,Davidson,Wildcats,000000,e51837
wbb,2168,DAY,Dayton Flyers,Dayton,Dayton,Flyers,004B8D,ffffff
wbb,2169,DSU,Delaware State Hornets,Delaware St,Delaware State,Hornets,009cdb,d51c28
wbb,2172,DEN,Denver Pioneers,Denver,Denver,Pioneers,98002e,a8996e
wbb,2174,DETM,Detroit Mercy Titans,Detroit Mercy,Detroit Mercy,Titans,165b9e,d31733
wbb,218,TEM,Temple Owls,Temple,Temple,Owls,a41e35,ffffff
wbb,2181,DRKE,Drake Bulldogs,Drake,Drake,Bulldogs,005596,bec0c2
wbb,2182,DREX,Drexel Dragons,Drexel,Drexel,Dragons,020260,ffd65a
wbb,2184,DUQ,Duquesne Dukes,Duquesne,Duquesne,Dukes,002D62,b90b2e
wbb,219,PENN,Pennsylvania Quakers,Penn,Pennsylvania,Quakers,082A74,a6163d
wbb,2193,ETSU,East Tennessee State Bucs,ETSU,East Tennessee State,Bucs,002d61,ffc423
wbb,2197,EIU,Eastern Illinois Panthers,E Illinois,Eastern Illinois,Panthers,000000,bebab9
wbb,2198,EKU,Eastern Kentucky Colonels,E Kentucky,Eastern Kentucky,Colonels,660819,f0f0f0
wbb,2199,EMU,Eastern Michigan Eagles,E Michigan,Eastern Michigan,Eagles,006938,ffffff
wbb,221,PITT,Pittsburgh Panthers,Pitt,Pittsburgh,Panthers,003594,ffb81c
wbb,2210,ELON,Elon Phoenix,Elon,Elon,Phoenix,020303,b59a57
wbb,2217,FAIR,Fairfield Stags,Fairfield,Fairfield,Stags,000000,ebebeb
wbb,222,VILL,Villanova Wildcats,Villanova,Villanova,Wildcats,00205b,13b5ea
wbb,2226,FAU,Florida Atlantic Owls,FAU,Florida Atlantic,Owls,003366,cc0000
wbb,2229,FIU,Florida International Panthers,FIU,Florida International,Panthers,091f3f,c3993f
wbb,2230,FOR,Fordham Rams,Fordham,Fordham,Rams,830032,909090
wbb,2239,CSUF,Cal State Fullerton Titans,Fullerton,Cal State Fullerton,Titans,003767,ff8300
wbb,2241,GWEB,Gardner-Webb Runnin' Bulldogs,Gardner-Webb,Gardner-Webb,Runnin' Bulldogs,c12535,909090
wbb,2244,GMU,George Mason Patriots,George Mason,George Mason,Patriots,016600,ecb010
wbb,2247,GAST,Georgia State Panthers,Georgia St,Georgia State,Panthers,0039a6,ffffff
wbb,225,BRWN,Brown Bears,Brown,Brown,Bears,411e09,949300
wbb,2250,GONZ,Gonzaga Bulldogs,Gonzaga,Gonzaga,Bulldogs,041e42,c8102e
wbb,2253,GCU,Grand Canyon Lopes,Grand Canyon,Grand Canyon,Lopes,522398,ffffff
wbb,2261,HAMP,Hampton Lady Pirates,Hampton,Hampton,Lady Pirates,0067AC,
wbb,227,URI,Rhode Island Rams,Rhode Island,Rhode Island,Rams,091f3f,5ab3e8
wbb,2272,HPU,High Point Panthers,High Point,High Point,Panthers,330072,ffffff
wbb,2275,HOF,Hofstra Pride,Hofstra,Hofstra,Pride,003594,ffc72c
wbb,2277,HCU,Houston Christian Huskies,Hou Christian,Houston Christian,Huskies,00539c,
wbb,228,CLEM,Clemson Tigers,Clemson,Clemson,Tigers,f56600,ffffff
wbb,2287,ILST,Illinois State Redbirds,Illinois St,Illinois State,Redbirds,CE1126,ffe716
wbb,2294,IOWA,Iowa Hawkeyes,Iowa,Iowa,Hawkeyes,231f20,fcd116
wbb,2296,JKST,Jackson State Lady Tigers,Jackson St,Jackson State,Lady Tigers,123297,b5b7ba
wbb,23,SJSU,San José State Spartans,San José St,San José State,Spartans,0038a8,ffb81a
wbb,2305,KU,Kansas Jayhawks,Kansas,Kansas,Jayhawks,0051ba,e8000d
wbb,2306,KSU,Kansas State Wildcats,Kansas St,Kansas State,Wildcats,330a57,e2e3e4
wbb,2309,KENT,Kent State Golden Flashes,Kent State,Kent State,Golden Flashes,002664,eaab00
wbb,231,FUR,Furman Paladins,Furman,Furman,Paladins,582c83,ffffff
wbb,232,COFC,Charleston Cougars,Charleston,Charleston,Cougars,7a2531,9e8959
wbb,2320,LAM,Lamar Cardinals,Lamar,Lamar,Cardinals,000000,ebebeb
wbb,2325,LAS,La Salle Explorers,La Salle,La Salle,Explorers,003356,ffce00
wbb,2329,LEH,Lehigh Mountain Hawks,Lehigh,Lehigh,Mountain Hawks,6c2b2a,b69e70
wbb,233,SDAK,South Dakota Coyotes,South Dakota,South Dakota,Coyotes,CD1241,f0f0f0
wbb,2330,LEM,Le Moyne Dolphins,Le Moyne,Le Moyne,Dolphins,000000,
wbb,2335,LIB,Liberty Flames,Liberty,Liberty,Flames,0a254e,b72025
wbb,2344,LONG,Longwood Lancers,Longwood,Longwood,Lancers,003273,9ea2a3
wbb,2348,LT,Louisiana Tech Lady Techsters,Louisiana Tech,Louisiana Tech,Lady Techsters,003087,cb333b
wbb,2349,UML,UMass Lowell River Hawks,UMass Lowell,UMass Lowell,River Hawks,000000,cf1f2f
wbb,235,MEM,Memphis Tigers,Memphis,Memphis,Tigers,004991,8e908f
wbb,2350,LUC,Loyola Chicago Ramblers,Loyola Chicago,Loyola Chicago,Ramblers,9d1244,
wbb,2351,LMU,Loyola Marymount Lions,LMU,Loyola Marymount,Lions,880029,00345b
wbb,2352,L-MD,Loyola Maryland Greyhounds,Loyola MD,Loyola Maryland,Greyhounds,76a7a0,c9cbca
wbb,236,UTC,Chattanooga Mocs,Chattanooga,Chattanooga,Mocs,00386b,dca71d
wbb,2363,MAN,Manhattan Jaspers,Manhattan,Manhattan,Jaspers,4f8537,b5b7ba
wbb,2368,MRST,Marist Red Foxes,Marist,Marist,Red Foxes,e53730,f0f0f0
wbb,2377,MCN,McNeese Cowgirls,McNeese,McNeese,Cowgirls,00529C,ffd204
wbb,2378,UMBC,UMBC Retrievers,UMBC,UMBC,Retrievers,000000,ad860a
wbb,2379,UMES,Maryland Eastern Shore Hawks,MD Eastern,Maryland Eastern Shore,Hawks,5c2301,b5b7ba
wbb,238,VAN,Vanderbilt Commodores,Vanderbilt,Vanderbilt,Commodores,000000,cfae70
wbb,2382,MER,Mercer Bears,Mercer,Mercer,Bears,ff7f29,080808
wbb,239,BAY,Baylor Bears,Baylor,Baylor,Bears,154734,ffb81c
wbb,2390,MIA,Miami Hurricanes,Miami,Miami,Hurricanes,f47423,035131
wbb,2393,MTSU,Middle Tennessee Blue Raiders,MTSU,Middle Tennessee,Blue Raiders,036eb7,ffffff
wbb,24,STAN,Stanford Cardinal,Stanford,Stanford,Cardinal,8c1515,ffffff
wbb,2400,MVSU,Mississippi Valley State Devilettes,Miss Valley St,Mississippi Valley State,Devilettes,005328,cf2d34
wbb,2405,MONM,Monmouth Hawks,Monmouth,Monmouth,Hawks,051844,
wbb,2413,MORE,Morehead State Eagles,Morehead St,Morehead State,Eagles,094FA3,fed91a
wbb,2415,MORG,Morgan State Lady Bears,Morgan St,Morgan State,Lady Bears,014786,f47937
wbb,242,RICE,Rice Owls,Rice,Rice,Owls,00205b,c1c6c8
wbb,2426,NAVY,Navy Midshipmen,Navy,Navy,Midshipmen,00225b,b5a67c
wbb,2427,UNCA,UNC Asheville Bulldogs,UNC Asheville,UNC Asheville,Bulldogs,003da5,ffffff
wbb,2428,NCCU,North Carolina Central Eagles,NC Central,North Carolina Central,Eagles,880023,c2c3c0
wbb,2429,CLT,Charlotte 49ers,Charlotte,Charlotte,49ers,005035,a49665
wbb,2430,UNCG,UNC Greensboro Spartans,UNC Greensboro,UNC Greensboro,Spartans,003559,ffd90a
wbb,2433,ULM,UL Monroe Warhawks,UL Monroe,UL Monroe,Warhawks,840029,fdb913
wbb,2437,OMA,Omaha Mavericks,Omaha,Omaha,Mavericks,e3193e,474648
wbb,2439,UNLV,UNLV Lady Rebels,UNLV,UNLV,Lady Rebels,cf0a2c,cac8c8
wbb,2440,NEV,Nevada Wolf Pack,Nevada,Nevada,Wolf Pack,041e42,8a8d8f
wbb,2441,NHVN,New Haven Chargers,New Haven,New Haven,Chargers,041e42,ffc425
wbb,2443,NOLA,LSU New Orleans Privateers,LSU N Orleans,LSU New Orleans,Privateers,461d7c,fdd023
wbb,2447,NICH,Nicholls Colonels,Nicholls,Nicholls,Colonels,C41230,f0f0f0
wbb,2448,NCAT,North Carolina A&T Aggies,NC A&T,North Carolina A&T,Aggies,0505aa,004684
wbb,2449,NDSU,North Dakota State Bison,N Dakota St,North Dakota State,Bison,01402A,ffffff
wbb,245,TA&M,Texas A&M Aggies,Texas A&M,Texas A&M,Aggies,500000,ffffff
wbb,2450,NORF,Norfolk State Spartans,Norfolk St,Norfolk State,Spartans,0c8968,fdb813
wbb,2453,UNA,North Alabama Lions,North Alabama,North Alabama,Lions,000000,
wbb,2454,UNF,North Florida Ospreys,North Florida,North Florida,Ospreys,004B8D,babcbe
wbb,2458,UNCO,Northern Colorado Bears,N Colorado,Northern Colorado,Bears,13558D,ffc533
wbb,2459,NIU,Northern Illinois Huskies,N Illinois,Northern Illinois,Huskies,c8102e,000000
wbb,2460,UNI,Northern Iowa Panthers,Northern Iowa,Northern Iowa,Panthers,473282,ffffff
wbb,2463,CSUN,Cal State Northridge Matadors,CSU Northridge,Cal State Northridge,Matadors,b50000,
wbb,2464,NAU,Northern Arizona Lumberjacks,N Arizona,Northern Arizona,Lumberjacks,003976,1b3069
wbb,2466,NWST,Northwestern State Lady Demons,N'Western St,Northwestern State,Lady Demons,492F91,ed6118
wbb,2473,OAK,Oakland Golden Grizzlies,Oakland,Oakland,Golden Grizzlies,04091c,bc955c
wbb,248,HOU,Houston Cougars,Houston,Houston,Cougars,c8102e,ffffff
wbb,2483,ORE,Oregon Ducks,Oregon,Oregon,Ducks,00934b,fff41b
wbb,249,UNT,North Texas Mean Green,North Texas,North Texas,Mean Green,068f33,ffffff
wbb,2492,PEPP,Pepperdine Waves,Pepperdine,Pepperdine,Waves,003A72,dc762f
wbb,25,CAL,California Golden Bears,California,California,Golden Bears,041e42,ffc72c
wbb,250,UTA,UT Arlington Mavericks,UT Arlington,UT Arlington,Mavericks,004b7c,f58024
wbb,2501,PORT,Portland Pilots,Portland,Portland,Pilots,330072,a8b3ba
wbb,2502,PRST,Portland State Vikings,Portland St,Portland State,Vikings,00311e,ebebeb
wbb,2504,PV,Prairie View A&M Lady Panthers,Prairie View,Prairie View A&M,Lady Panthers,582c83,eaaa00
wbb,2506,PRES,Presbyterian Blue Hose,Presbyterian,Presbyterian,Blue Hose,194896,990134
wbb,2507,PROV,Providence Friars,Providence,Providence,Friars,000000,a3a19e
wbb,2509,PUR,Purdue Boilermakers,Purdue,Purdue,Boilermakers,ceb888,000000
wbb,251,TEX,Texas Longhorns,Texas,Texas,Longhorns,af5c37,ffffff
wbb,2511,QUC,Queens University Royals,Queens,Queens University,Royals,192C66,857040
wbb,2514,QUIN,Quinnipiac Bobcats,Quinnipiac,Quinnipiac,Bobcats,041B43,
wbb,2515,RAD,Radford Highlanders,Radford,Radford,Highlanders,BC1515,c2c3c0
wbb,252,BYU,BYU Cougars,BYU,BYU,Cougars,0047ba,002e5d
wbb,2520,RID,Rider Broncs,Rider,Rider,Broncs,a80532,ebebeb
wbb,2523,RMU,Robert Morris Colonials,Robert Morris,Robert Morris,Colonials,00214D,a21d2b
wbb,2529,SHU,Sacred Heart Pioneers,Sacred Heart,Sacred Heart,Pioneers,a40012,c29472
wbb,253,SUU,Southern Utah Thunderbirds,Southern Utah,Southern Utah,Thunderbirds,c72026,000000
wbb,2534,SHSU,Sam Houston Bearkats,Sam Houston,Sam Houston,Bearkats,f56423,ffffff
wbb,2535,SAM,Samford Bulldogs,Samford,Samford,Bulldogs,005485,bc0023
wbb,2539,SF,San Francisco Dons,San Francisco,San Francisco,Dons,005a36,ffffff
wbb,254,UTAH,Utah Utes,Utah,Utah,Utes,be0000,ffffff
wbb,2540,UCSB,UC Santa Barbara Gauchos,Santa Barbara,UC Santa Barbara,Gauchos,1e1840,febc11
wbb,2541,SCU,Santa Clara Broncos,Santa Clara,Santa Clara,Broncos,690b0b,101010
wbb,2545,SELA,SE Louisiana Lady Lions,SE Louisiana,SE Louisiana,Lady Lions,215732,ffc72c
wbb,2546,SEMO,Southeast Missouri State Redhawks,SE Missouri,Southeast Missouri State,Redhawks,c8102e,000000
wbb,2547,SEA,Seattle U Redhawks,Seattle U,Seattle U,Redhawks,BF2E1A,c2c3c0
wbb,2550,HALL,Seton Hall Pirates,Seton Hall,Seton Hall,Pirates,0857B1,8a8d8f
wbb,256,JMU,James Madison Dukes,James Madison,James Madison,Dukes,450084,cbb677
wbb,2561,SIE,Siena Saints,Siena,Siena,Saints,037961,eea60f
wbb,2565,SIUE,SIU Edwardsville Cougars,SIUE,SIU Edwardsville,Cougars,eb1c23,080808
wbb,2567,SMU,SMU Mustangs,SMU,SMU,Mustangs,a80000,0033a1
wbb,2569,SCST,South Carolina State Lady Bulldogs,SC State,South Carolina State,Lady Bulldogs,7d1315,104897
wbb,257,RICH,Richmond Spiders,Richmond,Richmond,Spiders,9e0712,b90b2e
wbb,2571,SDST,South Dakota State Jackrabbits,S Dakota St,South Dakota State,Jackrabbits,0033a0,ffd100
wbb,2572,USM,Southern Miss Lady Eagles,Southern Miss,Southern Miss,Lady Eagles,ffc72c,231f20
wbb,2579,SC,South Carolina Gamecocks,South Carolina,South Carolina,Gamecocks,73000a,000000
wbb,258,UVA,Virginia Cavaliers,Virginia,Virginia,Cavaliers,232d4b,f84c1e
wbb,2582,SOU,Southern Jaguars,Southern,Southern,Jaguars,004B97,ffc82d
wbb,259,VT,Virginia Tech Hokies,Virginia Tech,Virginia Tech,Hokies,6a2c3e,cf4520
wbb,2599,SJU,St. John's Red Storm,St John's,St. John's,Red Storm,d10000,101010
wbb,26,UCLA,UCLA Bruins,UCLA,UCLA,Bruins,2774ae,f2a900
wbb,2603,JOES,Saint Joseph's Hawks,Saint Joseph's,Saint Joseph's,Hawks,9e1b32,6c6f70
wbb,2608,SMC,Saint Mary's Gaels,Saint Mary's,Saint Mary's,Gaels,d80024,003057
wbb,261,UVM,Vermont Catamounts,Vermont,Vermont,Catamounts,154734,ffc72c
wbb,2612,SPU,Saint Peter's Peacocks,Saint Peter's,Saint Peter's,Peacocks,004CC2,
wbb,2617,SFA,Stephen F. Austin Ladyjacks,SF Austin,Stephen F. Austin,Ladyjacks,393996,bec0c2
wbb,2619,STBK,Stony Brook Seawolves,Stony Brook,Stony Brook,Seawolves,990000,
wbb,2623,MOST,Missouri State Lady Bears,Missouri St,Missouri State,Lady Bears,5e0009,ffffff
wbb,2627,TAR,Tarleton State Texans,Tarleton St,Tarleton State,Texans,000000,
wbb,2628,TCU,TCU Horned Frogs,TCU,TCU,Horned Frogs,4d1979,ffffff
wbb,2630,UTM,UT Martin Skyhawks,UT Martin,UT Martin,Skyhawks,FF6700,102a5c
wbb,2633,TENN,Tennessee Lady Volunteers,Tennessee,Tennessee,Lady Volunteers,ff8200,ffffff
wbb,2634,TNST,Tennessee State Lady Tigers,Tennessee St,Tennessee State,Lady Tigers,171796,f0f0f0
wbb,2635,TNTC,Tennessee Tech Golden Eagles,Tennessee Tech,Tennessee Tech,Golden Eagles,5A4099,ffde00
wbb,2636,UTSA,UTSA Roadrunners,UTSA,UTSA,Roadrunners,0c2340,f15a22
wbb,2638,UTEP,UTEP Miners,UTEP,UTEP,Miners,ff8200,041e42
wbb,264,WASH,Washington Huskies,Washington,Washington,Huskies,33006f,e8d3a2
wbb,2640,TXSO,Texas Southern Tigers,Texas Southern,Texas Southern,Tigers,860038,ffffff
wbb,2641,TTU,Texas Tech Lady Raiders,Texas Tech,Texas Tech,Lady Raiders,da291c,000000
wbb,2649,TOL,Toledo Rockets,Toledo,Toledo,Rockets,0b2240,ffcd00
wbb,265,WSU,Washington State Cougars,Washington St,Washington State,Cougars,a60f2d,4d4d4d
wbb,2653,TROY,Troy Trojans,Troy,Troy,Trojans,862633,b1b1b1
wbb,2655,TULN,Tulane Green Wave,Tulane,Tulane,Green Wave,006747,418fde
wbb,2670,VCU,VCU Rams,VCU,VCU,Rams,ffaf00,000000
wbb,2674,VAL,Valparaiso Beacons,Valparaiso,Valparaiso,Beacons,794500,
wbb,2681,WAG,Wagner Seahawks,Wagner,Wagner,Seahawks,00483A,ffffff
wbb,269,MARQ,Marquette Golden Eagles,Marquette,Marquette,Golden Eagles,003366,ffcc00
wbb,2692,WEB,Weber State Wildcats,Weber St,Weber State,Wildcats,18005a,ebebeb
wbb,2697,UWF,West Florida Argonauts,West Florida,West Florida,Argonauts,087dc2,03b186
wbb,2698,WGA,West Georgia Wolves,West Georgia,West Georgia,Wolves,0033a1,db1a21
wbb,27,UCR,UC Riverside Highlanders,UC Riverside,UC Riverside,Highlanders,14234F,
wbb,270,MILW,Milwaukee Panthers,Milwaukee,Milwaukee,Panthers,000000,ffc20e
wbb,2710,WIU,Western Illinois Leathernecks,W Illinois,Western Illinois,Leathernecks,4e1e8a,ffc90a
wbb,2711,WMU,Western Michigan Broncos,W Michigan,Western Michigan,Broncos,532e1f,f1c500
wbb,2717,WCU,Western Carolina Catamounts,W Carolina,Western Carolina,Catamounts,492F91,bf9e70
wbb,2724,WICH,Wichita State Shockers,Wichita St,Wichita State,Shockers,ffcd00,27251f
wbb,2729,W&M,William & Mary Tribe,William & Mary,William & Mary,Tribe,115740,f0b323
wbb,2737,WIN,Winthrop Eagles,Winthrop,Winthrop,Eagles,9e0b0e,fdb41e
wbb,2739,GB,Green Bay Phoenix,Green Bay,Green Bay,Phoenix,006633,ffffff
wbb,2747,WOF,Wofford Terriers,Wofford,Wofford,Terriers,533B24,f0f0f0
wbb,275,WIS,Wisconsin Badgers,Wisconsin,Wisconsin,Badgers,a00000,ffffff
wbb,2750,WRST,Wright State Raiders,Wright St,Wright State,Raiders,cba052,cba052
wbb,2751,WYO,Wyoming Cowgirls,Wyoming,Wyoming,Cowgirls,492f24,ffc425
wbb,2752,XAV,Xavier Musketeers,Xavier,Xavier,Musketeers,21304e,a5a7a8
wbb,2754,YSU,Youngstown State Penguins,Youngstown St,Youngstown State,Penguins,E51937,690717
wbb,2755,GRAM,Grambling Lady Tigers,Grambling,Grambling,Lady Tigers,ee8601,ffd10a
wbb,276,MRSH,Marshall Thundering Herd,Marshall,Marshall,Thundering Herd,00b140,000000
wbb,277,WVU,West Virginia Mountaineers,West Virginia,West Virginia,Mountaineers,eaaa00,002855
wbb,2771,MRMK,Merrimack Warriors,Merrimack,Merrimack,Warriors,2f4f93,e8c535
wbb,278,FRES,Fresno State Bulldogs,Fresno St,Fresno State,Bulldogs,b1102b,13284c
wbb,279,PAC,Pacific Tigers,Pacific,Pacific,Tigers,F47820,c2c3c0
wbb,28,UCSD,UC San Diego Tritons,UC San Diego,UC San Diego,Tritons,000000,ffcd00
wbb,2803,BRY,Bryant Bulldogs,Bryant,Bryant,Bulldogs,000000,9f8343
wbb,2815,LIN,Lindenwood Lions,Lindenwood,Lindenwood,Lions,000000,
wbb,282,INST,Indiana State Sycamores,Indiana St,Indiana State,Sycamores,00669a,f0f0f0
wbb,2837,ETAM,East Texas A&M Lions,East Texas A&M,East Texas A&M,Lions,000000,
wbb,284,STO,Stonehill Skyhawks,Stonehill,Stonehill,Skyhawks,000000,
wbb,2856,CBU,California Baptist Lancers,CA Baptist,California Baptist,Lancers,000000,
wbb,2870,PFW,Purdue Fort Wayne Mastodons,Purdue FW,Purdue Fort Wayne,Mastodons,cfb991,000000
wbb,288,LIP,Lipscomb Bisons,Lipscomb,Lipscomb,Bisons,20366C,f6b734
wbb,2885,NJIT,NJIT Highlanders,NJIT,NJIT,Highlanders,EE3024,df3e2e
wbb,290,GASO,Georgia Southern Eagles,GA Southern,Georgia Southern,Eagles,041e42,a3aaae
wbb,2900,STMN,St. Thomas Tommies,St Thomas,St. Thomas,Tommies,000000,
wbb,2908,UPST,South Carolina Upstate Spartans,SC Upstate,South Carolina Upstate,Spartans,008545,000000
wbb,2916,UIW,Incarnate Word Cardinals,Incarnate Word,Incarnate Word,Cardinals,000000,080808
wbb,292,RGV,UT Rio Grande Valley Vaqueros,UT Rio Grande,UT Rio Grande Valley,Vaqueros,dc6000,e1732d
wbb,2934,CSUB,Cal State Bakersfield Roadrunners,Bakersfield,Cal State Bakersfield,Roadrunners,003BAB,
wbb,294,JAX,Jacksonville Dolphins,Jacksonville,Jacksonville,Dolphins,00523e,
wbb,295,ODU,Old Dominion Monarchs,Old Dominion,Old Dominion,Monarchs,003768,a1d2f1
wbb,299,LBSU,Long Beach State Beach,Long Beach St,Long Beach State,Beach,000000,f1f2f3
wbb,30,USC,USC Trojans,USC,USC,Trojans,9d2235,ffc72c
wbb,300,UCI,UC Irvine Anteaters,UC Irvine,UC Irvine,Anteaters,002B5C,fec52e
wbb,301,USD,San Diego Toreros,San Diego,San Diego,Toreros,2f99d4,2f99d4
wbb,302,UCD,UC Davis Aggies,UC Davis,UC Davis,Aggies,002855,c3c4c6
wbb,304,IDST,Idaho State Bengals,Idaho St,Idaho State,Bengals,ef8c00,e9a126
wbb,305,DEP,DePaul Blue Demons,DePaul,DePaul,Blue Demons,2d649c,ce1125
wbb,3084,UVU,Utah Valley Wolverines,Utah Valley,Utah Valley,Wolverines,004812,e1c736
wbb,309,UL,Louisiana Ragin' Cajuns,Louisiana,Louisiana,Ragin' Cajuns,ce181e,000000
wbb,3101,UTU,Utah Tech Trailblazers,Utah Tech,Utah Tech,Trailblazers,000000,
wbb,311,ME,Maine Black Bears,Maine,Maine,Black Bears,127dbe,
wbb,314,IONA,Iona Gaels,Iona,Iona,Gaels,6f2c3e,f0ab00
wbb,315,NIA,Niagara Purple Eagles,Niagara,Niagara,Purple Eagles,69207E,f0f0f0
wbb,322,LAF,Lafayette Leopards,Lafayette,Lafayette,Leopards,790000,a59474
wbb,324,CCU,Coastal Carolina Chanticleers,Coastal,Coastal Carolina,Chanticleers,006f71,a27752
wbb,325,CLE,Cleveland State Vikings,Cleveland St,Cleveland State,Vikings,006633,231f20
wbb,326,TXST,Texas State Bobcats,Texas St,Texas State,Bobcats,501214,6a5638
wbb,328,USU,Utah State Aggies,Utah State,Utah State,Aggies,0f2439,ffffff
wbb,331,EWU,Eastern Washington Eagles,E Washington,Eastern Washington,Eagles,a10022,abb4bc
wbb,333,ALA,Alabama Crimson Tide,Alabama,Alabama,Crimson Tide,9e1b32,ffffff
wbb,338,KENN,Kennesaw State Owls,Kennesaw St,Kennesaw State,Owls,fdbb30,0b1315
wbb,339,EVAN,Evansville Purple Aces,Evansville,Evansville,Purple Aces,663399,ef6f00
wbb,344,MSST,Mississippi State Bulldogs,Mississippi St,Mississippi State,Bulldogs,5d1725,c1c6c8
wbb,349,ARMY,Army Black Knights,Army,Army,Black Knights,000000,d3bc8d
wbb,350,UNCW,UNC Wilmington Seahawks,UNC Wilmington,UNC Wilmington,Seahawks,00665e,ffda00
wbb,356,ILL,Illinois Fighting Illini,Illinois,Illinois,Fighting Illini,ff5f05,13294b
wbb,357,AMCC,Texas A&M-Corpus Christi Islanders,Texas A&M-CC,Texas A&M-Corpus Christi,Islanders,0067c5,007f3e
wbb,36,CSU,Colorado State Rams,Colorado St,Colorado State,Rams,004c23,c8c372
wbb,38,COLO,Colorado Buffaloes,Colorado,Colorado,Buffaloes,cfb87c,000000
wbb,399,UALB,UAlbany Great Danes,UAlbany,UAlbany,Great Danes,3D2777,ffffff
wbb,41,CONN,UConn Huskies,UConn,UConn,Huskies,0c2340,a2aaad
wbb,43,YALE,Yale Bulldogs,Yale,Yale,Bulldogs,004a81,286dc0
wbb,44,AMER,American University Eagles,American,American University,Eagles,c41130,c8102e
wbb,45,GW,George Washington Revolutionaries,G Washington,George Washington,Revolutionaries,002843,e8d2a1
wbb,46,GTWN,Georgetown Hoyas,Georgetown,Georgetown,Hoyas,110E42,001c58
wbb,47,HOW,Howard Bison,Howard,Howard,Bison,003a63,e51937
wbb,48,DEL,Delaware Blue Hens,Delaware,Delaware,Blue Hens,00539f,ffd200
wbb,5,UAB,UAB Blazers,UAB,UAB,Blazers,1a5632,fdb913
wbb,50,FAMU,Florida A&M Rattlers,Florida A&M,Florida A&M,Rattlers,F89728,00843d
wbb,52,FSU,Florida State Seminoles,Florida St,Florida State,Seminoles,782f40,ceb888
wbb,526,FGCU,Florida Gulf Coast Eagles,FGCU,Florida Gulf Coast,Eagles,00885a,076c3b
wbb,55,JXST,Jacksonville State Gamecocks,Jax State,Jacksonville State,Gamecocks,cc0000,000000
wbb,56,STET,Stetson Hatters,Stetson,Stetson,Hatters,0a5640,56854e
wbb,57,FLA,Florida Gators,Florida,Florida,Gators,0021a5,fa4616
wbb,58,USF,South Florida Bulls,South Florida,South Florida,Bulls,006747,cfc493
wbb,59,GT,Georgia Tech Yellow Jackets,Georgia Tech,Georgia Tech,Yellow Jackets,b3a369,ffffff
wbb,6,USA,South Alabama Jaguars,South Alabama,South Alabama,Jaguars,00205b,bf0d3e
wbb,61,UGA,Georgia Lady Bulldogs,Georgia,Georgia,Lady Bulldogs,ba0c2f,2c2a29
wbb,62,HAW,Hawai'i Rainbow Warriors,Hawai'i,Hawai'i,Rainbow Warriors,005737,000000
wbb,66,ISU,Iowa State Cyclones,Iowa State,Iowa State,Cyclones,ae192d,ffc72a
wbb,68,BOIS,Boise State Broncos,Boise St,Boise State,Broncos,0033a0,d64309
wbb,70,IDHO,Idaho Vandals,Idaho,Idaho,Vandals,000000,8c6e4a
wbb,71,BRAD,Bradley Braves,Bradley,Bradley,Braves,b70002,c0c0c0
wbb,77,NU,Northwestern Wildcats,Northwestern,Northwestern,Wildcats,492f92,ffffff
wbb,79,SIU,Southern Illinois Salukis,S Illinois,Southern Illinois,Salukis,85283D,c2c3c0
wbb,8,ARK,Arkansas Razorbacks,Arkansas,Arkansas,Razorbacks,a32136,ffffff
wbb,82,UIC,UIC Flames,UIC,UIC,Flames,001e62,d50032
wbb,84,IU,Indiana Hoosiers,Indiana,Indiana,Hoosiers,970310,ffffff
wbb,85,IUIN,IU Indianapolis Jaguars,IU Indy,IU Indianapolis,Jaguars,A81F30,d59f0f
wbb,87,ND,Notre Dame Fighting Irish,Notre Dame,Notre Dame,Fighting Irish,062340,c99700
wbb,88,USI,Southern Indiana Screaming Eagles,S Indiana,Southern Indiana,Screaming Eagles,000000,
wbb,9,ASU,Arizona State Sun Devils,Arizona St,Arizona State,Sun Devils,ffc627,8c1d40
wbb,91,BELL,Bellarmine Knights,Bellarmine,Bellarmine,Knights,000000,
wbb,93,MUR,Murray State Racers,Murray St,Murray State,Racers,002148,000e00
wbb,94,NKU,Northern Kentucky Norse,N Kentucky,Northern Kentucky,Norse,ffc82e,000000
wbb,96,UK,Kentucky Wildcats,Kentucky,Kentucky,Wildcats,0033a0,ffffff
wbb,97,LOU,Louisville Cardinals,Louisville,Louisville,Cardinals,c9001f,ffffff
wbb,98,WKU,Western Kentucky Lady Toppers,Western KY,Western Kentucky,Lady Toppers,e13a3e,ffffff
wbb,99,LSU,LSU Tigers,LSU,LSU,Tigers,461d76,fdd023
wnba,11,PHX,Phoenix Mercury,Mercury,Phoenix,Mercury,3c286e,fa4b0a
wnba,129689,GS,Golden State Valkyries,Valkyries,Golden State,Valkyries,b38fcf,000000
wnba,131935,TOR,Toronto Tempo,Tempo,Toronto,Tempo,33476D,7B1B38
wnba,132052,POR,Portland Fire,Fire,Portland,Fire,cee5eb,000000
wnba,14,SEA,Seattle Storm,Storm,Seattle,Storm,2c5235,fee11a
wnba,16,WSH,Washington Mystics,Mystics,Washington,Mystics,e03a3e,002b5c
wnba,17,LV,Las Vegas Aces,Aces,Las Vegas,Aces,a7a8aa,000000
wnba,18,CON,Connecticut Sun,Sun,Connecticut,Sun,f05023,0a2240
wnba,19,CHI,Chicago Sky,Sky,Chicago,Sky,5091cd,ffd520
wnba,20,ATL,Atlanta Dream,Dream,Atlanta,Dream,e31837,5091cc
wnba,3,DAL,Dallas Wings,Wings,Dallas,Wings,002b5c,c4d600
wnba,5,IND,Indiana Fever,Fever,Indiana,Fever,002d62,e03a3e
wnba,6,LA,Los Angeles Sparks,Sparks,Los Angeles,Sparks,552583,fdb927
wnba,8,MIN,Minnesota Lynx,Lynx,Minnesota,Lynx,266092,79bc43
wnba,9,NY,New York Liberty,Liberty,New York,Liberty,86cebc,000000
