league,team_id,espn_league,display_name,location,color,alternate_color
cfb,101442,cfb,Centenary Gentlemen,Centenary,000000,
cfb,101784,cfb,Erskine Flying Fleet,Erskine,000000,
cfb,109,cfb,MIT Engineers,MIT,000000,
cfb,109,mbb,MIT Engineers,MIT,000000,
cfb,109,wbb,MIT Engineers,MIT,000000,
cfb,11,cfb,Colorado Mesa Mavericks,Colorado Mesa,000000,
cfb,11,mbb,Colorado Mesa Mavericks,Colorado Mesa,000000,
cfb,11,wbb,Colorado Mesa Mavericks,Colorado Mesa,000000,
cfb,110242,cfb,West Florida Argonauts,West Florida,,
cfb,110243,cfb,UT Permian Basin Falcons,UT Permian Basin,,
cfb,110438,cfb,Dean College Bulldogs,Dean College,,
cfb,111674,cfb,Alvernia Golden Wolves,Alvernia,,
cfb,111675,cfb,University of New England Nor'easters,University of New England,,
cfb,112334,cfb,Franklin Pierce Ravens,Franklin Pierce,,
cfb,112334,ncaa_mhockey,Franklin Pierce Franklin Pierce,Franklin Pierce,,
cfb,112335,cfb,Wheeling Cardinals,Wheeling,,
cfb,118,cfb,Johns Hopkins Blue Jays,Johns Hopkins,000000,
cfb,118,mbb,Johns Hopkins Blue Jays,Johns Hopkins,000000,
cfb,118,wbb,Johns Hopkins Blue Jays,Johns Hopkins,000000,
cfb,122666,cfb,Barton Bulldogs,Barton,000000,
cfb,122774,cfb,Keystone Giants,Keystone,,
cfb,123086,cfb,North American University Stallions,North American University,,
cfb,124179,cfb,Lincoln (CA) Oaklanders,Lincoln (CA),,
cfb,124180,cfb,Bluefield State University Big Blue,Bluefield State University,,
cfb,125,cfb,Grand Valley State Lakers,Grand Valley State,000000,
cfb,125,mbb,Grand Valley State Lakers,Grand Valley State,000000,
cfb,125,wbb,Grand Valley State Lakers,Grand Valley State,000000,
cfb,125974,cfb,Hilbert College Hawks,Hilbert College,,
cfb,126,cfb,Kalamazoo Hornets,Kalamazoo,000000,
cfb,126,mbb,Kalamazoo Hornets,Kalamazoo,000000,
cfb,126,wbb,Kalamazoo Hornets,Kalamazoo,000000,
cfb,126086,cfb,Post University Eagles,Post University,,
cfb,127954,cfb,Eastern University Eagles,Eastern University,,
cfb,128,cfb,Northern Michigan Wildcats,Northern Michigan,000000,
cfb,128,mbb,Northern Michigan Wildcats,Northern Michigan,000000,
cfb,128,ncaa_mhockey,Northern Michigan Wildcats,Northern Michigan,,
cfb,128,wbb,Northern Michigan Wildcats,Northern Michigan,000000,
cfb,129,cfb,Saginaw Valley State Cardinals,Saginaw Valley State,000000,
cfb,129,mbb,Saginaw Valley State Cardinals,Saginaw Valley State,000000,
cfb,129,wbb,Saginaw Valley State Cardinals,Saginaw Valley State,000000,
cfb,129469,cfb,Anderson (SC) Trojans,Anderson (SC),,
cfb,131,cfb,Wayne State (MI) Warriors,Wayne State (MI),000000,
cfb,131,mbb,Wayne State (MI) Warriors,Wayne State (MI),000000,
cfb,131,ncaa_mhockey,Wayne St. Falcons,Wayne St.,,
cfb,131,ncaa_whockey,Wayne State (MI) Warriors,Wayne State (MI),,
cfb,131,wbb,Wayne State (MI) Warriors,Wayne State (MI),000000,
cfb,132,cfb,Bemidji State Beavers,Bemidji State,000000,
cfb,132,mbb,Bemidji State Beavers,Bemidji State,000000,
cfb,132,ncaa_mhockey,Bemidji State Beavers,Bemidji State,,
cfb,132,ncaa_whockey,Bemidji State Beavers,Bemidji State,,
cfb,132,wbb,Bemidji State Beavers,Bemidji State,000000,
cfb,134,cfb,Minnesota Duluth Bulldogs,Minnesota Duluth,000000,
cfb,134,mbb,Minnesota Duluth Bulldogs,Minnesota Duluth,000000,
cfb,134,ncaa_mhockey,Minnesota Duluth Bulldogs,Minnesota Duluth,,
cfb,134,ncaa_whockey,Minnesota Duluth Bulldogs,Minnesota Duluth,,
cfb,134,wbb,Minnesota Duluth Bulldogs,Minnesota Duluth,000000,
cfb,137,cfb,Missouri Western Griffons,Missouri Western,000000,
cfb,137,mbb,Missouri Western Griffons,Missouri Western,000000,
cfb,137,wbb,Missouri Western Griffons,Missouri Western,000000,
cfb,138,cfb,Northwest Missouri State Bearcats,Northwest Missouri State,000000,
cfb,138,mbb,Northwest Missouri State Bearcats,Northwest Missouri State,000000,
cfb,138,wbb,Northwest Missouri State Bearcats,Northwest Missouri State,000000,
cfb,143,cfb,Washington University-St. Louis Bears,Washington University-St. Louis,000000,
cfb,143,mbb,Washington St. Louis Bears,Washington St. Louis,000000,
cfb,143,wbb,Washington St. Louis Bears,Washington St. Louis,000000,
cfb,146,cfb,Grove City College Wolverines,Grove City College,000000,
cfb,146,mbb,Grove City Wolverines,Grove City,000000,
cfb,146,wbb,Grove City Wolverines,Grove City,000000,
cfb,173,cfb,Hartwick Hawks,Hartwick,000000,
cfb,173,mbb,Hartwick Hawks,Hartwick,000000,
cfb,173,wbb,Hartwick Hawks,Hartwick,000000,
cfb,174,cfb,Hobart Statesmen,Hobart,000000,
cfb,174,mbb,Hobart Statesmen,Hobart,000000,
cfb,174,wbb,Hobart College Statesmen,Hobart College,000000,
cfb,175,cfb,Ithaca Bombers,Ithaca,000000,
cfb,175,mbb,Ithaca Bombers,Ithaca,000000,
cfb,175,wbb,Ithaca Bombers,Ithaca,000000,
cfb,184,cfb,University of Rochester (NY) Yellow Jackets,University of Rochester (NY),000000,
cfb,184,mbb,Rochester (NY) Yellow Jackets,Rochester (NY),000000,
cfb,184,ncaa_whockey,University of Rochester (NY) Yellow Jackets,University of Rochester (NY),,
cfb,184,wbb,Rochester (NY) Yellow Jackets,Rochester (NY),000000,
cfb,188,cfb,Baldwin Wallace Yellow Jackets,Baldwin Wallace,000000,
cfb,188,mbb,Baldwin Wallace Yellow Jackets,Baldwin Wallace,000000,
cfb,188,wbb,Baldwin Wallace Yellow Jackets,Baldwin Wallace,000000,
cfb,191,cfb,Heidelberg Student Princes,Heidelberg,000000,
cfb,191,mbb,Heidelberg Student Princes,Heidelberg,000000,
cfb,191,wbb,Heidelberg Student Princes,Heidelberg,000000,
cfb,196,cfb,Northeastern State RiverHawks,Northeastern State,000000,
cfb,196,mbb,Northeastern State RiverHawks,Northeastern State,000000,
cfb,196,wbb,Northeastern State RiverHawks,Northeastern State,000000,
cfb,199,cfb,Southeastern Oklahoma State Savage Storm,Southeastern Oklahoma State,000000,
cfb,199,mbb,Southeastern Oklahoma State Savage Storm,Southeastern Oklahoma State,000000,
cfb,199,wbb,SE Oklahoma State Savage Storm,SE Oklahoma State,000000,
cfb,200,cfb,Southern Nazarene Crimson Storm,Southern Nazarene,000000,
cfb,200,mbb,Southern Nazarene Crimson Storm,Southern Nazarene,000000,
cfb,200,wbb,Southern Nazarene Crimson Storm,Southern Nazarene,000000,
cfb,2001,cfb,Adams State Grizzlies,Adams State,000000,
cfb,2001,mbb,Adams State Grizzlies,Adams State,000000,
cfb,2001,wbb,Adams State Grizzlies,Adams State,000000,
cfb,2003,cfb,Adrian Bulldogs,Adrian,000000,
cfb,2003,mbb,Adrian Bulldogs,Adrian,000000,
cfb,2003,wbb,Adrian Bulldogs,Adrian,000000,
cfb,2013,cfb,Albany State Golden Rams,Albany State,000000,
cfb,2013,mbb,Albany State Golden Rams,Albany State,000000,
cfb,2013,wbb,Albany State Golden Rams,Albany State,000000,
cfb,2018,cfb,Allegheny Gators,Allegheny,000000,
cfb,2018,mbb,Allegheny Gators,Allegheny,000000,
cfb,2018,wbb,Allegheny Gators,Allegheny,000000,
cfb,2019,cfb,Allen Yellow Jackets,Allen,,
cfb,2019,mbb,Allen Yellow Jackets,Allen,000000,
cfb,2019,wbb,Allen Yellow Jackets,Allen,000000,
cfb,2022,cfb,American International Yellow Jackets,American International,000000,
cfb,2022,mbb,American International Yellow Jackets,American International,000000,
cfb,2022,ncaa_mhockey,American International Yellow Jackets,American International,,
cfb,2022,wbb,American International Yellow Jackets,American International,000000,
cfb,2023,cfb,Anderson (IN) Ravens,Anderson (IN),000000,
cfb,2023,mbb,Anderson (IN) Ravens,Anderson (IN),000000,
cfb,2023,wbb,Anderson (IN) Ravens,Anderson (IN),000000,
cfb,2025,cfb,Angelo State Rams,Angelo State,000000,
cfb,2025,mbb,Angelo State Rams,Angelo State,000000,
cfb,2025,wbb,Angelo State Rams,Angelo State,000000,
cfb,2028,cfb,Arkansas-Monticello Boll Weevils,Arkansas-Monticello,000000,
cfb,2028,mbb,Arkansas Monticello Boll Weevils,Arkansas Monticello,000000,
cfb,2028,wbb,Arkansas Monticello Boll Weevils,Arkansas Monticello,000000,
cfb,2033,cfb,Arkansas Tech Wonder Boys,Arkansas Tech,000000,
cfb,2033,mbb,Arkansas Tech Wonder Boys,Arkansas Tech,000000,
cfb,2033,wbb,Arkansas Tech Wonder Boys,Arkansas Tech,000000,
cfb,2038,cfb,Assumption Greyhounds,Assumption,000000,
cfb,2038,mbb,Assumption Greyhounds,Assumption,000000,
cfb,2038,ncaa_mhockey,Assumption Falcons,Assumption,,
cfb,2038,wbb,Assumption Greyhounds,Assumption,000000,
cfb,2042,cfb,Augustana (IL) Vikings,Augustana (IL),000000,
cfb,2042,mbb,Augustana (IL) Vikings,Augustana (IL),000000,
cfb,2042,wbb,Augustana (IL) Vikings,Augustana (IL),000000,
cfb,2043,cfb,Augustana (SD) Vikings,Augustana (SD),000000,
cfb,2043,mbb,Augustana (SD) Vikings,Augustana (SD),000000,
cfb,2043,ncaa_mhockey,Augustana (SD) Vikings,Augustana (SD),NULL,
cfb,2043,wbb,Augustana (SD) Vikings,Augustana (SD),000000,
cfb,2045,cfb,Austin 'Roos,Austin,000000,
cfb,2045,mbb,Austin 'Roos,Austin,000000,
cfb,2045,wbb,Austin 'Roos,Austin,000000,
cfb,2049,cfb,Azusa Pacific Cougars,Azusa Pacific,000000,
cfb,2049,mbb,Azusa Pacific Cougars,Azusa Pacific,000000,
cfb,2049,wbb,Azusa Pacific Cougars,Azusa Pacific,000000,
cfb,2060,cfb,Bentley Falcons,Bentley,000000,
cfb,2060,mbb,Bentley Falcons,Bentley,000000,
cfb,2060,ncaa_mhockey,Bentley Falcons,Bentley,,
cfb,2060,wbb,Bentley Falcons,Bentley,000000,
cfb,2062,cfb,Bethany (WV) Bison,Bethany (WV),000000,
cfb,2062,mbb,Bethany (WV) Bison,Bethany (WV),000000,
cfb,2062,wbb,Bethany (WV) Bison,Bethany (WV),000000,
cfb,2064,cfb,Bethel (TN) Wildcats,Bethel (TN),000000,
cfb,2064,mbb,Bethel (TN) Wildcats,Bethel (TN),000000,
cfb,2064,wbb,Bethel (TN) Wildcats,Bethel (TN),000000,
cfb,2069,cfb,Black Hills State Yellow Jackets,Black Hills State,000000,
cfb,2069,mbb,Black Hills State Yellow Jackets,Black Hills State,000000,
cfb,2069,wbb,Black Hills State Yellow Jackets,Black Hills State,000000,
cfb,2071,cfb,Bloomsburg Huskies,Bloomsburg,000000,
cfb,2071,mbb,Bloomsburg Huskies,Bloomsburg,000000,
cfb,2071,wbb,Bloomsburg Huskies,Bloomsburg,000000,
cfb,2075,cfb,Bowie State Bulldogs,Bowie State,000000,
cfb,2075,mbb,Bowie State Bulldogs,Bowie State,000000,
cfb,2075,wbb,Bowie State Bulldogs,Bowie State,000000,
cfb,2085,cfb,Buffalo State Bengals,Buffalo State,000000,
cfb,2085,mbb,Buffalo State Bengals,Buffalo State,000000,
cfb,2085,wbb,Buffalo State Bengals,Buffalo State,000000,
cfb,209,cfb,Lock Haven Bald Eagles,Lock Haven,000000,
cfb,209,mbb,Lock Haven Bald Eagles,Lock Haven,000000,
cfb,209,wbb,Lock Haven Bald Eagles,Lock Haven,000000,
cfb,2097,cfb,Campbell Fighting Camels,Campbell,000000,
cfb,2097,mbb,Campbell Fighting Camels,Campbell,000000,
cfb,2097,wbb,Campbell Fighting Camels,Campbell,000000,
cfb,210,cfb,Millersville Marauders,Millersville,000000,
cfb,210,mbb,Millersville Marauders,Millersville,000000,
cfb,210,wbb,Millersville Marauders,Millersville,000000,
cfb,2102,cfb,Carnegie Mellon Tartans,Carnegie Mellon,000000,
cfb,2102,mbb,Carnegie Mellon Tartans,Carnegie Mellon,000000,
cfb,2102,wbb,Carnegie Mellon Tartans,Carnegie Mellon,000000,
cfb,2106,cfb,Carthage Firebirds,Carthage,000000,
cfb,2106,mbb,Carthage Firebirds,Carthage,000000,
cfb,2106,wbb,Carthage Firebirds,Carthage,000000,
cfb,2108,cfb,Catholic Cardinals,Catholic,000000,
cfb,2108,mbb,Catholic Cardinals,Catholic,000000,
cfb,2108,wbb,Catholic Cardinals,Catholic,000000,
cfb,2118,cfb,Central Missouri Mules,Central Missouri,000000,
cfb,2118,mbb,Central Missouri Mules,Central Missouri,000000,
cfb,2118,wbb,Central Missouri Mules,Central Missouri,000000,
cfb,2119,cfb,Central State (OH) Marauders,Central State (OH),000000,
cfb,2119,mbb,Central State Marauders,Central State,000000,
cfb,2119,wbb,Central State Marauders,Central State,000000,
cfb,2120,cfb,Central Washington Wildcats,Central Washington,000000,
cfb,2120,mbb,Central Washington Wildcats,Central Washington,000000,
cfb,2120,wbb,Central Washington Wildcats,Central Washington,000000,
cfb,2121,cfb,Centre College Colonels,Centre College,000000,
cfb,2121,mbb,Centre Colonels,Centre,000000,
cfb,2121,wbb,Centre Colonels,Centre,000000,
cfb,2122,cfb,Central Oklahoma Bronchos,Central Oklahoma,000000,
cfb,2122,mbb,Central Oklahoma Bronchos,Central Oklahoma,000000,
cfb,2122,wbb,Central Oklahoma Bronchos,Central Oklahoma,000000,
cfb,2123,cfb,Chadron State Eagles,Chadron State,000000,
cfb,2123,mbb,Chadron State Eagles,Chadron State,000000,
cfb,2123,wbb,Chadron State Eagles,Chadron State,000000,
cfb,2128,cfb,University Of Charleston (WV) Golden Eagles,University Of Charleston (WV),000000,
cfb,2128,mbb,Charleston (WV) Golden Eagles,Charleston (WV),000000,
cfb,2128,wbb,Charleston (WV) Golden Eagles,Charleston (WV),000000,
cfb,2130,cfb,Chicago State Cougars,Chicago State,,
cfb,2130,mbb,Chicago State Cougars,Chicago State,006700,
cfb,2134,cfb,Clarion Golden Eagles,Clarion,000000,
cfb,2134,mbb,Clarion Golden Eagles,Clarion,000000,
cfb,2134,wbb,Clarion Golden Eagles,Clarion,000000,
cfb,2146,cfb,Colorado School of Mines Orediggers,Colorado School of Mines,000000,
cfb,2146,mbb,Colorado School of Mines Orediggers,Colorado School of Mines,000000,
cfb,2146,wbb,Colorado School of Mines Orediggers,Colorado School of Mines,000000,
cfb,2148,cfb,Concord Mountain Lions,Concord,000000,
cfb,2148,mbb,Concord Mountain Lions,Concord,000000,
cfb,2148,wbb,Concord Mountain Lions,Concord,000000,
cfb,215,cfb,Slippery Rock The Rock,Slippery Rock,000000,
cfb,215,mbb,Slippery Rock The Rock,Slippery Rock,000000,
cfb,215,wbb,Slippery Rock The Rock,Slippery Rock,000000,
cfb,2155,cfb,Cornell (IA) Rams,Cornell (IA),000000,
cfb,2155,mbb,Cornell (IA) Rams,Cornell (IA),000000,
cfb,2155,wbb,Cornell (IA) Rams,Cornell (IA),000000,
cfb,2171,cfb,Denison Big Red,Denison,000000,
cfb,2171,mbb,Denison Big Red,Denison,000000,
cfb,2171,wbb,Denison Big Red,Denison,000000,
cfb,2188,cfb,East Stroudsburg Warriors,East Stroudsburg,000000,
cfb,2188,mbb,East Stroudsburg Warriors,East Stroudsburg,000000,
cfb,2188,wbb,East Stroudsburg Warriors,East Stroudsburg,000000,
cfb,2191,cfb,East Central (OK) Tigers,East Central (OK),000000,
cfb,2191,mbb,East Central Tigers,East Central,000000,
cfb,2191,wbb,East Central Tigers,East Central,000000,
cfb,2201,cfb,Eastern New Mexico Greyhounds,Eastern New Mexico,000000,
cfb,2201,mbb,Eastern New Mexico Greyhounds,Eastern New Mexico,000000,
cfb,2201,wbb,Eastern New Mexico Greyhounds,Eastern New Mexico,000000,
cfb,2205,cfb,Edinboro Fighting Scots,Edinboro,000000,
cfb,2205,mbb,Edinboro Fighting Scots,Edinboro,000000,
cfb,2205,wbb,Edinboro Fighting Scots,Edinboro,000000,
cfb,2206,cfb,Edward Waters Tigers,Edward Waters,,
cfb,2206,mbb,Edward Waters Tigers,Edward Waters,000000,
cfb,2206,wbb,Edward Waters Tigers,Edward Waters,000000,
cfb,2207,cfb,Elizabeth City State Vikings,Elizabeth City State,000000,
cfb,2207,mbb,Elizabeth City State Vikings,Elizabeth City State,000000,
cfb,2207,wbb,Elizabeth City State Vikings,Elizabeth City State,000000,
cfb,2214,cfb,Emporia State Hornets,Emporia State,000000,
cfb,2214,mbb,Emporia State Hornets,Emporia State,000000,
cfb,2214,wbb,Emporia State Hornets,Emporia State,000000,
cfb,2220,cfb,Fayetteville State Broncos,Fayetteville State,000000,
cfb,2220,mbb,Fayetteville State Broncos,Fayetteville State,000000,
cfb,2220,wbb,Fayetteville State Broncos,Fayetteville State,000000,
cfb,2222,cfb,Ferris State Bulldogs,Ferris State,000000,
cfb,2222,mbb,Ferris State Bulldogs,Ferris State,000000,
cfb,2222,ncaa_mhockey,Ferris State Bulldogs,Ferris State,,
cfb,2222,wbb,Ferris State Bulldogs,Ferris State,000000,
cfb,2224,cfb,Findlay Oilers,Findlay,000000,
cfb,2224,mbb,Findlay Oilers,Findlay,000000,
cfb,2224,ncaa_mhockey,Findlay Falcons,Findlay,,
cfb,2224,wbb,Findlay Oilers,Findlay,000000,
cfb,223,cfb,West Chester Golden Rams,West Chester,000000,
cfb,223,mbb,West Chester Golden Rams,West Chester,000000,
cfb,223,wbb,West Chester Golden Rams,West Chester,000000,
cfb,2231,cfb,Fort Hays State Tigers,Fort Hays State,000000,
cfb,2231,mbb,Fort Hays Tigers,Fort Hays,000000,
cfb,2231,wbb,Fort Hays Tigers,Fort Hays,000000,
cfb,2237,cfb,Fort Lewis Skyhawks,Fort Lewis,000000,
cfb,2237,mbb,Fort Lewis Skyhawks,Fort Lewis,000000,
cfb,2237,wbb,Fort Lewis Skyhawks,Fort Lewis,000000,
cfb,2242,cfb,Geneva Golden Tornadoes,Geneva,000000,
cfb,2242,mbb,Geneva Golden Tornadoes,Geneva,000000,
cfb,2242,wbb,Geneva Golden Tornadoes,Geneva,000000,
cfb,2245,cfb,Georgetown (KY) Tigers,Georgetown (KY),,
cfb,2245,mbb,Georgetown (KY) Tigers,Georgetown (KY),,
cfb,2245,wbb,Georgetown (KY) Tigers,Georgetown (KY),000000,
cfb,2249,cfb,Glenville State Pioneers,Glenville State,000000,
cfb,2249,mbb,Glenville State Pioneers,Glenville State,000000,
cfb,2249,wbb,Glenville State Pioneers,Glenville State,000000,
cfb,2254,cfb,Grand View Vikings,Grand View,,
cfb,2254,mbb,Grand View Vikings,Grand View,,
cfb,2254,wbb,Grand View Vikings,Grand View,000000,
cfb,2256,cfb,Greensboro College Pride,Greensboro College,000000,
cfb,2256,mbb,Greensboro Pride,Greensboro,000000,
cfb,2256,wbb,Greensboro Pride,Greensboro,000000,
cfb,2264,cfb,Harding University Bisons,Harding University,000000,
cfb,2264,mbb,Harding Bisons,Harding,000000,
cfb,2264,wbb,Harding Bisons,Harding,000000,
cfb,2271,cfb,Henderson State Reddies,Henderson State,000000,
cfb,2271,mbb,Henderson State Reddies,Henderson State,000000,
cfb,2271,wbb,Henderson State Reddies,Henderson State,000000,
cfb,2273,cfb,Hillsdale Chargers,Hillsdale,000000,
cfb,2273,mbb,Hillsdale Chargers,Hillsdale,000000,
cfb,2273,wbb,Hillsdale Chargers,Hillsdale,000000,
cfb,2274,cfb,Hiram College Terriers,Hiram College,000000,
cfb,2274,mbb,Hiram Terriers,Hiram,000000,
cfb,2274,wbb,Hiram Terriers,Hiram,000000,
cfb,2283,cfb,Benedictine University (IL) Eagles,Benedictine University (IL),000000,
cfb,2283,mbb,Benedictine College (KS) Ravens,Benedictine College (KS),000000,
cfb,2283,wbb,Benedictine Eagles,Benedictine,000000,
cfb,2286,cfb,Illinois College Blueboys,Illinois College,000000,
cfb,2286,mbb,Illinois College Blueboys,Illinois College,000000,
cfb,2286,wbb,Illinois College Blueboys,Illinois College,000000,
cfb,2291,cfb,Indiana-Pennsylvania Crimson Hawks,Indiana-Pennsylvania,000000,
cfb,2291,mbb,IU Pennsylvania Crimson Hawks,IU Pennsylvania,000000,
cfb,2291,wbb,IU Pennsylvania Crimson Hawks,IU Pennsylvania,000000,
cfb,2292,cfb,Indianapolis Greyhounds,Indianapolis,000000,
cfb,2292,mbb,Indianapolis Greyhounds,Indianapolis,000000,
cfb,2292,wbb,Indianapolis Greyhounds,Indianapolis,000000,
cfb,2302,cfb,John Carroll Blue Streaks,John Carroll,000000,
cfb,2302,mbb,John Carroll Blue Streaks,John Carroll,000000,
cfb,2302,wbb,John Carroll Blue Streaks,John Carroll,000000,
cfb,2304,cfb,Johnson C Smith Golden Bulls,Johnson C Smith,000000,
cfb,2304,mbb,Johnson C. Smith Golden Bulls,Johnson C. Smith,000000,
cfb,2304,wbb,Johnson C. Smith Golden Bulls,Johnson C. Smith,000000,
cfb,2310,cfb,Kentucky State Thorobreds,Kentucky State,000000,
cfb,2310,mbb,Kentucky State Thorobreds,Kentucky State,000000,
cfb,2310,wbb,Kentucky State Thorobreds,Kentucky State,000000,
cfb,2315,cfb,Kutztown Golden Bears,Kutztown,000000,
cfb,2315,mbb,Kutztown Golden Bears,Kutztown,000000,
cfb,2315,wbb,Kutztown Golden Bears,Kutztown,000000,
cfb,2316,cfb,Kentucky Wesleyan Panthers,Kentucky Wesleyan,000000,
cfb,2316,mbb,Kentucky Wesleyan Panthers,Kentucky Wesleyan,000000,
cfb,2316,wbb,Kentucky Wesleyan Panthers,Kentucky Wesleyan,000000,
cfb,2323,cfb,Lane Dragons,Lane,000000,
cfb,2323,wbb,Lane College Dragons,Lane College,000000,
cfb,2339,cfb,Lincoln (PA) Lions,Lincoln (PA),000000,
cfb,2339,mbb,Lincoln (PA) Lions,Lincoln (PA),000000,
cfb,2339,wbb,Lincoln (PA) Lions,Lincoln (PA),000000,
cfb,2341,cfb,Long Island University Sharks,Long Island University,,
cfb,2341,wbb,LIU Brooklyn Blackbirds,LIU Brooklyn,000000,f0f0f0
cfb,2359,cfb,Macalester Scots,Macalester,000000,
cfb,2359,mbb,Macalester Scots,Macalester,000000,
cfb,2359,wbb,Macalester Scots,Macalester,000000,
cfb,2364,cfb,Minnesota State Mankato Mavericks,Minnesota State Mankato,000000,
cfb,2364,mbb,Minnesota State Mavericks,Minnesota State,000000,
cfb,2364,ncaa_mhockey,Minnesota State Mavericks,Minnesota State,,
cfb,2364,ncaa_whockey,Minnesota State Mavericks,Minnesota State,,
cfb,2364,wbb,Minnesota State-Mankato Mavericks,Minnesota State-Mankato,000000,
cfb,2365,cfb,Mansfield Mountaineers,Mansfield,000000,
cfb,2365,mbb,Mansfield Mountaineers,Mansfield,000000,
cfb,2365,wbb,Mansfield Mountaineers,Mansfield,000000,
cfb,2373,cfb,Maryville College (TN) Scots,Maryville College (TN),000000,
cfb,2373,mbb,Maryville (TN) Fighting Scots,Maryville (TN),000000,
cfb,2373,wbb,Maryville (TN) Fighting Scots,Maryville (TN),000000,
cfb,2383,cfb,Merchant Marine Mariners,Merchant Marine,000000,
cfb,2383,mbb,Merchant Marine Mariners,Merchant Marine,000000,
cfb,2383,wbb,Merchant Marine Mariners,Merchant Marine,000000,
cfb,2385,cfb,Mercyhurst Lakers,Mercyhurst,000000,
cfb,2385,mbb,Mercyhurst Lakers,Mercyhurst,000000,
cfb,2385,ncaa_mhockey,Mercyhurst Lakers,Mercyhurst,,
cfb,2385,ncaa_whockey,Mercyhurst Lakers,Mercyhurst,,
cfb,2385,wbb,Mercyhurst Lakers,Mercyhurst,000000,
cfb,2392,cfb,Michigan Tech Huskies,Michigan Tech,000000,
cfb,2392,mbb,Michigan Tech Huskies,Michigan Tech,000000,
cfb,2392,ncaa_mhockey,Michigan Tech Huskies,Michigan Tech,,
cfb,2392,wbb,Michigan Tech Huskies,Michigan Tech,000000,
cfb,2396,cfb,Miles College Golden Bears,Miles College,000000,
cfb,2396,mbb,Miles Golden Bears,Miles,000000,
cfb,2396,wbb,Miles Golden Bears,Miles,000000,
cfb,2398,cfb,Millsaps Majors,Millsaps,000000,
cfb,2398,mbb,Millsaps Majors,Millsaps,000000,
cfb,2398,wbb,Millsaps Majors,Millsaps,000000,
cfb,2402,cfb,Missouri S&T Miners,Missouri S&T,000000,
cfb,2402,mbb,Missouri S&T Miners,Missouri S&T,000000,
cfb,2402,wbb,Missouri S&T Miners,Missouri S&T,000000,
cfb,2403,cfb,Missouri Southern State Lions,Missouri Southern State,000000,
cfb,2403,mbb,Missouri Southern State Lions,Missouri Southern State,000000,
cfb,2403,wbb,Missouri Southern State Lions,Missouri Southern State,000000,
cfb,2422,cfb,Muhlenberg Mules,Muhlenberg,000000,
cfb,2422,mbb,Muhlenberg Mules,Muhlenberg,000000,
cfb,2422,wbb,Muhlenberg Mules,Muhlenberg,000000,
cfb,2424,cfb,New Mexico Highlands Cowboys,New Mexico Highlands,000000,
cfb,2424,mbb,New Mexico Highlands Cowboys,New Mexico Highlands,000000,
cfb,2424,wbb,New Mexico Highlands Cowboys,New Mexico Highlands,000000,
cfb,2438,cfb,Nebraska-Kearney Lopers,Nebraska-Kearney,000000,
cfb,2438,mbb,Nebraska Kearney Lopers,Nebraska Kearney,000000,
cfb,2438,wbb,Nebraska Kearney Lopers,Nebraska Kearney,000000,
cfb,2453,cfb,North Alabama Lions,North Alabama,000000,
cfb,2453,mbb,North Alabama Lions,North Alabama,663399,
cfb,2467,cfb,Norwich Cadets,Norwich,000000,
cfb,2467,mbb,Norwich Cadets,Norwich,000000,
cfb,2467,wbb,Norwich Cadets,Norwich,000000,
cfb,2477,cfb,Ohio Dominican Panthers,Ohio Dominican,000000,
cfb,2477,mbb,Ohio Dominican Panthers,Ohio Dominican,000000,
cfb,2477,wbb,Ohio Dominican Panthers,Ohio Dominican,000000,
cfb,2487,cfb,Pace Setters,Pace,000000,
cfb,2487,mbb,Pace Setters,Pace,000000,
cfb,2487,wbb,Pace Setters,Pace,000000,
cfb,2519,cfb,Rhodes College Lynx,Rhodes College,000000,
cfb,2519,mbb,Rhodes Lynx,Rhodes,000000,
cfb,2519,wbb,Rhodes Lynx,Rhodes,000000,
cfb,2528,cfb,Rensselaer Engineers,Rensselaer,000000,
cfb,2528,mbb,Rensselaer Engineers,Rensselaer,000000,
cfb,2528,ncaa_mhockey,Rensselaer Engineers,Rensselaer,,
cfb,2528,ncaa_whockey,Rensselaer Engineers,Rensselaer,,
cfb,2528,wbb,Rensselaer Engineers,Rensselaer,000000,
cfb,255,cfb,Knox College Prairie Fire,Knox College,000000,
cfb,255,mbb,Knox Prairie Fire,Knox,000000,
cfb,255,wbb,Knox Prairie Fire,Knox,000000,
cfb,2551,cfb,Shaw Bears,Shaw,000000,
cfb,2551,mbb,Shaw Bears,Shaw,000000,
cfb,2551,wbb,Shaw Bears,Shaw,000000,
cfb,2553,cfb,Sewanee Tigers,Sewanee,000000,
cfb,2553,mbb,Sewanee Tigers,Sewanee,000000,
cfb,2553,wbb,Sewanee Tigers,Sewanee,000000,
cfb,2557,cfb,Coast Guard Bears,Coast Guard,000000,
cfb,2557,mbb,Coast Guard Bears,Coast Guard,000000,
cfb,2557,wbb,Coast Guard Bears,Coast Guard,000000,
cfb,2559,cfb,Shippensburg Raiders,Shippensburg,000000,
cfb,2559,mbb,Shippensburg Raiders,Shippensburg,000000,
cfb,2559,wbb,Shippensburg Raiders,Shippensburg,000000,
cfb,2560,cfb,Shorter Hawks,Shorter,000000,
cfb,2560,mbb,Shorter Hawks,Shorter,000000,
cfb,2560,wbb,Shorter Hawks,Shorter,000000,
cfb,2568,cfb,Southern Arkansas Muleriders,Southern Arkansas,000000,
cfb,2568,mbb,Southern Arkansas Muleriders,Southern Arkansas,000000,
cfb,2568,wbb,Southern Arkansas Muleriders,Southern Arkansas,000000,
cfb,2570,cfb,CSU Pueblo ThunderWolves,CSU Pueblo,000000,
cfb,2570,mbb,Southern Colorado Indians,Southern Colorado,000000,
cfb,2570,wbb,CSU Pueblo Thunderwolves,CSU Pueblo,000000,
cfb,2583,cfb,Southern Connecticut State Owls,Southern Connecticut State,000000,
cfb,2583,mbb,Southern Connecticut State Owls,Southern Connecticut State,000000,
cfb,2583,wbb,Southern Connecticut State Owls,Southern Connecticut State,000000,
cfb,2584,cfb,Southern Oregon Raiders,Southern Oregon,,
cfb,2584,mbb,Southern Oregon Raiders,Southern Oregon,,
cfb,2584,wbb,Southern Oregon Raiders,Southern Oregon,000000,
cfb,2586,cfb,Southwest Baptist Bearcats,Southwest Baptist,000000,
cfb,2586,mbb,Southwest Baptist Bearcats,Southwest Baptist,000000,
cfb,2586,wbb,Southwest Baptist Bearcats,Southwest Baptist,000000,
cfb,2587,cfb,Southwest Minnesota State Mustangs,Southwest Minnesota State,000000,
cfb,2587,mbb,Southwest Minnesota State Mustangs,Southwest Minnesota State,000000,
cfb,2587,wbb,Southwest Minnesota State Mustangs,Southwest Minnesota State,000000,
cfb,2591,cfb,St. Ambrose Fighting Bees,St. Ambrose,000000,
cfb,2591,mbb,St. Ambrose Fighting Bees,St. Ambrose,000000,
cfb,2591,wbb,St. Ambrose Fighting Bees,St. Ambrose,000000,
cfb,2614,cfb,Saint Vincent Bearcats,Saint Vincent,000000,
cfb,2614,mbb,Saint Vincent Bearcats,Saint Vincent,000000,
cfb,2614,ncaa_mhockey,New York Islanders,New York,,
cfb,2614,wbb,Saint Vincent Bearcats,Saint Vincent,000000,
cfb,262,cfb,Lake Forest Foresters,Lake Forest,000000,
cfb,262,mbb,Lake Forest Foresters,Lake Forest,000000,
cfb,262,wbb,Lake Forest Foresters,Lake Forest,000000,
cfb,2627,cfb,Tarleton State Texans,Tarleton State,000000,
cfb,2627,mbb,Tarleton State Texans,Tarleton State,000000,
cfb,2627,wbb,Tarleton State Texans,Tarleton State,000000,
cfb,2644,cfb,Thiel Tomcats,Thiel,000000,
cfb,2644,mbb,Thiel Tomcats,Thiel,000000,
cfb,2644,wbb,Thiel Tomcats,Thiel,000000,
cfb,2651,cfb,Trine University Thunder,Trine University,000000,
cfb,2651,mbb,Trine Thunder,Trine,000000,
cfb,2651,ncaa_mhockey,Trine University Trine University,Trine University,,
cfb,2651,wbb,Trine Thunder,Trine,000000,
cfb,2654,cfb,Truman State Bulldogs,Truman State,000000,
cfb,2654,mbb,Truman State Bulldogs,Truman State,000000,
cfb,2654,wbb,Truman State Bulldogs,Truman State,000000,
cfb,2657,cfb,Tuskegee Golden Tigers,Tuskegee,000000,
cfb,2657,mbb,Tuskegee Golden Tigers,Tuskegee,000000,
cfb,2657,wbb,Tuskegee Golden Tigers,Tuskegee,000000,
cfb,2658,cfb,Texas A&M-Kingsville Javelinas,Texas A&M-Kingsville,000000,
cfb,2658,mbb,Texas A&M-Kingsville Javelinas,Texas A&M-Kingsville,000000,
cfb,2658,wbb,Texas A&M-Kingsville Javelinas,Texas A&M-Kingsville,000000,
cfb,266,cfb,Beloit College Buccaneers,Beloit College,000000,
cfb,266,mbb,Beloit College Buccaneers,Beloit College,000000,
cfb,266,wbb,Beloit College Buccaneers,Beloit College,000000,
cfb,2676,cfb,Virginia Union Panthers,Virginia Union,000000,
cfb,2676,mbb,Virginia Union Panthers,Virginia Union,000000,
cfb,2676,wbb,Virginia Union Panthers,Virginia Union,000000,
cfb,268,cfb,Lawrence University Vikings,Lawrence University,000000,
cfb,268,mbb,Lawrence Vikings,Lawrence,000000,
cfb,268,wbb,Lawrence Vikings,Lawrence,000000,
cfb,2682,cfb,Walsh Cavaliers,Walsh,000000,
cfb,2682,mbb,Walsh Cavaliers,Walsh,000000,
cfb,2682,wbb,Walsh Cavaliers,Walsh,000000,
cfb,2686,cfb,Washington & Jefferson Presidents,Washington & Jefferson,000000,
cfb,2686,mbb,Washington & Jefferson Presidents,Washington & Jefferson,000000,
cfb,2686,wbb,Washington & Jefferson Presidents,Washington & Jefferson,000000,
cfb,2687,cfb,Washburn Ichabods,Washburn,000000,
cfb,2687,mbb,Washburn Ichabods,Washburn,000000,
cfb,2687,wbb,Washburn Ichabods,Washburn,000000,
cfb,2699,cfb,West Liberty Hilltoppers,West Liberty,000000,
cfb,2699,mbb,West Liberty Hilltoppers,West Liberty,000000,
cfb,2699,wbb,West Liberty Hilltoppers,West Liberty,000000,
cfb,2701,cfb,Montana-Western Bulldogs,Montana-Western,000000,
cfb,2701,mbb,Montana Western Bulldogs,Montana Western,000000,
cfb,2701,wbb,Montana Western Bulldogs,Montana Western,000000,
cfb,2702,cfb,Western New England Golden Bears,Western New England,000000,
cfb,2703,cfb,Western New Mexico Mustangs,Western New Mexico,000000,
cfb,2703,mbb,Western New Mexico Mustangs,Western New Mexico,000000,
cfb,2703,wbb,Western New Mexico Mustangs,Western New Mexico,000000,
cfb,2704,cfb,West Texas A&M Buffaloes,West Texas A&M,000000,
cfb,2704,mbb,West Texas Buffaloes,West Texas,000000,
cfb,2704,wbb,West Texas Buffaloes,West Texas,000000,
cfb,2706,cfb,West Virginia Tech Golden Bears,West Virginia Tech,000000,
cfb,2706,mbb,WVU Tech Golden Bears,WVU Tech,000000,
cfb,2706,wbb,WVU Tech Golden Bears,WVU Tech,000000,
cfb,2707,cfb,West Virginia State Yellow Jackets,West Virginia State,000000,
cfb,2707,mbb,W. Virginia St. Yellow Jackets,W. Virginia St.,000000,
cfb,2707,wbb,West Virginia State Yellow Jackets,West Virginia State,000000,
cfb,271,cfb,Wisconsin-Oshkosh Titans,Wisconsin-Oshkosh,000000,
cfb,271,mbb,Wisconsin Oshkosh Titans,Wisconsin Oshkosh,000000,
cfb,271,wbb,Wisconsin Oshkosh Titans,Wisconsin Oshkosh,000000,
cfb,2714,cfb,Western Colorado Mountaineers,Western Colorado,000000,
cfb,2714,mbb,Western State Colorado University Mountaineers,Western State Colorado University,000000,
cfb,2714,wbb,Western Colorado Mountaineers,Western Colorado,000000,
cfb,272,cfb,Wisconsin-Platteville Pioneers,Wisconsin-Platteville,000000,
cfb,272,mbb,Wisconsin Platteville Pioneers,Wisconsin Platteville,000000,
cfb,272,wbb,Wisconsin Platteville Pioneers,Wisconsin Platteville,000000,
cfb,2723,cfb,Wisconsin-River Falls Falcons,Wisconsin-River Falls,000000,
cfb,2723,mbb,Wisconsin River Falls Falcons,Wisconsin River Falls,000000,
cfb,2723,wbb,Wisconsin River Falls Falcons,Wisconsin River Falls,000000,
cfb,2733,cfb,Wilmington (OH) Fightin' Quakers,Wilmington (OH),000000,
cfb,2733,mbb,Wilmington (OH) Fightin' Quakers,Wilmington (OH),000000,
cfb,2733,wbb,Wilmington (OH) Fightin' Quakers,Wilmington (OH),000000,
cfb,2738,cfb,Wisconsin-Eau Claire Blugolds,Wisconsin-Eau Claire,000000,
cfb,2738,mbb,Wisconsin Eau Claire Blugolds,Wisconsin Eau Claire,000000,
cfb,2738,ncaa_mhockey,Wisconsin-Eau Claire Wildcats,Wisconsin-Eau Claire,,
cfb,2738,wbb,Wisconsin Eau Claire Blugolds,Wisconsin Eau Claire,000000,
cfb,2740,cfb,Wisconsin-Lacrosse Eagles,Wisconsin-Lacrosse,000000,
cfb,2740,mbb,Wisconsin La Crosse Eagles,Wisconsin La Crosse,000000,
cfb,2740,wbb,Wisconsin La Crosse Eagles,Wisconsin La Crosse,000000,
cfb,2743,cfb,Wisconsin-Stevens Pt Pointers,Wisconsin-Stevens Pt,000000,
cfb,2743,mbb,Wisconsin Stevens Point Pointers,Wisconsin Stevens Point,000000,
cfb,2743,wbb,Wisconsin Stevens Point Pointers,Wisconsin Stevens Point,000000,
cfb,2744,cfb,Wisconsin-Stout Blue Devils,Wisconsin-Stout,000000,
cfb,2744,mbb,Wisconsin Stout Blue Devils,Wisconsin Stout,000000,
cfb,2744,ncaa_mhockey,Wisconsin-Stout Falcons,Wisconsin-Stout,,
cfb,2744,wbb,Wisconsin Stout Blue Devils,Wisconsin Stout,000000,
cfb,2745,cfb,Wisconsin-Whitewater Warhawks,Wisconsin-Whitewater,000000,
cfb,2745,mbb,Wisconsin Whitewater Warhawks,Wisconsin Whitewater,000000,
cfb,2745,wbb,Wisconsin Whitewater Warhawks,Wisconsin Whitewater,000000,
cfb,2746,cfb,Wittenberg Tigers,Wittenberg,000000,
cfb,2746,mbb,Wittenberg Tigers,Wittenberg,000000,
cfb,2746,wbb,Wittenberg Tigers,Wittenberg,000000,
cfb,2748,cfb,Wooster Fighting Scots,Wooster,000000,
cfb,2748,mbb,Wooster Fighting Scots,Wooster,000000,
cfb,2748,wbb,Wooster Fighting Scots,Wooster,000000,
cfb,2749,cfb,WPI Engineers,WPI,000000,
cfb,2749,mbb,WPI Engineers,WPI,000000,
cfb,2749,wbb,WPI Engineers,WPI,000000,
cfb,2771,cfb,Merrimack Warriors,Merrimack,000000,
cfb,2771,mbb,Merrimack Warriors,Merrimack,2f4f93,e8c535
cfb,2776,cfb,Salve Regina Seahawks,Salve Regina,000000,
cfb,2776,mbb,Salve Regina Seahawks,Salve Regina,000000,
cfb,2776,wbb,Salve Regina Seahawks,Salve Regina,000000,
cfb,2779,cfb,St. Lawrence Saints,St. Lawrence,000000,
cfb,2779,mbb,St. Lawrence Saints,St. Lawrence,000000,
cfb,2779,ncaa_mhockey,St. Lawrence Saints,St. Lawrence,,
cfb,2779,ncaa_whockey,St. Lawrence Saints,St. Lawrence,,
cfb,2779,wbb,St. Lawrence Saints,St. Lawrence,000000,
cfb,2781,cfb,Brockport Golden Eagles,Brockport,000000,
cfb,2781,mbb,Brockport Golden Eagles,Brockport,000000,
cfb,2781,ncaa_mhockey,Brockport State Falcons,Brockport State,,
cfb,2781,wbb,Brockport Golden Eagles,Brockport,000000,
cfb,2782,cfb,Cortland Red Dragons,Cortland,000000,
cfb,2782,mbb,SUNY Cortland Red Dragons,SUNY Cortland,000000,
cfb,2782,wbb,Cortland Red Dragons,Cortland,000000,
cfb,2790,cfb,Albion Britons,Albion,000000,
cfb,2790,mbb,Albion Britons,Albion,000000,
cfb,2790,wbb,Albion Britons,Albion,000000,
cfb,2800,cfb,Alma College Scots,Alma College,000000,
cfb,2800,mbb,Alma Scots,Alma,000000,
cfb,2800,wbb,Alma Scots,Alma,000000,
cfb,2804,cfb,Chowan Hawks,Chowan,000000,
cfb,2804,mbb,Chowan Hawks,Chowan,000000,
cfb,2804,wbb,Chowan Hawks,Chowan,000000,
cfb,2805,cfb,Clark Atlanta Panthers,Clark Atlanta,000000,
cfb,2805,mbb,Clark Atlanta Panthers,Clark Atlanta,000000,
cfb,2805,wbb,Clark Atlanta Panthers,Clark Atlanta,000000,
cfb,2812,cfb,Hope Flying Dutchmen,Hope,000000,
cfb,2812,mbb,Hope Flying Dutchmen,Hope,000000,
cfb,2812,wbb,Hope Flying Dutchmen,Hope,000000,
cfb,2815,cfb,Lindenwood Lions,Lindenwood,000000,
cfb,2815,mbb,Lindenwood Lions,Lindenwood,000000,
cfb,2815,ncaa_mhockey,Lindenwood Lions,Lindenwood,,
cfb,2815,ncaa_whockey,Lindenwood Lions,Lindenwood,,
cfb,2815,wbb,Lindenwood Lions,Lindenwood,000000,
cfb,2816,cfb,McKendree Bearcats,McKendree,000000,
cfb,2816,mbb,McKendree Bearcats,McKendree,000000,
cfb,2816,wbb,McKendree Bearcats,McKendree,000000,
cfb,2817,cfb,Minnesota State Moorhead Dragons,Minnesota State Moorhead,000000,
cfb,2817,mbb,Minnesota St Moorhead Dragons,Minnesota St Moorhead,000000,
cfb,2817,wbb,Minnesota St Moorhead Dragons,Minnesota St Moorhead,000000,
cfb,2823,cfb,Northwestern Oklahoma State Rangers,Northwestern Oklahoma State,000000,
cfb,2823,mbb,Northwestern (OK) Rangers,Northwestern (OK),000000,
cfb,2823,wbb,Northwestern (OK) Rangers,Northwestern (OK),000000,
cfb,2825,cfb,Quincy Hawks,Quincy,000000,
cfb,2825,mbb,Quincy Hawks,Quincy,000000,
cfb,2825,wbb,Quincy Hawks,Quincy,000000,
cfb,2828,cfb,Shenandoah Hornets,Shenandoah,000000,
cfb,2828,mbb,Shenandoah Hornets,Shenandoah,000000,
cfb,2828,wbb,Shenandoah Hornets,Shenandoah,000000,
cfb,2830,cfb,St. Anselm Hawks,St. Anselm,000000,
cfb,2830,mbb,Saint Anselm Hawks,Saint Anselm,000000,
cfb,2830,ncaa_mhockey,St. Anselm Hawks,St. Anselm,,
cfb,2830,ncaa_whockey,St. Anselm Hawks,St. Anselm,,
cfb,2830,wbb,Saint Anselm Hawks,Saint Anselm,000000,
cfb,2832,cfb,St. Norbert Green Knights,St. Norbert,000000,
cfb,2832,mbb,St. Norbert Green Knights,St. Norbert,000000,
cfb,2832,wbb,St. Norbert Green Knights,St. Norbert,000000,
cfb,2834,cfb,Sul Ross State Lobos,Sul Ross State,000000,
cfb,2834,mbb,Sul Ross State Lobos,Sul Ross State,000000,
cfb,2834,wbb,Sul Ross State Lobos,Sul Ross State,000000,
cfb,2837,cfb,East Texas A&M Lions,East Texas A&M,000000,
cfb,2837,mbb,East Texas A&M Lions,East Texas A&M,000000,
cfb,2837,wbb,East Texas A&M Lions,East Texas A&M,000000,
cfb,2838,cfb,Tiffin Dragons,Tiffin,000000,
cfb,2838,mbb,Tiffin Dragons,Tiffin,000000,
cfb,2838,wbb,Tiffin Dragons,Tiffin,000000,
cfb,284,cfb,Stonehill Skyhawks,Stonehill,000000,
cfb,284,mbb,Stonehill Skyhawks,Stonehill,000000,
cfb,284,ncaa_mhockey,Stonehill Stonehill,Stonehill,,
cfb,284,ncaa_whockey,Stonehill Skyhawks,Stonehill,,
cfb,284,wbb,Stonehill Skyhawks,Stonehill,000000,
cfb,2844,cfb,Wayne State (NE) Wildcats,Wayne State (NE),000000,
cfb,2844,mbb,Wayne State (NE) Wildcats,Wayne State (NE),000000,
cfb,2844,wbb,Wayne State (NE) Wildcats,Wayne State (NE),000000,
cfb,2845,cfb,Waynesburg Yellow Jackets,Waynesburg,000000,
cfb,2845,mbb,Waynesburg Yellow Jackets,Waynesburg,000000,
cfb,2845,wbb,Waynesburg Yellow Jackets,Waynesburg,000000,
cfb,2848,cfb,Western Oregon Wolves,Western Oregon,000000,
cfb,2848,mbb,Western Oregon Wolves,Western Oregon,000000,
cfb,2848,wbb,Western Oregon Wolves,Western Oregon,000000,
cfb,2849,cfb,Westminster (PA) Titans,Westminster (PA),000000,
cfb,2849,mbb,Westminster (PA) Titans,Westminster (PA),000000,
cfb,2851,cfb,Winona State Warriors,Winona State,000000,
cfb,2851,mbb,Winona State Warriors,Winona State,000000,
cfb,2851,wbb,Winona State Warriors,Winona State,000000,
cfb,2858,cfb,California (PA) Vulcans,California (PA),000000,
cfb,2858,mbb,California (PA) Vulcans,California (PA),000000,
cfb,2858,wbb,California (PA) Vulcans,California (PA),000000,
cfb,286,cfb,North Carolina Wesleyan Battling Bishops,North Carolina Wesleyan,000000,
cfb,286,mbb,North Carolina Wesleyan Battling Bishops,North Carolina Wesleyan,000000,
cfb,286,wbb,North Carolina Wesleyan Battling Bishops,North Carolina Wesleyan,000000,
cfb,2876,cfb,Lincoln (MO) Blue Tigers,Lincoln (MO),000000,
cfb,2876,mbb,Lincoln (MO) Blue Tigers,Lincoln (MO),000000,
cfb,2876,wbb,Lincoln (MO) Blue Tigers,Lincoln (MO),000000,
cfb,2880,cfb,Missouri Baptist Spartans,Missouri Baptist,,
cfb,2880,mbb,Missouri Baptist Spartans,Missouri Baptist,,
cfb,2880,wbb,Missouri Baptist Spartans,Missouri Baptist,000000,
cfb,2882,cfb,UNC Pembroke Braves,UNC Pembroke,000000,
cfb,2882,mbb,UNC Pembroke Braves,UNC Pembroke,000000,
cfb,2882,wbb,UNC Pembroke Braves,UNC Pembroke,000000,
cfb,2886,cfb,Northwood (MI) Timberwolves,Northwood (MI),000000,
cfb,2886,mbb,Northwood Timberwolves,Northwood,000000,
cfb,2886,wbb,Northwood Timberwolves,Northwood,000000,
cfb,2888,cfb,Ouachita Baptist Tigers,Ouachita Baptist,000000,
cfb,2888,mbb,Ouachita Baptist Tigers,Ouachita Baptist,000000,
cfb,2888,wbb,Ouachita Baptist Tigers,Ouachita Baptist,000000,
cfb,2891,cfb,Ripon Red Hawks,Ripon,000000,
cfb,2891,mbb,Ripon Red Hawks,Ripon,000000,
cfb,2891,wbb,Ripon Red Hawks,Ripon,000000,
cfb,2894,cfb,Sioux Falls Cougars,Sioux Falls,000000,
cfb,2894,mbb,Sioux Falls Cougars,Sioux Falls,000000,
cfb,2894,wbb,Sioux Falls Cougars,Sioux Falls,000000,
cfb,2896,cfb,Southern Virginia Knights,Southern Virginia,000000,
cfb,2896,mbb,Southern Virginia Knights,Southern Virginia,000000,
cfb,2896,wbb,Southern Virginia Knights,Southern Virginia,000000,
cfb,2900,cfb,St. Thomas Tommies,St. Thomas,000000,
cfb,2900,mbb,St. Thomas Tommies,St. Thomas,000000,
cfb,2900,ncaa_mhockey,St. Thomas Tommies,St. Thomas,,
cfb,2900,ncaa_whockey,St. Thomas-Minnesota Tommies,St. Thomas-Minnesota,,
cfb,2900,wbb,St. Thomas Tommies,St. Thomas,000000,
cfb,291,cfb,Methodist Monarchs,Methodist,000000,
cfb,291,mbb,Methodist Monarchs,Methodist,000000,
cfb,291,wbb,Methodist Monarchs,Methodist,000000,
cfb,2911,cfb,William Jewell Cardinals,William Jewell,000000,
cfb,2911,mbb,William Jewell Cardinals,William Jewell,000000,
cfb,2911,wbb,William Jewell Cardinals,William Jewell,000000,
cfb,2913,cfb,Brevard College Tornados,Brevard College,000000,
cfb,2913,mbb,Brevard Tornados,Brevard,000000,
cfb,2913,wbb,Brevard Tornados,Brevard,000000,
cfb,2919,cfb,Monmouth (IL) Fighting Scots,Monmouth (IL),000000,
cfb,2919,mbb,Monmouth (IL) Fighting Scots,Monmouth (IL),000000,
cfb,2919,wbb,Monmouth (IL) Fighting Scots,Monmouth (IL),000000,
cfb,292,cfb,UT Rio Grande Valley Vaqueros,UT Rio Grande Valley,,
cfb,292,mbb,UT Rio Grande Valley Vaqueros,UT Rio Grande Valley,dc6000,e1732d
cfb,2927,cfb,Southwestern Oklahoma State Bulldogs,Southwestern Oklahoma State,000000,
cfb,2927,mbb,Southwestern Oklahoma State Bulldogs,Southwestern Oklahoma State,000000,
cfb,2927,wbb,Southwestern Oklahoma State Bulldogs,Southwestern Oklahoma State,000000,
cfb,293,cfb,Castleton Spartans,Castleton,000000,
cfb,293,mbb,Vermont State Spartans,Vermont State,000000,
cfb,293,wbb,Castleton State Spartans,Castleton State,000000,
cfb,2938,cfb,Huntingdon College (AL) Hawks,Huntingdon College (AL),000000,
cfb,2938,mbb,Huntingdon Hawks,Huntingdon,000000,
cfb,2938,wbb,Huntingdon Hawks,Huntingdon,000000,
cfb,2940,cfb,Livingstone Blue Bears,Livingstone,000000,
cfb,2940,mbb,Livingstone Blue Bears,Livingstone,000000,
cfb,2940,wbb,Livingstone Blue Bears,Livingstone,000000,
cfb,2951,cfb,SUNY Maritime Privateers,SUNY Maritime,000000,
cfb,2951,mbb,SUNY Maritime Privateers,SUNY Maritime,000000,
cfb,2951,wbb,SUNY Maritime Privateers,SUNY Maritime,000000,
cfb,2963,cfb,Case Western Reserve Spartans,Case Western Reserve,000000,
cfb,2963,mbb,Case Western Reserve Spartans,Case Western Reserve,000000,
cfb,2967,cfb,Framingham State Rams,Framingham State,000000,
cfb,2967,ncaa_mhockey,Manitoba MANITOBA,Manitoba,,
cfb,2969,cfb,Misericordia Cougars,Misericordia,000000,
cfb,2974,cfb,Shepherd Rams,Shepherd,000000,
cfb,2974,mbb,Shepherd Rams,Shepherd,000000,
cfb,2974,wbb,Shepherd Rams,Shepherd,000000,
cfb,2980,cfb,Ohio Wesleyan Battling Bishops,Ohio Wesleyan,000000,
cfb,2980,mbb,Ohio Wesleyan Battling Bishops,Ohio Wesleyan,000000,
cfb,2980,wbb,Ohio Wesleyan Battling Bishops,Ohio Wesleyan,000000,
cfb,2986,cfb,Fairmont State Falcons,Fairmont State,000000,
cfb,2986,mbb,Fairmont State Falcons,Fairmont State,000000,
cfb,2986,wbb,Fairmont State Falcons,Fairmont State,000000,
cfb,306,cfb,Illinois Wesleyan Titans,Illinois Wesleyan,000000,
cfb,306,mbb,Illinois Wesleyan Titans,Illinois Wesleyan,000000,
cfb,306,wbb,Illinois Wesleyan Titans,Illinois Wesleyan,000000,
cfb,3066,cfb,Concordia-St. Paul Golden Bears,Concordia-St. Paul,000000,
cfb,3066,mbb,Concordia St. Paul Golden Bears,Concordia St. Paul,000000,
cfb,3066,wbb,Concordia St. Paul Golden Bears,Concordia St. Paul,000000,
cfb,3071,cfb,North Central College Cardinals,North Central College,000000,
cfb,3071,mbb,North Central College Cardinals,North Central College,000000,
cfb,3071,wbb,North Central College Cardinals,North Central College,000000,
cfb,308,cfb,Ashland Eagles,Ashland,000000,
cfb,308,mbb,Ashland Eagles,Ashland,000000,
cfb,308,wbb,Ashland Eagles,Ashland,000000,
cfb,3101,cfb,Utah Tech Trailblazers,Utah Tech,000000,
cfb,3101,mbb,Utah Tech Trailblazers,Utah Tech,000000,
cfb,3101,wbb,Utah Tech Trailblazers,Utah Tech,000000,
cfb,3110,cfb,SUNY Morrisville Mustangs,SUNY Morrisville,000000,
cfb,3112,cfb,Christopher Newport Captains,Christopher Newport,000000,
cfb,3162,cfb,Alfred State College Pioneers,Alfred State College,000000,
cfb,317,cfb,Marietta Pioneers,Marietta,000000,
cfb,317,mbb,Marietta Pioneers,Marietta,000000,
cfb,317,wbb,Marietta Pioneers,Marietta,000000,
cfb,319,cfb,Oklahoma Baptist Bison,Oklahoma Baptist,,
cfb,319,mbb,Oklahoma Baptist Bison,Oklahoma Baptist,,
cfb,319,wbb,Oklahoma Baptist Bison,Oklahoma Baptist,000000,
cfb,32,cfb,Carroll (WI) Pioneers,Carroll (WI),000000,
cfb,32,mbb,Carroll (WI) Pioneers,Carroll (WI),000000,
cfb,32,wbb,Carroll (WI) Pioneers,Carroll (WI),000000,
cfb,330,cfb,Virginia State Trojans,Virginia State,000000,
cfb,330,mbb,Virginia State Trojans,Virginia State,000000,
cfb,330,wbb,Virginia State Trojans,Virginia State,000000,
cfb,332,cfb,Muskingum Fighting Muskies,Muskingum,000000,
cfb,332,mbb,Muskingum Fighting Muskies,Muskingum,000000,
cfb,332,wbb,Muskingum Fighting Muskies,Muskingum,000000,
cfb,341,cfb,Frostburg State Bobcats,Frostburg State,000000,
cfb,341,mbb,Frostburg State Bobcats,Frostburg State,000000,
cfb,341,wbb,Frostburg State Bobcats,Frostburg State,000000,
cfb,352,cfb,Kenyon Owls,Kenyon,000000,
cfb,352,mbb,Kenyon Lords,Kenyon,000000,
cfb,352,wbb,Kenyon Lords,Kenyon,000000,
cfb,354,cfb,Olivet College Comets,Olivet College,000000,
cfb,354,mbb,Olivet Comets,Olivet,000000,
cfb,354,wbb,Olivet Comets,Olivet,000000,
cfb,359,cfb,Otterbein Cardinals,Otterbein,000000,
cfb,359,mbb,Otterbein Cardinals,Otterbein,000000,
cfb,359,wbb,Otterbein Cardinals,Otterbein,000000,
cfb,365,cfb,Alfred Saxons,Alfred,000000,
cfb,365,mbb,Alfred Saxons,Alfred,000000,
cfb,365,wbb,Alfred Saxons,Alfred,000000,
cfb,367,cfb,Gannon Golden Knights,Gannon,000000,
cfb,367,mbb,Gannon Golden Knights,Gannon,000000,
cfb,367,wbb,Gannon Golden Knights,Gannon,000000,
cfb,374,cfb,St. John Fisher University Cardinals,St. John Fisher University,000000,
cfb,374,mbb,St. John Fisher Cardinals,St. John Fisher,000000,
cfb,374,wbb,St. John Fisher Cardinals,St. John Fisher,000000,
cfb,375,cfb,St. Scholastica Saints,St. Scholastica,000000,
cfb,375,mbb,St. Scholastica Saints,St. Scholastica,000000,
cfb,375,wbb,St. Scholastica Saints,St. Scholastica,000000,
cfb,379,cfb,UMass Dartmouth Corsairs,UMass Dartmouth,000000,
cfb,379,mbb,UMass Dartmouth MASS. DARTMOUTH,UMass Dartmouth,000000,
cfb,379,ncaa_mhockey,UMass Dartmouth UMass Dartmouth,UMass Dartmouth,,
cfb,379,wbb,UMass Dartmouth MASS. DARTMOUTH,UMass Dartmouth,000000,
cfb,386,cfb,Trinity (TX) Tigers,Trinity (TX),000000,
cfb,386,mbb,Trinity (TX) Tigers,Trinity (TX),000000,
cfb,386,wbb,Trinity (TX) Tigers,Trinity (TX),000000,
cfb,389,cfb,Upper Iowa Peacocks,Upper Iowa,000000,
cfb,389,mbb,Upper Iowa Peacocks,Upper Iowa,000000,
cfb,389,wbb,Upper Iowa Peacocks,Upper Iowa,000000,
cfb,390,cfb,Utica Pioneers,Utica,000000,
cfb,390,mbb,Utica Pioneers,Utica,000000,
cfb,391,cfb,Oberlin Yeomen,Oberlin,000000,
cfb,391,mbb,Oberlin Yeomen,Oberlin,000000,
cfb,391,wbb,Oberlin Yeomen,Oberlin,000000,
cfb,396,cfb,Wheaton Thunder,Wheaton,000000,
cfb,396,mbb,Wheaton (IL) Thunder,Wheaton (IL),000000,
cfb,417,cfb,Gallaudet Bison,Gallaudet,000000,
cfb,417,mbb,Gallaudet Bison,Gallaudet,000000,
cfb,417,wbb,Gallaudet Bison,Gallaudet,000000,
cfb,418,cfb,Hendrix College Warriors,Hendrix College,,
cfb,418,mbb,Hendrix Warriors,Hendrix,,
cfb,418,wbb,Hendrix Warriors,Hendrix,,
cfb,424,cfb,Capital Comets,Capital,000000,
cfb,424,mbb,Capital Crusaders,Capital,000000,
cfb,424,wbb,Capital Crusaders,Capital,000000,
cfb,426,cfb,Mount Union Purple Raiders,Mount Union,000000,
cfb,426,mbb,Mount Union Purple Raiders,Mount Union,000000,
cfb,426,wbb,Mount Union Purple Raiders,Mount Union,000000,
cfb,427,cfb,Ohio Northern Polar Bears,Ohio Northern,000000,
cfb,427,mbb,Ohio Northern Polar Bears,Ohio Northern,000000,
cfb,427,wbb,Ohio Northern Polar Bears,Ohio Northern,000000,
cfb,437,cfb,Lake Erie Storm,Lake Erie,000000,
cfb,437,mbb,Lake Erie Storm,Lake Erie,000000,
cfb,437,wbb,Lake Erie Storm,Lake Erie,000000,
cfb,446,cfb,Martin Luther Knights,Martin Luther,000000,
cfb,452,cfb,Endicott College Gulls,Endicott College,000000,
cfb,455,cfb,West Virginia Wesleyan Bobcats,West Virginia Wesleyan,000000,
cfb,455,mbb,West Virginia Wesleyan Bobcats,West Virginia Wesleyan,000000,
cfb,455,wbb,West Virginia Wesleyan Bobcats,West Virginia Wesleyan,000000,
cfb,49,cfb,Dubuque Spartans,Dubuque,000000,
cfb,49,mbb,Dubuque Spartans,Dubuque,000000,
cfb,49,wbb,University of Dubuque Spartans,University of Dubuque,000000,
cfb,490,cfb,Benedict Tigers,Benedict,,
cfb,512,cfb,Dakota State University Trojans,Dakota State University,000000,
cfb,512,mbb,Dakota State Trojans,Dakota State,000000,
cfb,512,wbb,Dakota State Trojans,Dakota State,000000,
cfb,530,cfb,Graceland University Graceland,Graceland University,000000,
cfb,530,mbb,Graceland GRACELAND,Graceland,000000,
cfb,530,wbb,Graceland GRACELAND,Graceland,000000,
cfb,548,cfb,LaGrange College Panthers,LaGrange College,000000,
cfb,548,mbb,LaGrange Panthers,LaGrange,000000,
cfb,548,wbb,LaGrange Panthers,LaGrange,000000,
cfb,559,cfb,University of Mary Marauders,University of Mary,000000,
cfb,559,mbb,University of Mary Marauders,University of Mary,000000,
cfb,559,wbb,University of Mary Marauders,University of Mary,000000,
cfb,568,cfb,Minot State Beavers,Minot State,000000,
cfb,568,mbb,Minot State Beavers,Minot State,000000,
cfb,568,wbb,Minot State Beavers,Minot State,000000,
cfb,583,cfb,Northwestern (MN) Eagles,Northwestern (MN),000000,
cfb,60,cfb,Morehouse College Maroon Tigers,Morehouse College,000000,
cfb,60,mbb,Morehouse Maroon Tigers,Morehouse,000000,
cfb,60,wbb,Morehouse Maroon Tigers,Morehouse,000000,
cfb,611,cfb,Seton Hill Griffins,Seton Hill,000000,
cfb,611,wbb,Seton Hill Griffins,Seton Hill,000000,
cfb,613,cfb,South Dakota Mines Hardrockers,South Dakota Mines,000000,
cfb,613,mbb,South Dakota St School Of Mines Hardrockers,South Dakota St School Of Mines,000000,
cfb,613,wbb,South Dakota Mines Hardrockers,South Dakota Mines,000000,
cfb,6353,cfb,Lakeland University Muskies,Lakeland University,,
cfb,65,cfb,Grinnell Pioneers,Grinnell,000000,
cfb,65,mbb,Grinnell Pioneers,Grinnell,000000,
cfb,65,wbb,Grinnell Pioneers,Grinnell,000000,
cfb,6845,cfb,Nebraska Wesleyan Prairie Wolves,Nebraska Wesleyan,,
cfb,72,cfb,Elmhurst Bluejays,Elmhurst,000000,
cfb,72,mbb,Elmhurst Blue Jays,Elmhurst,000000,
cfb,72,wbb,Elmhurst Blue Jays,Elmhurst,000000,
cfb,74,cfb,Millikin Big Blue,Millikin,000000,
cfb,74,mbb,Millikin Big Blue,Millikin,000000,
cfb,74,wbb,Millikin Big Blue,Millikin,000000,
cfb,75,cfb,North Park Vikings,North Park,000000,
cfb,75,mbb,North Park Vikings,North Park,000000,
cfb,75,wbb,North Park Vikings,North Park,000000,
cfb,80,cfb,Chicago Maroons,Chicago,000000,
cfb,80,mbb,Chicago Maroons,Chicago,000000,
cfb,80,wbb,Chicago Maroons,Chicago,000000,
cfb,81,cfb,Springfield Pride,Springfield,000000,
cfb,81,mbb,Springfield Pride,Springfield,000000,
cfb,81,wbb,Springfield Pride,Springfield,000000,
cfb,83,cfb,DePauw Tigers,DePauw,000000,
cfb,83,mbb,DePauw Tigers,DePauw,000000,
cfb,83,wbb,DePauw Tigers,DePauw,000000,
cfb,89,cfb,Wabash College Little Giants,Wabash College,000000,
cfb,89,mbb,Wabash Little Giants,Wabash,000000,
cfb,89,wbb,Wabash Little Giants,Wabash,000000,
cfb,90,cfb,Pittsburg State Gorillas,Pittsburg State,000000,
cfb,90,mbb,Pittsburg State Gorillas,Pittsburg State,000000,
cfb,90,wbb,Pittsburg State Gorillas,Pittsburg State,000000,
mbb,2097,cfb,Campbell Fighting Camels,Campbell,000000,
mbb,2097,mbb,Campbell Fighting Camels,Campbell,000000,
mbb,2097,wbb,Campbell Fighting Camels,Campbell,000000,
mbb,2330,mbb,Le Moyne Dolphins,Le Moyne,,
mbb,2330,wbb,Le Moyne Dolphins,Le Moyne,000000,
mbb,2385,cfb,Mercyhurst Lakers,Mercyhurst,000000,
mbb,2385,mbb,Mercyhurst Lakers,Mercyhurst,000000,
mbb,2385,ncaa_mhockey,Mercyhurst Lakers,Mercyhurst,,
mbb,2385,ncaa_whockey,Mercyhurst Lakers,Mercyhurst,,
mbb,2385,wbb,Mercyhurst Lakers,Mercyhurst,000000,
mbb,2511,mbb,Queens University Royals,Queens University,192C66,857040
mbb,2598,mbb,Saint Francis Red Wolves,Saint Francis,a20012,000000
mbb,2627,cfb,Tarleton State Texans,Tarleton State,000000,
mbb,2627,mbb,Tarleton State Texans,Tarleton State,000000,
mbb,2627,wbb,Tarleton State Texans,Tarleton State,000000,
mbb,2815,cfb,Lindenwood Lions,Lindenwood,000000,
mbb,2815,mbb,Lindenwood Lions,Lindenwood,000000,
mbb,2815,ncaa_mhockey,Lindenwood Lions,Lindenwood,,
mbb,2815,ncaa_whockey,Lindenwood Lions,Lindenwood,,
mbb,2815,wbb,Lindenwood Lions,Lindenwood,000000,
mbb,2837,cfb,East Texas A&M Lions,East Texas A&M,000000,
mbb,2837,mbb,East Texas A&M Lions,East Texas A&M,000000,
mbb,2837,wbb,East Texas A&M Lions,East Texas A&M,000000,
mbb,284,cfb,Stonehill Skyhawks,Stonehill,000000,
mbb,284,mbb,Stonehill Skyhawks,Stonehill,000000,
mbb,284,ncaa_mhockey,Stonehill Stonehill,Stonehill,,
mbb,284,ncaa_whockey,Stonehill Skyhawks,Stonehill,,
mbb,284,wbb,Stonehill Skyhawks,Stonehill,000000,
mbb,2900,cfb,St. Thomas Tommies,St. Thomas,000000,
mbb,2900,mbb,St. Thomas Tommies,St. Thomas,000000,
mbb,2900,ncaa_mhockey,St. Thomas Tommies,St. Thomas,,
mbb,2900,ncaa_whockey,St. Thomas-Minnesota Tommies,St. Thomas-Minnesota,,
mbb,2900,wbb,St. Thomas Tommies,St. Thomas,000000,
mbb,3101,cfb,Utah Tech Trailblazers,Utah Tech,000000,
mbb,3101,mbb,Utah Tech Trailblazers,Utah Tech,000000,
mbb,3101,wbb,Utah Tech Trailblazers,Utah Tech,000000,
mbb,88,mbb,Southern Indiana Screaming Eagles,Southern Indiana,,
mbb,88,wbb,Southern Indiana Screaming Eagles,Southern Indiana,000000,
mbb,91,mbb,Bellarmine Knights,Bellarmine,000000,
mbb,91,wbb,Bellarmine Knights,Bellarmine,000000,
nbagl,123432,nbagl,G League Ignite,G League,,
nbagl,128019,nbagl,Rip City Remix,Rip City,,
nbagl,129713,nbagl,Valley Suns,Valley,,
ncaa_baseball,102,ncaa_baseball,Rutgers Scarlet Knights,Rutgers,000000,
ncaa_baseball,104,ncaa_baseball,New Mexico Lobos,New Mexico,000000,
ncaa_baseball,1067,ncaa_baseball,Concordia St. Paul Golden Bears,Concordia St. Paul,000000,
ncaa_baseball,110,ncaa_baseball,Oklahoma State Cowboys,Oklahoma State,000000,
ncaa_baseball,1103,ncaa_baseball,North Alabama Lions,North Alabama,000000,
ncaa_baseball,1105,ncaa_baseball,California Baptist Lancers,California Baptist,000000,
ncaa_baseball,113,ncaa_baseball,Oregon State Beavers,Oregon State,000000,
ncaa_baseball,1139,ncaa_baseball,Boise State Broncos,Boise State,,
ncaa_baseball,1143,ncaa_baseball,Bellarmine Knights,Bellarmine,,
ncaa_baseball,1145,ncaa_baseball,Tarleton State Texans,Tarleton State,,
ncaa_baseball,1146,ncaa_baseball,Utah Tech Trailblazers,Utah Tech,,
ncaa_baseball,1147,ncaa_baseball,UC San Diego Tritons,UC San Diego,,
ncaa_baseball,1148,ncaa_baseball,Merrimack Warriors,Merrimack,,
ncaa_baseball,1189,ncaa_baseball,Loras Duhawks,Loras,,
ncaa_baseball,1190,ncaa_baseball,Grand View Vikings,Grand View,,
ncaa_baseball,1191,ncaa_baseball,Roosevelt Lakers,Roosevelt,,
ncaa_baseball,120,ncaa_baseball,Vanderbilt Commodores,Vanderbilt,000000,
ncaa_baseball,1238,ncaa_baseball,Queens University Royals,Queens University,,
ncaa_baseball,1239,ncaa_baseball,Upper Iowa Peacocks,Upper Iowa,,
ncaa_baseball,1246,ncaa_baseball,Southern Indiana Screaming Eagles,Southern Indiana,,
ncaa_baseball,1247,ncaa_baseball,Linfield Wildcats,Linfield,,
ncaa_baseball,1248,ncaa_baseball,Coe Kohawks,Coe,,
ncaa_baseball,1286,ncaa_baseball,DePauw Tigers,DePauw,,
ncaa_baseball,1287,ncaa_baseball,St. Olaf Oles,St. Olaf,,
ncaa_baseball,129698,ncaa_baseball,Mercyhurst Lakers,Mercyhurst,,
ncaa_baseball,129699,ncaa_baseball,West Georgia Wolves,West Georgia,,
ncaa_baseball,129700,ncaa_baseball,Pacific Lutheran Lutes,Pacific Lutheran,,
ncaa_baseball,129701,ncaa_baseball,Augustana (IL) Vikings,Augustana (IL),,
ncaa_baseball,129702,ncaa_baseball,Aurora Spartans,Aurora,,
ncaa_baseball,129706,ncaa_baseball,New Haven Chargers,New Haven,,
ncaa_baseball,129756,ncaa_baseball,Wartburg Knights,Wartburg,,
ncaa_baseball,129760,ncaa_baseball,Cal State Los Angeles Golden Eagles,Cal State Los Angeles,,
ncaa_baseball,129763,ncaa_baseball,Wisconsin Platteville Pioneers,Wisconsin Platteville,,
ncaa_baseball,129773,ncaa_baseball,Washburn Ichabods,Washburn,,
ncaa_baseball,135,ncaa_baseball,Milwaukee Panthers,Milwaukee,000000,
ncaa_baseball,141,ncaa_baseball,Long Beach State Beach,Long Beach State,000000,
ncaa_baseball,160,ncaa_baseball,UCF Knights,UCF,000000,
ncaa_baseball,161,ncaa_baseball,Cincinnati Bearcats,Cincinnati,000000,
ncaa_baseball,167,ncaa_baseball,Iowa Hawkeyes,Iowa,000000,
ncaa_baseball,170,ncaa_baseball,Lamar Cardinals,Lamar,000000,
ncaa_baseball,171,ncaa_baseball,Le Moyne Dolphins,Le Moyne,,
ncaa_baseball,182,ncaa_baseball,UNLV Rebels,UNLV,000000,
ncaa_baseball,193,ncaa_baseball,South Carolina Gamecocks,South Carolina,000000,
ncaa_baseball,202,ncaa_baseball,The Citadel Bulldogs,The Citadel,000000,
ncaa_baseball,208,ncaa_baseball,Wofford Terriers,Wofford,000000,
ncaa_baseball,259,ncaa_baseball,Maine Black Bears,Maine,000000,
ncaa_baseball,263,ncaa_baseball,Dallas Baptist Patriots,Dallas Baptist,,
ncaa_baseball,271,ncaa_baseball,App State Mountaineers,App State,000000,
ncaa_baseball,284,ncaa_baseball,Columbia Lions,Columbia,000000,
ncaa_baseball,285,ncaa_baseball,Jackson State Tigers,Jackson State,000000,
ncaa_baseball,286,ncaa_baseball,Savannah State Tigers,Savannah State,000000,
ncaa_baseball,287,ncaa_baseball,Gonzaga Bulldogs,Gonzaga,000000,
ncaa_baseball,288,ncaa_baseball,Illinois State Redbirds,Illinois State,000000,
ncaa_baseball,289,ncaa_baseball,William & Mary Tribe,William & Mary,000000,
ncaa_baseball,290,ncaa_baseball,UC Santa Barbara Gauchos,UC Santa Barbara,000000,
ncaa_baseball,291,ncaa_baseball,Florida Gulf Coast Eagles,Florida Gulf Coast,000000,
ncaa_baseball,292,ncaa_baseball,Binghamton Bearcats,Binghamton,000000,
ncaa_baseball,293,ncaa_baseball,Campbell Fighting Camels,Campbell,000000,
ncaa_baseball,294,ncaa_baseball,Indiana Hoosiers,Indiana,000000,
ncaa_baseball,295,ncaa_baseball,Mercer Bears,Mercer,000000,
ncaa_baseball,296,ncaa_baseball,North Florida Ospreys,North Florida,000000,
ncaa_baseball,297,ncaa_baseball,UTSA Roadrunners,UTSA,000000,
ncaa_baseball,298,ncaa_baseball,Canisius Golden Griffins,Canisius,000000,
ncaa_baseball,299,ncaa_baseball,Bryant Bulldogs,Bryant,000000,
ncaa_baseball,300,ncaa_baseball,Saint Louis Billikens,Saint Louis,000000,
ncaa_baseball,301,ncaa_baseball,South Dakota State Jackrabbits,South Dakota State,000000,
ncaa_baseball,302,ncaa_baseball,Valparaiso Beacons,Valparaiso,000000,
ncaa_baseball,303,ncaa_baseball,Elon Phoenix,Elon,000000,
ncaa_baseball,304,ncaa_baseball,East Tennessee State Buccaneers,East Tennessee State,000000,
ncaa_baseball,305,ncaa_baseball,Towson Tigers,Towson,000000,
ncaa_baseball,306,ncaa_baseball,Central Arkansas Bears,Central Arkansas,000000,
ncaa_baseball,307,ncaa_baseball,Kennesaw State Owls,Kennesaw State,,
ncaa_baseball,308,ncaa_baseball,Indiana State Sycamores,Indiana State,,
ncaa_baseball,309,ncaa_baseball,SE Louisiana Lions,SE Louisiana,,
ncaa_baseball,310,ncaa_baseball,North Dakota State Bison,North Dakota State,,
ncaa_baseball,311,ncaa_baseball,Siena Saints,Siena,,
ncaa_baseball,312,ncaa_baseball,Xavier Musketeers,Xavier,,
ncaa_baseball,313,ncaa_baseball,Bucknell Bison,Bucknell,,
ncaa_baseball,314,ncaa_baseball,Sacramento State Hornets,Sacramento State,,
ncaa_baseball,315,ncaa_baseball,Abilene Christian Wildcats,Abilene Christian,000000,
ncaa_baseball,321,ncaa_baseball,Arkansas-Pine Bluff Golden Lions,Arkansas-Pine Bluff,000000,
ncaa_baseball,337,ncaa_baseball,Davidson Wildcats,Davidson,000000,
ncaa_baseball,347,ncaa_baseball,Eastern Illinois Panthers,Eastern Illinois,000000,
ncaa_baseball,351,ncaa_baseball,Fairfield Stags,Fairfield,000000,
ncaa_baseball,360,ncaa_baseball,Grand Canyon Lopes,Grand Canyon,,
ncaa_baseball,369,ncaa_baseball,Idaho Vandals,Idaho,000000,
ncaa_baseball,371,ncaa_baseball,Incarnate Word Cardinals,Incarnate Word,000000,
ncaa_baseball,379,ncaa_baseball,Long Island University Sharks,Long Island University,000000,
ncaa_baseball,410,ncaa_baseball,Northern Kentucky Norse,Northern Kentucky,000000,
ncaa_baseball,419,ncaa_baseball,Providence Friars,Providence,000000,
ncaa_baseball,447,ncaa_baseball,UAB Blazers,UAB,000000,
ncaa_baseball,449,ncaa_baseball,UMass Lowell River Hawks,UMass Lowell,,
ncaa_baseball,450,ncaa_baseball,UMBC Retrievers,UMBC,000000,
ncaa_baseball,459,ncaa_baseball,VMI Keydets,VMI,000000,
ncaa_baseball,56,ncaa_baseball,Birmingham Southern Panthers,Birmingham Southern,000000,
ncaa_baseball,77,ncaa_baseball,Georgia Tech Yellow Jackets,Georgia Tech,000000,
ncaa_baseball,821,ncaa_baseball,Alma Scots,Alma,,
ncaa_baseball,822,ncaa_baseball,Anderson (IN) Ravens,Anderson (IN),,
ncaa_baseball,828,ncaa_baseball,Centenary (LA) Gentlemen,Centenary (LA),,
ncaa_baseball,829,ncaa_baseball,Central Missouri Mules,Central Missouri,,
ncaa_baseball,830,ncaa_baseball,Emporia State Hornets,Emporia State,,
ncaa_baseball,832,ncaa_baseball,Hawaiʻi Pacific Sea Warriors,Hawaiʻi Pacific,,
ncaa_baseball,833,ncaa_baseball,Lenoir Rhyne Bears,Lenoir Rhyne,,
ncaa_baseball,84,ncaa_baseball,Western Kentucky Hilltoppers,Western Kentucky,000000,
ncaa_baseball,841,ncaa_baseball,Salisbury Sea Gulls,Salisbury,,
ncaa_baseball,842,ncaa_baseball,Southwestern Oklahoma State Bulldogs,Southwestern Oklahoma State,,
ncaa_baseball,844,ncaa_baseball,Saint Martin's Saints,Saint Martin's,,
ncaa_baseball,846,ncaa_baseball,Texas Lutheran Bulldogs,Texas Lutheran,,
ncaa_baseball,849,ncaa_baseball,Nebraska Kearney Lopers,Nebraska Kearney,,
ncaa_baseball,850,ncaa_baseball,St. Thomas Tommies,St. Thomas,,
ncaa_baseball,851,ncaa_baseball,Valdosta State Blazers,Valdosta State,,
ncaa_baseball,852,ncaa_baseball,Wayne State (NE) Wildcats,Wayne State (NE),,
ncaa_baseball,91,ncaa_baseball,Missouri Tigers,Missouri,000000,
ncaa_baseball,924,ncaa_baseball,Truman State Bulldogs,Truman State,,
ncaa_baseball,926,ncaa_baseball,Lindenwood Lions,Lindenwood,,
ncaa_baseball,928,ncaa_baseball,Cornell (IA) Rams,Cornell (IA),,
ncaa_baseball,932,ncaa_baseball,UT Rio Grande Valley Vaqueros,UT Rio Grande Valley,,
ncaa_baseball,97,ncaa_baseball,Wake Forest Demon Deacons,Wake Forest,000000,
ncaa_mhockey,1,mbb,Alaska Anchorage Seawolves,Alaska Anchorage,000000,
ncaa_mhockey,1,ncaa_mhockey,Alaska Anchorage Seawolves,Alaska Anchorage,,
ncaa_mhockey,1,wbb,Alaska Anchorage Seawolves,Alaska Anchorage,000000,
ncaa_mhockey,103,cfb,Boston College Eagles,Boston College,8c2232,dbcca6
ncaa_mhockey,103,ncaa_mhockey,Boston College Eagles,Boston College,,
ncaa_mhockey,104,mbb,Boston University Terriers,Boston University,cc0000,ffffff
ncaa_mhockey,104,ncaa_mhockey,Boston University Terriers,Boston University,,
ncaa_mhockey,107,cfb,Holy Cross Crusaders,Holy Cross,582c83,ffffff
ncaa_mhockey,107,ncaa_mhockey,Holy Cross Crusaders,Holy Cross,,
ncaa_mhockey,108,cfb,Harvard Crimson,Harvard,990000,dbdbdb
ncaa_mhockey,108,ncaa_mhockey,Harvard Crimson,Harvard,,
ncaa_mhockey,110133,ncaa_mhockey,Long Island University Long Island University,Long Island University,,
ncaa_mhockey,111,cfb,Northeastern Huskies,Northeastern,cc0001,c2c3c0
ncaa_mhockey,111,ncaa_mhockey,Northeastern Huskies,Northeastern,,
ncaa_mhockey,112334,cfb,Franklin Pierce Ravens,Franklin Pierce,,
ncaa_mhockey,112334,ncaa_mhockey,Franklin Pierce Franklin Pierce,Franklin Pierce,,
ncaa_mhockey,113,cfb,Massachusetts Minutemen,Massachusetts,881c1c,ffffff
ncaa_mhockey,113,ncaa_mhockey,Massachusetts Minutemen,Massachusetts,,
ncaa_mhockey,12,cfb,Arizona Wildcats,Arizona,cc0033,003366
ncaa_mhockey,12,ncaa_mhockey,Arizona Wildcats,Arizona,,
ncaa_mhockey,124,cfb,Augsburg Auggies,Augsburg,74233d,a9a9aa
ncaa_mhockey,124,ncaa_mhockey,Augsberg Auggies,Augsberg,,
ncaa_mhockey,126813,ncaa_mhockey,SUNY Morrisville SUNY Morrisville,SUNY Morrisville,,
ncaa_mhockey,127,cfb,Michigan State Spartans,Michigan State,173f35,ffffff
ncaa_mhockey,127,ncaa_mhockey,Michigan State Spartans,Michigan State,,
ncaa_mhockey,127963,ncaa_mhockey,St. Michael's Purple Knights,St. Michael's,,
ncaa_mhockey,127963,ncaa_whockey,St. Michael's Purple Knights,St. Michael's,,
ncaa_mhockey,128,cfb,Northern Michigan Wildcats,Northern Michigan,000000,
ncaa_mhockey,128,mbb,Northern Michigan Wildcats,Northern Michigan,000000,
ncaa_mhockey,128,ncaa_mhockey,Northern Michigan Wildcats,Northern Michigan,,
ncaa_mhockey,128,wbb,Northern Michigan Wildcats,Northern Michigan,000000,
ncaa_mhockey,130,cfb,Michigan Wolverines,Michigan,00274c,ffcb05
ncaa_mhockey,130,ncaa_mhockey,Michigan Wolverines,Michigan,,
ncaa_mhockey,131,cfb,Wayne State (MI) Warriors,Wayne State (MI),000000,
ncaa_mhockey,131,mbb,Wayne State (MI) Warriors,Wayne State (MI),000000,
ncaa_mhockey,131,ncaa_mhockey,Wayne St. Falcons,Wayne St.,,
ncaa_mhockey,131,ncaa_whockey,Wayne State (MI) Warriors,Wayne State (MI),,
ncaa_mhockey,131,wbb,Wayne State (MI) Warriors,Wayne State (MI),000000,
ncaa_mhockey,132,cfb,Bemidji State Beavers,Bemidji State,000000,
ncaa_mhockey,132,mbb,Bemidji State Beavers,Bemidji State,000000,
ncaa_mhockey,132,ncaa_mhockey,Bemidji State Beavers,Bemidji State,,
ncaa_mhockey,132,ncaa_whockey,Bemidji State Beavers,Bemidji State,,
ncaa_mhockey,132,wbb,Bemidji State Beavers,Bemidji State,000000,
ncaa_mhockey,132633,ncaa_mhockey,Maryville (Mo) Saints,Maryville (Mo),,
ncaa_mhockey,134,cfb,Minnesota Duluth Bulldogs,Minnesota Duluth,000000,
ncaa_mhockey,134,mbb,Minnesota Duluth Bulldogs,Minnesota Duluth,000000,
ncaa_mhockey,134,ncaa_mhockey,Minnesota Duluth Bulldogs,Minnesota Duluth,,
ncaa_mhockey,134,ncaa_whockey,Minnesota Duluth Bulldogs,Minnesota Duluth,,
ncaa_mhockey,134,wbb,Minnesota Duluth Bulldogs,Minnesota Duluth,000000,
ncaa_mhockey,135,cfb,Minnesota Golden Gophers,Minnesota,5e0a2f,fab41c
ncaa_mhockey,135,ncaa_mhockey,Minnesota Golden Gophers,Minnesota,,
ncaa_mhockey,155,cfb,North Dakota Fighting Hawks,North Dakota,00A26B,c2c3c0
ncaa_mhockey,155,ncaa_mhockey,North Dakota Fighting Hawks,North Dakota,,
ncaa_mhockey,159,cfb,Dartmouth Big Green,Dartmouth,005730,000000
ncaa_mhockey,159,ncaa_mhockey,Dartmouth Big Green,Dartmouth,,
ncaa_mhockey,160,cfb,New Hampshire Wildcats,New Hampshire,004990,c3c4c6
ncaa_mhockey,160,ncaa_mhockey,New Hampshire Wildcats,New Hampshire,,
ncaa_mhockey,163,cfb,Princeton Tigers,Princeton,000000,ff6000
ncaa_mhockey,163,ncaa_mhockey,Princeton Tigers,Princeton,,
ncaa_mhockey,172,cfb,Cornell Big Red,Cornell,b31b1b,ffffff
ncaa_mhockey,172,ncaa_mhockey,Cornell Big Red,Cornell,,
ncaa_mhockey,178,mbb,RIT Tigers,RIT,000000,ff6b00
ncaa_mhockey,178,ncaa_mhockey,RIT Tigers,RIT,,
ncaa_mhockey,182,mbb,SUNY Potsdam SUNY-POTSDAM,SUNY Potsdam,000000,
ncaa_mhockey,182,ncaa_mhockey,SUNY-Potsdam Falcons,SUNY-Potsdam,,
ncaa_mhockey,182,wbb,SUNY Potsdam Bears,SUNY Potsdam,000000,
ncaa_mhockey,189,cfb,Bowling Green Falcons,Bowling Green,fd5000,4f2c1d
ncaa_mhockey,189,ncaa_mhockey,Bowling Green Falcons,Bowling Green,,
ncaa_mhockey,193,cfb,Miami (OH) RedHawks,Miami (OH),c41230,ffffff
ncaa_mhockey,193,ncaa_mhockey,Miami (OH) RedHawks,Miami (OH),,
ncaa_mhockey,194,cfb,Ohio State Buckeyes,Ohio State,ba0c2f,a8adb4
ncaa_mhockey,194,ncaa_mhockey,Ohio State Buckeyes,Ohio State,,
ncaa_mhockey,195,cfb,Ohio Bobcats,Ohio,154734,ffffff
ncaa_mhockey,195,ncaa_mhockey,Ohio Bobcats,Ohio,,
ncaa_mhockey,2005,cfb,Air Force Falcons,Air Force,003594,ffffff
ncaa_mhockey,2005,ncaa_mhockey,Air Force Falcons,Air Force,,
ncaa_mhockey,2022,cfb,American International Yellow Jackets,American International,000000,
ncaa_mhockey,2022,mbb,American International Yellow Jackets,American International,000000,
ncaa_mhockey,2022,ncaa_mhockey,American International Yellow Jackets,American International,,
ncaa_mhockey,2022,wbb,American International Yellow Jackets,American International,000000,
ncaa_mhockey,2038,cfb,Assumption Greyhounds,Assumption,000000,
ncaa_mhockey,2038,mbb,Assumption Greyhounds,Assumption,000000,
ncaa_mhockey,2038,ncaa_mhockey,Assumption Falcons,Assumption,,
ncaa_mhockey,2038,wbb,Assumption Greyhounds,Assumption,000000,
ncaa_mhockey,2043,cfb,Augustana (SD) Vikings,Augustana (SD),000000,
ncaa_mhockey,2043,mbb,Augustana (SD) Vikings,Augustana (SD),000000,
ncaa_mhockey,2043,ncaa_mhockey,Augustana (SD) Vikings,Augustana (SD),NULL,
ncaa_mhockey,2043,wbb,Augustana (SD) Vikings,Augustana (SD),000000,
ncaa_mhockey,2060,cfb,Bentley Falcons,Bentley,000000,
ncaa_mhockey,2060,mbb,Bentley Falcons,Bentley,000000,
ncaa_mhockey,2060,ncaa_mhockey,Bentley Falcons,Bentley,,
ncaa_mhockey,2060,wbb,Bentley Falcons,Bentley,000000,
ncaa_mhockey,2099,cfb,Canisius Golden Griffins,Canisius,002755,dda50f
ncaa_mhockey,2099,ncaa_mhockey,Canisius Golden Griffins,Canisius,,
ncaa_mhockey,213,cfb,Penn State Nittany Lions,Penn State,061440,ffffff
ncaa_mhockey,213,ncaa_mhockey,Penn State Nittany Lions,Penn State,,
ncaa_mhockey,2137,mbb,Clarkson Golden Knights,Clarkson,,
ncaa_mhockey,2137,ncaa_mhockey,Clarkson Golden Knights,Clarkson,,
ncaa_mhockey,2137,ncaa_whockey,Clarkson Golden Knights,Clarkson,,
ncaa_mhockey,2137,wbb,Clarkson Golden Knights,Clarkson,000000,
ncaa_mhockey,2142,cfb,Colgate Raiders,Colgate,821019,ffffff
ncaa_mhockey,2142,ncaa_mhockey,Colgate Raiders,Colgate,,
ncaa_mhockey,2144,cfb,Colorado College Tigers,Colorado College,000000,
ncaa_mhockey,2144,mbb,Colorado College Tigers,Colorado College,000000,
ncaa_mhockey,2144,ncaa_mhockey,Colorado College Tigers,Colorado College,,
ncaa_mhockey,2144,wbb,Colorado College Tigers,Colorado College,000000,
ncaa_mhockey,2152,cfb,Concordia-Moorhead Cobbers,Concordia-Moorhead,701d45,ffffff
ncaa_mhockey,2152,ncaa_mhockey,Concordia Moorhead Falcons,Concordia Moorhead,,
ncaa_mhockey,2172,mbb,Denver Pioneers,Denver,98002e,a8996e
ncaa_mhockey,2172,ncaa_mhockey,Denver Pioneers,Denver,,
ncaa_mhockey,2217,cfb,Fairfield Stags,Fairfield,ce282e,ebebeb
ncaa_mhockey,2217,ncaa_mhockey,Fairfield Badgers,Fairfield,,
ncaa_mhockey,2222,cfb,Ferris State Bulldogs,Ferris State,000000,
ncaa_mhockey,2222,mbb,Ferris State Bulldogs,Ferris State,000000,
ncaa_mhockey,2222,ncaa_mhockey,Ferris State Bulldogs,Ferris State,,
ncaa_mhockey,2222,wbb,Ferris State Bulldogs,Ferris State,000000,
ncaa_mhockey,2224,cfb,Findlay Oilers,Findlay,000000,
ncaa_mhockey,2224,mbb,Findlay Oilers,Findlay,000000,
ncaa_mhockey,2224,ncaa_mhockey,Findlay Falcons,Findlay,,
ncaa_mhockey,2224,wbb,Findlay Oilers,Findlay,000000,
ncaa_mhockey,225,cfb,Brown Bears,Brown,411e09,949300
ncaa_mhockey,225,ncaa_mhockey,Brown Bears,Brown,,
ncaa_mhockey,2335,cfb,Liberty Flames,Liberty,0a254e,b72025
ncaa_mhockey,2335,ncaa_mhockey,Liberty Flames,Liberty,,
ncaa_mhockey,2349,cfb,UMass Lowell River Hawks,UMass Lowell,000000,cf1f2f
ncaa_mhockey,2349,ncaa_mhockey,UMass Lowell  River Hawks,UMass Lowell ,,
ncaa_mhockey,2364,cfb,Minnesota State Mankato Mavericks,Minnesota State Mankato,000000,
ncaa_mhockey,2364,mbb,Minnesota State Mavericks,Minnesota State,000000,
ncaa_mhockey,2364,ncaa_mhockey,Minnesota State Mavericks,Minnesota State,,
ncaa_mhockey,2364,ncaa_whockey,Minnesota State Mavericks,Minnesota State,,
ncaa_mhockey,2364,wbb,Minnesota State-Mankato Mavericks,Minnesota State-Mankato,000000,
ncaa_mhockey,2385,cfb,Mercyhurst Lakers,Mercyhurst,000000,
ncaa_mhockey,2385,mbb,Mercyhurst Lakers,Mercyhurst,000000,
ncaa_mhockey,2385,ncaa_mhockey,Mercyhurst Lakers,Mercyhurst,,
ncaa_mhockey,2385,ncaa_whockey,Mercyhurst Lakers,Mercyhurst,,
ncaa_mhockey,2385,wbb,Mercyhurst Lakers,Mercyhurst,000000,
ncaa_mhockey,2392,cfb,Michigan Tech Huskies,Michigan Tech,000000,
ncaa_mhockey,2392,mbb,Michigan Tech Huskies,Michigan Tech,000000,
ncaa_mhockey,2392,ncaa_mhockey,Michigan Tech Huskies,Michigan Tech,,
ncaa_mhockey,2392,wbb,Michigan Tech Huskies,Michigan Tech,000000,
ncaa_mhockey,2394,cfb,Middlebury Panthers,Middlebury,365a8a,ffffff
ncaa_mhockey,2394,ncaa_mhockey,Middlebury Falcons,Middlebury,,
ncaa_mhockey,2437,cfb,Omaha Mavericks,Omaha,e3193e,
ncaa_mhockey,2437,ncaa_mhockey,Omaha Mavericks,Omaha,,
ncaa_mhockey,2507,mbb,Providence Friars,Providence,000000,a3a19e
ncaa_mhockey,2507,ncaa_mhockey,Providence Friars,Providence,,
ncaa_mhockey,2514,mbb,Quinnipiac Bobcats,Quinnipiac,041B43,
ncaa_mhockey,2514,ncaa_mhockey,Quinnipiac Bobcats,Quinnipiac,,
ncaa_mhockey,2523,cfb,Robert Morris Colonials,Robert Morris,00214D,a21d2b
ncaa_mhockey,2523,ncaa_mhockey,Robert Morris Colonials,Robert Morris,,
ncaa_mhockey,2528,cfb,Rensselaer Engineers,Rensselaer,000000,
ncaa_mhockey,2528,mbb,Rensselaer Engineers,Rensselaer,000000,
ncaa_mhockey,2528,ncaa_mhockey,Rensselaer Engineers,Rensselaer,,
ncaa_mhockey,2528,ncaa_whockey,Rensselaer Engineers,Rensselaer,,
ncaa_mhockey,2528,wbb,Rensselaer Engineers,Rensselaer,000000,
ncaa_mhockey,2529,cfb,Sacred Heart Pioneers,Sacred Heart,a40012,c29472
ncaa_mhockey,2529,ncaa_mhockey,Sacred Heart Pioneers,Sacred Heart,,
ncaa_mhockey,2594,cfb,St. Cloud State Huskies,St. Cloud State,000000,
ncaa_mhockey,2594,mbb,St. Cloud State Huskies,St. Cloud State,000000,
ncaa_mhockey,2594,ncaa_mhockey,St. Cloud State Huskies,St. Cloud State,,
ncaa_mhockey,2594,ncaa_whockey,St. Cloud State Huskies,St. Cloud State,,
ncaa_mhockey,2594,wbb,St. Cloud State Huskies,St. Cloud State,000000,
ncaa_mhockey,260,mbb,Saint Michael's Purple Knights,Saint Michael's,,
ncaa_mhockey,260,ncaa_mhockey,Saint Michael's Falcons,Saint Michael's,,
ncaa_mhockey,260,ncaa_whockey,Saint Michael's Purple Knights,Saint Michael's,,
ncaa_mhockey,260,wbb,Saint Michael's Purple Knights,Saint Michael's,000000,
ncaa_mhockey,261,mbb,Vermont Catamounts,Vermont,154734,ffc72c
ncaa_mhockey,261,ncaa_mhockey,Vermont Catamounts,Vermont,,
ncaa_mhockey,2651,cfb,Trine University Thunder,Trine University,000000,
ncaa_mhockey,2651,mbb,Trine Thunder,Trine,000000,
ncaa_mhockey,2651,ncaa_mhockey,Trine University Trine University,Trine University,,
ncaa_mhockey,2651,wbb,Trine Thunder,Trine,000000,
ncaa_mhockey,2711,cfb,Western Michigan Broncos,Western Michigan,532e1f,f1c500
ncaa_mhockey,2711,ncaa_mhockey,Western Michigan Broncos,Western Michigan,,
ncaa_mhockey,2731,cfb,Williams Ephs,Williams,500082,ffbe0a
ncaa_mhockey,2731,ncaa_mhockey,Williams Falcons,Williams,,
ncaa_mhockey,2738,cfb,Wisconsin-Eau Claire Blugolds,Wisconsin-Eau Claire,000000,
ncaa_mhockey,2738,mbb,Wisconsin Eau Claire Blugolds,Wisconsin Eau Claire,000000,
ncaa_mhockey,2738,ncaa_mhockey,Wisconsin-Eau Claire Wildcats,Wisconsin-Eau Claire,,
ncaa_mhockey,2738,wbb,Wisconsin Eau Claire Blugolds,Wisconsin Eau Claire,000000,
ncaa_mhockey,2744,cfb,Wisconsin-Stout Blue Devils,Wisconsin-Stout,000000,
ncaa_mhockey,2744,mbb,Wisconsin Stout Blue Devils,Wisconsin Stout,000000,
ncaa_mhockey,2744,ncaa_mhockey,Wisconsin-Stout Falcons,Wisconsin-Stout,,
ncaa_mhockey,2744,wbb,Wisconsin Stout Blue Devils,Wisconsin Stout,000000,
ncaa_mhockey,275,cfb,Wisconsin Badgers,Wisconsin,a00000,ffffff
ncaa_mhockey,275,ncaa_mhockey,Wisconsin Badgers,Wisconsin,,
ncaa_mhockey,2771,cfb,Merrimack Warriors,Merrimack,000000,
ncaa_mhockey,2771,mbb,Merrimack Warriors,Merrimack,2f4f93,e8c535
ncaa_mhockey,2771,ncaa_mhockey,Merrimack Warriors,Merrimack,,
ncaa_mhockey,2779,cfb,St. Lawrence Saints,St. Lawrence,000000,
ncaa_mhockey,2779,mbb,St. Lawrence Saints,St. Lawrence,000000,
ncaa_mhockey,2779,ncaa_mhockey,St. Lawrence Saints,St. Lawrence,,
ncaa_mhockey,2779,ncaa_whockey,St. Lawrence Saints,St. Lawrence,,
ncaa_mhockey,2779,wbb,St. Lawrence Saints,St. Lawrence,000000,
ncaa_mhockey,2781,cfb,Brockport Golden Eagles,Brockport,000000,
ncaa_mhockey,2781,mbb,Brockport Golden Eagles,Brockport,000000,
ncaa_mhockey,2781,ncaa_mhockey,Brockport State Falcons,Brockport State,,
ncaa_mhockey,2781,wbb,Brockport Golden Eagles,Brockport,000000,
ncaa_mhockey,2785,mbb,Union Garnet Chargers,Union,762334,000000
ncaa_mhockey,2785,ncaa_mhockey,Union Dutchmen,Union,,
ncaa_mhockey,2802,cfb,Bethel (MN) Royals,Bethel (MN),002d62,b59859
ncaa_mhockey,2802,ncaa_mhockey,Bethel College Minnesota Falcons,Bethel College Minnesota,,
ncaa_mhockey,2815,cfb,Lindenwood Lions,Lindenwood,000000,
ncaa_mhockey,2815,mbb,Lindenwood Lions,Lindenwood,000000,
ncaa_mhockey,2815,ncaa_mhockey,Lindenwood Lions,Lindenwood,,
ncaa_mhockey,2815,ncaa_whockey,Lindenwood Lions,Lindenwood,,
ncaa_mhockey,2815,wbb,Lindenwood Lions,Lindenwood,000000,
ncaa_mhockey,2830,cfb,St. Anselm Hawks,St. Anselm,000000,
ncaa_mhockey,2830,mbb,Saint Anselm Hawks,Saint Anselm,000000,
ncaa_mhockey,2830,ncaa_mhockey,St. Anselm Hawks,St. Anselm,,
ncaa_mhockey,2830,ncaa_whockey,St. Anselm Hawks,St. Anselm,,
ncaa_mhockey,2830,wbb,Saint Anselm Hawks,Saint Anselm,000000,
ncaa_mhockey,284,cfb,Stonehill Skyhawks,Stonehill,000000,
ncaa_mhockey,284,mbb,Stonehill Skyhawks,Stonehill,000000,
ncaa_mhockey,284,ncaa_mhockey,Stonehill Stonehill,Stonehill,,
ncaa_mhockey,284,ncaa_whockey,Stonehill Skyhawks,Stonehill,,
ncaa_mhockey,284,wbb,Stonehill Skyhawks,Stonehill,000000,
ncaa_mhockey,285,mbb,Lake Superior State Lakers,Lake Superior State,000000,
ncaa_mhockey,285,ncaa_mhockey,Lake Superior State Lakers,Lake Superior State,,
ncaa_mhockey,285,wbb,Lake Superior State Lakers,Lake Superior State,000000,
ncaa_mhockey,2900,cfb,St. Thomas Tommies,St. Thomas,000000,
ncaa_mhockey,2900,mbb,St. Thomas Tommies,St. Thomas,000000,
ncaa_mhockey,2900,ncaa_mhockey,St. Thomas Tommies,St. Thomas,,
ncaa_mhockey,2900,ncaa_whockey,St. Thomas-Minnesota Tommies,St. Thomas-Minnesota,,
ncaa_mhockey,2900,wbb,St. Thomas Tommies,St. Thomas,000000,
ncaa_mhockey,298,mbb,Alaska Nanooks,Alaska,000000,
ncaa_mhockey,298,ncaa_mhockey,Alaska Bulldogs,Alaska,,
ncaa_mhockey,298,wbb,Alaska Nanooks,Alaska,000000,
ncaa_mhockey,311,cfb,Maine Black Bears,Maine,127dbe,
ncaa_mhockey,311,ncaa_mhockey,Maine Black Bears,Maine,,
ncaa_mhockey,314,cfb,Iona Gaels,Iona,6f2c3e,f0ab00
ncaa_mhockey,314,ncaa_mhockey,Iona Gaels,Iona,,
ncaa_mhockey,315,mbb,Niagara Purple Eagles,Niagara,69207E,f0f0f0
ncaa_mhockey,315,ncaa_mhockey,Niagara Purple Eagles,Niagara,,
ncaa_mhockey,349,cfb,Army Black Knights,Army,000000,d3bc8d
ncaa_mhockey,349,ncaa_mhockey,Army Black Knights,Army,,
ncaa_mhockey,379,cfb,UMass Dartmouth Corsairs,UMass Dartmouth,000000,
ncaa_mhockey,379,mbb,UMass Dartmouth MASS. DARTMOUTH,UMass Dartmouth,000000,
ncaa_mhockey,379,ncaa_mhockey,UMass Dartmouth UMass Dartmouth,UMass Dartmouth,,
ncaa_mhockey,379,wbb,UMass Dartmouth MASS. DARTMOUTH,UMass Dartmouth,000000,
ncaa_mhockey,41,cfb,UConn Huskies,UConn,0c2340,a2aaad
ncaa_mhockey,41,ncaa_mhockey,UConn Huskies,UConn,,
ncaa_mhockey,43,cfb,Yale Bulldogs,Yale,004a81,286dc0
ncaa_mhockey,43,ncaa_mhockey,Yale Bulldogs,Yale,,
ncaa_mhockey,430,mbb,Post POST,Post,,
ncaa_mhockey,430,ncaa_mhockey,Post University Eagles,Post University,,
ncaa_mhockey,430,ncaa_whockey,Post University Eagles,Post University,,
ncaa_mhockey,87,cfb,Notre Dame Fighting Irish,Notre Dame,062340,c99700
ncaa_mhockey,87,ncaa_mhockey,Notre Dame Fighting Irish,Notre Dame,,
ncaa_mhockey,9,cfb,Arizona State Sun Devils,Arizona State,ffc627,8c1d40
ncaa_mhockey,9,ncaa_mhockey,Arizona State Sun Devils,Arizona State,,
ncaa_softball,1104,ncaa_softball,California Baptist Lancers,California Baptist,000000,
ncaa_softball,1106,ncaa_softball,North Alabama Lions,North Alabama,000000,
ncaa_softball,1141,ncaa_softball,Merrimack Warriors,Merrimack,,
ncaa_softball,1149,ncaa_softball,Tarleton State Texans,Tarleton State,,
ncaa_softball,1150,ncaa_softball,Bellarmine Knights,Bellarmine,,
ncaa_softball,1155,ncaa_softball,UC San Diego Tritons,UC San Diego,,
ncaa_softball,1188,ncaa_softball,St. Thomas Tommies,St. Thomas,,
ncaa_softball,1193,ncaa_softball,Colorado School of Mines Orediggers,Colorado School of Mines,,
ncaa_softball,1194,ncaa_softball,Corban,Corban,,
ncaa_softball,1237,ncaa_softball,East Texas A&M Lions,East Texas A&M,,
ncaa_softball,1240,ncaa_softball,Lindenwood Lions,Lindenwood,,
ncaa_softball,1251,ncaa_softball,Southern Indiana Screaming Eagles,Southern Indiana,,
ncaa_softball,1254,ncaa_softball,Queens University Royals,Queens University,,
ncaa_softball,1283,ncaa_softball,Le Moyne Dolphins,Le Moyne,,
ncaa_softball,1285,ncaa_softball,Wofford Terriers,Wofford,,
ncaa_softball,129696,ncaa_softball,West Georgia Wolves,West Georgia,,
ncaa_softball,129697,ncaa_softball,Mercyhurst Lakers,Mercyhurst,,
ncaa_softball,129708,ncaa_softball,New Haven Chargers,New Haven,,
ncaa_softball,468,ncaa_softball,Birmingham Southern Panthers,Birmingham Southern,000000,
ncaa_softball,489,ncaa_softball,Georgia Tech Yellow Jackets,Georgia Tech,000000,
ncaa_softball,496,ncaa_softball,Western Kentucky Hilltoppers,Western Kentucky,000000,
ncaa_softball,503,ncaa_softball,Missouri Tigers,Missouri,000000,
ncaa_softball,509,ncaa_softball,Wake Forest Demon Deacons,Wake Forest,000000,
ncaa_softball,514,ncaa_softball,Rutgers Scarlet Knights,Rutgers,000000,
ncaa_softball,516,ncaa_softball,New Mexico Lobos,New Mexico,000000,
ncaa_softball,522,ncaa_softball,Oklahoma State Cowgirls,Oklahoma State,000000,
ncaa_softball,525,ncaa_softball,Oregon State Beavers,Oregon State,000000,
ncaa_softball,532,ncaa_softball,Vanderbilt Commodores,Vanderbilt,000000,
ncaa_softball,547,ncaa_softball,Milwaukee Panthers,Milwaukee,000000,
ncaa_softball,553,ncaa_softball,Long Beach State 49ers,Long Beach State,000000,
ncaa_softball,572,ncaa_softball,UCF Knights,UCF,000000,
ncaa_softball,573,ncaa_softball,Cincinnati Bearcats,Cincinnati,000000,
ncaa_softball,579,ncaa_softball,Iowa Hawkeyes,Iowa,000000,
ncaa_softball,582,ncaa_softball,Lamar Cardinals,Lamar,000000,
ncaa_softball,583,ncaa_softball,Le Moyne Dolphins,Le Moyne,,
ncaa_softball,594,ncaa_softball,UNLV Rebels,UNLV,000000,
ncaa_softball,605,ncaa_softball,South Carolina Gamecocks,South Carolina,000000,
ncaa_softball,614,ncaa_softball,The Citadel Bulldogs,The Citadel,000000,
ncaa_softball,620,ncaa_softball,Wofford Terriers,Wofford,000000,
ncaa_softball,622,ncaa_softball,Maine Black Bears,Maine,000000,
ncaa_softball,626,ncaa_softball,Dallas Baptist Patriots,Dallas Baptist,,
ncaa_softball,634,ncaa_softball,App State Mountaineers,App State,000000,
ncaa_softball,638,ncaa_softball,Columbia Lions,Columbia,000000,
ncaa_softball,639,ncaa_softball,Jackson State Tigers,Jackson State,000000,
ncaa_softball,640,ncaa_softball,Savannah State Tigers,Savannah State,000000,
ncaa_softball,641,ncaa_softball,Gonzaga Bulldogs,Gonzaga,000000,
ncaa_softball,642,ncaa_softball,Illinois State Redbirds,Illinois State,000000,
ncaa_softball,643,ncaa_softball,William & Mary Tribe,William & Mary,000000,
ncaa_softball,644,ncaa_softball,UC Santa Barbara Gauchos,UC Santa Barbara,000000,
ncaa_softball,645,ncaa_softball,Florida Gulf Coast Eagles,Florida Gulf Coast,000000,
ncaa_softball,646,ncaa_softball,Binghamton Bearcats,Binghamton,000000,
ncaa_softball,647,ncaa_softball,Campbell Fighting Camels,Campbell,000000,
ncaa_softball,648,ncaa_softball,Indiana Hoosiers,Indiana,000000,
ncaa_softball,649,ncaa_softball,Mercer Bears,Mercer,000000,
ncaa_softball,650,ncaa_softball,North Florida Ospreys,North Florida,000000,
ncaa_softball,651,ncaa_softball,UTSA Roadrunners,UTSA,000000,
ncaa_softball,652,ncaa_softball,Canisius Golden Griffins,Canisius,000000,
ncaa_softball,653,ncaa_softball,Bryant Bulldogs,Bryant,000000,
ncaa_softball,654,ncaa_softball,Saint Louis Billikens,Saint Louis,000000,
ncaa_softball,655,ncaa_softball,South Dakota State Jackrabbits,South Dakota State,000000,
ncaa_softball,656,ncaa_softball,Valparaiso VALPARAISO,Valparaiso,000000,
ncaa_softball,657,ncaa_softball,Elon Phoenix,Elon,000000,
ncaa_softball,658,ncaa_softball,East Tennessee State Buccaneers,East Tennessee State,000000,
ncaa_softball,659,ncaa_softball,Towson Tigers,Towson,000000,
ncaa_softball,660,ncaa_softball,Central Arkansas Bears,Central Arkansas,000000,
ncaa_softball,661,ncaa_softball,Kennesaw State Owls,Kennesaw State,,
ncaa_softball,662,ncaa_softball,Indiana State Sycamores,Indiana State,,
ncaa_softball,663,ncaa_softball,SE Louisiana Lions,SE Louisiana,,
ncaa_softball,664,ncaa_softball,North Dakota State Bison,North Dakota State,,
ncaa_softball,665,ncaa_softball,Siena Saints,Siena,,
ncaa_softball,666,ncaa_softball,Xavier Musketeers,Xavier,,
ncaa_softball,667,ncaa_softball,Bucknell Bison,Bucknell,,
ncaa_softball,668,ncaa_softball,Sacramento State Hornets,Sacramento State,,
ncaa_softball,669,ncaa_softball,Abilene Christian Wildcats,Abilene Christian,000000,
ncaa_softball,675,ncaa_softball,Arkansas-Pine Bluff Golden Lions,Arkansas-Pine Bluff,000000,
ncaa_softball,691,ncaa_softball,Davidson Wildcats,Davidson,000000,
ncaa_softball,701,ncaa_softball,Eastern Illinois Panthers,Eastern Illinois,000000,
ncaa_softball,705,ncaa_softball,Fairfield Stags,Fairfield,000000,
ncaa_softball,714,ncaa_softball,Grand Canyon Lopes,Grand Canyon,,
ncaa_softball,723,ncaa_softball,Idaho Vandals,Idaho,000000,
ncaa_softball,725,ncaa_softball,Incarnate Word Cardinals,Incarnate Word,000000,
ncaa_softball,733,ncaa_softball,Long Island University Sharks,Long Island University,000000,
ncaa_softball,764,ncaa_softball,Northern Kentucky Norse,Northern Kentucky,000000,
ncaa_softball,773,ncaa_softball,Providence Friars,Providence,000000,
ncaa_softball,801,ncaa_softball,UAB Blazers,UAB,000000,
ncaa_softball,803,ncaa_softball,UMass Lowell River Hawks,UMass Lowell,,
ncaa_softball,804,ncaa_softball,UMBC Retrievers,UMBC,000000,
ncaa_softball,813,ncaa_softball,Virginia Military Keydets,Virginia Military,000000,
ncaa_softball,855,ncaa_softball,Centenary (LA) Gentlemen,Centenary (LA),,
ncaa_softball,857,ncaa_softball,Nebraska Kearney Lopers,Nebraska Kearney,,
ncaa_softball,861,ncaa_softball,Albany State Golden Rams,Albany State,,
ncaa_softball,864,ncaa_softball,Belhaven Blazers,Belhaven,,
ncaa_softball,865,ncaa_softball,Benedict Tigers,Benedict,,
ncaa_softball,866,ncaa_softball,Bethel (TN) Wildcats,Bethel (TN),,
ncaa_softball,870,ncaa_softball,Case Western Reserve Spartans,Case Western Reserve,,
ncaa_softball,873,ncaa_softball,Centre Colonels,Centre,,
ncaa_softball,876,ncaa_softball,Clark Atlanta Panthers,Clark Atlanta,,
ncaa_softball,877,ncaa_softball,Colorado Colorado Springs Mountain Lions,Colorado Colorado Springs,,
ncaa_softball,880,ncaa_softball,Delta State Statesmen,Delta State,,
ncaa_softball,881,ncaa_softball,Utah Tech Trailblazers,Utah Tech,,
ncaa_softball,882,ncaa_softball,Elizabeth City State Vikings,Elizabeth City State,,
ncaa_softball,886,ncaa_softball,Ithaca Bombers,Ithaca,,
ncaa_softball,887,ncaa_softball,Kentucky State Thorobreds,Kentucky State,,
ncaa_softball,893,ncaa_softball,Miles Golden Bears,Miles,,
ncaa_softball,894,ncaa_softball,Minnesota State Mavericks,Minnesota State,,
ncaa_softball,895,ncaa_softball,Missouri S&T Miners,Missouri S&T,,
ncaa_softball,896,ncaa_softball,Missouri Western Griffons,Missouri Western,,
ncaa_softball,898,ncaa_softball,Oklahoma Baptist Bison,Oklahoma Baptist,,
ncaa_softball,901,ncaa_softball,Ouachita Baptist Tigers,Ouachita Baptist,,
ncaa_softball,905,ncaa_softball,Simon Fraser Red Leafs,Simon Fraser,,
ncaa_softball,907,ncaa_softball,Sioux Falls Cougars,Sioux Falls,,
ncaa_softball,917,ncaa_softball,Texas Woman's Pioneers,Texas Woman's,,
ncaa_softball,919,ncaa_softball,Virginia Union Panthers,Virginia Union,,
ncaa_softball,922,ncaa_softball,Winston-Salem State Rams,Winston-Salem State,,
ncaa_softball,923,ncaa_softball,Wisconsin River Falls Falcons,Wisconsin River Falls,,
ncaa_whockey,103,cfb,Boston College Eagles,Boston College,8c2232,dbcca6
ncaa_whockey,103,ncaa_whockey,Boston College Eagles,Boston College,,
ncaa_whockey,104,mbb,Boston University Terriers,Boston University,cc0000,ffffff
ncaa_whockey,104,ncaa_whockey,Boston University Terriers,Boston University,,
ncaa_whockey,107,cfb,Holy Cross Crusaders,Holy Cross,582c83,ffffff
ncaa_whockey,107,ncaa_whockey,Holy Cross Crusaders,Holy Cross,,
ncaa_whockey,108,cfb,Harvard Crimson,Harvard,990000,dbdbdb
ncaa_whockey,108,ncaa_whockey,Harvard Crimson,Harvard,,
ncaa_whockey,111,cfb,Northeastern Huskies,Northeastern,cc0001,c2c3c0
ncaa_whockey,111,ncaa_whockey,Northeastern Huskies,Northeastern,,
ncaa_whockey,121934,ncaa_whockey,Franklin Pierce Ravens,Franklin Pierce,,
ncaa_whockey,127962,ncaa_whockey,Assumption College Greyhounds,Assumption College,,
ncaa_whockey,127963,ncaa_mhockey,St. Michael's Purple Knights,St. Michael's,,
ncaa_whockey,127963,ncaa_whockey,St. Michael's Purple Knights,St. Michael's,,
ncaa_whockey,132,cfb,Bemidji State Beavers,Bemidji State,000000,
ncaa_whockey,132,mbb,Bemidji State Beavers,Bemidji State,000000,
ncaa_whockey,132,ncaa_mhockey,Bemidji State Beavers,Bemidji State,,
ncaa_whockey,132,ncaa_whockey,Bemidji State Beavers,Bemidji State,,
ncaa_whockey,132,wbb,Bemidji State Beavers,Bemidji State,000000,
ncaa_whockey,134,cfb,Minnesota Duluth Bulldogs,Minnesota Duluth,000000,
ncaa_whockey,134,mbb,Minnesota Duluth Bulldogs,Minnesota Duluth,000000,
ncaa_whockey,134,ncaa_mhockey,Minnesota Duluth Bulldogs,Minnesota Duluth,,
ncaa_whockey,134,ncaa_whockey,Minnesota Duluth Bulldogs,Minnesota Duluth,,
ncaa_whockey,134,wbb,Minnesota Duluth Bulldogs,Minnesota Duluth,000000,
ncaa_whockey,135,cfb,Minnesota Golden Gophers,Minnesota,5e0a2f,fab41c
ncaa_whockey,135,ncaa_whockey,Minnesota Golden Gophers,Minnesota,,
ncaa_whockey,155,cfb,North Dakota Fighting Hawks,North Dakota,00A26B,c2c3c0
ncaa_whockey,155,ncaa_whockey,North Dakota Fighting Hawks,North Dakota,,
ncaa_whockey,159,cfb,Dartmouth Big Green,Dartmouth,005730,000000
ncaa_whockey,159,ncaa_whockey,Dartmouth Big Green,Dartmouth,,
ncaa_whockey,160,cfb,New Hampshire Wildcats,New Hampshire,004990,c3c4c6
ncaa_whockey,160,ncaa_whockey,New Hampshire Wildcats,New Hampshire,,
ncaa_whockey,163,cfb,Princeton Tigers,Princeton,000000,ff6000
ncaa_whockey,163,ncaa_whockey,Princeton Tigers,Princeton,,
ncaa_whockey,172,cfb,Cornell Big Red,Cornell,b31b1b,ffffff
ncaa_whockey,172,ncaa_whockey,Cornell Big Red,Cornell,,
ncaa_whockey,178,mbb,RIT Tigers,RIT,000000,ff6b00
ncaa_whockey,178,ncaa_whockey,RIT Tigers,RIT,,
ncaa_whockey,183,cfb,Syracuse Orange,Syracuse,000e54,ff431b
ncaa_whockey,183,ncaa_whockey,Syracuse Orange,Syracuse,,
ncaa_whockey,194,cfb,Ohio State Buckeyes,Ohio State,ba0c2f,a8adb4
ncaa_whockey,194,ncaa_whockey,Ohio State Buckeyes,Ohio State,,
ncaa_whockey,213,cfb,Penn State Nittany Lions,Penn State,061440,ffffff
ncaa_whockey,213,ncaa_whockey,Penn State Nittany Lions,Penn State,,
ncaa_whockey,2137,mbb,Clarkson Golden Knights,Clarkson,,
ncaa_whockey,2137,ncaa_mhockey,Clarkson Golden Knights,Clarkson,,
ncaa_whockey,2137,ncaa_whockey,Clarkson Golden Knights,Clarkson,,
ncaa_whockey,2137,wbb,Clarkson Golden Knights,Clarkson,000000,
ncaa_whockey,2142,cfb,Colgate Raiders,Colgate,821019,ffffff
ncaa_whockey,2142,ncaa_whockey,Colgate Raiders,Colgate,,
ncaa_whockey,225,cfb,Brown Bears,Brown,411e09,949300
ncaa_whockey,225,ncaa_whockey,Brown Bears,Brown,,
ncaa_whockey,2341,cfb,Long Island University Sharks,Long Island University,,
ncaa_whockey,2341,ncaa_whockey,Long Island University Long Island University,Long Island University,,
ncaa_whockey,2341,wbb,LIU Brooklyn Blackbirds,LIU Brooklyn,000000,f0f0f0
ncaa_whockey,2364,cfb,Minnesota State Mankato Mavericks,Minnesota State Mankato,000000,
ncaa_whockey,2364,mbb,Minnesota State Mavericks,Minnesota State,000000,
ncaa_whockey,2364,ncaa_mhockey,Minnesota State Mavericks,Minnesota State,,
ncaa_whockey,2364,ncaa_whockey,Minnesota State Mavericks,Minnesota State,,
ncaa_whockey,2364,wbb,Minnesota State-Mankato Mavericks,Minnesota State-Mankato,000000,
ncaa_whockey,2385,cfb,Mercyhurst Lakers,Mercyhurst,000000,
ncaa_whockey,2385,mbb,Mercyhurst Lakers,Mercyhurst,000000,
ncaa_whockey,2385,ncaa_mhockey,Mercyhurst Lakers,Mercyhurst,,
ncaa_whockey,2385,ncaa_whockey,Mercyhurst Lakers,Mercyhurst,,
ncaa_whockey,2385,wbb,Mercyhurst Lakers,Mercyhurst,000000,
ncaa_whockey,24059,ncaa_whockey,Minnesota State Mavericks,Minnesota State,,
ncaa_whockey,2507,mbb,Providence Friars,Providence,000000,a3a19e
ncaa_whockey,2507,ncaa_whockey,Providence Friars,Providence,,
ncaa_whockey,2514,mbb,Quinnipiac Bobcats,Quinnipiac,041B43,
ncaa_whockey,2514,ncaa_whockey,Quinnipiac Bobcats,Quinnipiac,,
ncaa_whockey,2523,cfb,Robert Morris Colonials,Robert Morris,00214D,a21d2b
ncaa_whockey,2523,ncaa_whockey,Robert Morris Colonials,Robert Morris,,
ncaa_whockey,2528,cfb,Rensselaer Engineers,Rensselaer,000000,
ncaa_whockey,2528,mbb,Rensselaer Engineers,Rensselaer,000000,
ncaa_whockey,2528,ncaa_mhockey,Rensselaer Engineers,Rensselaer,,
ncaa_whockey,2528,ncaa_whockey,Rensselaer Engineers,Rensselaer,,
ncaa_whockey,2528,wbb,Rensselaer Engineers,Rensselaer,000000,
ncaa_whockey,2529,cfb,Sacred Heart Pioneers,Sacred Heart,a40012,c29472
ncaa_whockey,2529,ncaa_whockey,Sacred Heart Pioneers,Sacred Heart,,
ncaa_whockey,2594,cfb,St. Cloud State Huskies,St. Cloud State,000000,
ncaa_whockey,2594,mbb,St. Cloud State Huskies,St. Cloud State,000000,
ncaa_whockey,2594,ncaa_mhockey,St. Cloud State Huskies,St. Cloud State,,
ncaa_whockey,2594,ncaa_whockey,St. Cloud State Huskies,St. Cloud State,,
ncaa_whockey,2594,wbb,St. Cloud State Huskies,St. Cloud State,000000,
ncaa_whockey,260,mbb,Saint Michael's Purple Knights,Saint Michael's,,
ncaa_whockey,260,ncaa_mhockey,Saint Michael's Falcons,Saint Michael's,,
ncaa_whockey,260,ncaa_whockey,Saint Michael's Purple Knights,Saint Michael's,,
ncaa_whockey,260,wbb,Saint Michael's Purple Knights,Saint Michael's,000000,
ncaa_whockey,261,mbb,Vermont Catamounts,Vermont,154734,ffc72c
ncaa_whockey,261,ncaa_whockey,Vermont Catamounts,Vermont,,
ncaa_whockey,275,cfb,Wisconsin Badgers,Wisconsin,a00000,ffffff
ncaa_whockey,275,ncaa_whockey,Wisconsin Badgers,Wisconsin,,
ncaa_whockey,2771,cfb,Merrimack Warriors,Merrimack,000000,
ncaa_whockey,2771,mbb,Merrimack Warriors,Merrimack,2f4f93,e8c535
ncaa_whockey,2771,ncaa_whockey,Merrimack Warriors,Merrimack,,
ncaa_whockey,2779,cfb,St. Lawrence Saints,St. Lawrence,000000,
ncaa_whockey,2779,mbb,St. Lawrence Saints,St. Lawrence,000000,
ncaa_whockey,2779,ncaa_mhockey,St. Lawrence Saints,St. Lawrence,,
ncaa_whockey,2779,ncaa_whockey,St. Lawrence Saints,St. Lawrence,,
ncaa_whockey,2779,wbb,St. Lawrence Saints,St. Lawrence,000000,
ncaa_whockey,2785,mbb,Union Garnet Chargers,Union,762334,000000
ncaa_whockey,2785,ncaa_whockey,Union (NY) Garnet Chargers,Union (NY),,
ncaa_whockey,2815,cfb,Lindenwood Lions,Lindenwood,000000,
ncaa_whockey,2815,mbb,Lindenwood Lions,Lindenwood,000000,
ncaa_whockey,2815,ncaa_mhockey,Lindenwood Lions,Lindenwood,,
ncaa_whockey,2815,ncaa_whockey,Lindenwood Lions,Lindenwood,,
ncaa_whockey,2815,wbb,Lindenwood Lions,Lindenwood,000000,
ncaa_whockey,2830,cfb,St. Anselm Hawks,St. Anselm,000000,
ncaa_whockey,2830,mbb,Saint Anselm Hawks,Saint Anselm,000000,
ncaa_whockey,2830,ncaa_mhockey,St. Anselm Hawks,St. Anselm,,
ncaa_whockey,2830,ncaa_whockey,St. Anselm Hawks,St. Anselm,,
ncaa_whockey,2830,wbb,Saint Anselm Hawks,Saint Anselm,000000,
ncaa_whockey,284,cfb,Stonehill Skyhawks,Stonehill,000000,
ncaa_whockey,284,mbb,Stonehill Skyhawks,Stonehill,000000,
ncaa_whockey,284,ncaa_mhockey,Stonehill Stonehill,Stonehill,,
ncaa_whockey,284,ncaa_whockey,Stonehill Skyhawks,Stonehill,,
ncaa_whockey,284,wbb,Stonehill Skyhawks,Stonehill,000000,
ncaa_whockey,2900,cfb,St. Thomas Tommies,St. Thomas,000000,
ncaa_whockey,2900,mbb,St. Thomas Tommies,St. Thomas,000000,
ncaa_whockey,2900,ncaa_mhockey,St. Thomas Tommies,St. Thomas,,
ncaa_whockey,2900,ncaa_whockey,St. Thomas-Minnesota Tommies,St. Thomas-Minnesota,,
ncaa_whockey,2900,wbb,St. Thomas Tommies,St. Thomas,000000,
ncaa_whockey,311,cfb,Maine Black Bears,Maine,127dbe,
ncaa_whockey,311,ncaa_whockey,Maine Black Bears,Maine,,
ncaa_whockey,315,mbb,Niagara Purple Eagles,Niagara,69207E,f0f0f0
ncaa_whockey,315,ncaa_whockey,Niagara Purple Eagles,Niagara,,
ncaa_whockey,41,cfb,UConn Huskies,UConn,0c2340,a2aaad
ncaa_whockey,41,ncaa_whockey,UConn Huskies,UConn,,
ncaa_whockey,43,cfb,Yale Bulldogs,Yale,004a81,286dc0
ncaa_whockey,43,ncaa_whockey,Yale Bulldogs,Yale,,
ncaa_whockey,430,mbb,Post POST,Post,,
ncaa_whockey,430,ncaa_mhockey,Post University Eagles,Post University,,
ncaa_whockey,430,ncaa_whockey,Post University Eagles,Post University,,
ncaa_whockey,48,cfb,Delaware Blue Hens,Delaware,00539f,ffd200
ncaa_whockey,48,ncaa_whockey,Delaware Blue Hens,Delaware,,
soccer,10,soccer,Huracán,Huracán,C60000,000000
soccer,10000,soccer,Deportivo Maldonado,Deportivo Maldonado,000000,000000
soccer,10052,soccer,Villa San Carlos,Villa San Carlos,000000,000000
soccer,10054,soccer,Excursionistas,Excursionistas,000000,000000
soccer,10058,soccer,San Miguel,San Miguel,000000,000000
soccer,10060,soccer,Barracas Central,Barracas Central,000000,000000
soccer,10064,soccer,Villa Dálmine,Villa Dálmine,5901a9,000000
soccer,1007,soccer,Defensor Sporting,Defensor Sporting,3e188b,000000
soccer,10080,soccer,Rubio Ñú,Rubio Ñú,32CD32,000000
soccer,10094,soccer,UCV FC,UCV FC,000000,C60000
soccer,101,soccer,Rayo Vallecano,Rayo Vallecano,ffffff,cd0000
soccer,1010,soccer,OFI Crete,OFI Crete,FFFFFF,000000
soccer,10102,soccer,Claypole,Claypole,000000,000000
soccer,10103,soccer,Dock Sud,Dock Sud,000000,000000
soccer,10105,soccer,Ituzaingó,Ituzaingó,000000,000000
soccer,10107,soccer,Liniers,Liniers,000000,000000
soccer,10109,soccer,Midland,Midland,000000,000000
soccer,1011,soccer,Delfín,Delfín,212121,000000
soccer,10122,soccer,UTC,UTC,8D0019,C60000
soccer,10124,soccer,Venados FC,Venados FC,31B1CE,007550
soccer,10125,soccer,Tijuana,Tijuana,EF0107,e1e1e1
soccer,10129,soccer,Leones Negros,Leones Negros,F7AA25,C60000
soccer,10131,soccer,Club Jaiba Brava,Club Jaiba Brava,000000,C60000
soccer,10138,soccer,San Marcos de Arica,San Marcos de Arica,023396,023396
soccer,10139,soccer,Copiapó,Copiapó,C22222,C22222
soccer,10142,soccer,Deportes Iquique,Deportes Iquique,5edbff,000000
soccer,10143,soccer,San Luis,San Luis,000000,000000
soccer,10144,soccer,Unión La Calera,Unión La Calera,fd0000,000000
soccer,10145,soccer,Acassuso,Acassuso,000000,000000
soccer,10146,soccer,Atlanta,Atlanta,000000,000000
soccer,10147,soccer,Brown de Adrogué,Brown de Adrogué,212121,000000
soccer,10149,soccer,Colegiales,Colegiales,000000,000000
soccer,10151,soccer,Defensores de Belgrano,Defensores de Belgrano,000000,000000
soccer,10152,soccer,Deportivo Armenio,Deportivo Armenio,000000,000000
soccer,10154,soccer,Deportivo Morón,Deportivo Morón,212121,000000
soccer,10156,soccer,Flandria,Flandria,212121,000000
soccer,10157,soccer,San Telmo,San Telmo,000000,000000
soccer,10158,soccer,Sarmiento (Junín),Sarmiento (Junín),288A00,000000
soccer,10161,soccer,Talleres de Remedios,Talleres de Remedios,000000,000000
soccer,10162,soccer,Temperley,Temperley,409fff,000000
soccer,10163,soccer,Tristán Suárez,Tristán Suárez,000000,000000
soccer,102,soccer,Villarreal,Villarreal,ffff00,6cace4
soccer,10207,soccer,Al Ahly,Al Ahly,000000,C60000
soccer,10265,soccer,Bangu,Bangu,C60000,fafafa
soccer,10266,soccer,Avenida,Avenida,3B5B4C,F0EFED
soccer,10281,soccer,Botafogo-SP,Botafogo-SP,000000,C60000
soccer,10296,soccer,Paraguay U20,Paraguay U20,ea2300,0c2fff
soccer,103,soccer,AC Milan,AC Milan,e4002b,ffffff
soccer,10307,soccer,Manta F.C.,Manta F.C.,000000,C60000
soccer,10309,soccer,Jaguares de Córdoba,Jaguares de Córdoba,329BD4,C60000
soccer,10311,soccer,Nacional Potosí,Nacional Potosí,212121,C60000
soccer,10318,soccer,Sport Huancayo,Sport Huancayo,fd0032,C60000
soccer,1032,soccer,KSC Lokeren,KSC Lokeren,1a1a1a,FCD116
soccer,10343,soccer,Italy U21,Italy U21,195ccd,ffffff
soccer,10357,soccer,Atlético Goianiense,Atlético Goianiense,FF0000,C60000
soccer,10374,soccer,Patronato,Patronato,000000,C60000
soccer,10376,soccer,Nomme Kalju,Nomme Kalju,000000,C60000
soccer,1038,soccer,Jamaica,Jamaica,348b42,f9e032
soccer,10382,soccer,1. FC Magdeburg,1. FC Magdeburg,0068B2,ffffff
soccer,10388,soccer,SV Elversberg,SV Elversberg,000000,FFFFFF
soccer,104,soccer,AS Roma,AS Roma,990a2c,F5F3E5
soccer,10414,soccer,FK Qarabag,FK Qarabag,000000,ffffff
soccer,105,soccer,Atalanta,Atalanta,1157bf,ffffff
soccer,10525,soccer,Brunei Darussalam,Brunei Darussalam,FFF633,000000
soccer,10528,soccer,Central African Republic,Central African Republic,071d49,ea2300
soccer,10529,soccer,Guam,Guam,C71B36,00257C
soccer,10532,soccer,French Guiana,French Guiana,D20300,0033a0
soccer,10596,soccer,St. Martin,St. Martin,0033a0,000000
soccer,10597,soccer,Jong Ajax,Jong Ajax,DF1B27,6ab4c9
soccer,10606,soccer,Australia U20,Australia U20,2a2d7c,ed2f31
soccer,10615,soccer,Egypt U20,Egypt U20,D20300,000000
soccer,10618,soccer,Excelsior Maassluis,Excelsior Maassluis,0000ff,ffffff
soccer,10629,soccer,Cultural Leonesa,Cultural Leonesa,000000,C60000
soccer,10678,soccer,Pau,Pau,0070b1,f3cf56
soccer,1068,soccer,Atlético Madrid,Atlético Madrid,ca3624,000000
soccer,10691,soccer,Les Herbiers,Les Herbiers,000000,C60000
soccer,107,soccer,Bologna,Bologna,04043d,ffffff
soccer,10739,soccer,Philadelphia Union,Philadelphia Union,051f31,e0d0a6
soccer,10743,soccer,Gimnasia y Tiro (Salta),Gimnasia y Tiro (Salta),000000,fafafc
soccer,10834,soccer,CSKA Sofia,CSKA Sofia,C60000,ffffff
soccer,109,soccer,Fiorentina,Fiorentina,4c1d84,ffffff
soccer,11,soccer,Independiente,Independiente,C60000,000000
soccer,110,soccer,Internazionale,Internazionale,00239c,ffffff
soccer,11017,soccer,SSV Jahn Regensburg,SSV Jahn Regensburg,ce1b0e,f9f9f9
soccer,111,soccer,Juventus,Juventus,000000,E8A2B0
soccer,111140,soccer,Mercyhurst Lakers,Mercyhurst,07594D,182752
soccer,11121,soccer,AD Alcorcón,AD Alcorcón,ffff00,000099
soccer,11124,soccer,Guayaquil City FC,Guayaquil City FC,0505d2,C60000
soccer,11126,soccer,Carpi,Carpi,FFFFFF,999999
soccer,11137,soccer,Virtus Entella,Virtus Entella,000000,C60000
soccer,11139,soccer,Sudtirol,Sudtirol,000000,C60000
soccer,11143,soccer,Melbourne City FC,Melbourne City FC,87cefa,fafafc
soccer,11170,soccer,VV Katwijk,VV Katwijk,F7AA25,000000
soccer,112,soccer,Lazio,Lazio,74bde7,FFFFFF
soccer,11268,soccer,São Bernardo,São Bernardo,000000,C60000
soccer,113,soccer,Lecce,Lecce,FCED0B,08305d
soccer,11336,soccer,Krasnodar,Krasnodar,03501b,eaeaea
soccer,11337,soccer,Colombia,Colombia,fbd632,21418c
soccer,11399,soccer,Panama U17,Panama U17,d21034,005293
soccer,114,soccer,Napoli,Napoli,0677d2,ffffff
soccer,11420,soccer,RB Leipzig,RB Leipzig,ffffff,740c14
soccer,11429,soccer,Samsunspor,Samsunspor,000000,C60000
soccer,11431,soccer,Panetolikos,Panetolikos,000000,C60000
soccer,11485,soccer,FC Admira Wacker Modling,FC Admira Wacker Modling,000000,C60000
soccer,11487,soccer,CD Sabadell,CD Sabadell,000000,C60000
soccer,115,soccer,Parma,Parma,19161D,ffdd30
soccer,11505,soccer,Jagiellonia Bialystok,Jagiellonia Bialystok,FFED00,D81921
soccer,11550,soccer,Odense Boldklub,Odense Boldklub,000000,C60000
soccer,11553,soccer,Aris,Aris,000000,C60000
soccer,11627,soccer,Netherlands U21,Netherlands U21,d48c00,0081d6
soccer,11653,soccer,Saudi Arabia U20,Saudi Arabia U20,dddddd,dddddd
soccer,11669,soccer,Belgium U21,Belgium U21,ef3340,ffe533
soccer,11676,soccer,France U21,France U21,112855,ffffff
soccer,11677,soccer,CD Choloma,CD Choloma,000000,C60000
soccer,11678,soccer,Curaçao,Curaçao,0537e4,0537e4
soccer,11692,soccer,Portugal U21,Portugal U21,ea2300,ffffff
soccer,117,soccer,Reggina,Reggina,A0222D,C60000
soccer,11706,soccer,Viktoria Plzen,Viktoria Plzen,0000dd,000000
soccer,11766,soccer,Puerto Rico,Puerto Rico,0537e4,C60000
soccer,118,soccer,Udinese,Udinese,19161D,0F1C3F
soccer,11808,soccer,Sao Tome and Principe,Sao Tome and Principe,009739,FFD100
soccer,11884,soccer,Red Star FC 93,Red Star FC 93,000000,C60000
soccer,11895,soccer,Bourg-Peronnas,Bourg-Peronnas,000000,C60000
soccer,119,soccer,Hellas Verona,Hellas Verona,00239c,ffffff
soccer,11913,soccer,Chippa United,Chippa United,7999d1,4d8bd4
soccer,11963,soccer,Chaco For Ever,Chaco For Ever,000000,C60000
soccer,11972,soccer,Gimnasia (Mendoza),Gimnasia (Mendoza),000000,C60000
soccer,11978,soccer,Deportivo Maipú,Deportivo Maipú,000000,C60000
soccer,11989,soccer,Central Córdoba (Santiago del Estero),Central Córdoba (Santiago del Estero),000000,C60000
soccer,11990,soccer,Mitre (Santiago del Estero),Mitre (Santiago del Estero),000000,C60000
soccer,11991,soccer,Sp. Belgrano,Sp. Belgrano,000000,C60000
soccer,11993,soccer,Central Norte,Central Norte,000000,C60000
soccer,11995,soccer,Cusco FC,Cusco FC,000000,C60000
soccer,12,soccer,Lanús,Lanús,9f0000,1a1a1a
soccer,120,soccer,Vicenza,Vicenza,1a1a1a,1a1a1a
soccer,12011,soccer,Orlando City SC,Orlando City SC,60269e,f0d283
soccer,12030,soccer,Rigas Futbola Skola,Rigas Futbola Skola,0000dd,ffffff
soccer,12062,soccer,France U20,France U20,002f79,ffffff
soccer,121,soccer,VfL Bochum,VfL Bochum,000055,aac4f2
soccer,12124,soccer,FC Astana,FC Astana,ffff00,0000ff
soccer,12146,soccer,Flora,Flora,34a66d,a9aaa9
soccer,122,soccer,FC Cologne,FC Cologne,ffffff,DA0308
soccer,12215,soccer,Santa Clara,Santa Clara,C60000,ddbf64
soccer,12216,soccer,Estoril,Estoril,ffea01,293dc2
soccer,122813,soccer,Incarnate Word Cardinals,Incarnate Word,000000,C60000
soccer,123,soccer,Energie Cottbus,Energie Cottbus,cc0000,ffff00
soccer,124,soccer,Borussia Dortmund,Borussia Dortmund,ffee00,272726
soccer,124510,soccer,St. Thomas Tommies,St. Thomas,512773,98999B
soccer,12498,soccer,Vejle Boldklub,Vejle Boldklub,000000,C60000
soccer,125,soccer,Eintracht Frankfurt,Eintracht Frankfurt,ffffff,272726
soccer,12587,soccer,Amorebieta,Amorebieta,000000,C60000
soccer,12594,soccer,UCAM Murcia,UCAM Murcia,000000,C60000
soccer,12597,soccer,Burgos,Burgos,000000,C60000
soccer,126,soccer,SC Freiburg,SC Freiburg,DA0308,ffffff
soccer,12633,soccer,Scotland,Scotland,00005e,dcf5f7
soccer,12634,soccer,Wales,Wales,E70000,ffffff
soccer,126595,soccer,Lindenwood Lions,Lindenwood,231F20,C8B362
soccer,126601,soccer,Southern Indiana Screaming Eagles,Southern Indiana,CF102D,002D5D
soccer,126699,soccer,Stonehill Skyhawks,Stonehill,2F2975,FFFFFF
soccer,12698,soccer,FC Famalicao,FC Famalicao,FFFFFF,183760
soccer,127,soccer,Hamburg SV,Hamburg SV,1a26af,1a1a1a
soccer,12705,soccer,GD Chaves,GD Chaves,288A00,005099
soccer,12706,soccer,Tondela,Tondela,ffea01,293dc2
soccer,127922,soccer,Le Moyne Dolphins,Le Moyne,000000,C60000
soccer,128,soccer,Hansa Rostock,Hansa Rostock,324CBA,C60000
soccer,129,soccer,Hertha Berlin,Hertha Berlin,0000dd,091453
soccer,13,soccer,Los Andes,Los Andes,b50202,000000
soccer,130,soccer,Kaiserslautern,Kaiserslautern,8C273D,1a1a1a
soccer,13018,soccer,Ludogorets Razgrad,Ludogorets Razgrad,008000,ffffff
soccer,13033,soccer,Al Fateh,Al Fateh,26ba09,0999ba
soccer,13061,soccer,Solihull Moors,Solihull Moors,0000FF,C60000
soccer,13083,soccer,Hapoel Be'er,Hapoel Be'er,fd0000,C60000
soccer,130875,soccer,ABB,ABB,000000,C60000
soccer,130883,soccer,Qatar U17,Qatar U17,691a40,691a40
soccer,130885,soccer,Fiji U17,Fiji U17,ffffff,000000
soccer,130886,soccer,Egypt U17,Egypt U17,D20300,000000
soccer,130889,soccer,Saudi Arabia U17,Saudi Arabia U17,dddddd,006233
soccer,130890,soccer,Uganda U17,Uganda U17,FCDC04,D90000
soccer,130891,soccer,Republic of Ireland U17,Republic of Ireland U17,049a64,f58241
soccer,130894,soccer,New Haven Chargers,New Haven,0B1E73,FEB612
soccer,130895,soccer,New Haven Chargers,New Haven,0B1E73,FEB612
soccer,130896,soccer,Morocco U20,Morocco U20,009060,df2027
soccer,130897,soccer,New Caledonia U20,New Caledonia U20,002868,D20300
soccer,130899,soccer,Neom SC,Neom SC,259EEE,FF9300
soccer,130906,soccer,Norway U17,Norway U17,ef2b2d,002868
soccer,130909,soccer,Samoa U17,Samoa U17,002B7F,CE1126
soccer,130919,soccer,West Georgia Wolves,West Georgia,000000,C60000
soccer,131,soccer,Bayer Leverkusen,Bayer Leverkusen,DA0308,f9fbfc
soccer,131213,soccer,Aurora FC,Aurora FC,000000,C60000
soccer,131235,soccer,RAAL La Louvière,RAAL La Louvière,287F45,F8F9FA
soccer,131256,soccer,Vancouver Rise FC,Vancouver Rise FC,85B09A,DCCC8F
soccer,131257,soccer,Calgary Wild FC,Calgary Wild FC,FF0023,2C0045
soccer,131258,soccer,AFC Toronto,AFC Toronto,EE3120,630922
soccer,131259,soccer,Montreal Roses FC,Montreal Roses FC,647EFF,D2B070
soccer,131260,soccer,Halifax Tides FC,Halifax Tides FC,4CBEB5,1A172B
soccer,131261,soccer,Ottawa Rapid FC,Ottawa Rapid FC,54CFE7,131313
soccer,131282,soccer,Génesis PN,Génesis PN,1264A3,FFDE21
soccer,131295,soccer,Internacional Santa Tecla,Internacional Santa Tecla,000000,C60000
soccer,131300,soccer,West Florida Argonauts,West Florida,000000,C60000
soccer,131361,soccer,Siwelele,Siwelele,057932,ffffff
soccer,131393,soccer,CD Tenerife,CD Tenerife,3366CC,3366CC
soccer,131397,soccer,HERA United,HERA United,ffffff,000080
soccer,131423,soccer,OH Leuven,Oud-Heverlee Leuven,601870,0b6623
soccer,131428,soccer,De Graafschap,De Graafschap,0000d4,307B64
soccer,13143,soccer,Joinville,Joinville,000000,C60000
soccer,131447,soccer,Dallas Trinity FC,Dallas Trinity FC,54052B,B39262
soccer,131449,soccer,Fort Lauderdale United FC,Fort Lauderdale United FC,003087,A7E6D7
soccer,131450,soccer,DC Power FC,DC Power FC,000000,FFFFFF
soccer,131451,soccer,Lexington SC,Lexington SC,003A0E,00EA1F
soccer,131452,soccer,Brooklyn FC,Brooklyn FC,101820,051C2C
soccer,131453,soccer,Sporting Jax,Sporting Jax,00ADEE,FFAC3E
soccer,131454,soccer,Carolina Ascent FC,Carolina Ascent FC,F79400,BD7DB6
soccer,131455,soccer,Tampa Bay Sun FC,Tampa Bay Sun FC,041E42,FBDF49
soccer,131494,soccer,Macclesfield FC,Macclesfield FC,01153E,ffffff
soccer,13150,soccer,Nizhny Novgorod,Nizhny Novgorod,000000,C60000
soccer,131552,soccer,Örgryte IS,Örgryte IS,000000,000000
soccer,131553,soccer,United States U21,United States U21,213065,d42339
soccer,131561,soccer,Kenya,Kenya,bb0000,006600
soccer,131562,soccer,Boston Legacy FC,Boston Legacy FC,00FF00,000000
soccer,131563,soccer,Denver Summit FC,Denver Summit FC,20604E,E4B83E
soccer,131578,soccer,Sporting JAX,Sporting JAX,72CAF7,FFAC3E
soccer,131579,soccer,Brooklyn FC,Brooklyn FC,4E3524,DFD4BC
soccer,131580,soccer,Fort Wayne,Fort Wayne,7d623c,000000
soccer,131581,soccer,Athletic Club Boise,Athletic Club Boise,616233,000000
soccer,131582,soccer,New York Cosmos,New York Cosmos,296d23,000080
soccer,131635,soccer,Internazionale,Internazionale,00239c,ffffff
soccer,131643,soccer,Austria Vienna,Austria Vienna,745692,1a1a1a
soccer,131654,soccer,Deportivo Moquegua,Deportivo Moquegua,000000,C60000
soccer,131655,soccer,FC Cajamarca,FC Cajamarca,000000,C60000
soccer,131657,soccer,Burkina Faso,Burkina Faso,008000,EF2B2D
soccer,131688,soccer,Central Español Fútbol Club,Central Español Fútbol Club,000000,C60000
soccer,131701,soccer,Mito Hollyhock,Mito Hollyhock,000000,C60000
soccer,131702,soccer,Leones,Leones,000000,C60000
soccer,131704,soccer,Chongqing Tonglianglong,Chongqing Tonglianglong,000000,C60000
soccer,131705,soccer,Liaoning Tieren,Liaoning Tieren,000000,C60000
soccer,131723,soccer,Wales U19,Wales U19,E70000,174A3F
soccer,131734,soccer,Algeria U17,Algeria U17,5bbd19,000000
soccer,131735,soccer,China U17,China U17,dd342c,ffe533
soccer,131736,soccer,Cuba U17,Cuba U17,cb1515,002a8f
soccer,131737,soccer,Greece U17,Greece U17,295da8,ffffff
soccer,131738,soccer,Jamaica U17,Jamaica U17,348b42,f9e032
soccer,131739,soccer,Montenegro U17,Montenegro U17,E70000,ffffff
soccer,131740,soccer,Romania U17,Romania U17,fcd116,ce1126
soccer,131741,soccer,Serbia U17,Serbia U17,E70000,ffffff
soccer,131742,soccer,Tanzania U17,Tanzania U17,0033a0,1EB53A
soccer,131743,soccer,Vietnam U17,Vietnam U17,E70000,FFCD00
soccer,131744,soccer,Denmark U17,Denmark U17,d02a3e,ffffff
soccer,131745,soccer,Mozambique U17,Mozambique U17,D20300,FFD100
soccer,131746,soccer,Al Diriyah,Al Diriyah,000000,000000
soccer,131749,soccer,Puerto Rico U17,Puerto Rico U17,0537e4,C60000
soccer,131750,soccer,Argentina U17,Argentina U17,74acdf,173E69
soccer,131751,soccer,Australia U17,Australia U17,FFCD00,FFCD00
soccer,131752,soccer,Venezuela U17,Venezuela U17,d02a36,f7d531
soccer,131753,soccer,West Florida Argonauts,West Florida,000000,C60000
soccer,131762,soccer,Fiji,Fiji,ffffff,000000
soccer,131784,soccer,New Caledonia,New Caledonia,000000,000000
soccer,131790,soccer,Inter de San Carlos,Inter de San Carlos,000000,C60000
soccer,131835,soccer,Deportivo San Pedro,Deportivo San Pedro,000000,C60000
soccer,131858,soccer,RC Celta Fortuna,RC Celta Fortuna,6cace4,004996
soccer,132,soccer,Bayern Munich,Bayern Munich,dc052d,1a1a1a
soccer,132334,soccer,Çorum FK,Çorum FK,000000,C60000
soccer,132376,soccer,Ghana U17,Ghana U17,fbd632,000000
soccer,13238,soccer,Víkingur,Víkingur,BFD2E6,FFFFFF
soccer,132429,soccer,Kalamata,Kalamata,000000,C60000
soccer,132447,soccer,Escorpiones Belén,Escorpiones Belén,000000,C60000
soccer,132448,soccer,CA Independiente Siguatepeque,CA Independiente Siguatepeque,000000,C60000
soccer,132449,soccer,CD Estrella Roja,CD Estrella Roja,000000,C60000
soccer,132480,soccer,Inca Aruba,Inca Aruba,000000,000000
soccer,13294,soccer,Wolfsberger,Wolfsberger,1a1a1a,ffffff
soccer,133,soccer,Schalke 04,Schalke 04,0000dd,ffffff
soccer,13310,soccer,Cameroon,Cameroon,00723a,ffff00
soccer,13313,soccer,South Africa,South Africa,ffef00,002f00
soccer,13317,soccer,Marumo Gallants,Marumo Gallants,000000,C60000
soccer,133875,soccer,Vanuatu,Vanuatu,C0102E,FFCD00
soccer,133876,soccer,Solomon Islands,Solomon Islands,000000,000000
soccer,133877,soccer,Namibia,Namibia,D20300,FFCE00
soccer,133983,soccer,Necaxa,Necaxa,EF0107,000000
soccer,133990,soccer,Atlas,Atlas,EF0107,e1e1e1
soccer,133992,soccer,Atlético de San Luis,Atlético de San Luis,EF0107,dfa829
soccer,134,soccer,VfB Stuttgart,VfB Stuttgart,ffffff,DA0308
soccer,13450,soccer,Waasland-Beveren,Waasland-Beveren,f2ff00,ffd32e
soccer,13481,soccer,Metropolitanos,Metropolitanos,000000,C60000
soccer,135,soccer,TSV 1860 Munich,TSV 1860 Munich,1a1a1a,1a1a1a
soccer,13582,soccer,Dominica,Dominica,32ad42,C60000
soccer,13584,soccer,St. Vincent and the Grenadines,St. Vincent and the Grenadines,32ad42,C60000
soccer,13696,soccer,Western Sydney Wanderers,Western Sydney Wanderers,C60000,c9b177
soccer,137,soccer,Werder Bremen,Werder Bremen,03915c,ffffff
soccer,13783,soccer,Anzoátegui FC,Anzoátegui FC,000000,C60000
soccer,138,soccer,VfL Wolfsburg,VfL Wolfsburg,81f733,1a1a1a
soccer,1382,soccer,Austria Vienna,Austria Vienna,745692,1a1a1a
soccer,13884,soccer,AFC Fylde,AFC Fylde,ffffff,ffff00
soccer,139,soccer,Ajax Amsterdam,Ajax Amsterdam,DF1B27,4d6286
soccer,13913,soccer,Agropecuario,Agropecuario,212121,C60000
soccer,14,soccer,Newell's Old Boys,Newell's Old Boys,000000,C60000
soccer,140,soccer,AZ Alkmaar,AZ Alkmaar,ef2f24,ffffff
soccer,14074,soccer,Comunicaciones,Comunicaciones,000000,C60000
soccer,14075,soccer,South Sudan,South Sudan,da131a,1146b0
soccer,141,soccer,NAC Breda,NAC Breda,FCEE33,ffffff
soccer,142,soccer,Feyenoord Rotterdam,Feyenoord Rotterdam,ef2f24,000000
soccer,1423,soccer,Beira Mar,Beira Mar,1a1a1a,1a1a1a
soccer,14253,soccer,Norway U21,Norway U21,C60000,000099
soccer,14269,soccer,Russia U21,Russia U21,000099,C60000
soccer,14290,soccer,Israel U21,Israel U21,ffffff,5CBFEB
soccer,143,soccer,Fortuna Sittard,Fortuna Sittard,FCEE33,ffffff
soccer,144,soccer,De Graafschap,De Graafschap,0000d4,307B64
soccer,145,soccer,FC Groningen,FC Groningen,ffffff,30565c
soccer,14561,soccer,Chinese Taipei,Chinese Taipei,FFFFFF,C60000
soccer,146,soccer,Heerenveen,Heerenveen,003eff,1a316b
soccer,147,soccer,NEC Nijmegen,NEC Nijmegen,ef2f24,84aee7
soccer,148,soccer,PSV Eindhoven,PSV Eindhoven,ef2f24,000000
soccer,149,soccer,Roda JC Kerkrade,Roda JC Kerkrade,FCEE33,cdcdcd
soccer,15,soccer,Racing Club,Racing Club,409fff,000000
soccer,151,soccer,Sparta Rotterdam,Sparta Rotterdam,F31522,84aee7
soccer,15106,soccer,Muangthong United,Muangthong United,ef4937,000000
soccer,15114,soccer,Cuba U20,Cuba U20,cb1515,002a8f
soccer,152,soccer,FC Twente,FC Twente,F31522,9df9f7
soccer,153,soccer,FC Utrecht,FC Utrecht,F31522,1a316b
soccer,15360,soccer,Chicago Stars FC,Chicago Stars FC,c7102e,3AB5E8
soccer,15362,soccer,Portland Thorns FC,Portland Thorns FC,000000,99242B
soccer,15363,soccer,Seattle Reign FC,Seattle Reign FC,292431,2e407a
soccer,15364,soccer,Gotham FC,Gotham FC,a9f1fd,000000
soccer,15365,soccer,Washington Spirit,Washington Spirit,000000,ede939
soccer,15366,soccer,North Carolina Courage,North Carolina Courage,ab0033,00416b
soccer,1538,soccer,Levante,Levante,C8142F,000000
soccer,154,soccer,Vitesse,Vitesse,FCEE33,ffffff
soccer,15424,soccer,Paysandu,Paysandu,0093EC,fafafc
soccer,155,soccer,RKC Waalwijk,RKC Waalwijk,0c57f2,84aee7
soccer,15515,soccer,Shanghai Port,Shanghai Port,C60000,fcfcfc
soccer,15582,soccer,FC Ural Ekaterinburg,FC Ural Ekaterinburg,f2581d,000000
soccer,156,soccer,Willem II,Willem II,1a316b,96c0df
soccer,15713,soccer,FK Kukesi,FK Kukesi,000000,C60000
soccer,15720,soccer,Atlético de San Luis,Atlético de San Luis,EF0107,dfa829
soccer,15784,soccer,Arouca,Arouca,ffea01,293dc2
soccer,159,soccer,Bordeaux,Bordeaux,011F68,ffffff
soccer,16,soccer,River Plate,River Plate,C60000,792DCD
soccer,160,soccer,Paris Saint-Germain,Paris Saint-Germain,011F68,ffffff
soccer,162,soccer,Italy,Italy,103cd6,ffffff
soccer,16218,soccer,Italy U17,Italy U17,0000ff,C60000
soccer,16287,soccer,Croatia U17,Croatia U17,ff0000,0c2fff
soccer,16295,soccer,Morocco U17,Morocco U17,009060,df2027
soccer,16301,soccer,Uzbekistan U17,Uzbekistan U17,0081d6,1EB53A
soccer,16306,soccer,Venezuela U17,Venezuela U17,d02a36,f7d531
soccer,164,soccer,Spain,Spain,c60b1e,FFFFFF
soccer,16445,soccer,Uruguay U17,Uruguay U17,003da5,ffffff
soccer,165,soccer,Nantes,Nantes,ffff00,011F68
soccer,166,soccer,Lille,Lille,c2051b,e2d3d7
soccer,167,soccer,Lyon,Lyon,ffffff,1a1a1a
soccer,16721,soccer,Gibraltar,Gibraltar,DE2918,ffffff
soccer,16728,soccer,Liverpool U21,Liverpool U21,D00027,0f204b
soccer,169,soccer,Stade Rennais,Stade Rennais,ef2f24,ffffff
soccer,17,soccer,Rosario Central,Rosario Central,ffff00,792DCD
soccer,170,soccer,Troyes,Troyes,0000bf,fafafc
soccer,17086,soccer,Independiente del Valle,Independiente del Valle,000D5D,000000
soccer,17090,soccer,Deportivo La Guaira,Deportivo La Guaira,fc4401,C60000
soccer,171,soccer,Guingamp,Guingamp,ef2f24,1a1a1a
soccer,17131,soccer,Caxias do Sul,Caxias do Sul,1C60AA,C60000
soccer,17176,soccer,Mushuc Runa,Mushuc Runa,000000,C60000
soccer,172,soccer,AJ Auxerre,AJ Auxerre,ffffff,1a1a1a
soccer,17233,soccer,Alebrijes de Oaxaca,Alebrijes de Oaxaca,050505,C60000
soccer,173,soccer,Bastia,Bastia,0000bf,fafafc
soccer,17313,soccer,Cuiabá,Cuiabá,004526,FFD65A
soccer,17317,soccer,Botafogo PB,Botafogo PB,020202,C60000
soccer,17325,soccer,Nacional de Manaus,Nacional de Manaus,01458E,fafafc
soccer,17333,soccer,Londrina,Londrina,0093EC,fafafc
soccer,17339,soccer,Tombense,Tombense,C60000,fafafa
soccer,17346,soccer,Houston Dash,Houston Dash,ff6900,8ab7e9
soccer,17352,soccer,Estudiantes (Buenos Aires),Estudiantes (Buenos Aires),000000,C60000
soccer,17360,soccer,Indy Eleven,Indy Eleven,13018c,C60000
soccer,17361,soccer,Tampa Bay Rowdies,Tampa Bay Rowdies,09bc0c,f2ee07
soccer,17362,soccer,Minnesota United FC,Minnesota United FC,000000,9bcde4
soccer,17363,soccer,Magallanes,Magallanes,5edbff,5edbff
soccer,17365,soccer,Curicó Unido,Curicó Unido,212121,C60000
soccer,17370,soccer,Atlético FC,Atlético FC,000000,C60000
soccer,17371,soccer,Bogotá FC,Bogotá FC,000000,C60000
soccer,17372,soccer,Boca Juniors de Cali,Boca Juniors de Cali,000000,C60000
soccer,17373,soccer,Barranquilla FC,Barranquilla FC,000000,C60000
soccer,17374,soccer,Unión Magdalena,Unión Magdalena,000000,C60000
soccer,17380,soccer,Bryant Bulldogs,Bryant,231F20,B09863
soccer,17386,soccer,East Tennessee State Buccaneers,East Tennessee State,FFC72C,041E42
soccer,17390,soccer,Florida Gulf Coast Eagles,Florida Gulf Coast,004785,00794C
soccer,17392,soccer,Houston Christian Huskies,Houston Christian,00529C,F85512
soccer,17393,soccer,Howard Bison,Howard,003A63,E51937
soccer,174,soccer,AS Monaco,AS Monaco,E91514,004c37
soccer,17407,soccer,Omaha Mavericks,Omaha,000000,D71920
soccer,17409,soccer,Presbyterian Blue Hose,Presbyterian,0060A9,9D2235
soccer,17411,soccer,Seattle U Redhawks,Seattle U,AA0000,000000
soccer,17412,soccer,SIU Edwardsville Cougars,SIU Edwardsville,EF3829,FFFFFF
soccer,17425,soccer,Utah Valley Wolverines,Utah Valley,275D38,FFFFFF
soccer,17483,soccer,Orléans,Orléans,000000,C60000
soccer,17491,soccer,Würzburger Kickers,Würzburger Kickers,000000,C60000
soccer,17495,soccer,FC Arsenal Tula,FC Arsenal Tula,bd0016,ffdd00
soccer,175,soccer,Lens,Lens,E91514,004c37
soccer,17514,soccer,Mineros de Zacatecas,Mineros de Zacatecas,c80404,C60000
soccer,17516,soccer,CD Guastatoya,CD Guastatoya,000000,C60000
soccer,17520,soccer,FC Zorya Luhansk,FC Zorya Luhansk,C60000,1a1a1a
soccer,17530,soccer,Venezia,Venezia,000000,ffffff
soccer,17534,soccer,Leganés,Leganés,6cace4,32cd32
soccer,17544,soccer,Antwerp,Antwerp,C60000,ffffff
soccer,17545,soccer,Richmond Kickers,Richmond Kickers,d8172b,FFFFFF
soccer,17579,soccer,Texas A&M-Corpus Christi Islanders,Texas A&M-Corpus Christi,0067C5,007F3E
soccer,17590,soccer,Abilene Christian Wildcats,Abilene Christian,4F2170,FFFFFF
soccer,176,soccer,Marseille,Marseille,ffffff,011F68
soccer,17606,soccer,New York City FC,New York City FC,9fd2ff,000229
soccer,17637,soccer,Ecuador,Ecuador,002686,dabf00
soccer,17639,soccer,South Korea,South Korea,ce2028,1e4384
soccer,17640,soccer,Spain,Spain,c60b1e,ffc400
soccer,17641,soccer,Switzerland,Switzerland,d72b2c,ffffff
soccer,17642,soccer,Thailand,Thailand,0A1F62,C60000
soccer,17671,soccer,Sportivo San Lorenzo,Sportivo San Lorenzo,000000,C60000
soccer,17689,soccer,Johor Darul Ta'zim,Johor Darul Ta'zim,000000,C60000
soccer,17692,soccer,San Martín (Burzaco),San Martín (Burzaco),000000,C60000
soccer,17693,soccer,Argentino de Quilmes,Argentino de Quilmes,000000,C60000
soccer,17695,soccer,Deportivo Laferrere,Deportivo Laferrere,000000,C60000
soccer,17697,soccer,Defensores Unidos,Defensores Unidos,000000,C60000
soccer,177,soccer,Metz,Metz,8C3140,e6c168
soccer,17700,soccer,Argentino de Merlo,Argentino de Merlo,000000,C60000
soccer,17702,soccer,Deportivo Riestra,Deportivo Riestra,212121,C60000
soccer,17703,soccer,Sportivo Italiano,Sportivo Italiano,000000,C60000
soccer,17704,soccer,Deportivo Merlo,Deportivo Merlo,000000,C60000
soccer,17705,soccer,UAI Urquiza,UAI Urquiza,000000,C60000
soccer,17706,soccer,Sportivo Barracas,Sportivo Barracas,000000,C60000
soccer,17733,soccer,Bali United,Bali United,000000,C60000
soccer,17757,soccer,Port FC,Port FC,000000,C60000
soccer,17760,soccer,Ratchaburi FC,Ratchaburi FC,000000,C60000
soccer,17796,soccer,El Kanemi Warriors,El Kanemi Warriors,000000,C60000
soccer,17797,soccer,Rangers International,Rangers International,FFFFFF,C60000
soccer,178,soccer,Saint-Étienne,Saint-Étienne,51cc5f,ffffff
soccer,17807,soccer,Shooting Stars SC,Shooting Stars SC,000000,C60000
soccer,17814,soccer,San Martín (Tucumán),San Martín (Tucumán),212121,C60000
soccer,17815,soccer,Vietnam,Vietnam,DA251D,ffffff
soccer,17826,soccer,Charlotte Independence,Charlotte Independence,076aed,f9f3c7
soccer,17827,soccer,Pittsburgh Riverhounds,Pittsburgh Riverhounds,e8d035,000000
soccer,17828,soccer,Sacramento Republic FC,Sacramento Republic FC,870505,473403
soccer,17830,soccer,Colorado Springs Switchbacks FC,Colorado Springs Switchbacks FC,666563,2f4bd8
soccer,17832,soccer,Louisville City FC,Louisville City FC,8801ad,d6c72a
soccer,17850,soccer,Phoenix Rising FC,Phoenix Rising FC,000000,C60000
soccer,17851,soccer,FC Juárez,FC Juárez,89f442,ffffff
soccer,17855,soccer,Skenderbeu Korce,Skenderbeu Korce,fd0000,C60000
soccer,17856,soccer,Lincoln Red Imps,Lincoln Red Imps,C60000,ffffff
soccer,17858,soccer,Alashkert FC,Alashkert FC,FCEE33,ffffff
soccer,179,soccer,Toulouse,Toulouse,560080,ffff00
soccer,17939,soccer,Juticalpa FC,Juticalpa FC,000000,C60000
soccer,17972,soccer,Australia U17,Australia U17,dabf00,0081d6
soccer,17973,soccer,Ecuador U17,Ecuador U17,ffdd00,034ea2
soccer,17974,soccer,Mali U17,Mali U17,C60000,509e2f
soccer,17975,soccer,United States U17,United States U17,3C3B6E,C60000
soccer,17976,soccer,Chile U17,Chile U17,c60000,23449c
soccer,17982,soccer,USV Hercules,USV Hercules,000000,C60000
soccer,17992,soccer,Koninklijke HFC,Koninklijke HFC,ffffff,091453
soccer,17997,soccer,Kerala Blasters FC,Kerala Blasters FC,000000,C60000
soccer,17998,soccer,Odisha FC,Odisha FC,000000,C60000
soccer,18,soccer,San Lorenzo,San Lorenzo,0060f0,C60000
soccer,180,soccer,Strasbourg,Strasbourg,0000bf,ffffff
soccer,18000,soccer,Chennaiyin FC,Chennaiyin FC,000000,C60000
soccer,18002,soccer,Mumbai City FC,Mumbai City FC,000000,C60000
soccer,18003,soccer,FC Goa,FC Goa,000000,C60000
soccer,18004,soccer,NorthEast United FC,NorthEast United FC,000000,C60000
soccer,18009,soccer,San José State Spartans,San José State,000000,C60000
soccer,18010,soccer,Grand Canyon Antelopes,Grand Canyon,522398,000000
soccer,18018,soccer,Kelty Hearts,Kelty Hearts,000000,C60000
soccer,18023,soccer,UT Rio Grande Valley Vaqueros,UT Rio Grande Valley,000000,C60000
soccer,18032,soccer,Incarnate Word Cardinals,Incarnate Word,000000,C60000
soccer,18035,soccer,Gainsborough Trinity,Gainsborough Trinity,000000,C60000
soccer,18066,soccer,Annecy,Annecy,000000,C60000
soccer,18127,soccer,Novorizontino,Novorizontino,000000,FFD704
soccer,18134,soccer,Portuguesa-RJ,Portuguesa-RJ,2A8735,FEDC00
soccer,18153,soccer,Comerciantes Unidos,Comerciantes Unidos,000000,C60000
soccer,18156,soccer,Orsomarso SC,Orsomarso SC,000000,C60000
soccer,18159,soccer,Miami FC,Miami FC,f05123,263895
soccer,18187,soccer,Operário PR,Operário PR,000000,C60000
soccer,18191,soccer,Juazeirense,Juazeirense,000000,C60000
soccer,182,soccer,Chicago Fire FC,Chicago Fire FC,7ccdef,ff0000
soccer,18203,soccer,Zhejiang Professional FC,Zhejiang Professional FC,000000,C60000
soccer,18206,soccer,Orlando Pride,Orlando Pride,c5b5f2,14002f
soccer,18210,soccer,Costa Rica U23,Costa Rica U23,EF0000,000000
soccer,18212,soccer,Brazil U23,Brazil U23,009C3B,002776
soccer,18214,soccer,Japan U23,Japan U23,ed1c24,ffffff
soccer,18216,soccer,Egypt U23,Egypt U23,D20300,000000
soccer,18220,soccer,Spain U23,Spain U23,c60b1e,ffc400
soccer,18221,soccer,Morocco,Morocco,df2027,009060
soccer,18224,soccer,New Zealand U23,New Zealand U23,000000,EA2300
soccer,18227,soccer,Iraq U23,Iraq U23,000000,C60000
soccer,18232,soccer,Argentina U23,Argentina U23,74acdf,173e69
soccer,18243,soccer,Sint Maarten,Sint Maarten,000000,C60000
soccer,18260,soccer,Deportivo Madryn,Deportivo Madryn,000000,C60000
soccer,18264,soccer,Des Moines Menace,Des Moines Menace,C60000,000000
soccer,18265,soccer,San Antonio FC,San Antonio FC,878787,000000
soccer,18267,soccer,FC Cincinnati,FC Cincinnati,003087,fe5000
soccer,18268,soccer,Chattanooga FC,Chattanooga FC,000000,C60000
soccer,18272,soccer,Kosovo,Kosovo,0000cd,ffec00
soccer,18278,soccer,Jong FC Utrecht,Jong FC Utrecht,DF1B27,6ab4c9
soccer,18283,soccer,FK Liepaja,FK Liepaja,000000,C60000
soccer,18284,soccer,Güemes,Güemes,000000,C60000
soccer,18285,soccer,Gazovik Orenburg,Gazovik Orenburg,000000,C60000
soccer,183,soccer,Columbus Crew,Columbus Crew,000000,fedd00
soccer,18305,soccer,Germany U19,Germany U19,000000,C60000
soccer,18357,soccer,Kansas State Wildcats,Kansas State,512888,D1D1D1
soccer,18358,soccer,Northern Kentucky Norse,Northern Kentucky,FFC72C,000000
soccer,18377,soccer,TEC VV,TEC VV,F7AA25,ffffff
soccer,18390,soccer,UMass Lowell River Hawks,UMass Lowell,000000,C60000
soccer,18391,soccer,South Carolina Upstate Spartans,South Carolina Upstate,00833e,373a36
soccer,18395,soccer,Romania,Romania,dfc60a,D12F2A
soccer,18396,soccer,Democrata GV,Democrata GV,000000,fafafa
soccer,18399,soccer,URT,URT,28156E,fafafc
soccer,184,soccer,Colorado Rapids,Colorado Rapids,8a2432,8ab7e9
soccer,18406,soccer,Ivory Coast,Ivory Coast,d48c00,5bbd19
soccer,18413,soccer,North Macedonia U21,North Macedonia U21,E70000,ffffff
soccer,18414,soccer,Poland U21,Poland U21,ffffff,D12F2A
soccer,18415,soccer,Slovakia U21,Slovakia U21,ffffff,052a87
soccer,18418,soccer,Atlanta United FC,Atlanta United FC,9d2235,aa9767
soccer,18424,soccer,Anápolis,Anápolis,000000,C60000
soccer,18439,soccer,Macará,Macará,0195DD,fafafc
soccer,18444,soccer,Austria,Austria,d72b2c,ffffff
soccer,18446,soccer,FC Tulsa,FC Tulsa,070784,e58209
soccer,18455,soccer,Orange County SC,Orange County SC,000000,FF6720
soccer,18459,soccer,Al Taawoun,Al Taawoun,eef209,000000
soccer,185,soccer,FC Dallas,FC Dallas,c6093b,001f5b
soccer,18597,soccer,Hearts of Oak,Hearts of Oak,000000,C60000
soccer,186,soccer,Sporting Kansas City,Sporting Kansas City,a7c6ed,0a2240
soccer,18601,soccer,Medeama,Medeama,000000,C60000
soccer,18615,soccer,Stellenbosch,Stellenbosch,a11b1b,fee515
soccer,18662,soccer,Camioneros,Camioneros,000000,C60000
soccer,18699,soccer,FC Motown,FC Motown,4cb848,000000
soccer,187,soccer,LA Galaxy,LA Galaxy,00235d,ffffff
soccer,18716,soccer,El Farolito,El Farolito,204399,f7ee23
soccer,18736,soccer,Belgium,Belgium,DE2918,FCD116
soccer,18738,soccer,Vendsyssel,Vendsyssel,000000,C60000
soccer,18741,soccer,Saarbrücken,Saarbrücken,000000,C60000
soccer,18748,soccer,Jong AZ,Jong AZ,DF1B27,091453
soccer,18765,soccer,New Caledonia U17,New Caledonia U17,000000,C60000
soccer,18767,soccer,Spain U17,Spain U17,c60b1e,ffc400
soccer,18768,soccer,Colombia U17,Colombia U17,fbd632,21418c
soccer,18772,soccer,Bolivia,Bolivia,000000,C60000
soccer,18774,soccer,Brighton & Hove Albion U21,Brighton & Hove Albion U21,0000ff,090a06
soccer,18775,soccer,Chelsea U21,Chelsea U21,0000dd,D00027
soccer,18776,soccer,Everton U21,Everton U21,0000ff,ff6464
soccer,18777,soccer,Fulham U21,Fulham U21,090808,C8142F
soccer,18779,soccer,Manchester City U21,Manchester City U21,5CBFEB,0f204b
soccer,18781,soccer,Newcastle United U21,Newcastle United U21,000000,2c5149
soccer,18785,soccer,Sunderland U21,Sunderland U21,EB172B,347bc9
soccer,18787,soccer,Tottenham Hotspur U21,Tottenham Hotspur U21,0f204b,052a87
soccer,18794,soccer,WSG Swarovski Tirol,WSG Swarovski Tirol,000000,C60000
soccer,18809,soccer,UPNFM,UPNFM,000000,C60000
soccer,18825,soccer,Richards Bay FC,Richards Bay FC,000000,C60000
soccer,18834,soccer,UT Rio Grande Valley Vaqueros,UT Rio Grande Valley,FFA300,F05023
soccer,18835,soccer,FC Zlín,FC Zlín,000000,C60000
soccer,18836,soccer,HSV Hoek,HSV Hoek,000000,C60000
soccer,18844,soccer,Real Pilar,Real Pilar,000000,C60000
soccer,18848,soccer,Chile,Chile,C60000,0000be
soccer,18849,soccer,UIC Flames,UIC,AC1E2D,041E42
soccer,18851,soccer,Bengaluru FC,Bengaluru FC,0000fd,C60000
soccer,18885,soccer,Hereford F.C.,Hereford F.C.,000000,C60000
soccer,18889,soccer,Croatia,Croatia,ff0000,ffffff
soccer,18894,soccer,Punjab FC,Punjab FC,8f171a,ffc80b
soccer,189,soccer,New England Revolution,New England Revolution,022166,ce0e2d
soccer,1895,soccer,Besiktas,Besiktas,ffffff,1a1a1a
soccer,18959,soccer,Manaus,Manaus,006838,8FCD48
soccer,18966,soccer,LAFC,LAFC,000000,c7a36f
soccer,18986,soccer,Nashville SC,Nashville SC,ece83a,1f1646
soccer,18987,soccer,Las Vegas Lights FC,Las Vegas Lights FC,000000,f2e604
soccer,18990,soccer,Dreams F.C.,Dreams F.C.,000000,C60000
soccer,18995,soccer,Academia Puerto Cabello,Academia Puerto Cabello,212121,C60000
soccer,19,soccer,Talleres (Córdoba),Talleres (Córdoba),000000,000000
soccer,190,soccer,Red Bull New York,Red Bull New York,ba0c2f,ffc72c
soccer,19001,soccer,V-Varen Nagasaki,V-Varen Nagasaki,000000,C60000
soccer,19002,soccer,Montevideo City Torque,Montevideo City Torque,6bc7f5,000000
soccer,191,soccer,San Jose Earthquakes,San Jose Earthquakes,003da6,ffffff
soccer,19139,soccer,Dalian Professional,Dalian Professional,0000e5,C60000
soccer,19141,soccer,Utah Royals,Utah Royals,ae122a,fdb71a
soccer,19145,soccer,Racing (Córdoba),Racing (Córdoba),000000,C60000
soccer,19156,soccer,Latvia,Latvia,992242,ffffff
soccer,19179,soccer,Detroit City FC,Detroit City FC,643335,D69A2D
soccer,19181,soccer,South Georgia Tormenta FC,South Georgia Tormenta FC,041E42,69B3E7
soccer,19195,soccer,Deportes Limache,Deportes Limache,000000,C60000
soccer,19197,soccer,Deportes Recoleta,Deportes Recoleta,FFFFFF,800080
soccer,19198,soccer,Deportes Santa Cruz,Deportes Santa Cruz,000000,C60000
soccer,19208,soccer,Türkiye U21,Türkiye U21,E70000,ffffff
soccer,19213,soccer,Scotland U21,Scotland U21,1a2d69,ffec00
soccer,19243,soccer,Drita Gjilan,Drita Gjilan,000000,C60000
soccer,19244,soccer,FC Wacker Innsbruck,FC Wacker Innsbruck,000000,C60000
soccer,19246,soccer,Riga FC,Riga FC,00aae4,000000
soccer,19250,soccer,Petrocub,Petrocub,000000,ffffff
soccer,19256,soccer,OL Lyonnes,OL Lyonnes,ffffff,0000bf
soccer,19257,soccer,Manchester City,Manchester City,5CBFEB,0f204b
soccer,19258,soccer,Paris Saint-Germain,Paris Saint-Germain,00003e,ef2f24
soccer,19262,soccer,Harrogate Town,Harrogate Town,ffff00,aeeaff
soccer,19267,soccer,Erzurum BB,Erzurum BB,000000,C60000
soccer,1928,soccer,Hong Kong,Hong Kong,E70000,FFFFFF
soccer,19286,soccer,North Alabama Lions,North Alabama,46166B,DB9F11
soccer,1929,soccer,Benfica,Benfica,ca281d,1a1a1a
soccer,19298,soccer,TS Galaxy FC,TS Galaxy FC,000000,C60000
soccer,19299,soccer,Arsenal U21,Arsenal U21,EF0107,ffdf00
soccer,193,soccer,D.C. United,D.C. United,000000,d61018
soccer,19313,soccer,Milwaukee Panthers,Milwaukee,000000,FFBD00
soccer,19314,soccer,Bonaire,Bonaire,000000,C60000
soccer,19321,soccer,RKAV Volendam,RKAV Volendam,000000,C60000
soccer,19333,soccer,California Baptist Lancers,California Baptist,000000,C60000
soccer,19340,soccer,Macarthur FC,Macarthur FC,dbc242,000000
soccer,19344,soccer,Cornell Big Red,Cornell,B31B1B,000000
soccer,19345,soccer,Poland,Poland,ffffff,D12F2A
soccer,19348,soccer,Croatia U21,Croatia U21,DE2400,112855
soccer,19349,soccer,Romania U21,Romania U21,ffec00,D12F2A
soccer,19350,soccer,Austria U21,Austria U21,E70000,ffffff
soccer,1936,soccer,Internacional,Internacional,C60000,000000
soccer,19405,soccer,Birmingham Legion FC,Birmingham Legion FC,000000,876700
soccer,19407,soccer,El Paso Locomotive FC,El Paso Locomotive FC,002363,f0de0f
soccer,19408,soccer,New Mexico United,New Mexico United,ffea00,000000
soccer,1941,soccer,Spartak Moscow,Spartak Moscow,DB170C,ffffff
soccer,19410,soccer,Loudoun United FC,Loudoun United FC,000000,C60000
soccer,19411,soccer,Hartford Athletic,Hartford Athletic,00a030,0024a8
soccer,19425,soccer,Always Ready,Always Ready,ff0000,fafafc
soccer,1963,soccer,CSKA Moscow,CSKA Moscow,811438,000000
soccer,19685,soccer,Estudiantes de Río Cuarto,Estudiantes de Río Cuarto,008bd0,000000
soccer,19960,soccer,Uruguay,Uruguay,003da5,ffffff
soccer,19964,soccer,Greenville Triumph,Greenville Triumph,64A70B,69B3E7
soccer,19966,soccer,Norway U20,Norway U20,ef2b2d,002868
soccer,19968,soccer,Birmingham City,Birmingham City,0000fa,000000
soccer,19970,soccer,Chelsea,Chelsea,0000dd,ffffff
soccer,19971,soccer,Liverpool,Liverpool,dc0714,ffffff
soccer,19972,soccer,Everton,Everton,0000ff,ff6464
soccer,19973,soccer,Arsenal,Arsenal,EF0107,ffdf00
soccer,19974,soccer,Bristol City,Bristol City,C8142F,000000
soccer,19975,soccer,West Ham United,West Ham United,60223B,ffffff
soccer,19976,soccer,Brighton & Hove Albion,Brighton & Hove Albion,0000ff,090a06
soccer,19985,soccer,Laredo Heat,Laredo Heat,ed2227,000000
soccer,19987,soccer,Little Rock Rangers,Little Rock Rangers,db2129,000000
soccer,19995,soccer,Forward Madison FC,Forward Madison FC,11ddf0,f011b1
soccer,19999,soccer,West Chester,West Chester,000000,66FFFF
soccer,2,soccer,Almagro,Almagro,212121,000000
soccer,20,soccer,Unión (Santa Fe),Unión (Santa Fe),C60000,000000
soccer,20000,soccer,Chattanooga Red Wolves,Chattanooga Red Wolves,7C2629,000000
soccer,20003,soccer,Republic of Ireland U21,Republic of Ireland U21,32ad42,ffffff
soccer,20024,soccer,Ararat-Armenia,Ararat-Armenia,000000,C60000
soccer,20025,soccer,Iberia 1999,Iberia 1999,000000,C60000
soccer,20028,soccer,Kauno Zalgiris,Kauno Zalgiris,000000,C60000
soccer,20036,soccer,Deportivo Mixco,Deportivo Mixco,0079d2,0079d2
soccer,20039,soccer,Larne,Larne,C60000,ffffff
soccer,20041,soccer,Umraniyespor,Umraniyespor,000000,C60000
soccer,20043,soccer,Volos NFC,Volos NFC,000000,C60000
soccer,20061,soccer,Manchester United,Manchester United,DA020E,f9e8a5
soccer,20062,soccer,Tottenham Hotspur,Tottenham Hotspur,ffffff,052a87
soccer,20063,soccer,Haiti U17,Haiti U17,0033a0,D20300
soccer,20064,soccer,Senegal U17,Senegal U17,00843d,000000
soccer,20066,soccer,Cameroon U17,Cameroon U17,5bbd19,dabf00
soccer,20070,soccer,Gaziantep FK,Gaziantep FK,000000,C60000
soccer,20075,soccer,Aston Villa U21,Aston Villa U21,7A003C,5CBFEB
soccer,20088,soccer,Merrimack Warriors,Merrimack,0B335E,FAB20B
soccer,20091,soccer,Barcelona,Barcelona,c00000,ffde00
soccer,20092,soccer,Juventus,Juventus,181A21,ebebeb
soccer,20093,soccer,Atlético Madrid,Atlético Madrid,C8142F,c3c3c3
soccer,20096,soccer,Anderlecht,Anderlecht,695196,ffa97e
soccer,20103,soccer,Bayern Munich,Bayern Munich,C8142F,ffffff
soccer,20107,soccer,VfL Wolfsburg,VfL Wolfsburg,0c4011,89bcff
soccer,20112,soccer,Breidablik,Breidablik,0c4011,ffffff
soccer,20114,soccer,FC Twente,FC Twente,F31522,8ac9f8
soccer,20115,soccer,St. Pölten,St. Pölten,ffff00,C60000
soccer,20179,soccer,FC Andorra,FC Andorra,000000,C60000
soccer,202,soccer,Argentina,Argentina,74acdf,173E69
soccer,20210,soccer,Paraguay,Paraguay,ea2300,0c2fff
soccer,2022,soccer,Cruzeiro,Cruzeiro,0093EC,fafafc
soccer,20229,soccer,UD Ibiza,UD Ibiza,000000,C60000
soccer,20232,soccer,Inter Miami CF,Inter Miami CF,231f20,f7b5cd
soccer,2026,soccer,São Paulo,São Paulo,C60000,000000
soccer,20280,soccer,Melbourne City,Melbourne City,87cefa,fafafc
soccer,20281,soccer,Brisbane Roar,Brisbane Roar,F5A12D,d3d3d3
soccer,20282,soccer,Perth Glory,Perth Glory,562D84,ffffff
soccer,20283,soccer,Western Sydney ,Western Sydney ,C60000,c9b177
soccer,20284,soccer,Melbourne Victory ,Melbourne Victory ,104C94,d3d3d3
soccer,20285,soccer,Sydney FC ,Sydney FC ,87cefa,fafafc
soccer,20286,soccer,Adelaide United ,Adelaide United ,ea413c,ffffff
soccer,20287,soccer,Newcastle Jets ,Newcastle Jets ,0000dd,ffffff
soccer,20288,soccer,Canberra United ,Canberra United ,33FF34,000000
soccer,2029,soccer,Palmeiras,Palmeiras,417505,fafafc
soccer,20293,soccer,Atlético Grau,Atlético Grau,000000,C60000
soccer,20297,soccer,Shelbourne,Shelbourne,000000,C60000
soccer,203,soccer,Mexico,Mexico,006847,000000
soccer,20301,soccer,Mjällby AIF,Mjällby AIF,231f20,ffd400
soccer,20303,soccer,Paraguay U23,Paraguay U23,ea2300,0c2fff
soccer,20307,soccer,Venezuela U23,Venezuela U23,880007,ffffff
soccer,20309,soccer,Indiana Hoosiers,Indiana,990000,EEEDEB
soccer,20310,soccer,Wisconsin Badgers,Wisconsin,C5050C,FFFFFF
soccer,20311,soccer,Gonzaga Bulldogs,Gonzaga,041E42,C8102E
soccer,20312,soccer,Santa Clara Broncos,Santa Clara,862633,FFFFFF
soccer,20313,soccer,UCLA Bruins,UCLA,2D68C4,F2A900
soccer,20314,soccer,San Diego Toreros,San Diego,75BEE9,003B70
soccer,20315,soccer,Fairleigh Dickinson Knights,Fairleigh Dickinson,28334A,72293C
soccer,20316,soccer,Boston College Eagles,Boston College,98002E,BC9B6A
soccer,20317,soccer,Duke Blue Devils,Duke,003087,FFFFFF
soccer,20318,soccer,Long Island University Sharks,Long Island University,69B3E7,FFC72C
soccer,20319,soccer,Tulsa Golden Hurricane,Tulsa,003366,F5002E
soccer,20320,soccer,Oral Roberts Golden Eagles,Oral Roberts,002F60,CFB67C
soccer,20321,soccer,New Mexico Lobos,New Mexico,BA0C2F,A7A8AA
soccer,20322,soccer,Penn State Nittany Lions,Penn State,041E42,FFFFFF
soccer,20323,soccer,Northwestern Wildcats,Northwestern,4E2A84,FFFFFF
soccer,20324,soccer,Western Kentucky Hilltoppers,Western Kentucky,C60C30,000000
soccer,20325,soccer,St. John's Red Storm,St. John's,BA0C2F,041C2C
soccer,20326,soccer,Holy Cross Crusaders,Holy Cross,602D89,FFFFFF
soccer,20327,soccer,SMU Mustangs,SMU,0033A0,C8102E
soccer,20328,soccer,Notre Dame Fighting Irish,Notre Dame,0C2340,C99700
soccer,20329,soccer,UConn Huskies,UConn,000E2F,FFFFFF
soccer,20330,soccer,Saint Peter's Peacocks,Saint Peter's,000000,000000
soccer,20331,soccer,Ohio State Buckeyes,Ohio State,BB0000,666666
soccer,20332,soccer,Marquette Golden Eagles,Marquette,003366,FFCC00
soccer,20333,soccer,VCU Rams,VCU,FFB300,000000
soccer,20334,soccer,North Carolina Tar Heels,North Carolina,7BAFD4,FFFFFF
soccer,20335,soccer,UC Riverside Highlanders,UC Riverside,2D6CC0,F1AB00
soccer,20336,soccer,Virginia Cavaliers,Virginia,232D4B,F84C1E
soccer,20337,soccer,Wake Forest Demon Deacons,Wake Forest,9E7E38,000000
soccer,20338,soccer,Portland Pilots,Portland,1E1656,FFFFFF
soccer,20339,soccer,Creighton Bluejays,Creighton,005CA9,00235D
soccer,20340,soccer,Cal State Fullerton Titans,Cal State Fullerton,00274C,FF7900
soccer,20341,soccer,Maryland Terrapins,Maryland,E03A3E,FFD520
soccer,20342,soccer,UC Santa Barbara Gauchos,UC Santa Barbara,003660,FEBC11
soccer,20343,soccer,San Diego State Aztecs,San Diego State,A6192E,000000
soccer,20344,soccer,Saint Louis Billikens,Saint Louis,003DA5,C8C9C7
soccer,20345,soccer,Richmond Spiders,Richmond,C32032,002B5E
soccer,20347,soccer,Monmouth Hawks,Monmouth,041E42,53565A
soccer,20348,soccer,Boston University Terriers,Boston University,CC0000,2D2926
soccer,20350,soccer,Kansas City Kangaroos,Kansas City,005293,FECB00
soccer,20351,soccer,UNC Greensboro Spartans,UNC Greensboro,0f2044,ffb71b
soccer,20352,soccer,Charlotte 49ers,Charlotte,046A38,B9975B
soccer,20353,soccer,Clemson Tigers,Clemson,F56600,522D80
soccer,20354,soccer,Longwood Lancers,Longwood,041E42,FFFFFF
soccer,20355,soccer,Seton Hall Pirates,Seton Hall,004488,FFFFFF
soccer,20357,soccer,Quinnipiac Bobcats,Quinnipiac,0C2340,FFB81C
soccer,20358,soccer,Binghamton Bearcats,Binghamton,005A43,169B62
soccer,20359,soccer,Saint Joseph's Hawks,Saint Joseph's,9E1B32,6C6F70
soccer,20360,soccer,Washington Huskies,Washington,4B2E83,B7A57A
soccer,20361,soccer,William & Mary Tribe,William & Mary,115740,B9975B
soccer,20362,soccer,Vermont Catamounts,Vermont,005710,FFC20E
soccer,20363,soccer,Army Black Knights,Army,D4BF91,B2B4B3
soccer,20364,soccer,Akron Zips,Akron,041E42,A89968
soccer,20365,soccer,Cleveland State Vikings,Cleveland State,006747,A89968
soccer,20366,soccer,NC State Wolfpack,NC State,CC0000,000000
soccer,20367,soccer,George Mason Patriots,George Mason,006633,FFCC33
soccer,20368,soccer,South Carolina Gamecocks,South Carolina,73000A,000000
soccer,20369,soccer,Georgetown Hoyas,Georgetown,041E42,8D817B
soccer,20370,soccer,Vanderbilt Commodores,Vanderbilt,000000,866D4B
soccer,20372,soccer,South Florida Bulls,South Florida,006747,CFC493
soccer,20373,soccer,College of Charleston Cougars,College of Charleston,800000,9D8958
soccer,20374,soccer,Rutgers Scarlet Knights,Rutgers,CC0033,5F6A72
soccer,20375,soccer,Missouri State Bears,Missouri State,5E0009,000000
soccer,20377,soccer,UNLV Rebels,UNLV,CF0A2C,CAC8C8
soccer,20378,soccer,Duquesne Dukes,Duquesne,041E42,BA0C2F
soccer,20379,soccer,Loyola Chicago Ramblers,Loyola Chicago,922247,FEBD18
soccer,20380,soccer,Northeastern Huskies,Northeastern,D41B2C,000000
soccer,20381,soccer,San Francisco Dons,San Francisco,FDBB30,00543C
soccer,20382,soccer,West Virginia Mountaineers,West Virginia,EAAA00,002855
soccer,20383,soccer,Old Dominion Monarchs,Old Dominion,00325B,A1D1F1
soccer,20384,soccer,St. Bonaventure Bonnies,St. Bonaventure,54261A,FFFFFF
soccer,20386,soccer,Wright State Raiders,Wright State,046A38,CBA052
soccer,20387,soccer,Loyola Marymount Lions,Loyola Marymount,B62B3A,00447C
soccer,20388,soccer,Cal State Northridge Matadors,Cal State Northridge,CE1126,000000
soccer,20389,soccer,Elon Phoenix,Elon,73000a,b59a57
soccer,20390,soccer,Loyola Maryland Greyhounds,Loyola Maryland,00694E,CACAC8
soccer,20391,soccer,UC Irvine Anteaters,UC Irvine,0C2340,FFC72C
soccer,20392,soccer,Cincinnati Bearcats,Cincinnati,E00122,000000
soccer,20393,soccer,Princeton Tigers,Princeton,FF671F,000000
soccer,20394,soccer,Memphis Tigers,Memphis,003087,898D8D
soccer,20395,soccer,UAB Blazers,UAB,1E6B52,CFC580
soccer,20396,soccer,Stanford Cardinal,Stanford,8C1515,4D4F53
soccer,20397,soccer,Purdue Fort Wayne Mastodons,Purdue Fort Wayne,000000,C28E0E
soccer,20398,soccer,Oregon State Beavers,Oregon State,DC4405,000000
soccer,20399,soccer,Lehigh Mountain Hawks,Lehigh,4B2913,CFAB7A
soccer,204,soccer,Bolivia,Bolivia,00843d,ffffff
soccer,20400,soccer,Syracuse Orange,Syracuse,F76900,FFFFFF
soccer,20401,soccer,Mercer Bears,Mercer,F76800,000000
soccer,20402,soccer,DePaul Blue Demons,DePaul,005EB8,E4002B
soccer,20403,soccer,Drake Bulldogs,Drake,003B73,FFFFFF
soccer,20405,soccer,Louisville Cardinals,Louisville,AD0000,000000
soccer,20406,soccer,Evansville Purple Aces,Evansville,52237F,F36F21
soccer,20408,soccer,Gardner-Webb Runnin' Bulldogs,Gardner-Webb,A6192E,000000
soccer,20409,soccer,Virginia Tech Hokies,Virginia Tech,630031,CF4420
soccer,20410,soccer,New Hampshire Wildcats,New Hampshire,041E42,BBBCBC
soccer,20411,soccer,Massachusetts MInutewomen,Massachusetts,881c1c,000000
soccer,20412,soccer,UNC Wilmington Seahawks,UNC Wilmington,003366,006666
soccer,20413,soccer,Bowling Green Falcons,Bowling Green,FE5000,4F2C1D
soccer,20414,soccer,Dayton Flyers,Dayton,CE1141,004B8D
soccer,20415,soccer,Florida International Panthers,Florida International,081E3F,B6862C
soccer,20416,soccer,Alabama A&M Bulldogs,Alabama A&M,660000,FFFFFF
soccer,20417,soccer,UAlbany Great Danes,UAlbany,46166b,eeb211
soccer,20418,soccer,Davidson Wildcats,Davidson,BF0C26,000000
soccer,20419,soccer,Campbell Fighting Camels,Campbell,E87722,000000
soccer,20420,soccer,Temple Owls,Temple,9D2235,8A8D8F
soccer,20421,soccer,Oakland Golden Grizzlies,Oakland,B59A57,000000
soccer,20422,soccer,Columbia Lions,Columbia,003865,9BCBEB
soccer,20423,soccer,Belmont Bruins,Belmont,C8102E,00205B
soccer,20424,soccer,Villanova Wildcats,Villanova,00205B,13B5EA
soccer,20425,soccer,Michigan State Spartans,Michigan State,18453B,FFFFFF
soccer,20426,soccer,Providence Friars,Providence,8A8D8F,7755kk
soccer,20427,soccer,Kentucky Wildcats,Kentucky,0033A0,FFFFFF
soccer,20428,soccer,Pennsylvania Quakers,Pennsylvania,011F5b,990000
soccer,20429,soccer,Florida Atlantic Owls,Florida Atlantic,003366,CC0000
soccer,20430,soccer,California Golden Bears,California,003262,FDB515
soccer,20431,soccer,Manhattan Jaspers,Manhattan,00703C,FFFFFF
soccer,20432,soccer,Bucknell Bison,Bucknell,E87722,003865
soccer,20433,soccer,Sacred Heart Pioneers,Sacred Heart,CD1041,FFFFFF
soccer,20434,soccer,Mount St. Mary's Mountaineers,Mount St. Mary's,002F6C,FFFFFF
soccer,20435,soccer,Yale Bulldogs,Yale,00356B,FFFFFF
soccer,20436,soccer,Xavier Muskateers,Xavier,0C2340,9EA2A2
soccer,20437,soccer,San José State Spartans,San José State,E5A823,005298
soccer,20438,soccer,Maine Black Bears,Maine,B0D7FF,000000
soccer,20439,soccer,Fairfield Stags,Fairfield,E0143E,FFFFFF
soccer,20440,soccer,Georgia Southern Eagles,Georgia Southern,011E41,87714D
soccer,20442,soccer,Air Force Falcons,Air Force,000000,000000
soccer,20443,soccer,Georgia State Panthers,Georgia State,0039A6,C60C30
soccer,20444,soccer,IU Indianapolis Jaguars,IU Indianapolis,9D2235,DFD1A7
soccer,20445,soccer,Saint Mary's Gaels,Saint Mary's,06315B,D80024
soccer,20446,soccer,App State Mountaineers,App State,000000,FFCC00
soccer,20449,soccer,Buffalo Bulls,Buffalo,005bbb,FFFFFF
soccer,20450,soccer,Delaware Fightin' Blue Hens,Delaware,00539F,FFD200
soccer,20451,soccer,Hofstra Pride,Hofstra,0B1E73,FEB612
soccer,20452,soccer,Towson Tigers,Towson,000000,FFCC00
soccer,20453,soccer,UMBC Retrievers,UMBC,000000,FFC20E
soccer,20454,soccer,American University Eagles,American University,C4122E,005099
soccer,20455,soccer,Eastern Illinois Panthers,Eastern Illinois,003399,B2B2B2
soccer,20456,soccer,Denver Pioneers,Denver,8B2332,8B6F4B
soccer,20457,soccer,Robert Morris Colonials,Robert Morris,A6192E,003262
soccer,20458,soccer,Drexel Dragons,Drexel,07294D,FFC600
soccer,20459,soccer,Michigan Wolverines,Michigan,00274C,FFCB05
soccer,20460,soccer,Western Illinois Leathernecks,Western Illinois,663399,FFCC00
soccer,20461,soccer,Dartmouth Big Green,Dartmouth,046A38,000000
soccer,20463,soccer,Furman Paladins,Furman,201547,582C83
soccer,20464,soccer,Northern Illinois Huskies,Northern Illinois,BA0C2F,000000
soccer,20465,soccer,Western Michigan Broncos,Western Michigan,6C4023,B5A167
soccer,20466,soccer,Sacramento State Hornets,Sacramento State,043927,c4b581
soccer,20467,soccer,Coastal Carolina Chanticleers,Coastal Carolina,006F71,A27752
soccer,20468,soccer,Pittsburgh Panthers,Pittsburgh,003594,FFB81C
soccer,20469,soccer,UC Davis Aggies,UC Davis,002855,B3A369
soccer,20470,soccer,Rhode Island Rams,Rhode Island,68ABE8,002147
soccer,20472,soccer,Butler Bulldogs,Butler,13294B,FFFFFF
soccer,20473,soccer,Brown Bears,Brown,4E3629,7C2529
soccer,20474,soccer,Liberty Flames,Liberty,990000,0A254E
soccer,20475,soccer,Cal Poly Mustangs,Cal Poly,000000,000000
soccer,20476,soccer,High Point Panthers,High Point,330072,FFFFFF
soccer,20477,soccer,Radford Highlanders,Radford,C2011B,808285
soccer,20479,soccer,East Carolina Pirates,East Carolina,592A8A,FDC82F
soccer,20480,soccer,La Salle Explorers,La Salle,003057,F1C400
soccer,20481,soccer,Niagara Purple Eagles,Niagara,592c82,592c82
soccer,20482,soccer,Wofford Terriers,Wofford,886E4C,000000
soccer,20483,soccer,Canisius Griffins,Canisius,0E2756,FFBA00
soccer,20484,soccer,George Washington Revolutionaries,George Washington,E5D19D,00264A
soccer,20486,soccer,Marist Red Foxes,Marist,C8102E,FFFFFF
soccer,20487,soccer,Siena Saints,Siena,006747,FFC20F
soccer,20488,soccer,Stetson Hatters,Stetson,00523E,FFFFFF
soccer,20489,soccer,Lafayette Leopards,Lafayette,910029,FFFFFF
soccer,20490,soccer,Oklahoma Sooners,Oklahoma,841617,DDCBA4
soccer,20491,soccer,Texas A&M Aggies,Texas A&M,500000,FFFFFF
soccer,20492,soccer,Tennessee Volunteers,Tennessee,FF8200,FFFFFF
soccer,20493,soccer,Washington State Cougars,Washington State,981E32,53565A
soccer,20494,soccer,Kansas Jayhawks,Kansas,0051BA,E8000D
soccer,20495,soccer,Arkansas Razorbacks,Arkansas,9D2235,FFFFFF
soccer,20496,soccer,Montana Grizzlies,Montana,660033,999999
soccer,20497,soccer,Illinois Fighting Illini,Illinois,E84A27,13294B
soccer,20498,soccer,Nebraska Cornhuskers,Nebraska,E41C38,000000
soccer,20499,soccer,Florida Gators,Florida,0021A5,FA4616
soccer,205,soccer,Brazil,Brazil,fee000,193375
soccer,20500,soccer,Pacific Tigers,Pacific,F47920,000000
soccer,20501,soccer,Oklahoma State Cowboys,Oklahoma State,FF7300,000000
soccer,20502,soccer,Miami Hurricanes,Miami,F47321,005030
soccer,20503,soccer,Arizona Wildcats,Arizona,AB0520,002147
soccer,20504,soccer,UCF Knights,UCF,FFC904,000000
soccer,20505,soccer,Florida State Seminoles,Florida State,782F40,CEB888
soccer,20506,soccer,Ohio Bobcats,Ohio,00694E,FFFFFF
soccer,20507,soccer,Colorado College Tigers,Colorado College,000000,D09B2C
soccer,20508,soccer,Rice Owls,Rice,00205B,C1C6C8
soccer,20509,soccer,Ole Miss Rebels,Ole Miss,CE1126,14213D
soccer,20510,soccer,Miami (OH) RedHawks,Miami (OH),B61E2E,000000
soccer,20511,soccer,USC Trojans,USC,990000,FFC72C
soccer,20512,soccer,Colgate Raiders,Colgate,862633,C8C7C7
soccer,20513,soccer,Pepperdine Waves,Pepperdine,00205C,EE7624
soccer,20514,soccer,Harvard Crimson,Harvard,A51C30,FFFFFF
soccer,20515,soccer,Fresno State Bulldogs,Fresno State,CC0033,00235D
soccer,20516,soccer,BYU Cougars,BYU,002E5D,FFFFFF
soccer,20517,soccer,Texas Longhorns,Texas,BF5700,333F48
soccer,20518,soccer,TCU Horned Frogs,TCU,4D1979,A3A9AC
soccer,20519,soccer,Purdue Boilermakers,Purdue,CEB888,000000
soccer,2052,soccer,BEIJING GUOAN,BEIJING GUOAN,02a300,FFF212
soccer,20520,soccer,Utah Utes,Utah,CC0000,808080
soccer,20521,soccer,Central Connecticut Blue Devils,Central Connecticut,1A4784,FFFFFF
soccer,20522,soccer,Baylor Bears,Baylor,154734,FFB81C
soccer,20523,soccer,Missouri Tigers,Missouri,000000,F1B82D
soccer,20524,soccer,Alabama Crimson Tide,Alabama,9E1B32,828A8F
soccer,20525,soccer,Iowa Hawkeyes,Iowa,FFCD00,000000
soccer,20526,soccer,Eastern Washington Eagles,Eastern Washington,A10022,FFFFFF
soccer,20527,soccer,Auburn Tigers,Auburn,0C2340,E87722
soccer,20528,soccer,Colorado Buffaloes,Colorado,CFB87C,000000
soccer,20529,soccer,Arizona State Sun Devils,Arizona State,8C1D40,FFC627
soccer,20530,soccer,Hawai'i Rainbow Warriors,Hawai'i,024731,C8C8C8
soccer,20531,soccer,Boise State Broncos,Boise State,0033A0,D64309
soccer,20532,soccer,Georgia Bulldogs,Georgia,BA0C2F,000000
soccer,20533,soccer,Portland State Vikings,Portland State,154734,A5ACAF
soccer,20534,soccer,Long Beach State 49ers,Long Beach State,FFC72A,000000
soccer,20535,soccer,Iowa State Cyclones,Iowa State,C8102E,F1BE48
soccer,20536,soccer,LSU Tigers,LSU,461D7C,FDD023
soccer,20537,soccer,Mississippi State Bulldogs,Mississippi State,660000,FFFFFF
soccer,20538,soccer,Oregon Ducks,Oregon,154733,FEE123
soccer,20539,soccer,Wyoming Cowboys,Wyoming,492F24,FFC425
soccer,20540,soccer,Texas Tech Red Raiders,Texas Tech,CC0000,000000
soccer,20541,soccer,The Citadel Bulldogs,The Citadel,3975B7,000000
soccer,20542,soccer,Minnesota Golden Gophers,Minnesota,7A0019,FFCC33
soccer,20543,soccer,Navy Midshipmen,Navy,00205B,C5B783
soccer,20544,soccer,Weber State Wildcats,Weber State,4B2682,000000
soccer,20545,soccer,Western Carolina Catamounts,Western Carolina,592C88,B9975B
soccer,20546,soccer,North Texas Mean Green,North Texas,00853E,000000
soccer,20547,soccer,UTEP Miners,UTEP,041E42,FF8200
soccer,20548,soccer,Valparaiso Beacons,Valparaiso,381E0E,FFCC00
soccer,20550,soccer,Samford Bulldogs,Samford,002649,C4161D
soccer,20551,soccer,Northwestern State Demons,Northwestern State,663399,FF6600
soccer,20552,soccer,Jacksonville Dolphins,Jacksonville,004E44,898A8D
soccer,20553,soccer,Idaho Vandals,Idaho,B3A369,000000
soccer,20554,soccer,Fordham Rams,Fordham,95003A,FFFFFF
soccer,20555,soccer,Kennesaw State Owls,Kennesaw State,FDBB30,0B1315
soccer,20556,soccer,James Madison Dukes,James Madison,450084,CBB677
soccer,20557,soccer,UTSA Roadrunners,UTSA,002244,DD4814
soccer,20558,soccer,Utah State Aggies,Utah State,0F2439,9D968D
soccer,20559,soccer,Louisiana Ragin' Cajuns,Louisiana,CE181E,000000
soccer,20562,soccer,UNC Asheville Bulldogs,UNC Asheville,003DA5,000000
soccer,20563,soccer,Middle Tennessee Blue Raiders,Middle Tennessee,0066CC,FFFFFF
soccer,20564,soccer,Central Arkansas Bears,Central Arkansas,4F2D7F,818A8F
soccer,20565,soccer,Nicholls Colonels,Nicholls,C41230,B2B2B2
soccer,20566,soccer,Marshall Thundering Herd,Marshall,00B140,A2AAAD
soccer,20567,soccer,Sam Houston Bearkats,Sam Houston,F78E1E,FFFFFF
soccer,20568,soccer,Iona Gaels,Iona,661E2B,EAAF0F
soccer,20569,soccer,VMI Keydets,VMI,AE122A,EAAF0F
soccer,2057,soccer,Alajuelense,Alajuelense,000000,000000
soccer,20570,soccer,Stony Brook Seawolves,Stony Brook,990000,16243E
soccer,20571,soccer,Detroit Mercy Titans,Detroit Mercy,A6093D,002D72
soccer,20572,soccer,Illinois State Redbirds,Illinois State,CE1126,000000
soccer,20573,soccer,Northern Arizona Lumberjacks,Northern Arizona,003466,FFD200
soccer,20574,soccer,Winthrop Eagles,Winthrop,872434,FFC82E
soccer,20575,soccer,Rider Broncs,Rider,981E32,6C6F70
soccer,20576,soccer,North Florida Ospreys,North Florida,00246B,D9D9D9
soccer,20577,soccer,Murray State Racers,Murray State,002144,ECAC00
soccer,20578,soccer,Southern Miss Golden Eagles,Southern Miss,000000,FFAB00
soccer,20580,soccer,Idaho State Bengals,Idaho State,F47920,000000
soccer,20581,soccer,McNeese Cowboys,McNeese,00529B,FFD204
soccer,20582,soccer,Southeast Missouri State Redhawks,Southeast Missouri State,C8102E,000000
soccer,20583,soccer,Grambling Tigers,Grambling,EAA921,000000
soccer,20584,soccer,Toledo Rockets,Toledo,15397F,FFDA00
soccer,20585,soccer,Nevada Wolf Pack,Nevada,003366,999999
soccer,20586,soccer,Cal State Bakersfield Roadrunners,Cal State Bakersfield,3154A3,FDB913
soccer,20587,soccer,Arkansas State Red Wolves,Arkansas State,CC092F,000000
soccer,20589,soccer,UL Monroe Warhawks,UL Monroe,800029,BD955A
soccer,20590,soccer,Troy Trojans,Troy,8A2432,B3B5B8
soccer,20591,soccer,Green Bay Phoenix,Green Bay,006633,000000
soccer,20592,soccer,Morehead State Eagles,Morehead State,FFCF00,005EB8
soccer,20593,soccer,Stephen F. Austin Lumberjacks,Stephen F. Austin,613393,FFFFFF
soccer,20594,soccer,Lipscomb Bisons,Lipscomb,F4AA00,331E54
soccer,20595,soccer,Alabama State Hornets,Alabama State,000000,C99700
soccer,20596,soccer,Alcorn State Braves,Alcorn State,000000,C60000
soccer,20597,soccer,Arkansas-Pine Bluff Golden Lions,Arkansas-Pine Bluff,000000,EEB310
soccer,20598,soccer,Austin Peay Govs,Austin Peay,BA0C2F,000000
soccer,20599,soccer,Ball State Cardinals,Ball State,BA0C2F,000000
soccer,206,soccer,Canada,Canada,000000,ed2224
soccer,20600,soccer,Bryant Bulldogs,Bryant,231F20,B09863
soccer,20601,soccer,Central Michigan Chippewas,Central Michigan,6A0032,FFC82E
soccer,20602,soccer,Charleston Southern Buccaneers,Charleston Southern,000000,000000
soccer,20603,soccer,Chattanooga Mocs,Chattanooga,00386B,E0AA0F
soccer,20604,soccer,Colorado State Rams,Colorado State,006A4D,B3A369
soccer,20605,soccer,Delaware State Hornets,Delaware State,000000,C60000
soccer,20606,soccer,East Tennessee State Buccaneers,East Tennessee State,FFC72C,041E42
soccer,20607,soccer,Eastern Kentucky Colonels,Eastern Kentucky,4C151E,FFFFFF
soccer,20608,soccer,Eastern Michigan Eagles,Eastern Michigan,006633,000000
soccer,20609,soccer,Florida Gulf Coast Eagles,Florida Gulf Coast,002D72,007749
soccer,20610,soccer,Houston Cougars,Houston,C92A39,FFFFFF
soccer,20611,soccer,Houston Christian Huskies,Houston Christian,00529C,F85512
soccer,20612,soccer,Howard Bison,Howard,003A63,E51937
soccer,20613,soccer,Indiana State Sycamores,Indiana State,0142BC,FFFFFF
soccer,20614,soccer,Jackson State Tigers,Jackson State,002147,FFFFFF
soccer,20615,soccer,Jacksonville State Gamecocks,Jacksonville State,CC0000,FFFFFF
soccer,20616,soccer,Kent State Golden Flashes,Kent State,002664,EAAB00
soccer,20617,soccer,Lamar Cardinals,Lamar,DC0032,FFFFFF
soccer,20618,soccer,Louisiana Tech Bulldogs,Louisiana Tech,CB333B,003087
soccer,20619,soccer,New Mexico State Aggies,New Mexico State,891216,000000
soccer,20620,soccer,North Dakota Fighting Hawks,North Dakota,009A44,FFFFFF
soccer,20621,soccer,North Dakota State Bison,North Dakota State,005643,FFC82E
soccer,20622,soccer,Northern Colorado Bears,Northern Colorado,013C65,F6B000
soccer,20623,soccer,Northern Iowa Panthers,Northern Iowa,4B116F,FFCC00
soccer,20624,soccer,Omaha Mavericks,Omaha,000000,D71920
soccer,20625,soccer,Prairie View A&M Lady Panthers,Prairie View A&M,330066,FFCC33
soccer,20626,soccer,Presbyterian Blue Hose,Presbyterian,0060A9,9D2235
soccer,20627,soccer,SE Louisiana Lions,SE Louisiana,006341,EAAA00
soccer,20628,soccer,Seattle U Redhawks,Seattle U,AA0000,000000
soccer,20629,soccer,SIU Edwardsville Cougars,SIU Edwardsville,EF3829,FFFFFF
soccer,20630,soccer,South Alabama Jaguars,South Alabama,BF0D3E,00205B
soccer,20631,soccer,South Carolina State Bulldogs,South Carolina State,000000,C60000
soccer,20632,soccer,South Carolina Upstate Spartans,South Carolina Upstate,000000,000000
soccer,20633,soccer,South Dakota Coyotes,South Dakota,AD0000,000000
soccer,20634,soccer,South Dakota State Jackrabbits,South Dakota State,FFD100,0032A0
soccer,20635,soccer,Southern Jaguars,Southern,69B3E7,FFC72C
soccer,20636,soccer,Southern Utah Thunderbirds,Southern Utah,C41425,000000
soccer,20637,soccer,Tennessee Tech Golden Eagles,Tennessee Tech,4F2984,FFDD00
soccer,20638,soccer,UT Martin Skyhawks,UT Martin,F79728,002A5B
soccer,20639,soccer,Texas Southern Tigers,Texas Southern,6F263D,A2AAAD
soccer,20640,soccer,Little Rock Trojans,Little Rock,6E2639,A7A9AC
soccer,20641,soccer,Utah Valley Wolverines,Utah Valley,275D38,FFFFFF
soccer,20642,soccer,Wagner Seahawks,Wagner,000000,C60000
soccer,20643,soccer,Youngstown State Penguins,Youngstown State,C8102E,F3D54E
soccer,20644,soccer,Texas State Bobcats,Texas State,501214,8D734A
soccer,20646,soccer,Grand Canyon Antelopes,Grand Canyon,522398,000000
soccer,20647,soccer,Northern Kentucky Norse,Northern Kentucky,FFC72C,000000
soccer,20648,soccer,UMass Lowell River Hawks,UMass Lowell,003DA5,C8102E
soccer,20649,soccer,Merrimack Warriors,Merrimack,003768,FDB813
soccer,20651,soccer,Dominican Republic U23,Dominican Republic U23,ea2300,0c2fff
soccer,20671,soccer,Corpus Christi FC,Corpus Christi FC,000000,C60000
soccer,20684,soccer,Union Omaha,Union Omaha,000000,C4D600
soccer,20687,soccer,Oakland Roots,Oakland Roots,000000,878787
soccer,20695,soccer,Orense,Orense,008f39,000000
soccer,20698,soccer,Estonia,Estonia,195ccd,ffffff
soccer,207,soccer,Chile,Chile,d3362a,23449c
soccer,20703,soccer,Inter D'Escaldes,Inter D'Escaldes,000000,C60000
soccer,20704,soccer,FC Rotor Volgograd,FC Rotor Volgograd,2965cc,eaeaea
soccer,20705,soccer,Sporting San José,Sporting San José,000000,C60000
soccer,20707,soccer,Aston Villa,Aston Villa,7A003C,5CBFEB
soccer,20710,soccer,Borac Banja Luka,Borac Banja Luka,C60000,ffffff
soccer,20712,soccer,FC Noah,FC Noah,000000,ffffff
soccer,20721,soccer,Tepatitlán FC,Tepatitlán FC,000000,C60000
soccer,20722,soccer,Tlaxcala FC,Tlaxcala FC,000000,C60000
soccer,20728,soccer,Leeds United U21,Leeds United U21,ffffff,cdcdcd
soccer,20729,soccer,Eyupspor,Eyupspor,000000,C60000
soccer,20738,soccer,Jong Sparta Rotterdam,Jong Sparta Rotterdam,de292e,8ac9f8
soccer,20740,soccer,SC Farense,SC Farense,000000,C60000
soccer,20747,soccer,Kings Lynn Town,Kings Lynn Town,1302b0,dbaf00
soccer,20769,soccer,Banbury United,Banbury United,000000,C60000
soccer,20774,soccer,Mohun Bagan Super Giant,Mohun Bagan Super Giant,000000,C60000
soccer,20795,soccer,Zambia,Zambia,00843d,FFCD00
soccer,20796,soccer,Ajax Amsterdam,Ajax Amsterdam,DF1B27,6ab4c9
soccer,20797,soccer,PEC Zwolle,PEC Zwolle,0000d4,307B64
soccer,20798,soccer,ADO Den Haag,ADO Den Haag,307B64,000000
soccer,20799,soccer,Excelsior,Excelsior,000000,ffbabf
soccer,208,soccer,Colombia,Colombia,fbd632,21418c
soccer,20800,soccer,Heerenveen,Heerenveen,0000d4,000000
soccer,20802,soccer,PSV Eindhoven,PSV Eindhoven,ef2f24,000000
soccer,20814,soccer,Sekhukhune United FC,Sekhukhune United FC,000000,C60000
soccer,20830,soccer,Benfica,Benfica,ca281d,FFFFFF
soccer,20835,soccer,Servette,Servette,65202F,FFFFFF
soccer,20836,soccer,Valerenga,Valerenga,034ea2,ed1c24
soccer,20843,soccer,Hungary U21,Hungary U21,E70000,ffffff
soccer,20844,soccer,Slovenia U21,Slovenia U21,ffffff,0c2fff
soccer,20851,soccer,Athletic,Athletic,000000,FFFFFF
soccer,20856,soccer,Degerfors IF,Degerfors IF,000000,C60000
soccer,20864,soccer,Malta,Malta,DE2400,ffffff
soccer,20865,soccer,Northern Ireland,Northern Ireland,32ad42,5CBFEB
soccer,20883,soccer,Slovakia ,Slovakia ,ffffff,052a87
soccer,20884,soccer,Serbia,Serbia,c6363c,0d4077
soccer,20885,soccer,India,India,000080,ff781f
soccer,20886,soccer,Ukraine,Ukraine,ffec00,0537e4
soccer,20889,soccer,Independiente Petrolero,Independiente Petrolero,000000,C60000
soccer,20890,soccer,Real Tomayapo,Real Tomayapo,000000,C60000
soccer,209,soccer,Ecuador,Ecuador,ffdd00,034ea2
soccer,20903,soccer,Bellarmine Knights,Bellarmine,000000,C60000
soccer,20905,soccer,Racing Louisville FC,Racing Louisville FC,c5b5f2,14002f
soccer,20906,soccer,Austin FC,Austin FC,00b140,000000
soccer,20907,soccer,Kansas City Current,Kansas City Current,cf3339,62cbc9
soccer,20908,soccer,Uzbekistan,Uzbekistan,0081d6,1EB53A
soccer,20909,soccer,Belarus,Belarus,ffffff,E70000
soccer,20910,soccer,Utah Tech Trailblazers,Utah Tech,C60000,003DA5
soccer,20914,soccer,Venezuela,Venezuela,880007,ffffff
soccer,20916,soccer,Botswana,Botswana,0099ff,000000
soccer,20919,soccer,Hungary,Hungary,E70000,ffffff
soccer,20920,soccer,Bosnia-Herzegovina,Bosnia-Herzegovina,112855,ffffff
soccer,20921,soccer,Slovenia,Slovenia,ffffff,0c2fff
soccer,20922,soccer,Andorra U21,Andorra U21,E70000,0000cd
soccer,20923,soccer,Wales U21,Wales U21,E70000,ffffff
soccer,20924,soccer,Gibraltar U21,Gibraltar U21,DE2918,ffffff
soccer,20925,soccer,Albania U21,Albania U21,E70000,ffffff
soccer,20926,soccer,Kosovo U21,Kosovo U21,0000cd,ffec00
soccer,20927,soccer,Cyprus U21,Cyprus U21,195ccd,ffffff
soccer,20928,soccer,Bulgaria U21,Bulgaria U21,00924a,E70000
soccer,20929,soccer,Greece U21,Greece U21,ffffff,0537e4
soccer,20930,soccer,Kazakhstan U21,Kazakhstan U21,ffec00,00bfff
soccer,20931,soccer,Montenegro U21,Montenegro U21,E70000,ffffff
soccer,20932,soccer,Luxembourg U21,Luxembourg U21,E70000,ffffff
soccer,20933,soccer,Finland U21,Finland U21,ffffff,0537e4
soccer,20934,soccer,Estonia U21,Estonia U21,195ccd,ffffff
soccer,20935,soccer,Moldova U21,Moldova U21,0c2fff,FCD116
soccer,20936,soccer,Azerbaijan U21,Azerbaijan U21,2D4AB0,ffffff
soccer,20937,soccer,Armenia U21,Armenia U21,DE2400,ffffff
soccer,20938,soccer,Latvia U21,Latvia U21,992242,ffffff
soccer,20939,soccer,Malta U21,Malta U21,DE2400,ffffff
soccer,20940,soccer,Lithuania U21,Lithuania U21,ffe400,DE2918
soccer,20941,soccer,Northern Ireland U21,Northern Ireland U21,32ad42,5CBFEB
soccer,20943,soccer,San Marino U21,San Marino U21,00bfff,ffffff
soccer,20944,soccer,Faroe Islands U21,Faroe Islands U21,ffffff,195ccd
soccer,20945,soccer,Bosnia-Herzegovina U21,Bosnia-Herzegovina U21,112855,ffffff
soccer,20946,soccer,RFC Seraing,RFC Seraing,000000,C60000
soccer,20947,soccer,France U23,France U23,002f79,ffffff
soccer,20956,soccer,Georgia U21,Georgia U21,ffffff,DE2918
soccer,20965,soccer,Guatemala,Guatemala,418fde,FFFFFF
soccer,20967,soccer,Luxembourg,Luxembourg,E70000,ffffff
soccer,20971,soccer,Georgia,Georgia,ffffff,DE2918
soccer,20972,soccer,Azerbaijan,Azerbaijan,2D4AB0,ffffff
soccer,20973,soccer,Türkiye,Türkiye,E70000,ffffff
soccer,20974,soccer,Bulgaria,Bulgaria,00924a,E70000
soccer,20983,soccer,Real Sociedad II,Real Sociedad II,000000,C60000
soccer,20984,soccer,Feyenoord Rotterdam,Feyenoord Rotterdam,CF010E,000000
soccer,20995,soccer,Vizela,Vizela,293dc2,ff541c
soccer,20996,soccer,Winterthur,Winterthur,c23833,ffffff
soccer,21,soccer,Vélez Sarsfield,Vélez Sarsfield,0070b0,C60000
soccer,210,soccer,Paraguay,Paraguay,ea2300,21418c
soccer,21005,soccer,Raków Czestochowa,Raków Czestochowa,EE2E24,164BA0
soccer,21030,soccer,Albania,Albania,E70000,ffffff
soccer,21033,soccer,Crystal Palace U21,Crystal Palace U21,0202fb,ffffff
soccer,21035,soccer,Charlton Athletic,Charlton Athletic,000000,C60000
soccer,21036,soccer,Leicester City,Leicester City,0202fb,ffffff
soccer,21037,soccer,Crystal Palace,Crystal Palace,0055a5,ee2e24
soccer,21038,soccer,Sheffield United,Sheffield United,f42727,1a1a1a
soccer,21039,soccer,Southampton,Southampton,ED1A3B,081d54
soccer,21042,soccer,Wolverhampton,Wolverhampton,fdb913,231f20
soccer,21048,soccer,Burnley,Burnley,8bd3f5,fff216
soccer,21053,soccer,London City Lionesses,London City Lionesses,8bb8e8,ff6900
soccer,21060,soccer,Sunderland,Sunderland,EB172B,0000fa
soccer,21068,soccer,Ipswich Town,Ipswich Town,0000fa,890000
soccer,21070,soccer,Nottingham Forest,Nottingham Forest,f42727,1f365e
soccer,21076,soccer,Newcastle United,Newcastle United,231F20,2e4b60
soccer,21092,soccer,C.D. Platense,C.D. Platense,000000,C60000
soccer,211,soccer,Peru,Peru,cb292e,ffffff
soccer,21101,soccer,Southern Illinois Salukis,Southern Illinois,000000,000000
soccer,21102,soccer,NJIT Highlanders,NJIT,000000,000000
soccer,21110,soccer,UC San Diego Tritons,UC San Diego,192847,FBCB07
soccer,21123,soccer,Bangladesh,Bangladesh,006747,DA291C
soccer,21124,soccer,BK Häcken,BK Häcken,F7EE09,1B1819
soccer,21127,soccer,HB Køge,HB Køge,0068B3,ffffff
soccer,21128,soccer,Real Madrid,Real Madrid,ffffff,28315c
soccer,21129,soccer,Mali,Mali,14b53a,fcd116
soccer,21130,soccer,Peru,Peru,ea2300,000000
soccer,21133,soccer,Wellington Phoenix,Wellington Phoenix,f5fe05,000000
soccer,21137,soccer,Alhama,Alhama,000000,C60000
soccer,21140,soccer,Granada,Granada,C8142F,3366CC
soccer,21145,soccer,Deportivo,Deportivo,3366CC,b9e8f0
soccer,21149,soccer,FC Badalona,FC Badalona,C60000,000080
soccer,21154,soccer,Espanyol,Espanyol,3366CC,C8142F
soccer,21165,soccer,Chicago State Cougars,Chicago State,000000,C60000
soccer,21175,soccer,Dux Logroño,Dux Logroño,C60000,ffffff
soccer,21181,soccer,Dominican Republic,Dominican Republic,002d62,ce1127
soccer,212,soccer,Uruguay,Uruguay,55B5E5,000080
soccer,213,soccer,Venezuela,Venezuela,d02a36,f7d531
soccer,21300,soccer,Charlotte FC,Charlotte FC,0085ca,000000
soccer,21302,soccer,Algeria,Algeria,5bbd19,000000
soccer,21313,soccer,Sportivo Ameliano,Sportivo Ameliano,000000,C60000
soccer,21314,soccer,ADT,ADT,000000,C60000
soccer,21316,soccer,General Caballero JLM,General Caballero JLM,000000,C60000
soccer,21355,soccer,Chengdu Rongcheng,Chengdu Rongcheng,000000,C60000
soccer,21361,soccer,Kyoto Sanga,Kyoto Sanga,000000,C60000
soccer,21370,soccer,Monterey Bay,Monterey Bay,02F9F9,2A4666
soccer,21371,soccer,Villarreal,Villarreal,ffff00,28315c
soccer,21372,soccer,Athletic Club,Athletic Club,C8142F,8ff699
soccer,21373,soccer,Real Betis,Real Betis,288A00,0000ff
soccer,21374,soccer,Valencia,Valencia,ffffff,a21827
soccer,21376,soccer,Eibar,Eibar,c00000,000099
soccer,21377,soccer,Sporting de Huelva,Sporting de Huelva,000000,C60000
soccer,21378,soccer,Alavés,Alavés,0000ff,ffffff
soccer,21379,soccer,Universitario de Vinto,Universitario de Vinto,000000,C60000
soccer,21380,soccer,Hamarkameratene,Hamarkameratene,000000,C60000
soccer,21395,soccer,Faroe Islands,Faroe Islands,ffffff,195ccd
soccer,214,soccer,Costa Rica,Costa Rica,ce1126,ffffff
soccer,21403,soccer,Albion FC,Albion FC,000000,C60000
soccer,21416,soccer,Northern Virginia FC,Northern Virginia FC,DACE80,000000
soccer,21422,soccer,Angel City FC,Angel City FC,202121,898c8f
soccer,21423,soccer,San Diego Wave FC,San Diego Wave FC,032e62,21c6d9
soccer,21424,soccer,Sevilla,Sevilla,ffffff,c9282d
soccer,21425,soccer,Madrid CFF,Madrid CFF,D8BFD8,000000
soccer,21426,soccer,Levante,Levante,C8142F,000000
soccer,21428,soccer,Real Sociedad,Real Sociedad,3366CC,C8142F
soccer,21476,soccer,El Salvador,El Salvador,0537e4,000000
soccer,21478,soccer,Armenia,Armenia,DE2400,ffffff
soccer,21479,soccer,Kosovo,Kosovo,0000cd,ffec00
soccer,21480,soccer,Montenegro,Montenegro,E70000,ffffff
soccer,21481,soccer,Cyprus,Cyprus,195ccd,ffffff
soccer,21482,soccer,Moldova,Moldova,0c2fff,FCD116
soccer,21483,soccer,Lithuania,Lithuania,ffe400,DE2918
soccer,21484,soccer,North Macedonia,North Macedonia,E70000,ddddea
soccer,21485,soccer,Kazakhstan,Kazakhstan,ffec00,00bfff
soccer,21486,soccer,Israel,Israel,ffffff,5CBFEB
soccer,215,soccer,Honduras,Honduras,333ebd,000000
soccer,21506,soccer,Wuhan Three Towns,Wuhan Three Towns,000000,C60000
soccer,21518,soccer,Serbia U19,Serbia U19,ea2300,ffffff
soccer,21526,soccer,Ballkani,Ballkani,000000,C60000
soccer,21530,soccer,Aris Limassol,Aris Limassol,2e6f40,483248
soccer,21533,soccer,Club Atlético La Paz,Club Atlético La Paz,000000,C60000
soccer,21537,soccer,Monterrey,Monterrey,001C58,ffffff
soccer,21538,soccer,Yverdon,Yverdon,000000,C60000
soccer,21539,soccer,Fakel Voronezh,Fakel Voronezh,214ed3,FFFFFF
soccer,21540,soccer,Austria Lustenau,Austria Lustenau,000000,C60000
soccer,21542,soccer,Cape Verde,Cape Verde,0000ff,EF3340
soccer,21546,soccer,Philippines,Philippines,1f449b,ce2931
soccer,21548,soccer,Hampton Pirates,Hampton,000000,C60000
soccer,21551,soccer,California Baptist Lancers,California Baptist,000000,000000
soccer,21555,soccer,Bellarmine Knights,Bellarmine,000000,000000
soccer,21556,soccer,Chicago State Cougars,Chicago State,000000,C60000
soccer,21557,soccer,Andorra,Andorra,E70000,0000cd
soccer,21558,soccer,Chile U17,Chile U17,ea2300,ffffff
soccer,21559,soccer,New Zealand U17,New Zealand U17,ea2300,0081d6
soccer,21560,soccer,Morocco U17,Morocco U17,d50414,117957
soccer,21561,soccer,Brazil U17,Brazil U17,fee000,009c37
soccer,21562,soccer,Germany U17,Germany U17,000000,db2c32
soccer,21563,soccer,Nigeria U17,Nigeria U17,5bbd19,1a4030
soccer,21565,soccer,United States U17,United States U17,213065,d42339
soccer,21566,soccer,Canada U17,Canada U17,FF0000,000000
soccer,21567,soccer,France U17,France U17,002f79,ffffff
soccer,21568,soccer,Mexico U17,Mexico U17,006847,ffffff
soccer,21569,soccer,China PR U17,China PR U17,dd342c,ffe533
soccer,21570,soccer,Japan U17,Japan U17,000080,dddddd
soccer,21572,soccer,Spain U17,Spain U17,c60b1e,ffc400
soccer,21581,soccer,Casa Pia,Casa Pia,000000,C60000
soccer,21582,soccer,Dorking Wanderers,Dorking Wanderers,051fe8,C60000
soccer,21583,soccer,Olancho FC,Olancho FC,000000,C60000
soccer,21593,soccer,Queens University Royals,Queens University,000000,000000
soccer,216,soccer,Atlas,Atlas,EF0107,e1e1e1
soccer,21607,soccer,Académico de Viseu,Académico de Viseu,000000,C60000
soccer,21610,soccer,Estrela,Estrela,3B8132,DE0A26
soccer,21613,soccer,Alverca,Alverca,0047AB,C60000
soccer,21615,soccer,Torreense,Torreense,950025,293D87
soccer,21635,soccer,Le Havre AC,Le Havre AC,a5d9ff,8c6f4d
soccer,21637,soccer,FC Fleury 91,FC Fleury 91,000000,C60000
soccer,21638,soccer,Montpellier,Montpellier,011F68,ffffff
soccer,21640,soccer,Paris FC,Paris FC,000000,C60000
soccer,21653,soccer,Lindenwood Lions,Lindenwood,231F20,C8B362
soccer,21654,soccer,East Texas A&M Lions,East Texas A&M,000000,C60000
soccer,21667,soccer,Queens University Royals,Queens University,192C66,857040
soccer,21685,soccer,Roma,Roma,990a2c,eae9e7
soccer,21705,soccer,St. Thomas Tommies,St. Thomas,512773,98999B
soccer,21706,soccer,Liechtenstein,Liechtenstein,0000cd,E70000
soccer,21707,soccer,Egypt,Egypt,D20300,000000
soccer,21712,soccer,Southern Indiana Screaming Eagles,Southern Indiana,CF102D,002D5D
soccer,21764,soccer,Iran,Iran,da0000,239f40
soccer,21799,soccer,Ciudad de Bolívar,Ciudad de Bolívar,000000,C60000
soccer,218,soccer,Cruz Azul,Cruz Azul,0000ff,ffffff
soccer,21812,soccer,St. Louis CITY SC,St. Louis CITY SC,ec1458,001544
soccer,21815,soccer,UC San Diego Tritons,UC San Diego,182B49,FFCD00
soccer,21816,soccer,Utah Tech Trailblazers,Utah Tech,BA1C21,003058
soccer,21819,soccer,Deportivo Garcilaso,Deportivo Garcilaso,000000,C60000
soccer,21821,soccer,One Knoxville,One Knoxville,071D49,E56A54
soccer,21822,soccer,Lexington,Lexington,00491E,44D62C
soccer,21823,soccer,Senegal,Senegal,00843d,00843d
soccer,21824,soccer,Papua New Guinea,Papua New Guinea,C8102E,000000
soccer,21827,soccer,Al Fayha,Al Fayha,fa8228,0000FF
soccer,21828,soccer,Damac,Damac,C60000,FFBF00
soccer,21829,soccer,Al Khaleej,Al Khaleej,196F3D,FFEE58
soccer,21831,soccer,Al Tai,Al Tai,D3D3D3,000000
soccer,21833,soccer,Abha,Abha,AED6F1,0D47A1
soccer,21834,soccer,Al Raed,Al Raed,C60000,F2F4F4
soccer,21835,soccer,Al Wehda,Al Wehda,C60000,FFC107
soccer,21843,soccer,Libertad (Ecuador),Libertad (Ecuador),FFA500,000000
soccer,21846,soccer,Grazer AK,Grazer AK,000000,C60000
soccer,21850,soccer,Rayo Zuliano,Rayo Zuliano,0000ff,fafafc
soccer,21888,soccer,Amazonas,Amazonas,000000,C60000
soccer,219,soccer,Guadalajara,Guadalajara,EF0107,104e8a
soccer,21910,soccer,Qingdao Hainiu,Qingdao Hainiu,000000,C60000
soccer,21911,soccer,Tanzania,Tanzania,0033a0,ffffff
soccer,21922,soccer,Sabah FK,Sabah FK,000000,FF1493
soccer,21926,soccer,FC Stade Lausanne-Ouchy,FC Stade Lausanne-Ouchy,000000,C60000
soccer,21927,soccer,Rodina Moscow,Rodina Moscow,000000,C60000
soccer,21931,soccer,Morocco U23,Morocco U23,009060,df2027
soccer,21943,soccer,Egnatia,Egnatia,000000,C60000
soccer,21949,soccer,FC Baltika Kaliningrad,FC Baltika Kaliningrad,000000,C60000
soccer,21950,soccer,FC Blau-Weiß Linz,FC Blau-Weiß Linz,163277,05070C
soccer,21964,soccer,Al Hazem,Al Hazem,ffd700,cccccc
soccer,21965,soccer,Al Riyadh,Al Riyadh,000000,C60000
soccer,21966,soccer,Al Okhdood,Al Okhdood,87CEEB,000000
soccer,21967,soccer,Real Cundinamarca,Real Cundinamarca,000000,C60000
soccer,21969,soccer,Kifisia,Kifisia,000000,C60000
soccer,21976,soccer,Stonehill Skyhawks,Stonehill,2F2975,FFFFFF
soccer,21977,soccer,AZ Alkmaar,AZ Alkmaar,ef2f24,1a316b
soccer,21978,soccer,FC Utrecht,FC Utrecht,F31522,000000
soccer,21979,soccer,Nottingham Forest U21,Nottingham Forest U21,c8102e,b7ddff
soccer,21981,soccer,Tarleton State Texans,Tarleton State,4F2d7F,FFFFFF
soccer,21987,soccer,Fuerte San Francisco,Fuerte San Francisco,000000,C60000
soccer,21990,soccer,Milford FC,Milford FC,000000,C60000
soccer,220,soccer,Monterrey,Monterrey,001C58,ffffff
soccer,22022,soccer,Al Qadsiah,Al Qadsiah,ffd700,C60000
soccer,22023,soccer,Al Najma,Al Najma,015617,000000
soccer,22028,soccer,Al Kholood,Al Kholood,008000,C60000
soccer,22029,soccer,Al Orobah,Al Orobah,008000,fffd8d
soccer,22060,soccer,Malawi,Malawi,D20300,ffffff
soccer,22064,soccer,AVS,AVS,C60000,FFFFFF
soccer,221,soccer,Club Atlético Morelia,Club Atlético Morelia,ffd011,212121
soccer,22130,soccer,Spokane Velocity FC,Spokane Velocity FC,0093b2,f4f4f4
soccer,22137,soccer,San Antonio Bulo Bulo,San Antonio Bulo Bulo,000000,C60000
soccer,22163,soccer,Västerås SK,Västerås SK,007948,ffffff
soccer,22164,soccer,Rhode Island FC,Rhode Island FC,041E42,FFA400
soccer,22165,soccer,KFUM Oslo,KFUM Oslo,000000,C60000
soccer,22167,soccer,Machida Zelvia,Machida Zelvia,000000,fafafc
soccer,22168,soccer,Los Chankas,Los Chankas,000000,fafafc
soccer,22174,soccer,GV San José,GV San José,000000,fafafc
soccer,22184,soccer,Inter Palmira,Inter Palmira,000000,C60000
soccer,22187,soccer,Bay FC,Bay FC,ff5049,0d2032
soccer,22198,soccer,Qingdao West Coast,Qingdao West Coast,000000,fafafc
soccer,22199,soccer,Shenzhen Xinpengcheng,Shenzhen Xinpengcheng,000000,fafafc
soccer,222,soccer,Querétaro,Querétaro,212121,02b0d0
soccer,22210,soccer,Puerto Rico,Puerto Rico,0537e4,C60000
soccer,22239,soccer,Mali U23,Mali U23,000000,C60000
soccer,22240,soccer,Ukraine U23,Ukraine U23,ffd500,005bbb
soccer,22241,soccer,Israel U23,Israel U23,2f4fa2,ffffff
soccer,22257,soccer,Denmark U19,Denmark U19,d02a3e,ffffff
soccer,22266,soccer,Uzbekistan U23,Uzbekistan U23,000000,C60000
soccer,22267,soccer,Guinea U23,Guinea U23,000000,C60000
soccer,22269,soccer,Lommel SK,Lommel SK,2d8322,FFFFFF
soccer,22271,soccer,Akron Tolyatti,Akron Tolyatti,000000,C60000
soccer,22281,soccer,Pafos,Pafos,82c0fe,003399
soccer,223,soccer,Toluca,Toluca,EF0107,ffffff
soccer,22300,soccer,Dynamo Makhachkala,Dynamo Makhachkala,000000,C60000
soccer,22303,soccer,North Korea U17,North Korea U17,ea2300,0081d6
soccer,22306,soccer,Zambia U17,Zambia U17,00843d,ffffff
soccer,22307,soccer,Kenya U17,Kenya U17,bb0000,006600
soccer,22309,soccer,Poland U17,Poland U17,dc143c,ffffff
soccer,22313,soccer,Mercyhurst Lakers,Mercyhurst,07594D,182752
soccer,22319,soccer,Le Moyne Dolphins,Le Moyne,000000,C60000
soccer,22330,soccer,Cacahuatique,Cacahuatique,000000,C60000
soccer,22344,soccer,Auckland FC,Auckland FC,000000,0900FF
soccer,22348,soccer,Durban City,Durban City,000000,C60000
soccer,22350,soccer,Kruger United,Kruger United,000000,C60000
soccer,22408,soccer,Hammarby IF,Hammarby IF,ffcc00,007a43
soccer,22414,soccer,Pachuca,Pachuca,001C58,02b0d0
soccer,22415,soccer,América,América,ffff91,001C58
soccer,22488,soccer,Gibraltar,Gibraltar,DE2918,ffffff
soccer,225,soccer,Santos,Santos,15926d,00331b
soccer,2250,soccer,Sporting CP,Sporting CP,008127,ffffff
soccer,22517,soccer,Deportivo Recoleta,Deportivo Recoleta,000000,C60000
soccer,22522,soccer,Fagiano Okayama,Fagiano Okayama,000000,C60000
soccer,22523,soccer,Real Oruro,Real Oruro,000000,C60000
soccer,22524,soccer,Westchester SC,Westchester SC,0047BB,F1BE48
soccer,22525,soccer,FC Naples,FC Naples,1B365D,051C2C
soccer,22526,soccer,AV Alta FC,AV Alta FC,13322B,D1CCBD
soccer,22528,soccer,Portland Hearts of Pine,Portland Hearts of Pine,1D3C34,1D1F2A
soccer,22529,soccer,San Diego FC,San Diego FC,697a7C,F89E1A
soccer,22530,soccer,Bryne,Bryne,000000,C60000
soccer,22534,soccer,Juan Pablo II,Juan Pablo II,000000,C60000
soccer,22536,soccer,Yunnan Yukun,Yunnan Yukun,000000,C60000
soccer,22537,soccer,Dalian Yingbo,Dalian Yingbo,000000,C60000
soccer,22538,soccer,NAC Breda,NAC Breda,000000,FFDD25
soccer,22542,soccer,Sarasota Paradise,Sarasota Paradise,1D1F2A,49C5B1
soccer,226,soccer,Atlante,Atlante,022789,022789
soccer,227,soccer,América,América,ffff91,001C58
soccer,2276,soccer,Al Ittihad,Al Ittihad,ffff00,000000
soccer,228,soccer,León,León,008000,FFF61B
soccer,229,soccer,Necaxa,Necaxa,EF0107,000000
soccer,2290,soccer,Red Star Belgrade,Red Star Belgrade,FF0000,0000dd
soccer,231,soccer,Puebla,Puebla,ffffff,0032a8
soccer,232,soccer,Tigres UANL,Tigres UANL,ffd011,0000ff
soccer,233,soccer,Pumas UNAM,Pumas UNAM,ffffff,060040
soccer,2339,soccer,Djurgården,Djurgården,64a6e1,ffffff
soccer,234,soccer,Pachuca,Pachuca,001C58,02b0d0
soccer,235,soccer,Banfield,Banfield,288A00,1a1a1a
soccer,236,soccer,Nueva Chicago,Nueva Chicago,C60000,000000
soccer,239,soccer,Torino,Torino,9f0000,ffffff
soccer,2405,soccer,Malaysia,Malaysia,ffd933,23449c
soccer,2428,soccer,Hannover 96,Hannover 96,179D33,1a1a1a
soccer,243,soccer,Sevilla,Sevilla,ffffff,d81022
soccer,244,soccer,Real Betis,Real Betis,288A00,0A422D
soccer,245,soccer,Tenerife,Tenerife,008bc4,1a1a1a
soccer,247,soccer,Partick Thistle,Partick Thistle,C60000,1a1a1a
soccer,248,soccer,Ayr United,Ayr United,000099,C60000
soccer,249,soccer,Raith Rovers,Raith Rovers,000099,C60000
soccer,2491,soccer,MSK Zilina,MSK Zilina,000000,C60000
soccer,2493,soccer,Pyunik,Pyunik,000000,000000
soccer,2495,soccer,Hammarby IF,Hammarby IF,ffcc00,007a43
soccer,2497,soccer,Apoel Nicosia,Apoel Nicosia,000099,000000
soccer,250,soccer,St Mirren,St Mirren,000000,10d5f8
soccer,2500,soccer,Airdrieonians,Airdrieonians,C8142F,C60000
soccer,2502,soccer,Nice,Nice,ef2f24,e2d3d7
soccer,2506,soccer,Arminia Bielefeld,Arminia Bielefeld,00599f,2c2d37
soccer,251,soccer,Ross County,Ross County,181146,C8142F
soccer,252,soccer,Arbroath,Arbroath,873041,C60000
soccer,2528,soccer,Kairat Almaty,Kairat Almaty,FCEE33,81c0ff
soccer,253,soccer,Inverness Caledonian Thistle,Inverness Caledonian Thistle,000099,1a1a1a
soccer,2533,soccer,Zenit St Petersburg,Zenit St Petersburg,0098dc,FFFFFF
soccer,2539,soccer,Dinamo Minsk,Dinamo Minsk,5f65bb,000000
soccer,254,soccer,Falkirk,Falkirk,000099,C60000
soccer,2540,soccer,FC Levadia Tallinn,FC Levadia Tallinn,000000,000000
soccer,2547,soccer,KI Klaksvik,KI Klaksvik,000000,c60000
soccer,2550,soccer,Anorthosis,Anorthosis,0000ff,ffffff
soccer,2551,soccer,Partizani Tirana,Partizani Tirana,000000,000000
soccer,2552,soccer,FK Suduva,FK Suduva,FF0000,000000
soccer,2555,soccer,Linfield,Linfield,000000,000000
soccer,2556,soccer,IFK Göteborg,IFK Göteborg,fabd00,214a99
soccer,256,soccer,Celtic,Celtic,009921,f9e900
soccer,2564,soccer,Shamrock Rovers,Shamrock Rovers,288A00,000000
soccer,2565,soccer,PEC Zwolle,PEC Zwolle,0000d4,000000
soccer,2566,soccer,Excelsior,Excelsior,000000,b41226
soccer,2567,soccer,Burton Albion,Burton Albion,ffff00,ffffff
soccer,257,soccer,Rangers,Rangers,0046ff,ffffff
soccer,2570,soccer,Uzbekistan,Uzbekistan,ffffff,0072CE
soccer,2572,soccer,Como,Como,4169E1,FFFFFF
soccer,2573,soccer,Modena,Modena,000000,000000
soccer,2574,soccer,Empoli,Empoli,005bdd,ffffff
soccer,2575,soccer,Iraklis,Iraklis,000000,C60000
soccer,258,soccer,Hibernian,Hibernian,009f00,ffffff
soccer,2583,soccer,Heybridge,Heybridge,000000,C60000
soccer,2588,soccer,Guiseley,Guiseley,000000,000000
soccer,259,soccer,Livingston,Livingston,ffd200,000000
soccer,2594,soccer,Crawley Town,Crawley Town,C8142F,ffffff
soccer,2595,soccer,Boreham Wood,Boreham Wood,ffffff,aeeaff
soccer,2597,soccer,Cape Verde,Cape Verde,000080,EF3340
soccer,260,soccer,Kilmarnock,Kilmarnock,0046ff,babbbf
soccer,261,soccer,Dundee,Dundee,000040,ffffff
soccer,2613,soccer,Cove Rangers,Cove Rangers,000000,000000
soccer,2619,soccer,Kazakhstan,Kazakhstan,00abc2,ffec2d
soccer,262,soccer,Heart of Midlothian,Heart of Midlothian,8E003B,ead6b7
soccer,2620,soccer,Egypt,Egypt,D20300,FFFFFF
soccer,2621,soccer,Libya,Libya,E70000,239e46
soccer,2627,soccer,Trinidad and Tobago,Trinidad and Tobago,c8102e,000000
soccer,263,soccer,Aberdeen,Aberdeen,C8142F,f9e900
soccer,2635,soccer,Arsenal Sarandi,Arsenal Sarandi,0093EC,C60000
soccer,2636,soccer,Olimpo,Olimpo,ffff00,000000
soccer,2637,soccer,Barbados,Barbados,00267F,FFC726
soccer,2638,soccer,Antigua and Barbuda,Antigua and Barbuda,c8102e,000000
soccer,264,soccer,Dundee United,Dundee United,FF621A,009f00
soccer,2640,soccer,Bahamas,Bahamas,00A9CE,FDDA25
soccer,2641,soccer,Belize,Belize,D90F19,171696
soccer,2642,soccer,Aruba,Aruba,418FDE,FBE122
soccer,2643,soccer,Bermuda,Bermuda,c8102e,0033a0
soccer,2644,soccer,British Virgin Islands,British Virgin Islands,0033a0,c8102e
soccer,2645,soccer,US Virgin Islands,US Virgin Islands,FFFFFF,0033a0
soccer,2646,soccer,Cayman Islands,Cayman Islands,ff0000,0033a0
soccer,2647,soccer,Cuba,Cuba,cb1515,002a8f
soccer,2649,soccer,Dominican Republic,Dominican Republic,002d62,ce1127
soccer,265,soccer,Dunfermline Athletic,Dunfermline Athletic,1a1a1a,ffff00
soccer,2650,soccer,El Salvador,El Salvador,0537e4,000000
soccer,2651,soccer,Grenada,Grenada,EF3340,009739
soccer,2652,soccer,Guatemala,Guatemala,4997d0,ffffff
soccer,2653,soccer,Guyana,Guyana,fff200,22b14c
soccer,2654,soccer,Haiti,Haiti,0033a0,FFFFFF
soccer,2655,soccer,Montserrat,Montserrat,012169,C8102E
soccer,2658,soccer,Nicaragua,Nicaragua,333ebd,000000
soccer,2659,soccer,Panama,Panama,d21034,005293
soccer,266,soccer,Motherwell,Motherwell,F7AA25,535e64
soccer,2661,soccer,St. Lucia,St. Lucia,0077C8,FFD100
soccer,2662,soccer,St. Kitts and Nevis,St. Kitts and Nevis,228B22,000000
soccer,2664,soccer,Suriname,Suriname,007A33,C8102E
soccer,2665,soccer,Turks and Caicos Islands,Turks and Caicos Islands,000080,FFD700
soccer,2666,soccer,New Zealand,New Zealand,000000,ffffff
soccer,2668,soccer,Emelec,Emelec,0505d2,000000
soccer,267,soccer,St Johnstone,St Johnstone,0046ff,9e0000
soccer,2670,soccer,Libertad,Libertad,212121,000000
soccer,2671,soccer,Cerro Porteño,Cerro Porteño,EF2D24,000000
soccer,2672,soccer,Deportivo Cali,Deportivo Cali,046d04,000000
soccer,2673,soccer,Sporting Cristal,Sporting Cristal,3bb8e2,000000
soccer,2674,soccer,Santos,Santos,000000,fafafc
soccer,2675,soccer,Club Olimpia,Club Olimpia,1a1a1a,fafafc
soccer,2678,soccer,Cobreloa,Cobreloa,050505,050505
soccer,268,soccer,Borussia Mönchengladbach,Borussia Mönchengladbach,ffffff,03915c
soccer,2680,soccer,Alianza Lima,Alianza Lima,0000ff,000000
soccer,2681,soccer,Bolívar,Bolívar,3c96c4,000000
soccer,2682,soccer,Oriente Petrolero,Oriente Petrolero,288A00,fafafc
soccer,2683,soccer,Peñarol,Peñarol,000000,000000
soccer,2684,soccer,Nacional,Nacional,345BBC,C60000
soccer,2685,soccer,Universitario,Universitario,ffffbf,000000
soccer,2686,soccer,Barcelona SC,Barcelona SC,ffff00,000000
soccer,2687,soccer,The Strongest,The Strongest,000000,000000
soccer,2688,soccer,Colo Colo,Colo Colo,050505,000000
soccer,269,soccer,1. FC Nürnberg,1. FC Nürnberg,9f0000,1a1a1a
soccer,2690,soccer,Independiente Medellín,Independiente Medellín,d70000,000000
soccer,2697,soccer,Le Mans,Le Mans,d62b11,d62b11
soccer,2698,soccer,Valletta,Valletta,FFFFFF,EC1C10
soccer,270,soccer,St. Pauli,St. Pauli,442e23,ffffff
soccer,271,soccer,FC Den Bosch,FC Den Bosch,0000d4,000000
soccer,2710,soccer,NSI Runavik,NSI Runavik,000000,000000
soccer,2712,soccer,Derry City,Derry City,FF0000,FF0000
soccer,2715,soccer,Molde,Molde,000099,ffffff
soccer,2716,soccer,Vllaznia Shkoder,Vllaznia Shkoder,C60000,000000
soccer,272,soccer,Sochaux,Sochaux,ffff00,000040
soccer,2720,soccer,Malmö FF,Malmö FF,5699eb,052a87
soccer,2722,soccer,Young Boys,Young Boys,ffdd00,FFFFFF
soccer,2723,soccer,Coleraine,Coleraine,000000,000000
soccer,2726,soccer,ADO Den Haag,ADO Den Haag,307B64,a0ffe5
soccer,2727,soccer,FC Volendam,FC Volendam,F7AA25,9de1ff
soccer,2728,soccer,Martinique,Martinique,0537e4,000000
soccer,273,soccer,Lorient,Lorient,f46100,1a1a1a
soccer,2731,soccer,Accrington Stanley,Accrington Stanley,C8142F,5CBFEB
soccer,2734,soccer,Sampdoria,Sampdoria,2234a4,ffffff
soccer,2735,soccer,Siena,Siena,1a1a1a,C60000
soccer,2737,soccer,Albacete,Albacete,BC0814,C60000
soccer,274,soccer,Montpellier,Montpellier,011F68,ffffff
soccer,2741,soccer,Quilmes,Quilmes,0060f0,000000
soccer,275,soccer,Dagenham & Redbridge,Dagenham & Redbridge,ffffff,ffd700
soccer,2750,soccer,Argentina,Argentina,74acdf,173e69
soccer,2751,soccer,Australia,Australia,2a2d7c,ed2f31
soccer,2752,soccer,Brazil,Brazil,fee000,009c37
soccer,2753,soccer,Canada,Canada,ed2224,ffffff
soccer,2754,soccer,China,China,dd342c,ffe533
soccer,2755,soccer,France,France,002f79,ffffff
soccer,2756,soccer,Germany,Germany,000000,db2c32
soccer,2757,soccer,Ghana,Ghana,ce2931,fbd632
soccer,2758,soccer,Japan,Japan,ed1c24,ffffff
soccer,2759,soccer,North Korea,North Korea,C60000,C60000
soccer,2761,soccer,Nigeria,Nigeria,008751,ffffff
soccer,2762,soccer,Norway,Norway,ef2b2d,002868
soccer,2763,soccer,Russia ,Russia ,C60000,C60000
soccer,2764,soccer,Sweden,Sweden,fecb00,006aa7
soccer,2765,soccer,United States,United States,213065,d42339
soccer,278,soccer,Morecambe,Morecambe,C8142F,ffff00
soccer,2789,soccer,Panionios,Panionios,FF0000,FF0000
soccer,279,soccer,Doncaster Rovers,Doncaster Rovers,C8142F,000099
soccer,2790,soccer,RB Salzburg,RB Salzburg,d82c3a,052a87
soccer,2791,soccer,Vålerenga,Valerenga,000000,000000
soccer,2792,soccer,Italy,Italy,24923c,ffffff
soccer,280,soccer,Barnet,Barnet,fe7a00,ffffff
soccer,2812,soccer,Mexico,Mexico,5bbd19,ea2300
soccer,282,soccer,Forest Green Rovers,Forest Green Rovers,aeff2b,1a1a1a
soccer,2829,soccer,United States U23,United States U23,ffffff,C60000
soccer,2832,soccer,Edinburgh City,Edinburgh City,000000,000000
soccer,2833,soccer,United States U20,United States U20,213065,d42339
soccer,2836,soccer,South Korea U20,South Korea U20,ce2028,1e4384
soccer,284,soccer,Yeovil Town,Yeovil Town,378464,1a1a1a
soccer,2840,soccer,Argentina U20,Argentina U20,74acdf,173e69
soccer,2841,soccer,Oman,Oman,E70000,FFFFFF
soccer,2844,soccer,Benin,Benin,008751,FCD116
soccer,2845,soccer,Burkina Faso,Burkina Faso,008000,EF2B2D
soccer,2847,soccer,Guinea,Guinea,D20300,FCD116
soccer,2848,soccer,Kenya,Kenya,bb0000,006600
soccer,2849,soccer,Mali,Mali,14b53a,fcd116
soccer,285,soccer,Stevenage,Stevenage,ffffff,091453
soccer,2850,soccer,Congo DR,Congo DR,418fde,C60000
soccer,2851,soccer,Rwanda,Rwanda,e2e201,00A1DE
soccer,2869,soccer,Morocco,Morocco,df2027,ffffff
soccer,2874,soccer,Panama U23,Panama U23,,
soccer,2888,soccer,Mexico U23,Mexico U23,006341,CE1126
soccer,2891,soccer,Haiti,Haiti,0033a0,EF0000
soccer,2893,soccer,Jamaica,Jamaica,348b42,f9e032
soccer,2894,soccer,Costa Rica,Costa Rica,ce1126,ffffff
soccer,2895,soccer,Panama,Panama,d60a14,ffffff
soccer,2896,soccer,Denmark,Denmark,d02a3e,ffffff
soccer,290,soccer,Woking,Woking,FF0000,ffd700
soccer,2917,soccer,Jordan,Jordan,E70000,ffffff
soccer,2918,soccer,Brazil U20,Brazil U20,fee000,009c37
soccer,2919,soccer,Once Caldas,Once Caldas,000000,fafafc
soccer,292,soccer,Chester FC,Chester FC,2D55B7,C60000
soccer,2922,soccer,Getafe,Getafe,0000ff,7F1734
soccer,2923,soccer,Palermo,Palermo,F9BED4,fafafc
soccer,2925,soccer,Cagliari,Cagliari,282846,ffffff
soccer,2926,soccer,Livorno,Livorno,A9414C,1a1a1a
soccer,293,soccer,Dover Athletic,Dover Athletic,ffffff,ffd700
soccer,2936,soccer,Östers IF,Östers IF,FFD700,55aaff
soccer,2950,soccer,Mainz,Mainz,DA0308,000055
soccer,2952,soccer,Lokomotiv Plovdiv,Lokomotiv Plovdiv,000000,d62612
soccer,2975,soccer,Instituto (Córdoba),Instituto (Córdoba),C60000,000000
soccer,2976,soccer,Greece,Greece,295da8,ffffff
soccer,2980,soccer,Bodo/Glimt,Bodo/Glimt,FCEE33,ffffff
soccer,2988,soccer,Rijeka,Rijeka,42BEFD,000000
soccer,2990,soccer,Lech Poznan,Lech Poznan,004B92,ffffff
soccer,2991,soccer,Akhmat Grozny,Akhmat Grozny,499e55,000000
soccer,2994,soccer,Braga,Braga,de1f26,2b6a36
soccer,3,soccer,Argentinos Juniors,Argentinos Juniors,C60000,0060f0
soccer,301,soccer,Luton Town,Luton Town,ff4f00,1D428A
soccer,3010,soccer,GIF Sundsvall,GIF Sundsvall,000000,000000
soccer,3017,soccer,Halmstads BK,Halmstads BK,0058a2,d6b160
soccer,3019,soccer,FC Zürich,FC Zürich,5ba5e2,0B1433
soccer,302,soccer,Shrewsbury Town,Shrewsbury Town,0000fa,29088a
soccer,3024,soccer,FC Thun,FC Thun,ff0900,FCD116
soccer,303,soccer,Rochdale,Rochdale,101087,c6d4db
soccer,3039,soccer,Fredrikstad,Fredrikstad,000000,000000
soccer,304,soccer,Mansfield Town,Mansfield Town,FECD32,1a1a1a
soccer,3052,soccer,Kalmar FF,Kalmar FF,db1b30,c6870f
soccer,306,soccer,Hull City,Hull City,f28800,ffffff
soccer,3067,soccer,TSV Eintracht Braunschweig,TSV Eintracht Braunschweig,ffde16,1a1a1a
soccer,307,soccer,Plymouth Argyle,Plymouth Argyle,003e00,ffffff
soccer,3070,soccer,SpVgg Greuther Fürth,SpVgg Greuther Fürth,288A00,1a1a1a
soccer,3076,soccer,FC Sion,FC Sion,ff0900,000000
soccer,308,soccer,Bristol Rovers,Bristol Rovers,000099,425679
soccer,309,soccer,Leyton Orient,Leyton Orient,C8142F,0e00f7
soccer,310,soccer,Southend United,Southend United,000099,ffde00
soccer,3101,soccer,FC Nordsjælland,FC Nordsjælland,CF010E,0093EC
soccer,311,soccer,Oxford United,Oxford United,ffff00,ffffff
soccer,3110,soccer,Maidstone United,Maidstone United,FECD32,87CEEB
soccer,312,soccer,FC Halifax Town,FC Halifax Town,0000FF,b9ff4d
soccer,3129,soccer,Bromley,Bromley,ffffff,C60000
soccer,313,soccer,Scunthorpe United,Scunthorpe United,82dbf5,228b22
soccer,3132,soccer,Randers FC,Randers FC,81c0ff,ff6600
soccer,3138,soccer,Gateshead,Gateshead,ffffff,00fa9a
soccer,314,soccer,Lincoln City,Lincoln City,C8142F,c6d4db
soccer,315,soccer,York City,York City,C8142F,C60000
soccer,3153,soccer,Viborg FF,Viborg FF,000000,000000
soccer,3170,soccer,Dijon FCO,Dijon FCO,ef2f24,ffffff
soccer,3171,soccer,Clermont Foot,Clermont Foot,8C3140,ffffff
soccer,318,soccer,Swansea City,Swansea City,ffffff,1D428A
soccer,320,soccer,Cheltenham Town,Cheltenham Town,C8142F,82dbf5
soccer,321,soccer,Torquay United,Torquay United,ffd700,ffffff
soccer,322,soccer,Carlisle United,Carlisle United,0e00f7,b0ffe1
soccer,3226,soccer,Weymouth,Weymouth,00ccff,f6ff00
soccer,323,soccer,Hartlepool United,Hartlepool United,0000FF,1a1a1a
soccer,3231,soccer,Sutton United,Sutton United,ffd700,ffffff
soccer,3236,soccer,Le Havre AC,Le Havre AC,011F68,ededed
soccer,324,soccer,Exeter City,Exeter City,C8142F,87CEEB
soccer,3240,soccer,Salernitana,Salernitana,990000,ffffff
soccer,3243,soccer,Stade de Reims,Stade de Reims,ef2f24,0000bf
soccer,3257,soccer,Catanzaro,Catanzaro,000000,000000
soccer,3258,soccer,Catania,Catania,409fff,D91B25
soccer,3263,soccer,Genoa,Genoa,08305d,ffffff
soccer,3266,soccer,Stade Laval,Stade Laval,1a1a1a,1a1a1a
soccer,3267,soccer,AS Nancy Lorraine,AS Nancy Lorraine,ef2f24,0000bf
soccer,3278,soccer,Aalesund,Aalesund,000000,000000
soccer,3279,soccer,Sandefjord,Sandefjord,000000,000000
soccer,3307,soccer,SC Paderborn 07,SC Paderborn 07,0000dd,ffffff
soccer,3308,soccer,MSV Duisburg,MSV Duisburg,003399,000000
soccer,331,soccer,Brighton & Hove Albion,Brighton & Hove Albion,0606fa,005F60
soccer,332,soccer,Oldham Athletic,Oldham Athletic,0e00f7,F7AA25
soccer,333,soccer,Bristol City,Bristol City,f42727,ffffff
soccer,3335,soccer,SC Amiens,SC Amiens,ffffff,1a1a1a
soccer,3337,soccer,Cesena,Cesena,1a1a1a,000099
soccer,334,soccer,Queens Park Rangers,Queens Park Rangers,0000d4,1a1a1a
soccer,3345,soccer,Arezzo,Arezzo,000000,000000
soccer,3346,soccer,Ascoli,Ascoli,aa0001,aa0001
soccer,335,soccer,Huddersfield Town,Huddersfield Town,0074d0,f4e874
soccer,336,soccer,Stoke City,Stoke City,f42727,1a1a1a
soccer,3362,soccer,NK Celje,NK Celje,000099,ff6600
soccer,337,soccer,Brentford,Brentford,f42727,0f1c3f
soccer,3372,soccer,Cienciano del Cusco,Cienciano del Cusco,C60000,000000
soccer,338,soccer,Reading,Reading,0000fa,e4c8de
soccer,3384,soccer,FC Tokyo,FC Tokyo,000000,000000
soccer,3385,soccer,Urawa Red Diamonds,Urawa Red Diamonds,e5370b,000000
soccer,339,soccer,Colchester United,Colchester United,0e00f7,1a1a1a
soccer,3393,soccer,Tokyo Verdy 1969,Tokyo Verdy 1969,000000,000000
soccer,3395,soccer,Goiás,Goiás,417505,fafafc
soccer,340,soccer,Notts County,Notts County,1a1a1a,378464
soccer,341,soccer,Swindon Town,Swindon Town,C8142F,cdcdcd
soccer,342,soccer,Peterborough United,Peterborough United,0000fa,ebebeb
soccer,343,soccer,Chesterfield,Chesterfield,000099,1a1a1a
soccer,3432,soccer,Dorados de Sinaloa,Dorados de Sinaloa,ffff00,001C58
soccer,344,soccer,Wycombe Wanderers,Wycombe Wanderers,4cb8e5,ffff00
soccer,3445,soccer,Fluminense,Fluminense,7E0202,417505
soccer,3448,soccer,Guarani,Guarani,417505,fafafc
soccer,345,soccer,Tranmere Rovers,Tranmere Rovers,ffffff,4c00b3
soccer,3454,soccer,Vasco da Gama,Vasco da Gama,000000,fafafc
soccer,3456,soccer,Coritiba,Coritiba,417505,fafafc
soccer,3457,soccer,Vitória,Vitória,C6101C,C60000
soccer,3458,soccer,Athletico Paranaense,Athletico Paranaense,D80518,C60000
soccer,3459,soccer,Ponte Preta,Ponte Preta,000000,fafafc
soccer,346,soccer,Blackpool,Blackpool,F5A12D,ffffff
soccer,3461,soccer,Figueirense,Figueirense,000000,fafafc
soccer,347,soccer,Cardiff City,Cardiff City,0000fa,c6d4db
soccer,3472,soccer,C.D. Nacional,C.D. Nacional,000000,000099
soccer,348,soccer,Port Vale,Port Vale,ffffff,FECD32
soccer,349,soccer,AFC Bournemouth,AFC Bournemouth,f42727,B57EDC
soccer,350,soccer,Wigan Athletic,Wigan Athletic,0000fa,1a1a1a
soccer,351,soccer,Cambridge United,Cambridge United,FECD32,82dbf5
soccer,352,soccer,Wrexham,Wrexham,C8142F,ffffff
soccer,353,soccer,Northampton Town,Northampton Town,8E003B,1a1a1a
soccer,354,soccer,Bury,Bury,ffffff,000099
soccer,3552,soccer,Santiago Wanderers,Santiago Wanderers,12592D,fafafc
soccer,357,soccer,Leeds United,Leeds United,ffffff,FFCD00
soccer,358,soccer,Bolton Wanderers,Bolton Wanderers,ffffff,1a1a1a
soccer,3585,soccer,AC Horsens,AC Horsens,000000,000000
soccer,359,soccer,Arsenal,Arsenal,e20520,003399
soccer,360,soccer,Manchester United,Manchester United,da020e,4169E1
soccer,361,soccer,Newcastle United,Newcastle United,000000,0B1B3D
soccer,3610,soccer,Cercle Brugge KSV,Cercle Brugge KSV,048a28,cccccc
soccer,3611,soccer,KAA Gent,KAA Gent,0000ff,ffffff
soccer,3616,soccer,Royal Charleroi SC,Royal Charleroi SC,000000,fe2a9b
soccer,362,soccer,Aston Villa,Aston Villa,660e36,000000
soccer,363,soccer,Chelsea,Chelsea,144992,FFFFFF
soccer,364,soccer,Liverpool,Liverpool,d11317,FFFFFF
soccer,365,soccer,Blackburn Rovers,Blackburn Rovers,0000fa,1a1a1a
soccer,366,soccer,Sunderland,Sunderland,EB172B,FFB6C1
soccer,367,soccer,Tottenham Hotspur,Tottenham Hotspur,ffffff,0B1426
soccer,368,soccer,Everton,Everton,0606fa,ffffff
soccer,3683,soccer,Iceland,Iceland,0000cd,C60000
soccer,369,soccer,Middlesbrough,Middlesbrough,f42727,87cced
soccer,3696,soccer,Moreirense,Moreirense,288A00,000000
soccer,3698,soccer,Académica de Coimbra,Académica de Coimbra,000000,000000
soccer,3699,soccer,Gil Vicente,Gil Vicente,de1f26,FFFFFF
soccer,370,soccer,Fulham,Fulham,ffffff,CC0000
soccer,3706,soccer,Go Ahead Eagles,Go Ahead Eagles,F80017,8f0058
soccer,3707,soccer,FC Emmen,FC Emmen,F80017,6d7084
soccer,3708,soccer,Heracles Almelo,Heracles Almelo,000000,ffffff
soccer,371,soccer,West Ham United,West Ham United,7c2c3b,F1E7E0
soccer,3712,soccer,Olhanense,Olhanense,be2d30,000000
soccer,3713,soccer,Paços de Ferreira,Paços de Ferreira,ffea01,fdfdf7
soccer,3717,soccer,Feirense,Feirense,005099,ffea01
soccer,3719,soccer,Portimonense,Portimonense,000000,ffea01
soccer,372,soccer,Charlton Athletic,Charlton Athletic,C8142F,020202
soccer,3728,soccer,TOP Oss,TOP Oss,C60000,0000d4
soccer,373,soccer,Ipswich Town,Ipswich Town,0000fa,F5F2DC
soccer,3730,soccer,MVV Maastricht,MVV Maastricht,C60000,8ac9f8
soccer,3731,soccer,VVV-Venlo,VVV-Venlo,FFE64B,0a459c
soccer,3732,soccer,FC Eindhoven,FC Eindhoven,0000d4,cdcdcd
soccer,3735,soccer,Telstar,Telstar,C60000,FCEE33
soccer,3736,soccer,SC Cambuur,SC Cambuur,FCEE33,98994e
soccer,374,soccer,Derby County,Derby County,ffffff,abebc5
soccer,3746,soccer,SK Sturm Graz,SK Sturm Graz,ffffff,000000
soccer,3747,soccer,Granada,Granada,C8142F,3366CC
soccer,375,soccer,Leicester City,Leicester City,0202fb,000000
soccer,3751,soccer,Elche,Elche,288A00,4B2B67
soccer,3752,soccer,Eibar,Eibar,c00000,000099
soccer,3759,soccer,SV Josko Ried,SV Josko Ried,000000,000000
soccer,376,soccer,Southampton,Southampton,ED1A3B,f1ee13
soccer,3769,soccer,SV Wehen Wiesbaden,SV Wehen Wiesbaden,000000,000000
soccer,3775,soccer,Helmond Sport,Helmond Sport,C60000,091453
soccer,3788,soccer,Sporting Gijón,Sporting Gijón,C8142F,1a1a1a
soccer,379,soccer,Burnley,Burnley,6C1D45,00FFFF
soccer,380,soccer,Wolverhampton Wanderers,Wolverhampton Wanderers,fdb913,32A8DD
soccer,3802,soccer,AFC Wimbledon,AFC Wimbledon,0000d4,ffff00
soccer,3806,soccer,Slough Town,Slough Town,000000,000000
soccer,381,soccer,Norwich City,Norwich City,ffff00,1D428A
soccer,3812,soccer,SV Darmstadt 98,SV Darmstadt 98,003399,fafafc
soccer,382,soccer,Manchester City,Manchester City,99c5ea,000000
soccer,3822,soccer,Rio Ave,Rio Ave,3b8649,FF621A
soccer,3829,soccer,Chorley,Chorley,000000,aeeaff
soccer,383,soccer,West Bromwich Albion,West Bromwich Albion,091453,ffff00
soccer,384,soccer,Crystal Palace,Crystal Palace,0202fb,000000
soccer,3841,soccer,FC Augsburg,FC Augsburg,ffffff,03915c
soccer,3842,soccer,Cádiz,Cádiz,ffff00,1a1a1a
soccer,3849,soccer,FC Erzgebirge Aue,FC Erzgebirge Aue,5d2c7a,fbf9fc
soccer,385,soccer,Portsmouth,Portsmouth,0000fa,1a1a1a
soccer,3850,soccer,Krylia Sovetov,Krylia Sovetov,6c7ad3,a6110a
soccer,3851,soccer,Rubin Kazan,Rubin Kazan,8E003B,378464
soccer,3852,soccer,Rostov,Rostov,000054,ffff00
soccer,386,soccer,Grimsby Town,Grimsby Town,1a1a1a,0e00f7
soccer,387,soccer,Bradford City,Bradford City,890000,ffffff
soccer,388,soccer,Coventry City,Coventry City,87cced,ffffff
soccer,3887,soccer,Wealdstone,Wealdstone,000000,000000
soccer,389,soccer,Gillingham,Gillingham,000099,C60000
soccer,3891,soccer,Fleetwood Town,Fleetwood Town,C8142F,ffff00
soccer,3897,soccer,Eastleigh,Eastleigh,0000FF,e1e1e1
soccer,390,soccer,Milton Keynes Dons,Milton Keynes Dons,ffffff,ff4f00
soccer,391,soccer,Millwall,Millwall,091453,007066
soccer,392,soccer,Birmingham City,Birmingham City,0000fa,fe5442
soccer,3929,soccer,FC Spartak Trnava,FC Spartak Trnava,000000,C60000
soccer,393,soccer,Nottingham Forest,Nottingham Forest,c8102e,1B3624
soccer,394,soccer,Preston North End,Preston North End,ffffff,87cced
soccer,3943,soccer,Cittadella,Cittadella,990000,CCCCCC
soccer,395,soccer,Watford,Watford,ffff00,1D428A
soccer,3952,soccer,Padova,Padova,aa0001,1a1a1a
soccer,3956,soccer,Pisa,Pisa,1a1a1a,1a1a1a
soccer,396,soccer,Crewe Alexandra,Crewe Alexandra,C8142F,FECD32
soccer,397,soccer,Barnsley,Barnsley,f42727,065035
soccer,3975,soccer,Juve Stabia,Juve Stabia,000000,000000
soccer,398,soccer,Sheffield United,Sheffield United,f42727,1D428A
soccer,3988,soccer,Carrarese,Carrarese,000000,000000
soccer,399,soccer,Sheffield Wednesday,Sheffield Wednesday,0000ff,ff4f00
soccer,3991,soccer,Mantova,Mantova,FF0000,FF0000
soccer,3997,soccer,Sassuolo,Sassuolo,0fa653,ADAEB0
soccer,4,soccer,Belgrano (Córdoba),Belgrano (Córdoba),0060f0,1a1a1a
soccer,400,soccer,Stockport County,Stockport County,0000FF,ffffff
soccer,4007,soccer,Monza,Monza,C8142F,ffffff
soccer,401,soccer,Walsall,Walsall,C8142F,74f544
soccer,402,soccer,Rotherham United,Rotherham United,f42727,1a1a1a
soccer,403,soccer,Alloa Athletic,Alloa Athletic,F7AA25,C60000
soccer,4039,soccer,AEK Larnaca,AEK Larnaca,FDE100,008741
soccer,405,soccer,Stenhousemuir,Stenhousemuir,8E003B,C60000
soccer,4050,soccer,Cremonese,Cremonese,FF0000,ffffff
soccer,4055,soccer,US Avellino,US Avellino,1a1a1a,1a1a1a
soccer,4057,soccer,Frosinone,Frosinone,FACF08,ffffff
soccer,4059,soccer,Benevento,Benevento,C60000,FFFF00
soccer,406,soccer,Queen of the South,Queen of the South,000099,C60000
soccer,407,soccer,Stranraer,Stranraer,000099,C60000
soccer,408,soccer,Forfar Athletic,Forfar Athletic,000099,C60000
soccer,409,soccer,Hamilton Academical,Hamilton Academical,C60000,203d5c
soccer,411,soccer,Greenock Morton,Greenock Morton,000099,C60000
soccer,4128,soccer,Deportes Temuco,Deportes Temuco,212121,000000
soccer,4129,soccer,Everton CD,Everton CD,212121,000000
soccer,4130,soccer,Unión San Felipe,Unión San Felipe,C22222,C22222
soccer,4132,soccer,Unión Española,Unión Española,C22222,000000
soccer,4133,soccer,Cobresal,Cobresal,fd0000,fd0000
soccer,4134,soccer,Huachipato,Huachipato,023396,000000
soccer,4135,soccer,Rangers de Talca,Rangers de Talca,C22222,000000
soccer,4137,soccer,La Serena,La Serena,C22222,C22222
soccer,4138,soccer,Audax Italiano,Audax Italiano,046904,000000
soccer,4139,soccer,Universidad de Chile,Universidad de Chile,0232cc,000000
soccer,414,soccer,Montrose,Montrose,3366CC,C60000
soccer,415,soccer,Dumbarton,Dumbarton,F7AA25,C60000
soccer,4150,soccer,England U21,England U21,ffffff,CE132B
soccer,4153,soccer,New Zealand,New Zealand,273476,ffffff
soccer,416,soccer,Peterhead,Peterhead,000099,C60000
soccer,417,soccer,Stirling Albion,Stirling Albion,C8142F,C60000
soccer,4178,soccer,Republic of Ireland,Republic of Ireland,049a64,f58241
soccer,418,soccer,East Stirlingshire,East Stirlingshire,1a1a1a,C60000
soccer,420,soccer,Albion Rovers,Albion Rovers,F7AA25,C60000
soccer,4205,soccer,Liberia,Liberia,00205B,EF3340
soccer,4207,soccer,Ukraine U21,Ukraine U21,0074AB,C60000
soccer,4209,soccer,Belarus U21,Belarus U21,E70000,C60000
soccer,421,soccer,East Fife,East Fife,F7AA25,C60000
soccer,4211,soccer,Uganda,Uganda,FCDC04,D90000
soccer,4214,soccer,Zimbabwe,Zimbabwe,FFFF00,1D8348
soccer,422,soccer,Queen's Park,Queen's Park,1a1a1a,C60000
soccer,4231,soccer,Gabon,Gabon,00843d,4664B2
soccer,4236,soccer,Dartford,Dartford,000000,4679E6
soccer,4245,soccer,Botswana,Botswana,0099ff,000000
soccer,4257,soccer,Switzerland U21,Switzerland U21,ea2300,0081d6
soccer,4276,soccer,Congo,Congo,d50032,007fff
soccer,4277,soccer,Zambia,Zambia,00843d,EF7D00
soccer,4282,soccer,Iceland U21,Iceland U21,0000cd,C60000
soccer,4319,soccer,Sudan,Sudan,D20300,000000
soccer,432,soccer,Galatasaray,Galatasaray,aa0031,ffffff
soccer,4325,soccer,Malawi,Malawi,D20300,000000
soccer,433,soccer,Sparta Prague,Sparta Prague,791b29,ffffff
soccer,435,soccer,Olympiacos,Olympiacos,d01729,0202fb
soccer,4356,soccer,Togo,Togo,179354,C60000
soccer,436,soccer,Fenerbahce,Fenerbahce,ffff00,ffffff
soccer,4365,soccer,Sweden U21,Sweden U21,ffff00,0537e4
soccer,4366,soccer,Denmark U21,Denmark U21,ea2300,0081d6
soccer,437,soccer,FC Porto,FC Porto,0000dd,ffa000
soccer,4371,soccer,Spain U21,Spain U21,C60000,00a2e8
soccer,4375,soccer,Iraq,Iraq,FFFFFF,0A4D2E
soccer,4379,soccer,Germany U21,Germany U21,000000,378464
soccer,438,soccer,Rosenborg,Rosenborg,ffffff,000000
soccer,4380,soccer,Syria,Syria,E70000,000000
soccer,4381,soccer,Bahrain,Bahrain,d50032,FFFFFF
soccer,4384,soccer,Singapore,Singapore,ed2939,ffffff
soccer,4385,soccer,India,India,1e8943,f89939
soccer,4388,soccer,Lebanon,Lebanon,E70000,FFFFFF
soccer,4390,soccer,Maldives,Maldives,D21034,007E3A
soccer,4396,soccer,Thailand,Thailand,273476,dd2c33
soccer,4397,soccer,United Arab Emirates,United Arab Emirates,E70000,00732F
soccer,4398,soccer,Qatar,Qatar,691a40,FFFFFF
soccer,440,soccer,Dynamo Kyiv,Dynamo Kyiv,ffffff,0000bf
soccer,4405,soccer,SC Rheindorf Altach,SC Rheindorf Altach,000000,000000
soccer,441,soccer,Anderlecht,Anderlecht,695196,fafafc
soccer,4411,soccer,LASK Linz,LASK Linz,ffffff,000000
soccer,442,soccer,Lokomotiv Moscow,Lokomotiv Moscow,03501b,ffffff
soccer,4422,soccer,Palestino,Palestino,2a1b07,000000
soccer,4423,soccer,Puerto Montt,Puerto Montt,12592D,12592D
soccer,4426,soccer,FC Dordrecht,FC Dordrecht,307B64,091453
soccer,443,soccer,Panathinaikos,Panathinaikos,2b6a36,ffffff
soccer,4438,soccer,Castellón,Castellón,000000,000000
soccer,444,soccer,Estonia,Estonia,195ccd,ffffff
soccer,445,soccer,Cyprus,Cyprus,195ccd,ffffff
soccer,4469,soccer,Ghana,Ghana,fbd632,000000
soccer,447,soccer,Faroe Islands,Faroe Islands,ffffff,195ccd
soccer,4471,soccer,Karlsruher SC,Karlsruher SC,2563B8,2563B8
soccer,448,soccer,England,England,FFFFFF,EA1F29
soccer,449,soccer,Netherlands,Netherlands,fb5d00,fb5d00
soccer,4492,soccer,Gimnàstic de Tarragona,Gimnàstic de Tarragona,EF2000,000000
soccer,450,soccer,Czechia,Czechia,d7141a,ffffff
soccer,451,soccer,South Korea,South Korea,ce2028,9E82C8
soccer,4515,soccer,Mirandés,Mirandés,000000,C60000
soccer,452,soccer,Bosnia-Herzegovina,Bosnia-Herzegovina,112855,ffffff
soccer,453,soccer,Malta,Malta,DE2400,ffffff
soccer,454,soccer,Russia,Russia,e4181c,0036a7
soccer,455,soccer,Greece,Greece,295da8,ffffff
soccer,456,soccer,Latvia,Latvia,992242,ffffff
soccer,457,soccer,Ukraine,Ukraine,fede00,0c2fff
soccer,458,soccer,Finland,Finland,003580,ffffff
soccer,459,soccer,Belgium,Belgium,E30613,6ECFF6
soccer,460,soccer,Lithuania,Lithuania,ffe400,DE2918
soccer,461,soccer,Israel,Israel,2f4fa2,ffffff
soccer,462,soccer,Bulgaria,Bulgaria,d62612,ffffff
soccer,463,soccer,North Macedonia,North Macedonia,E70000,ddddea
soccer,464,soccer,Norway,Norway,C8102E,C8102E
soccer,465,soccer,Türkiye,Türkiye,ffffff,ef3340
soccer,466,soccer,Sweden,Sweden,fecb00,006aa7
soccer,467,soccer,South Africa,South Africa,FFB81C,0C562E
soccer,468,soccer,Slovakia,Slovakia,0c2fff,ffffff
soccer,4689,soccer,Eupen,Eupen,1a1a1a,cccccc
soccer,469,soccer,Iran,Iran,FFFFFF,da0000
soccer,4691,soccer,Zulte-Waregem,Zulte-Waregem,ff0000,000000
soccer,470,soccer,Iceland,Iceland,0c2fff,ffffff
soccer,4703,soccer,Salford City,Salford City,FF6600,000000
soccer,471,soccer,Poland,Poland,ffffff,dc143c
soccer,472,soccer,Slovenia,Slovenia,ffffff,0c2fff
soccer,473,soccer,Romania,Romania,fcd116,ce1126
soccer,474,soccer,Austria,Austria,d72b2c,000000
soccer,475,soccer,Switzerland,Switzerland,FF0000,BCECAC
soccer,476,soccer,Republic of Ireland,Republic of Ireland,049a64,f58241
soccer,477,soccer,Croatia,Croatia,ff0000,0c2fff
soccer,4771,soccer,Real Salt Lake,Real Salt Lake,a32035,daa900
soccer,4773,soccer,Portuguesa,Portuguesa,417505,DC0000
soccer,478,soccer,France,France,000080,C8E6D8
soccer,4786,soccer,Madureira,Madureira,6F1628,fafafa
soccer,4789,soccer,Ivory Coast,Ivory Coast,FF8200,FF8200
soccer,479,soccer,Denmark,Denmark,d02a3e,ffffff
soccer,480,soccer,Hungary,Hungary,ce2029,ffffff
soccer,4806,soccer,Volta Redonda,Volta Redonda,010101,fafafa
soccer,481,soccer,Germany,Germany,FFFFFF,00CED1
soccer,4811,soccer,Caracas FC,Caracas FC,E22B2D,fafafc
soccer,4812,soccer,Deportivo Cuenca,Deportivo Cuenca,fd0000,000000
soccer,4815,soccer,Atlético Junior,Atlético Junior,C60000,000055
soccer,4816,soccer,Liga de Quito,Liga de Quito,1c1d5c,000000
soccer,4817,soccer,Danubio,Danubio,0a0a0a,000000
soccer,4818,soccer,Deportivo Táchira,Deportivo Táchira,1a1a1a,F8DD00
soccer,482,soccer,Portugal,Portugal,da291c,0D6938
soccer,483,soccer,Moldova,Moldova,0046ae,ffd200
soccer,484,soccer,FCSB,FCSB,0000dd,dc1f26
soccer,4860,soccer,North Korea,North Korea,ea2300,0081d6
soccer,4861,soccer,Solomon Islands,Solomon Islands,0051BA,215B33
soccer,4862,soccer,Fiji,Fiji,ffffff,000000
soccer,4863,soccer,Tahiti,Tahiti,,
soccer,4864,soccer,Vanuatu,Vanuatu,C0102E,FFCD00
soccer,4875,soccer,Confiança,Confiança,265891,fafafa
soccer,488,soccer,Wisla Krakow,Wisla Krakow,000000,C60000
soccer,4883,soccer,Tonga,Tonga,c10000,FFFFFF
soccer,4884,soccer,Cook Islands,Cook Islands,00205B,EF3340
soccer,4885,soccer,Papua New Guinea,Papua New Guinea,000000,000000
soccer,4886,soccer,American Samoa,American Samoa,000066,BD1021
soccer,4887,soccer,Samoa,Samoa,002B7F,CE1126
soccer,4888,soccer,New Caledonia,New Caledonia,000000,000000
soccer,489,soccer,Hajduk Split,Hajduk Split,000000,000000
soccer,4895,soccer,Indonesia,Indonesia,E70000,FFFFFF
soccer,490,soccer,Levski Sofia,Levski Sofia,6182cf,fcfcfc
soccer,4909,soccer,Cianorte,Cianorte,1E2357,fafafa
soccer,492,soccer,Grasshoppers,Grasshoppers,5668d4,eae04b
soccer,4928,soccer,Fortaleza CEIF,Fortaleza CEIF,DC0000,265891
soccer,4929,soccer,Santa Cruz,Santa Cruz,C60000,000000
soccer,493,soccer,Shakhtar Donetsk,Shakhtar Donetsk,ff5900,1a1a1a
soccer,4935,soccer,Ypiranga,Ypiranga,FFD65A,004526
soccer,4936,soccer,Remo,Remo,265891,fafafa
soccer,4939,soccer,Czechia U21,Czechia U21,E70000,C60000
soccer,494,soccer,Slavia Prague,Slavia Prague,dc1f26,81c0ff
soccer,4956,soccer,Costa Rica U17,Costa Rica U17,EF0000,C60000
soccer,497,soccer,BATE Borisov,BATE Borisov,0b419b,ffff00
soccer,498,soccer,Dinamo Tbilisi,Dinamo Tbilisi,000099,000099
soccer,5,soccer,Boca Juniors,Boca Juniors,fcb000,0060f0
soccer,500,soccer,Olimpija Ljubljana,Olimpija Ljubljana,ffffff,000000
soccer,5002,soccer,Sarpsborg FK,Sarpsborg FK,000000,000000
soccer,502,soccer,HJK Helsinki,HJK Helsinki,0000ff,000099
soccer,504,soccer,Neftchi,Neftchi,000000,000000
soccer,5043,soccer,Östersunds FK,Östersunds FK,000000,000000
soccer,510,soccer,Viking FK,Viking FK,000080,ffffff
soccer,5159,soccer,England,England,ce1124,ffffff
soccer,5171,soccer,Japan U20,Japan U20,ed1c24,ffffff
soccer,5172,soccer,Mexico U20,Mexico U20,006847,ffffff
soccer,519,soccer,Rapid Vienna,Rapid Vienna,2b6a36,dc1f26
soccer,5194,soccer,Ukraine U20,Ukraine U20,fede00,0c2fff
soccer,5195,soccer,Panama U20,Panama U20,d21034,005293
soccer,5203,soccer,Chile U20,Chile U20,d3362a,23449c
soccer,5204,soccer,Spain U20,Spain U20,c60b1e,f1ff91
soccer,5209,soccer,Colombia U20,Colombia U20,fbd632,21418c
soccer,521,soccer,Slovan Bratislava,Slovan Bratislava,81c0ff,1a1a1a
soccer,5210,soccer,Italy U20,Italy U20,24923c,ffffff
soccer,5212,soccer,Nigeria U20,Nigeria U20,008751,ffffff
soccer,5218,soccer,Beitar Jerusalem,Beitar Jerusalem,C60000,C60000
soccer,523,soccer,Zalgiris Vilnius,Zalgiris Vilnius,000000,000000
soccer,5238,soccer,FK Rabotnicki,FK Rabotnicki,000000,000000
soccer,5239,soccer,Zrinjski Mostar,Zrinjski Mostar,000000,000000
soccer,524,soccer,Maccabi Tel-Aviv,Maccabi Tel-Aviv,ffff00,020202
soccer,525,soccer,Apollon Limassol,Apollon Limassol,161a2e,000000
soccer,526,soccer,SK Tirana,SK Tirana,000000,C60000
soccer,5260,soccer,CFR Cluj-Napoca,CFR Cluj-Napoca,94283f,ffffff
soccer,5263,soccer,Gimnasia y Esgrima (Jujuy),Gimnasia y Esgrima (Jujuy),0e5196,000000
soccer,5264,soccer,Atlético Nacional,Atlético Nacional,06933c,000000
soccer,5267,soccer,Alianza Atlético,Alianza Atlético,000000,000000
soccer,5268,soccer,Trujillanos,Trujillanos,B1381D,000000
soccer,5270,soccer,Tromso,Tromso,000000,000000
soccer,5276,soccer,Levadiakos,Levadiakos,000000,000000
soccer,529,soccer,IF Elfsborg,IF Elfsborg,ffef32,ff0900
soccer,5291,soccer,Almere City,Almere City,C60000,9df9f7
soccer,5308,soccer,Vitoria Setubal,Vitoria Setubal,3b8649,ffea01
soccer,5309,soccer,Vitória de Guimaraes,Vitória de Guimaraes,ffffff,000000
soccer,5321,soccer,Adelaide United,Adelaide United,ea413c,ffffff
soccer,5322,soccer,Perth Glory,Perth Glory,562D84,ffffff
soccer,5323,soccer,Newcastle Jets,Newcastle Jets,0000dd,ffffff
soccer,5325,soccer,Central Coast Mariners,Central Coast Mariners,f5fe05,104C94
soccer,5326,soccer,Brisbane Roar,Brisbane Roar,F5A12D,d3d3d3
soccer,5327,soccer,Sydney FC,Sydney FC,87cefa,fafafc
soccer,5328,soccer,Melbourne Victory,Melbourne Victory,104C94,d3d3d3
soccer,5351,soccer,Ivory Coast U17,Ivory Coast U17,d48c00,5bbd19
soccer,5362,soccer,Universidad de Concepción,Universidad de Concepción,0C4DA2,FBE805
soccer,5377,soccer,Brazil U17,Brazil U17,fee000,009c37
soccer,5379,soccer,Mexico U17,Mexico U17,006847,ffffff
soccer,5404,soccer,Ceuta,Ceuta,000000,000000
soccer,541,soccer,Partizan Belgrade,Partizan Belgrade,020202,ffffff
soccer,5413,soccer,Huesca,Huesca,000099,C60000
soccer,5419,soccer,FC Cartagena,FC Cartagena,000000,000000
soccer,542,soccer,Santa Coloma,Santa Coloma,000000,C60000
soccer,545,soccer,Rapid Bucuresti,Rapid Bucuresti,803033,000000
soccer,5463,soccer,Ponferradina,Ponferradina,000000,000000
soccer,5479,soccer,Real Cartagena,Real Cartagena,000000,000000
soccer,5480,soccer,Boyacá Chicó FC,Boyacá Chicó FC,0202db,000000
soccer,5481,soccer,Envigado FC,Envigado FC,EF7F02,000000
soccer,5484,soccer,Millonarios,Millonarios,0202db,000000
soccer,5485,soccer,Deportivo Pasto,Deportivo Pasto,fc0100,000000
soccer,5486,soccer,Deportivo Pereira,Deportivo Pereira,ffff00,ff0000
soccer,5487,soccer,Deportes Quindío,Deportes Quindío,000000,000000
soccer,5488,soccer,Independiente Santa Fe,Independiente Santa Fe,E33439,fafafc
soccer,5489,soccer,Deportes Tolima,Deportes Tolima,5b0528,000000
soccer,5490,soccer,Cerro,Cerro,6bc7f5,000000
soccer,5492,soccer,Liverpool,Liverpool,C60000,C60000
soccer,5501,soccer,Montevideo Wanderers,Montevideo Wanderers,1a1a1a,fafafc
soccer,551,soccer,FK Sarajevo,FK Sarajevo,000000,000000
soccer,5518,soccer,Cambodia,Cambodia,d50032,032EA1
soccer,552,soccer,Maritimo,Maritimo,008222,01e5db
soccer,5533,soccer,Madagascar,Madagascar,F9423A,00843D
soccer,5534,soccer,Mauritius,Mauritius,EA2839,00A551
soccer,557,soccer,St. Gallen,St. Gallen,007c27,FCD116
soccer,5570,soccer,Sport Boys,Sport Boys,ffadcc,000000
soccer,5579,soccer,Oud-Heverlee Leuven,Oud-Heverlee Leuven,048a28,000000
soccer,5583,soccer,Sportivo Luqueño,Sportivo Luqueño,212121,000000
soccer,5584,soccer,Nacional Asunción,Nacional Asunción,7CBDE7,000000
soccer,5585,soccer,Indiana Hoosiers,Indiana,990000,EEEDEB
soccer,5586,soccer,Wisconsin Badgers,Wisconsin,C4012F,000000
soccer,5587,soccer,Gonzaga Bulldogs,Gonzaga,041E42,C8102E
soccer,5588,soccer,Santa Clara Broncos,Santa Clara,862633,FFFFFF
soccer,5589,soccer,UCLA Bruins,UCLA,2D68C4,F2A900
soccer,559,soccer,Standard Liege,Standard Liege,cc272e,cccccc
soccer,5590,soccer,San Diego Toreros,San Diego,75BEE9,003B70
soccer,5591,soccer,Fairleigh Dickinson Knights,Fairleigh Dickinson,003F87,A32638
soccer,5592,soccer,Boston College Eagles,Boston College,98002E,BC9B6A
soccer,5593,soccer,Duke Blue Devils,Duke,003087,FFFFFF
soccer,5594,soccer,Long Island University Sharks,Long Island University,69B3E7,FFC72C
soccer,5595,soccer,Tulsa Golden Hurricane,Tulsa,003366,F5002E
soccer,5596,soccer,Oral Roberts Golden Eagles,Oral Roberts,002F60,CFB67C
soccer,5598,soccer,Penn State Nittany Lions,Penn State,041E42,FFFFFF
soccer,5599,soccer,Northwestern Wildcats,Northwestern,4E2A84,FFFFFF
soccer,560,soccer,Vardar,Vardar,da070e,000000
soccer,5601,soccer,St. John's Red Storm,St. John's,BA0C2F,041C2C
soccer,5602,soccer,Holy Cross Crusaders,Holy Cross,602D89,FFFFFF
soccer,5603,soccer,SMU Mustangs,SMU,0033A0,C8102E
soccer,5604,soccer,Notre Dame Fighting Irish,Notre Dame,0C2340,C99700
soccer,5605,soccer,UConn Huskies,UConn,000E2F,FFFFFF
soccer,5606,soccer,Saint Peter's Peacocks,Saint Peter's,0072CE,000000
soccer,5607,soccer,Ohio State Buckeyes,Ohio State,BB0000,666666
soccer,5608,soccer,Marquette Golden Eagles,Marquette,003366,FFCC00
soccer,5609,soccer,VCU Rams,VCU,000000,FFBA00
soccer,561,soccer,Varteks,Varteks,2D2F8D,F7F7F7
soccer,5610,soccer,North Carolina Tar Heels,North Carolina,7BAFD4,FFFFFF
soccer,5611,soccer,UC Riverside Highlanders,UC Riverside,2D6CC0,F1AB00
soccer,5612,soccer,Virginia Cavaliers,Virginia,232D4B,F84C1E
soccer,5613,soccer,Wake Forest Demon Deacons,Wake Forest,9E7E38,000000
soccer,5614,soccer,Portland Pilots,Portland,1E1656,FFFFFF
soccer,5615,soccer,Creighton Bluejays,Creighton,005CA9,00235D
soccer,5616,soccer,Cal State Fullerton Titans,Cal State Fullerton,00274C,FF7900
soccer,5617,soccer,Maryland Terrapins,Maryland,E03A3E,FFD520
soccer,5618,soccer,UC Santa Barbara Gauchos,UC Santa Barbara,003660,FEBC11
soccer,5619,soccer,San Diego State Aztecs,San Diego State,A6192E,000000
soccer,562,soccer,FC Vaduz,FC Vaduz,ff0900,000099
soccer,5620,soccer,Saint Louis Billikens,Saint Louis,003DA5,C8C9C7
soccer,5623,soccer,Monmouth Hawks,Monmouth,041E42,FFFFFF
soccer,5624,soccer,Boston University Terriers,Boston University,CC0000,2D2926
soccer,5626,soccer,Kansas City Kangaroos,Kansas City,005293,FECB00
soccer,5627,soccer,UNC Greensboro Spartans,UNC Greensboro,0f2044,ffb71b
soccer,5628,soccer,Charlotte 49ers,Charlotte,046A38,B9975B
soccer,5629,soccer,Clemson Tigers,Clemson,F56600,522D80
soccer,5630,soccer,Longwood Lancers,Longwood,041E42,FFFFFF
soccer,5631,soccer,Seton Hall Pirates,Seton Hall,004488,FFFFFF
soccer,5633,soccer,Quinnipiac Bobcats,Quinnipiac,0C2340,FFB81C
soccer,5634,soccer,Binghamton Bearcats,Binghamton,005A43,169B62
soccer,5635,soccer,Saint Joseph's Hawks,Saint Joseph's,9E1B32,BCBDC0
soccer,5636,soccer,Washington Huskies,Washington,4B2E83,B7A57A
soccer,5637,soccer,William & Mary Tribe,William & Mary,115740,B9975B
soccer,5638,soccer,Vermont Catamounts,Vermont,005710,FFC20E
soccer,5639,soccer,Army Black Knights,Army,D4BF91,B2B4B3
soccer,5640,soccer,Akron Zips,Akron,041E42,A89968
soccer,5641,soccer,Cleveland State Vikings,Cleveland State,006747,A89968
soccer,5642,soccer,NC State Wolfpack,NC State,CC0000,000000
soccer,5643,soccer,George Mason Patriots,George Mason,006633,FFCC33
soccer,5644,soccer,South Carolina Gamecocks,South Carolina,73000A,000000
soccer,5645,soccer,Georgetown Hoyas,Georgetown,041E42,8D817B
soccer,5647,soccer,Bradley Braves,Bradley,A50000,FFFFFF
soccer,5648,soccer,South Florida Bulls,South Florida,006747,CFC493
soccer,5649,soccer,College of Charleston Cougars,College of Charleston,76232F,000000
soccer,5650,soccer,Rutgers Scarlet Knights,Rutgers,CC0033,000000
soccer,5651,soccer,Missouri State Bears,Missouri State,5E0009,000000
soccer,5653,soccer,UNLV Rebels,UNLV,CF0A2C,CAC8C8
soccer,5654,soccer,Duquesne Dukes,Duquesne,091F40,D31245
soccer,5655,soccer,Loyola Chicago Ramblers,Loyola Chicago,582931,FDB913
soccer,5656,soccer,Northeastern Huskies,Northeastern,D41B2C,000000
soccer,5657,soccer,San Francisco Dons,San Francisco,00543C,FDBB30
soccer,5658,soccer,West Virginia Mountaineers,West Virginia,EAAA00,002855
soccer,5659,soccer,Old Dominion Monarchs,Old Dominion,00325B,A1D1F1
soccer,566,soccer,HB Torshavn,HB Torshavn,000000,C60000
soccer,5660,soccer,St. Bonaventure Bonnies,St. Bonaventure,54261A,FFFFFF
soccer,5661,soccer,Milwaukee Panthers,Milwaukee,000000,FFBD00
soccer,5662,soccer,Wright State Raiders,Wright State,046A38,CBA052
soccer,5663,soccer,Loyola Marymount Lions,Loyola Marymount,B62B3A,00447C
soccer,5664,soccer,Cal State Northridge Matadors,Cal State Northridge,CE1126,000000
soccer,5665,soccer,Elon Phoenix,Elon,73000a,b59a57
soccer,5666,soccer,Loyola Maryland Greyhounds,Loyola Maryland,00694E,CACAC8
soccer,5667,soccer,UC Irvine Anteaters,UC Irvine,0C2340,FFC72C
soccer,5669,soccer,Princeton Tigers,Princeton,FF6000,000000
soccer,5670,soccer,Memphis Tigers,Memphis,003087,898D8D
soccer,5671,soccer,UAB Blazers,UAB,1E6B52,CFC580
soccer,5672,soccer,Stanford Cardinal,Stanford,8C1515,4D4F53
soccer,5673,soccer,Purdue Fort Wayne Mastodons,Purdue Fort Wayne,000000,C28E0E
soccer,5674,soccer,Oregon State Beavers,Oregon State,DC4405,000000
soccer,5675,soccer,Lehigh Mountain Hawks,Lehigh,4B2913,CFAB7A
soccer,5676,soccer,Syracuse Orange,Syracuse,F76900,FFFFFF
soccer,5677,soccer,Mercer Bears,Mercer,CB5307,000000
soccer,5678,soccer,DePaul Blue Demons,DePaul,054696,E4002B
soccer,5679,soccer,Drake Bulldogs,Drake,003B73,FFFFFF
soccer,5681,soccer,Louisville Cardinals,Louisville,AD0000,000000
soccer,5682,soccer,Evansville Purple Aces,Evansville,52237F,F36F21
soccer,5684,soccer,Gardner-Webb Runnin' Bulldogs,Gardner-Webb,A6192E,000000
soccer,5685,soccer,Virginia Tech Hokies,Virginia Tech,630031,CF4420
soccer,5686,soccer,New Hampshire Wildcats,New Hampshire,041E42,BBBCBC
soccer,5687,soccer,Massachusetts MInutewomen,Massachusetts,881c1c,000000
soccer,5688,soccer,UNC Wilmington Seahawks,UNC Wilmington,003366,006666
soccer,5689,soccer,Bowling Green Falcons,Bowling Green,FE5000,4F2C1D
soccer,5690,soccer,Dayton Flyers,Dayton,ce1141,FFFFFF
soccer,5691,soccer,Florida International Panthers,Florida International,081E3F,B6862C
soccer,5693,soccer,UAlbany Great Danes,UAlbany,46166b,eeb211
soccer,5694,soccer,Davidson Wildcats,Davidson,BF0C26,000000
soccer,5695,soccer,Campbell Fighting Camels,Campbell,E87722,000000
soccer,5696,soccer,Temple Owls,Temple,9D2235,8A8D8F
soccer,5697,soccer,Oakland Golden Grizzlies,Oakland,000000,B59A57
soccer,5698,soccer,Columbia Lions,Columbia,003865,9BCBEB
soccer,5699,soccer,Belmont Bruins,Belmont,C8102E,00205B
soccer,570,soccer,Club Brugge,Club Brugge,0081ff,ffffff
soccer,5700,soccer,Villanova Wildcats,Villanova,002664,FFFFFF
soccer,5701,soccer,Michigan State Spartans,Michigan State,18453B,FFFFFF
soccer,5702,soccer,Providence Friars,Providence,000000,8A8D8F
soccer,5703,soccer,Kentucky Wildcats,Kentucky,0033A0,FFFFFF
soccer,5704,soccer,Pennsylvania Quakers,Pennsylvania,011F5b,990000
soccer,5705,soccer,Florida Atlantic Owls,Florida Atlantic,003366,CC0000
soccer,5706,soccer,California Golden Bears,California,003262,FDB515
soccer,5707,soccer,Manhattan Jaspers,Manhattan,00703C,FFFFFF
soccer,5708,soccer,Bucknell Bison,Bucknell,EF5B0C,003865
soccer,5709,soccer,Sacred Heart Pioneers,Sacred Heart,CD1041,FFFFFF
soccer,571,soccer,Glentoran,Glentoran,000000,000000
soccer,5710,soccer,Mount St. Mary's Mountaineers,Mount St. Mary's,002F6C,FFFFFF
soccer,5711,soccer,Yale Bulldogs,Yale,00356B,FFFFFF
soccer,5712,soccer,Xavier Muskateers,Xavier,0C2340,9EA2A2
soccer,5715,soccer,Fairfield Stags,Fairfield,E0143E,FFFFFF
soccer,5716,soccer,Georgia Southern Eagles,Georgia Southern,011E41,87714D
soccer,5717,soccer,Cornell Big Red,Cornell,B31B1B,5E3920
soccer,5718,soccer,Air Force Falcons,Air Force,003087,8A8D8F
soccer,5719,soccer,Georgia State Panthers,Georgia State,0039A6,FFFFFF
soccer,572,soccer,FC Midtjylland,FC Midtjylland,000000,ff0900
soccer,5720,soccer,IU Indianapolis Jaguars,IU Indianapolis,9D2235,DFD1A7
soccer,5721,soccer,Saint Mary's Gaels,Saint Mary's,06315B,D80024
soccer,5724,soccer,UIC Flames,UIC,091F40,AC1E2D
soccer,5726,soccer,Delaware Fightin' Blue Hens,Delaware,00539F,FFD200
soccer,5727,soccer,Hofstra Pride,Hofstra,003591,FDC82F
soccer,5729,soccer,UMBC Retrievers,UMBC,000000,FFC20E
soccer,5730,soccer,American University Eagles,American University,C4122E,005099
soccer,5731,soccer,Eastern Illinois Panthers,Eastern Illinois,003399,B2B2B2
soccer,5732,soccer,Denver Pioneers,Denver,8B2332,8B6F4B
soccer,5733,soccer,Robert Morris Colonials,Robert Morris,14234B,A6192E
soccer,5734,soccer,Drexel Dragons,Drexel,07294D,FFC600
soccer,5735,soccer,Michigan Wolverines,Michigan,00274C,FFCB05
soccer,5736,soccer,Western Illinois Leathernecks,Western Illinois,663399,FFCC00
soccer,5737,soccer,Dartmouth Big Green,Dartmouth,046A38,000000
soccer,5739,soccer,Furman Paladins,Furman,201547,582C83
soccer,5740,soccer,Northern Illinois Huskies,Northern Illinois,BA0C2F,000000
soccer,5741,soccer,Western Michigan Broncos,Western Michigan,6C4023,B5A167
soccer,5742,soccer,Sacramento State Hornets,Sacramento State,043927,c4b581
soccer,5743,soccer,Coastal Carolina Chanticleers,Coastal Carolina,006F71,A27752
soccer,5744,soccer,Pittsburgh Panthers,Pittsburgh,003594,FFB81C
soccer,5745,soccer,UC Davis Aggies,UC Davis,002855,B3A369
soccer,5746,soccer,Rhode Island Rams,Rhode Island,68ABE8,002147
soccer,5748,soccer,Butler Bulldogs,Butler,13294B,FFFFFF
soccer,5749,soccer,Brown Bears,Brown,381C00,E4002B
soccer,575,soccer,Brøndby IF,Brøndby IF,ffff00,43473d
soccer,5751,soccer,Liberty Flames,Liberty,990000,0A254E
soccer,5752,soccer,Cal Poly Mustangs,Cal Poly,000000,000000
soccer,5753,soccer,High Point Panthers,High Point,330072,FFFFFF
soccer,5754,soccer,Radford Highlanders,Radford,C2011B,808285
soccer,5755,soccer,NJIT Highlanders,NJIT,CC0000,071D49
soccer,5757,soccer,La Salle Explorers,La Salle,003057,F1C400
soccer,5758,soccer,Niagara Purple Eagles,Niagara,592c82,b2b2b2
soccer,5759,soccer,Wofford Terriers,Wofford,886E4C,000000
soccer,576,soccer,The New Saints,The New Saints,239B56,C60000
soccer,5760,soccer,Canisius Griffins,Canisius,0E2756,FFBA00
soccer,5761,soccer,George Washington Revolutionaries,George Washington,E5D19D,00264A
soccer,5763,soccer,Marist Red Foxes,Marist,C8102E,FFFFFF
soccer,5764,soccer,Siena Saints,Siena,006747,FFC20F
soccer,5765,soccer,Stetson Hatters,Stetson,006747,FFFFFF
soccer,5766,soccer,Lafayette Leopards,Lafayette,910029,FFFFFF
soccer,5767,soccer,Buxton,Buxton,000080,964B00
soccer,5774,soccer,Eritrea,Eritrea,43B02A,E4002B
soccer,5775,soccer,Djibouti,Djibouti,6AB2E7,12AD2B
soccer,5776,soccer,Somalia,Somalia,418FDE,FFFFFF
soccer,5777,soccer,Ethiopia,Ethiopia,078930,da121a
soccer,5778,soccer,Tanzania,Tanzania,0033a0,1EB53A
soccer,5779,soccer,Burundi,Burundi,D20300,1EB53A
soccer,578,soccer,Wales,Wales,E70000,174A3F
soccer,5780,soccer,Afghanistan,Afghanistan,000000,D32011
soccer,5781,soccer,Pakistan,Pakistan,01411c,ffffff
soccer,5782,soccer,Sri Lanka,Sri Lanka,EB7400,00534E
soccer,5783,soccer,Bangladesh,Bangladesh,006747,DA291C
soccer,5784,soccer,Bhutan,Bhutan,000000,000000
soccer,5785,soccer,Nepal,Nepal,E70000,000080
soccer,5786,soccer,KV Kortrijk,KV Kortrijk,ff0000,cccccc
soccer,579,soccer,Armenia,Armenia,DE2400,ffffff
soccer,580,soccer,Scotland,Scotland,1a2d69,de4e44
soccer,5807,soccer,Union St.-Gilloise,Union St.-Gilloise,FCEE33,ffffff
soccer,581,soccer,Azerbaijan,Azerbaijan,2D4AB0,ffffff
soccer,582,soccer,Luxembourg,Luxembourg,E70000,ffffff
soccer,5826,soccer,Pacific Tigers,Pacific,F47920,000000
soccer,583,soccer,Belarus,Belarus,ffffff,E70000
soccer,5830,soccer,UCF Knights,UCF,FFC904,000000
soccer,5838,soccer,Colgate Raiders,Colgate,862633,C8C7C7
soccer,584,soccer,Georgia,Georgia,ffffff,4a2942
soccer,5840,soccer,Harvard Crimson,Harvard,A51C30,FFFFFF
soccer,5847,soccer,Central Connecticut Blue Devils,Central Connecticut,1A4784,FFFFFF
soccer,585,soccer,Albania,Albania,E70000,ffffff
soccer,586,soccer,Northern Ireland,Northern Ireland,cc0000,ffffff
soccer,5869,soccer,Navy Midshipmen,Navy,00205B,C5B783
soccer,587,soccer,Andorra,Andorra,E70000,0000cd
soccer,588,soccer,San Marino,San Marino,00bfff,ffffff
soccer,589,soccer,Liechtenstein,Liechtenstein,0000cd,E70000
soccer,594,soccer,Liberec,Liberec,0000FF,FFFFFF
soccer,596,soccer,Dinamo Moscow,Dinamo Moscow,004bdb,eaeaea
soccer,597,soccer,Dinamo Zagreb,Dinamo Zagreb,0000bb,ccff00
soccer,598,soccer,1. FC Union Berlin,1. FC Union Berlin,DA0308,d4d4d4
soccer,6,soccer,Chacarita Juniors,Chacarita Juniors,000000,000000
soccer,6009,soccer,Lecco,Lecco,0000ff,0000ff
soccer,6014,soccer,Yemen,Yemen,CE1126,000000
soccer,6017,soccer,Aucas,Aucas,CA1524,000000
soccer,6037,soccer,Carabobo,Carabobo,000169,753000
soccer,6038,soccer,Estudiantes de Mérida,Estudiantes de Mérida,E32637,000000
soccer,6041,soccer,Monagas SC,Monagas SC,212121,000000
soccer,6046,soccer,Aurora,Aurora,00aae4,fafafc
soccer,6047,soccer,Blooming,Blooming,212121,000000
soccer,605,soccer,PAOK,PAOK,000000,ffffff
soccer,6051,soccer,Real Potosí,Real Potosí,0000ff,000000
soccer,606,soccer,KVC Westerlo,KVC Westerlo,005bd2,fffb00
soccer,607,soccer,Silkeborg IF,Silkeborg IF,000000,000000
soccer,6071,soccer,Antofagasta,Antofagasta,142e93,000000
soccer,6072,soccer,O'Higgins,O'Higgins,517ab7,000000
soccer,6077,soccer,Houston Dynamo FC,Houston Dynamo FC,ff6b00,101820
soccer,6079,soccer,Red Bull Bragantino,Red Bull Bragantino,000000,fafafc
soccer,6086,soccer,Botafogo,Botafogo,000000,fafafc
soccer,6087,soccer,Nova Iguaçu,Nova Iguaçu,fc7e01,000000
soccer,609,soccer,Sigma Olomouc,Sigma Olomouc,000000,000000
soccer,6097,soccer,2 de Mayo,2 de Mayo,000000,000000
soccer,6101,soccer,Cúcuta Deportivo,Cúcuta Deportivo,320101,ff0000
soccer,612,soccer,Torpedo Kutaisi,Torpedo Kutaisi,000000,000000
soccer,6137,soccer,Atlético Bucaramanga,Atlético Bucaramanga,212121,000000
soccer,614,soccer,Sheriff Tiraspol,Sheriff Tiraspol,1a1a1a,ffff00
soccer,615,soccer,Bohemians,Bohemians,000000,000000
soccer,6154,soccer,América Mineiro,América Mineiro,417505,fafafc
soccer,6167,soccer,Palestine,Palestine,CE1126,007A3D
soccer,617,soccer,Omonia Nicosia,Omonia Nicosia,025719,ffffff
soccer,619,soccer,NK Maribor,NK Maribor,391669,ffff00
soccer,6196,soccer,ASA,ASA,000000,fafafa
soccer,620,soccer,SK Brann,SK Brann,FF0000,32CD32
soccer,6214,soccer,Itabaiana,Itabaiana,000000,000000
soccer,6216,soccer,Slavia Sofia,Slavia Sofia,000000,000000
soccer,6219,soccer,Ceilândia,Ceilândia,000000,000000
soccer,622,soccer,Ferencvaros,Ferencvaros,239B56,000000
soccer,6229,soccer,Karpaty Lviv,Karpaty Lviv,000000,000000
soccer,624,soccer,Algeria,Algeria,4F9A44,FFFFFF
soccer,627,soccer,Japan,Japan,000555,000555
soccer,6270,soccer,Juventude,Juventude,417505,fafafc
soccer,6272,soccer,Fortaleza,Fortaleza,,
soccer,6273,soccer,Grêmio,Grêmio,0093EC,000000
soccer,628,soccer,Australia,Australia,FFCD00,FFCD00
soccer,632,soccer,Aldershot Town,Aldershot Town,C8142F,cdff00
soccer,633,soccer,Altrincham,Altrincham,C8142F,cdcdcd
soccer,635,soccer,Newport County,Newport County,FECD32,cdcdcd
soccer,6367,soccer,FC Ingolstadt 04,FC Ingolstadt 04,e62a2a,1a1a1a
soccer,640,soccer,Ebbsfleet United,Ebbsfleet United,C8142F,0000FF
soccer,6418,soccer,1. FC Heidenheim 1846,1. FC Heidenheim 1846,DA0308,003399
soccer,642,soccer,Barrow,Barrow,ffffff,deb887
soccer,6517,soccer,Czechia,Czechia,E70000,C60000
soccer,653,soccer,Angola,Angola,BE0027,C60000
soccer,654,soccer,Senegal,Senegal,FFFFFF,006436
soccer,6545,soccer,Varbergs BoIS FC,Varbergs BoIS FC,000000,000000
soccer,655,soccer,Saudi Arabia,Saudi Arabia,FFFFFF,125B34
soccer,656,soccer,Cameroon,Cameroon,197b63,fbd632
soccer,657,soccer,Nigeria,Nigeria,008751,ffffff
soccer,658,soccer,China,China,dd342c,ffe533
soccer,659,soccer,Tunisia,Tunisia,D20300,ffffff
soccer,660,soccer,United States,United States,213065,d42339
soccer,6640,soccer,Lesotho,Lesotho,0000cd,009543
soccer,6649,soccer,Belgium U17,Belgium U17,DE2918,FCD116
soccer,6672,soccer,Kristiansund BK,Kristiansund BK,000000,000000
soccer,6686,soccer,Eswatini,Eswatini,000000,E70000
soccer,6722,soccer,Macau,Macau,00795E,FBD20E
soccer,6723,soccer,Tajikistan,Tajikistan,E70000,006600
soccer,6724,soccer,Kyrgyz Republic,Kyrgyz Republic,E70000,E70000
soccer,6725,soccer,Namibia,Namibia,D20300,FFCE00
soccer,6726,soccer,Seychelles,Seychelles,002F6C,D92323
soccer,6741,soccer,Drogheda United,Drogheda United,000000,000000
soccer,6742,soccer,Valur Reykjavik,Valur Reykjavik,000000,000000
soccer,6748,soccer,Tobol Kostanay,Tobol Kostanay,000000,000000
soccer,6750,soccer,IK Start,IK Start,000000,000000
soccer,6756,soccer,Godoy Cruz Antonio Tomba,Godoy Cruz Antonio Tomba,0060f0,000000
soccer,6757,soccer,Serbia,Serbia,E70000,ffffff
soccer,6758,soccer,Mlada Boleslav,Mlada Boleslav,0000ff,ffffff
soccer,6762,soccer,Portuguesa,Portuguesa,010101,000000
soccer,6763,soccer,Zamora FC,Zamora FC,010101,000000
soccer,6770,soccer,Myanmar,Myanmar,E70000,34B233
soccer,6775,soccer,Montenegro,Montenegro,E70000,ffffff
soccer,6790,soccer,Atromitos,Atromitos,000000,000000
soccer,6800,soccer,Jacksonville Dolphins,Jacksonville,084E44,000000
soccer,6802,soccer,Fordham Rams,Fordham,95003A,FFFFFF
soccer,6804,soccer,James Madison Dukes,James Madison,450084,CBB677
soccer,6812,soccer,UNC Asheville Bulldogs,UNC Asheville,003DA5,000000
soccer,6814,soccer,Central Arkansas Bears,Central Arkansas,4F2D7F,818A8F
soccer,6816,soccer,Marshall Thundering Herd,Marshall,00B140,000000
soccer,6818,soccer,Iona Gaels,Iona,661E2B,EAAF0F
soccer,6820,soccer,VMI Keydets,VMI,AE122A,FFD619
soccer,6821,soccer,Stony Brook Seawolves,Stony Brook,990000,16243E
soccer,6822,soccer,Detroit Mercy Titans,Detroit Mercy,A6093D,002D72
soccer,6832,soccer,Almería,Almería,C8142F,1a1a1a
soccer,6851,soccer,Paris FC,Paris FC,000000,000000
soccer,6866,soccer,Progreso,Progreso,212121,000000
soccer,6870,soccer,Kasimpasa,Kasimpasa,000000,000000
soccer,6902,soccer,Shonan Bellmare,Shonan Bellmare,000000,000000
soccer,6907,soccer,TSV Hartberg,TSV Hartberg,000000,000000
soccer,6927,soccer,Winthrop Eagles,Winthrop,872434,FFC82E
soccer,6946,soccer,Ukraine U19,Ukraine U19,0074AB,fafafc
soccer,6978,soccer,Croatia U19,Croatia U19,AF0000,1D65AD
soccer,6994,soccer,Grenoble,Grenoble,005da3,000000
soccer,6997,soccer,Brest,Brest,ef2f24,ffffff
soccer,7,soccer,Colón (Santa Fe),Colón (Santa Fe),370000,C60000
soccer,7012,soccer,Rider Broncs,Rider,981E32,6C6F70
soccer,7013,soccer,VfL Osnabruck,VfL Osnabruck,000000,000000
soccer,7017,soccer,Dynamo Dresden,Dynamo Dresden,f2a71d,962807
soccer,7043,soccer,Rijnsburgse Boys,Rijnsburgse Boys,ffde00,6088ff
soccer,7044,soccer,IJsselmeervogels,IJsselmeervogels,de292e,F7AA25
soccer,7051,soccer,HHC Hardenberg,HHC Hardenberg,F7AA25,000000
soccer,7057,soccer,De Treffers,De Treffers,000000,ffffff
soccer,7059,soccer,Kozakken Boys,Kozakken Boys,ffffff,000000
soccer,7069,soccer,North Florida Ospreys,North Florida,00246B,D9D9D9
soccer,7077,soccer,Golden Arrows,Golden Arrows,008000,ffd700
soccer,7079,soccer,AmaZulu,AmaZulu,228b22,000000
soccer,7081,soccer,Kaizer Chiefs,Kaizer Chiefs,ffcc00,300089
soccer,7084,soccer,Mamelodi Sundowns,Mamelodi Sundowns,ffd700,228b22
soccer,7085,soccer,Orlando Pirates,Orlando Pirates,000000,C60000
soccer,7099,soccer,Polokwane City FC,Polokwane City FC,ff7f00,00ffff
soccer,7102,soccer,Gamba Osaka,Gamba Osaka,0105bc,ffffff
soccer,7104,soccer,Shimizu S-Pulse,Shimizu S-Pulse,ed561d,eebe21
soccer,7105,soccer,Oita Trinita,Oita Trinita,0066FF,FFFFFF
soccer,7107,soccer,Avispa Fukuoka,Avispa Fukuoka,000000,000000
soccer,7108,soccer,Nagoya Grampus,Nagoya Grampus,000000,C60000
soccer,7109,soccer,Cerezo Osaka,Cerezo Osaka,FFC0CB,FFFFFF
soccer,7111,soccer,JEF United Ichihara-Chiba,JEF United Ichihara-Chiba,000000,C60000
soccer,7112,soccer,Kawasaki Frontale,Kawasaki Frontale,b0d5fc,a8a003
soccer,7114,soccer,Sanfrecce Hiroshima,Sanfrecce Hiroshima,69519F,F9BED4
soccer,7115,soccer,Kashima Antlers,Kashima Antlers,EF0107,060040
soccer,7116,soccer,Yokohama F. Marinos,Yokohama F. Marinos,000000,000000
soccer,7120,soccer,Ulsan HD,Ulsan HD,0143c6,dbad08
soccer,7128,soccer,Al Ain,Al Ain,7300ec,000000
soccer,7129,soccer,AL GHARAFA AL GHARAFA,AL GHARAFA AL GHARAFA,000000,000000
soccer,7135,soccer,AL SADD,AL SADD,ffffff,000000
soccer,7137,soccer,Arema Indonesia,Arema Indonesia,000000,C60000
soccer,7138,soccer,Buriram United,Buriram United,000000,C60000
soccer,7151,soccer,Netherlands,Netherlands,ec2f00,003da5
soccer,7155,soccer,Chelmsford,Chelmsford,800000,FFFFFF
soccer,7156,soccer,Maidenhead United,Maidenhead United,000000,9932cc
soccer,7166,soccer,Annan Athletic,Annan Athletic,F7AA25,000000
soccer,7224,soccer,Isidro Metapán,Isidro Metapán,000000,C60000
soccer,7225,soccer,Alianza FC,Alianza FC,000000,C60000
soccer,7226,soccer,Águila,Águila,000000,C60000
soccer,7229,soccer,CD FAS,CD FAS,000000,C60000
soccer,7231,soccer,CD Municipal Limeño,CD Municipal Limeño,000000,C60000
soccer,7232,soccer,Luis Ángel Firpo,Luis Ángel Firpo,000000,C60000
soccer,7234,soccer,Pérez Zeledón,Pérez Zeledón,000000,000000
soccer,7237,soccer,Puntarenas FC,Puntarenas FC,000000,C60000
soccer,7239,soccer,Cartaginés,Cartaginés,000000,000000
soccer,7242,soccer,FC Motagua,FC Motagua,000000,000000
soccer,7243,soccer,Platense,Platense,000000,000000
soccer,7245,soccer,Real España,Real España,000000,000000
soccer,7249,soccer,Club Deportivo Marathón,Club Deportivo Marathón,000000,000000
soccer,7251,soccer,Suchitepequez,Suchitepequez,000000,000000
soccer,7252,soccer,Marquense,Marquense,000000,000000
soccer,7253,soccer,Antigua GFC,Antigua GFC,000000,000000
soccer,7254,soccer,Cobán Imperial,Cobán Imperial,000000,000000
soccer,7257,soccer,Comunicaciones,Comunicaciones,000000,000000
soccer,7258,soccer,Municipal,Municipal,000000,C60000
soccer,7259,soccer,Xelajú MC,Xelajú MC,000000,000000
soccer,7266,soccer,Lugo,Lugo,000000,000000
soccer,7268,soccer,Chinese Taipei,Chinese Taipei,FFFFFF,C60000
soccer,7279,soccer,Auckland City,Auckland City,0427CB,ABB2B9
soccer,7312,soccer,Melgar,Melgar,000000,C60000
soccer,7318,soccer,Toronto FC,Toronto FC,aa182c,a2a9ad
soccer,7320,soccer,Eldense,Eldense,000000,C60000
soccer,7347,soccer,Philippines,Philippines,1f449b,ce2931
soccer,7348,soccer,Laos,Laos,EF3340,003DA5
soccer,7349,soccer,Vietnam,Vietnam,E70000,FFCD00
soccer,7368,soccer,Gambia,Gambia,c8102e,0C1C8C
soccer,7369,soccer,Atletico Balboa,Atletico Balboa,000000,C60000
soccer,7385,soccer,Guaraní,Guaraní,C60000,000000
soccer,7388,soccer,Novo Hamburgo,Novo Hamburgo,0093EC,fafafa
soccer,7389,soccer,São José-RS,São José-RS,020042,fafafa
soccer,7391,soccer,São Luiz-RS,São Luiz-RS,C60000,fafafa
soccer,7427,soccer,Ñublense,Ñublense,C22222,C22222
soccer,7445,soccer,Internacional de Bogotá,Internacional de Bogotá,C5A065,000000
soccer,7466,soccer,Sportivo Trinidense,Sportivo Trinidense,000000,fafafc
soccer,7476,soccer,Kashiwa Reysol,Kashiwa Reysol,000000,000000
soccer,7477,soccer,Vissel Kobe,Vissel Kobe,000000,000000
soccer,7507,soccer,Turkmenistan,Turkmenistan,009f4d,FFFFFF
soccer,7521,soccer,Shandong Taishan,Shandong Taishan,C60000,C60000
soccer,7527,soccer,Al Rayyan,Al Rayyan,ef0e0e,fcfcfc
soccer,7531,soccer,CSA,CSA,265891,fafafa
soccer,7536,soccer,Finland,Finland,003580,ffffff
soccer,7632,soccer,Atlético-MG,Atlético-MG,000000,fafafc
soccer,7633,soccer,Náutico,Náutico,C60000,fafafc
soccer,7634,soccer,América-RN,América-RN,000000,000000
soccer,7635,soccer,Sport,Sport,C60000,000000
soccer,7640,soccer,FC Luzern,FC Luzern,0d3996,FCD116
soccer,7648,soccer,Konyaspor,Konyaspor,288A00,000000
soccer,7656,soccer,Caykur Rizespor,Caykur Rizespor,000000,000000
soccer,7657,soccer,Guadeloupe,Guadeloupe,509e2f,fff200
soccer,7672,soccer,FC Lugano,FC Lugano,000000,ffffff
soccer,7698,soccer,Neuchatel Xamax,Neuchatel Xamax,c80814,000000
soccer,7718,soccer,Concarneau,Concarneau,000000,000000
soccer,7719,soccer,Rodez Aveyron,Rodez Aveyron,a5042b,a5042b
soccer,7732,soccer,Dunkerque,Dunkerque,005a9c,000000
soccer,7751,soccer,Serbia U21,Serbia U21,c6363c,0d4077
soccer,7759,soccer,FC Differdange 03,FC Differdange 03,000000,000000
soccer,7764,soccer,Platense,Platense,000000,000000
soccer,7767,soccer,Tigre,Tigre,C60000,792DCD
soccer,7790,soccer,New Zealand U20,New Zealand U20,ea2300,0081d6
soccer,7825,soccer,Vojvodina,Vojvodina,000000,000000
soccer,7834,soccer,BK Häcken,BK Häcken,000000,f7ee09
soccer,7845,soccer,San Martín (San Juan),San Martín (San Juan),288A00,000000
soccer,7853,soccer,AGF,AGF,000000,000000
soccer,7858,soccer,Hamrun Spartans,Hamrun Spartans,C60000,000000
soccer,7860,soccer,Lyngby Boldklub,Lyngby Boldklub,000000,000000
soccer,7868,soccer,Angers,Angers,1a1a1a,ffffff
soccer,7869,soccer,Boulogne,Boulogne,fb2e29,fb2e29
soccer,7870,soccer,CD Malacateco,CD Malacateco,000000,000000
soccer,7878,soccer,Dender,Dender,000000,ffffff
soccer,7879,soccer,KV Mechelen,KV Mechelen,ff0000,cccccc
soccer,7884,soccer,Holstein Kiel,Holstein Kiel,0754ba,f9fbfc
soccer,789,soccer,Goztepe,Goztepe,000000,000000
soccer,7911,soccer,TSG Hoffenheim,TSG Hoffenheim,003399,000055
soccer,7914,soccer,Istanbul Basaksehir,Istanbul Basaksehir,ff6600,091453
soccer,7915,soccer,Llaneros FC,Llaneros FC,000000,000000
soccer,7922,soccer,Jablonec,Jablonec,025719,000000
soccer,793,soccer,Al Shabab,Al Shabab,FFAC1C,ffffff
soccer,7998,soccer,BG Tampines Rovers FC,BG Tampines Rovers FC,000000,C60000
soccer,8,soccer,Estudiantes de La Plata,Estudiantes de La Plata,C60000,288A00
soccer,8040,soccer,Lion City Sailors FC,Lion City Sailors FC,000000,C60000
soccer,8089,soccer,CSU Craiova,CSU Craiova,000000,C60000
soccer,8102,soccer,AS Trencin,AS Trencin,0b419b,E91514
soccer,8109,soccer,América de Cali,América de Cali,ff0000,000000
soccer,8110,soccer,Deportes Concepcion,Deportes Concepcion,800080,FFFFFF
soccer,8118,soccer,Sønderjyske Fodbold,Sønderjyske Fodbold,000000,000000
soccer,8141,soccer,Minsk,Minsk,000000,000000
soccer,8151,soccer,KF Shkëndija,KF Shkëndija,E91514,000000
soccer,8169,soccer,KuPS Kuopio,KuPS Kuopio,000000,000000
soccer,817,soccer,Al Nassr,Al Nassr,f7f316,1c31ce
soccer,8186,soccer,Coquimbo Unido,Coquimbo Unido,000000,FBE805
soccer,819,soccer,Flamengo,Flamengo,C60000,000000
soccer,8221,soccer,IF Brommapojkarna,IF Brommapojkarna,000000,DF1E1E
soccer,8222,soccer,GAIS,GAIS,009d58,ee293c
soccer,8239,soccer,Tianjin Jinmen Tiger,Tianjin Jinmen Tiger,C60000,C60000
soccer,8240,soccer,Henan,Henan,C60000,C60000
soccer,8249,soccer,Vikingur Reykjavik,Vikingur Reykjavik,C60000,ffffff
soccer,8281,soccer,FK Sutjeska,FK Sutjeska,000000,000000
soccer,8284,soccer,Dila Gori,Dila Gori,C60000,000000
soccer,8293,soccer,Persib,Persib,000000,C60000
soccer,83,soccer,Barcelona,Barcelona,990000,FCE38A
soccer,8346,soccer,Al Ahli,Al Ahli,078543,193b67
soccer,8352,soccer,Wellington Phoenix FC,Wellington Phoenix FC,f5fe05,000000
soccer,8354,soccer,Asteras Tripoli,Asteras Tripoli,000000,000000
soccer,8363,soccer,Al Ettifaq,Al Ettifaq,00b32c,E40010
soccer,8364,soccer,Al-Jazira,Al-Jazira,d34e52,000000
soccer,8365,soccer,Al Wasl,Al Wasl,000000,000000
soccer,8377,soccer,Esperance Sportive de Tunis,Esperance Sportive de Tunis,EF0107,6c8294
soccer,84,soccer,Mallorca,Mallorca,C8142F,ccff00
soccer,841,soccer,Kuwait,Kuwait,000000,CE1126
soccer,8412,soccer,Argentina U17,Argentina U17,74acdf,173e69
soccer,8414,soccer,South Korea U17,South Korea U17,ce2028,1e4384
soccer,8415,soccer,France U17,France U17,002f79,ffffff
soccer,8416,soccer,Juventud,Juventud,023396,023396
soccer,8419,soccer,Honduras U17,Honduras U17,0081d6,dabf00
soccer,8420,soccer,Japan U17,Japan U17,ed1c24,ffffff
soccer,8422,soccer,New Zealand U17,New Zealand U17,000000,EF0107
soccer,8425,soccer,Tajikistan U17,Tajikistan U17,E70000,ffffff
soccer,8447,soccer,Córdoba,Córdoba,288A00,1a1a1a
soccer,8448,soccer,Racing Ferrol,Racing Ferrol,000000,000000
soccer,8451,soccer,South Africa U20,South Africa U20,087d5a,fbb516
soccer,8490,soccer,BVV Barendrecht,BVV Barendrecht,000000,C60000
soccer,8491,soccer,AFC,AFC,C60000,ffffff
soccer,8497,soccer,Quick Boys,Quick Boys,0000ff,ffffff
soccer,85,soccer,Celta Vigo,Celta Vigo,6cace4,004996
soccer,8503,soccer,Noordwijk,Noordwijk,de292e,6088ff
soccer,8506,soccer,Spakenburg,Spakenburg,ffffff,0000ff
soccer,8514,soccer,Police Tero,Police Tero,000000,C60000
soccer,8519,soccer,BG Pathum United,BG Pathum United,000000,C60000
soccer,8525,soccer,ES Setif,ES Setif,000000,000000
soccer,8544,soccer,IFK Norrköping,IFK Norrköping,00539f,9a8348
soccer,8547,soccer,IK Sirius,IK Sirius,d62612,000000
soccer,858,soccer,Saprissa,Saprissa,000000,000000
soccer,8580,soccer,Cal State Bakersfield Roadrunners,Cal State Bakersfield,3154A3,FDB913
soccer,859,soccer,AD San Carlos,AD San Carlos,000000,000000
soccer,8591,soccer,Tre Fiori,Tre Fiori,000000,c60000
soccer,8592,soccer,Tre Penne,Tre Penne,000000,C60000
soccer,8594,soccer,Fiorita,Fiorita,000000,C60000
soccer,8599,soccer,Green Bay Phoenix,Green Bay,006633,000000
soccer,86,soccer,Real Madrid,Real Madrid,ffffff,1B4D3E
soccer,8600,soccer,Sierra Leone,Sierra Leone,1EB53A,0072C6
soccer,8601,soccer,Comoros,Comoros,3d8e33,ffc61E
soccer,8602,soccer,Guinea-Bissau,Guinea-Bissau,EF3340,009739
soccer,862,soccer,Herediano,Herediano,000000,000000
soccer,8625,soccer,Wydad AC,Wydad AC,e5370b,000000
soccer,8663,soccer,Mongolia,Mongolia,c4272F,F9CF02
soccer,8664,soccer,Timor-Leste,Timor-Leste,000000,DC241F
soccer,87,soccer,Racing Santander,Racing Santander,ffffff,3B6C1A
soccer,8726,soccer,Lipscomb Bisons,Lipscomb,F4AA00,331E54
soccer,874,soccer,Corinthians,Corinthians,000000,fafafc
soccer,88,soccer,Espanyol,Espanyol,3366CC,C8142F
soccer,884,soccer,Club Deportivo Olimpia,Club Deportivo Olimpia,000000,000000
soccer,885,soccer,Universidad Católica,Universidad Católica,0a4f8d,000000
soccer,887,soccer,AEK Athens,AEK Athens,ffff00,000000
soccer,8897,soccer,SC East Bengal,SC East Bengal,000000,C60000
soccer,89,soccer,Real Sociedad,Real Sociedad,3366CC,000000
soccer,8931,soccer,Correcaminos UAT,Correcaminos UAT,e4370c,000000
soccer,8937,soccer,Niger,Niger,E05206,0DB02B
soccer,8938,soccer,Equatorial Guinea,Equatorial Guinea,d50032,ffd700
soccer,8939,soccer,Mozambique,Mozambique,D20300,FFD100
soccer,8940,soccer,Mauritania,Mauritania,00843d,D01C1F
soccer,8941,soccer,Chad,Chad,002664,FECB00
soccer,8942,soccer,Anguilla,Anguilla,012169,FF9900
soccer,8950,soccer,Defensa y Justicia,Defensa y Justicia,ffff00,288A00
soccer,9,soccer,Gimnasia La Plata,Gimnasia La Plata,288A00,0060f0
soccer,90,soccer,Deportivo,Deportivo,3366CC,000000
soccer,900,soccer,Boavista,Boavista,87764e,000000
soccer,9028,soccer,Rayo Majadahonda,Rayo Majadahonda,000000,000000
soccer,9078,soccer,Alanyaspor,Alanyaspor,000000,000000
soccer,909,soccer,F.C. København,F.C. København,ffffff,1a1a1a
soccer,91,soccer,Real Zaragoza,Real Zaragoza,000099,1a1a1a
soccer,9104,soccer,Pendikspor,Pendikspor,000000,000000
soccer,9169,soccer,Mirassol,Mirassol,FEDC00,417505
soccer,92,soccer,Real Oviedo,Real Oviedo,e23627,ffd200
soccer,9280,soccer,Truro City,Truro City,BF1829,FFFFFF
soccer,9283,soccer,Universidad Católica (Quito),Universidad Católica (Quito),0a4f8d,000000
soccer,929,soccer,Al Hilal,Al Hilal,1c31ce,e3e4ed
soccer,9292,soccer,Técnico Universitario,Técnico Universitario,212121,000000
soccer,93,soccer,Athletic Club,Athletic Club,C8142F,000000
soccer,9318,soccer,Chapecoense,Chapecoense,417505,fafafc
soccer,9322,soccer,Villarreal B,Villarreal B,000000,C60000
soccer,936,soccer,Sint-Truidense,Sint-Truidense,f8ea2c,000000
soccer,9371,soccer,Cruz Azul Hidalgo,Cruz Azul Hidalgo,000000,C60000
soccer,938,soccer,Racing Genk,Racing Genk,0000ff,cccccc
soccer,94,soccer,Valencia,Valencia,ffffff,FF6F00
soccer,9460,soccer,Uberlândia,Uberlândia,417505,fafafc
soccer,9497,soccer,Guabirá,Guabirá,212121,C60000
soccer,95,soccer,Real Valladolid,Real Valladolid,7a2d9d,ffffff
soccer,9531,soccer,Portugal,Portugal,006600,da291c
soccer,96,soccer,Alavés,Alavés,0000ff,FFC0CB
soccer,9657,soccer,Piast Gliwice,Piast Gliwice,000000,C60000
soccer,9681,soccer,Concordia Chiajna,Concordia Chiajna,000000,C60000
soccer,9693,soccer,Pohang Steelers,Pohang Steelers,000000,C60000
soccer,97,soccer,Osasuna,Osasuna,cd0000,ffffff
soccer,9707,soccer,Fortuna Düsseldorf,Fortuna Düsseldorf,ffffff,1a1a1a
soccer,9720,soccer,CF Montréal,CF Montréal,003da6,c1c5c8
soccer,9723,soccer,Portland Timbers,Portland Timbers,2c5234,c99700
soccer,9726,soccer,Seattle Sounders FC,Seattle Sounders FC,2dc84d,0033a0
soccer,9727,soccer,Vancouver Whitecaps,Vancouver Whitecaps,ffffff,12284c
soccer,9729,soccer,Charleston Battery,Charleston Battery,000000,e9ed07
soccer,9739,soccer,Aldosivi,Aldosivi,288A00,ffff00
soccer,9740,soccer,Almirante Brown,Almirante Brown,000000,000000
soccer,9743,soccer,Ferro Carril Oeste,Ferro Carril Oeste,288A00,000000
soccer,9744,soccer,Independiente Rivadavia,Independiente Rivadavia,000061,000000
soccer,9747,soccer,Atletico Rafaela,Atletico Rafaela,0a82ab,C60000
soccer,9761,soccer,Alianza FC,Alianza FC,000000,ffff00
soccer,9762,soccer,Águilas Doradas,Águilas Doradas,ffff00,000000
soccer,9769,soccer,Itagüí Leones,Itagüí Leones,212121,C60000
soccer,977,soccer,Shanghai Shenhua,Shanghai Shenhua,C60000,C60000
soccer,9770,soccer,Tigres FC,Tigres FC,DD8603,000000
soccer,9773,soccer,Patriotas,Patriotas,ca0034,000000
soccer,9774,soccer,Real Santander,Real Santander,000000,C60000
soccer,9779,soccer,Spain U19,Spain U19,ea2300,dabf00
soccer,9780,soccer,Italy U19,Italy U19,195ccd,ffffff
soccer,9785,soccer,Atlético Tucumán,Atlético Tucumán,0093EC,C60000
soccer,9786,soccer,All Boys,All Boys,000000,C60000
soccer,98,soccer,Las Palmas,Las Palmas,ffff00,3366CC
soccer,9812,soccer,Girona,Girona,C60000,004996
soccer,9865,soccer,FC Carl Zeiss Jena,FC Carl Zeiss Jena,000000,C60000
soccer,9867,soccer,Preußen Münster,Preußen Münster,000000,C60000
soccer,987,soccer,Lillestrom,Lillestrom,e8e337,FF0000
soccer,989,soccer,FC Basel,FC Basel,C8142F,ffffff
soccer,99,soccer,Málaga,Málaga,b9e8f0,D19CA4
soccer,9902,soccer,Cerro Largo,Cerro Largo,000000,C60000
soccer,9903,soccer,Racing (Montevideo),Racing (Montevideo),107436,C60000
soccer,991,soccer,Beerschot,Beerschot,695196,f2ff00
soccer,994,soccer,AIK,AIK,c9ad00,003155
soccer,995,soccer,Kocaelispor,Kocaelispor,000000,000000
soccer,996,soccer,Genclerbirligi,Genclerbirligi,000000,e91b23
soccer,9965,soccer,ABC,ABC,000000,fafafc
soccer,9966,soccer,Avaí,Avaí,0093EC,fafafc
soccer,9967,soccer,Bahia,Bahia,C60000,0093EC
soccer,9969,soccer,Ceará,Ceará,010101,fafafc
soccer,997,soccer,Trabzonspor,Trabzonspor,5699eb,8E003B
soccer,9970,soccer,CRB,CRB,C60000,fafafc
soccer,9971,soccer,Criciúma,Criciúma,F8E71C,000000
soccer,9973,soccer,Vila Nova,Vila Nova,C60000,fafafc
soccer,9983,soccer,Jong PSV,Jong PSV,DF1B27,6ab4c9
soccer,9987,soccer,GVVV,GVVV,0000ff,ffde00
soccer,9999,soccer,Boston River,Boston River,212121,000000
ufl,125957,ufl,Michigan Panthers,Michigan,691c32,f4f4f4
ufl,126746,ufl,San Antonio Brahmas,San Antonio,2e363a,fce300
ufl,129043,ufl,Memphis Showboats,Memphis,12284c,f0f0f0
wbb,2097,cfb,Campbell Fighting Camels,Campbell,000000,
wbb,2097,mbb,Campbell Fighting Camels,Campbell,000000,
wbb,2097,wbb,Campbell Fighting Camels,Campbell,000000,
wbb,2330,mbb,Le Moyne Dolphins,Le Moyne,,
wbb,2330,wbb,Le Moyne Dolphins,Le Moyne,000000,
wbb,2385,cfb,Mercyhurst Lakers,Mercyhurst,000000,
wbb,2385,mbb,Mercyhurst Lakers,Mercyhurst,000000,
wbb,2385,ncaa_mhockey,Mercyhurst Lakers,Mercyhurst,,
wbb,2385,ncaa_whockey,Mercyhurst Lakers,Mercyhurst,,
wbb,2385,wbb,Mercyhurst Lakers,Mercyhurst,000000,
wbb,2453,cfb,North Alabama Lions,North Alabama,000000,
wbb,2453,mbb,North Alabama Lions,North Alabama,663399,
wbb,2453,wbb,North Alabama Lions,North Alabama,000000,
wbb,2598,wbb,Saint Francis Red Wolves,Saint Francis,a20012,000000
wbb,2627,cfb,Tarleton State Texans,Tarleton State,000000,
wbb,2627,mbb,Tarleton State Texans,Tarleton State,000000,
wbb,2627,wbb,Tarleton State Texans,Tarleton State,000000,
wbb,2815,cfb,Lindenwood Lions,Lindenwood,000000,
wbb,2815,mbb,Lindenwood Lions,Lindenwood,000000,
wbb,2815,ncaa_mhockey,Lindenwood Lions,Lindenwood,,
wbb,2815,ncaa_whockey,Lindenwood Lions,Lindenwood,,
wbb,2815,wbb,Lindenwood Lions,Lindenwood,000000,
wbb,2837,cfb,East Texas A&M Lions,East Texas A&M,000000,
wbb,2837,mbb,East Texas A&M Lions,East Texas A&M,000000,
wbb,2837,wbb,East Texas A&M Lions,East Texas A&M,000000,
wbb,284,cfb,Stonehill Skyhawks,Stonehill,000000,
wbb,284,mbb,Stonehill Skyhawks,Stonehill,000000,
wbb,284,ncaa_mhockey,Stonehill Stonehill,Stonehill,,
wbb,284,ncaa_whockey,Stonehill Skyhawks,Stonehill,,
wbb,284,wbb,Stonehill Skyhawks,Stonehill,000000,
wbb,2856,mbb,California Baptist Lancers,California Baptist,000080,
wbb,2856,wbb,California Baptist Lancers,California Baptist,000000,
wbb,2900,cfb,St. Thomas Tommies,St. Thomas,000000,
wbb,2900,mbb,St. Thomas Tommies,St. Thomas,000000,
wbb,2900,ncaa_mhockey,St. Thomas Tommies,St. Thomas,,
wbb,2900,ncaa_whockey,St. Thomas-Minnesota Tommies,St. Thomas-Minnesota,,
wbb,2900,wbb,St. Thomas Tommies,St. Thomas,000000,
wbb,3101,cfb,Utah Tech Trailblazers,Utah Tech,000000,
wbb,3101,mbb,Utah Tech Trailblazers,Utah Tech,000000,
wbb,3101,wbb,Utah Tech Trailblazers,Utah Tech,000000,
wbb,88,mbb,Southern Indiana Screaming Eagles,Southern Indiana,,
wbb,88,wbb,Southern Indiana Screaming Eagles,Southern Indiana,000000,
wbb,91,mbb,Bellarmine Knights,Bellarmine,000000,
wbb,91,wbb,Bellarmine Knights,Bellarmine,000000,
xfl,112646,xfl,D.C. Defenders,D.C.,c8102e,a2aaad
xfl,112647,xfl,Arlington Renegades,Arlington,69b3e7,ba0c2f
xfl,112648,xfl,Houston Roughnecks,Houston,0c2340,ba0c2f
xfl,112649,xfl,Los Angeles Wildcats,Los Angeles,,
xfl,112650,xfl,New York Guardians,New York,,
xfl,112651,xfl,St. Louis Battlehawks,St. Louis,002677,a2aaad
xfl,112653,xfl,Tampa Bay Vipers,Tampa Bay,,
xfl,126746,xfl,San Antonio Brahmas,San Antonio,2e363a,a2aaad
xfl,126747,xfl,Vegas Vipers,Vegas,e10600,373a36
xfl,126748,xfl,Orlando Guardians,Orlando,1a2b1e,a3a6ad
