league,team_id,primary,secondary,sha256
aaf,719,#144734,#ffb71b,d4bdb2c1c7fc6e49d8a3815ef4908b119b5d143300e5b8f2208696c67f2bfe9c
aaf,720,#c5b683,#ffffff,0369cfbe77363cc331303cd0c3663586596dbb9e0164d779612dd7cd4cff0b19
aaf,721,#79858b,#c7c7c7,be42a8e11eb375961dc538279643334234970054f57fe44b889f60b093e76cd0
aaf,722,#0b2240,#cf152d,1afbb80e2751dab8cd8466103ac0c7dedee0942df7c8a15d68135ac9bfc85841
aaf,723,#0b2240,#fc5000,fe04a4e83c568ebb5acbdd0374440aeaad10f3f0791f0c63e6ed337232ca9940
aaf,724,#0033a0,#3c97cb,838c0d1abc0b04c8b47cf79f1b5b0a4b22ed2da22930d8f2fb2b44521fdcdb6a
aaf,725,#691b33,#cf152d,ba59450d62ced0db7bb82e7cea40594b7b1e6b879ec66c650645713cfdbbfa20
aaf,726,#303e48,#fec526,ff7d80caaa67b931b0095435faf2f6fe934ed3f9c97940488460cf73b504e7d9
ahl,307,#202458,#ec151c,cf392a3ccd20b31433eb869776b19b78578bc759f16d90d3b7159a6dd7d13d5f
ahl,309,#fcaa07,#483b1f,e6e1b180fee18a5bf6a7e3a37781c6e64bcdf3959d4e492cc8f9b9e0df9b5309
ahl,310,#be2d39,#1f1f20,15309a652b38c0a4f22a84b3cf5ea8c871ec275f9c0dd97a66703a42ab1a045b
ahl,311,#53526d,#c85a67,24edbfce06dd912756ff55c1d298e72ceb275f7143b0a53d80351eff96f8d729
ahl,312,#022e63,#d71734,c8a81dfdcd56ac09b8c5d94f8e5a9a0c280fbe8c7542e299845e7de1746c7e63
ahl,313,#f68129,#e1ab82,41d2d85ce240717f7fa09e3294f300ad7e5c7524897810463fc8d54fa3d006f3
ahl,314,#e80215,#deb096,b8e3ab8038454c9c221781c6e6ca635a8f9be7f97e1f10b8d3b6cf20968dcc27
ahl,315,#45342d,#ddab54,6f27541fe842a4739c51381fb2949aa4c3b763bc3bf447135a6e824ae3b2c68f
ahl,316,#feba21,#951f20,053c919e9baad6a7c78999ae7b660fc08344a3370532198706377300f65dbc17
ahl,317,#00468c,#366b9e,b11b3d274f26c9d8fe42b0f08e3b8aa09d95a25dcf29bd7373dde5e4f70629a4
ahl,318,#d2454b,#4c949a,327d5872640e32e53a54fe9e4217128fab19f8513f6d3887d138696059d48658
ahl,319,#402a2e,#704f47,5e11f157d0913a1110035fd11b2d4d5c594c4dac9e5e148cdbf7f0c12439d74f
ahl,321,#002d62,#055795,016fee71f1085c76865710340235e70c24fd6f74c6b7c28fc971c5fc37b82e34
ahl,323,#011689,#cf152d,368a9aecabe2c1dcf5df23bfc61729dabfe9127f521b529233f5b09221b96aa6
ahl,324,#003e7f,#376190,a768fac455aa1044a88bcdac4528af2cd0fac912b248ae6ce9e0a234c4f52635
ahl,325,#036188,#193d4d,cec40e1d799b18e4d0bdc266f2cd19611db26c57d186e5a57540d6872794a10e
ahl,326,#b86914,#002173,852cf70ef5ebacd76006c995129bd690de5bdcff7253b562037fb8af5fbb9b42
ahl,327,#90b3cf,#002d62,a5f61c31e155827f9ad6a46be04baef7222a982c45a0db660dd537f46cf7ed48
ahl,328,#77613e,#342f2c,5a7d4105c7417933bc2a4054ac0e0eada6f594e303386f29bfa29a72af49aa1b
ahl,329,#015836,#231f20,a0d42d04ce520119b950087a8ebb10b62830c563e5ced7ed4661ee2e2594bac1
ahl,330,#000000,#929286,51c440567071cd8420b0f04c841e13791487feb8643324a364baee70333d0f85
ahl,331,#000000,#c5cace,2e9b86d90e0de802e67ce23871eadfc5ebf19f8b799c07deaaa7ce4cd7ff6493
ahl,334,#013f68,#e5b054,9f3b35175a21ba8c5b88df278554c97fbd642ff8fdfa69e54770fb40381b8f8b
ahl,335,#003e7e,#55779b,41703b976a70a87277eeede13b01ccea2701958a20150ca236cf5972267742b5
ahl,336,#b2a07c,#006148,198a3ffdfe3057873a48fe66c90702a7a96347962564c344b9432c8779328f2b
ahl,337,#644b37,#cc984a,f98cb92735b80d32137c5a4c7a2adec21c2a925b4fa8533f65bf513b2411b7cf
ahl,344,#919497,#000000,b4ee6cce494574ba8c660f05fff442cbb6aa11b4a5670757a2d3b70e00ce9849
ahl,370,#02667f,#413734,1d6d08c4778d23e65ee1b702eebbd962699e6e17816648ee42135dc306173e5b
ahl,371,#db0425,#e5aa2d,faf15532bade211de67e337030dbb34fdb64039dbbc77d4143e42a5db4b932c9
ahl,372,#2c2323,#d91f33,9932fd6224f2047b3d1fb811ba892607ff2145dd576da8a3f1a30ebfd008bb0e
ahl,373,#bc9856,#005c8f,532f550d6bf4ec039e52b230ac48cdee8bcf36bed32db58c1e0f3228264a21ff
ahl,375,#bb0011,#a3b1b1,b7aba3bf09c6388ea11066f846473c67399200024b21aca6e49fa5f2944b0b1c
ahl,379,#000000,#a9acad,3b70c3e6717e56e95d8ca8317816799de6cf7e6535568911c9bcd18ac9d0d660
ahl,380,#0e8242,#2b3b31,98d7ed9ba355d53d9e32b0e508faeb36610dca9008c81df6da260fcfbf59fb16
ahl,383,#011436,#96675e,536b97017a4822b6a2873691151a4256ac9aabd6b0b59dd541a1b55aaa64c059
ahl,384,#dc0019,#000700,9caae79bd10e4997138a0d8dc33e85f7f216c4a066ffecf9b1f05dc8e82eda48
ahl,387,#1d275d,#ac212e,95d1b72ba6a181fa64e993728ceb6a46e758326b916c383a1a2b5f343856e9e6
ahl,389,#00512f,#f0e2c6,06d59db906b21cf70df2f8e8f117d1ddc1e711540b23482abc6b0d5ddba76403
ahl,390,#d42233,#000000,9d6856bae30219a4ec0b7e2a17bbeaba2a3c7310e0d720d9846140c664d1686a
ahl,395,#1fbfc9,#063873,94b527b7a395e0f897d5d8ccedd82d0fbd157687157cf35bbb4f44548be01c21
ahl,396,#0a1f50,#8b6c59,cd1c5cc43f613ebf20780b78faafb82ff545755711934e4d29be7f63d5410483
ahl,397,#002f87,#44619e,6582ea73fb0ddf841defe1f35a93ab3178a6e539308847590f222b5b7213ed05
ahl,398,#514356,#d9c7a0,77c5b5143a7ebb0b76f66cddc7b48a52fc3756ab786609984985ab1452c999a8
ahl,399,#a97e34,#94042d,139d9e4fc05b180fbbe7036d65619aa28887cf78296f12fafdc58561b9ff7f96
ahl,400,#cb0111,#9f683f,967f6d3f3cd59a8d7d5715f4b67dde6ae256dffc7d2a75c528e732caa525f3ae
ahl,402,#fb4210,#06205c,e165192b6ae060e74b6017da6809442917482c66a13da567f6d4176c7b27aefe
ahl,403,#fcb426,#5a3e98,a61e6bade089dfc5ad2cee4e772ca3276945fa9dbd28c2c8d2941fc0e02615be
ahl,404,#f47937,#298bb9,125fc9d42d28cfdec88ab1a5c33ce9c63b6ac0fa8450e591e0d7bb7d4079a197
ahl,405,#00788a,#7da7af,c36aec907e303cd0782a25344ee8e80b24ac5b8eae36e4e58517eefec5592d47
ahl,406,#cb0211,#a3693a,07ecc98e8a544642fd6a42f45f03a9016958b2ff899138f1571916b0b58814cb
ahl,411,#091f40,#0063a7,8b2834cd7545c017d2c6387cc6c526e95a052ddf8c5c44a617c8768dd074d3e1
ahl,412,#7a0023,#ae754d,71fa390616fb74d67c200bc2734f330e5ea8a2073276371a4b2a8191c181934a
ahl,413,#ca2030,#a24f57,12a17c6465b575dc4304b70f7bcfa0cad8dd35796139531ed3cd4cafdc6a3bb1
ahl,414,#d31c2e,#000000,3896eb9d03de811c4290ef2ab3cd738ca5b62213fec4fd3bc8f4fa65edb06b7a
ahl,415,#222a62,#9ea2bb,a6588d8fad882afa3cb303f194a096525addb9f0fa321e55ebbb3c78f8707e17
ahl,419,#fad566,#31364e,1e0259f5cd554e9c8e3c67b79656042c83cd260d79c8d5bc7026f1d76fa81214
ahl,437,#000000,#5a5c5f,868ed0eb04a66be001058d7275763c6d51908059dcb3a2122a20cbc8c1e4eeb4
ahl,440,#002d56,#007237,a9980e18f3f3a274655f21673c2105c1151cebfa48720788733fc3548b02bf75
ahl,444,#cf152d,#f1bd48,ec7a121bf1013a244a4cbc1b7006ffac91834f5cce35ad0114bb3909eff010e1
ahl,445,#c8102e,#ff6a1d,4778d977621e789edd52805aa279bbfa1c72de6337281841a7dfdf97d4424334
ahl,457,#00468c,#ef6622,1a98ef2fd1ce83735a791aee8fa783cb8ed1748ab49b0ec01e23dff4115e9dd9
cfb,101,#bca02d,#56472a,d9a709387644029feebe6e0b47b52c69e5b697c1c90e58af8b9d315f3e1bc6a9
cfb,101442,#8a2432,#300e12,7af2c79cffb69088c135be2cd2b29c93d9078eb78bd02c82068cf5f1e84e856c
cfb,101784,#701931,#010101,f8e54fe126c7bbe1b79f179266109b286e73ade90d0ce1e0232dbf710b96b373
cfb,103,#8c2232,#bba38d,fa59bb32e732327db77cef6c70e32db5f0faf0d1b35a02abc482d1bc187c6036
cfb,107,#662e91,#301646,027c38dcc223cca09181ac4b0e56e1a84573a6f121d080b3bac8eea614776d9a
cfb,108,#a31f37,#feffff,4018648beaa1f1f51c97abb92ccf3d658dc976de28a27d069a28f1127e99c1d3
cfb,109,#b20838,#231f20,47025a9de7af0ccf697262a9e45a65b6729638357ea32379bc4faf4632cb54c0
cfb,11,#860038,#face06,a92cb19ca671e830efce39635d442d425040c996d47c36bec228321584a80cc8
cfb,110,#212c62,#fed722,b9803f31aaedbba154f3426bb684360b700092fc9f6005b4f2d8b71549c00cc3
cfb,110242,#041e42,#0072cf,338906d689a09fea9b6066fe3ea76497c3d46b51ac0118922f3fd4cfff7cb59c
cfb,110243,#e35205,#000000,1620db245645532527aaf0ec55edcacbf8e216fd3f79da5d76666b27b8490a7a
cfb,110438,#43252a,#bababa,f1bd04cb2ba12a62e3a5996c039ac6d641c652db5a17b7cf45f34a75dfc0a92d
cfb,111610,#001681,#231f20,4c5ec742fe83f5e459c6cdeaff7207248c7b15f12a0249f74c4f96793454a814
cfb,111674,#9e053b,#dfa576,09f2b53ec03b75bde7ab860059f830d30ad28f38681941027ed516ba336fd3d0
cfb,111675,#0079c2,#292f35,7622dbeb3624ed3292024e6e868e46663f3c7c3d8da34e58491a996303e704fe
cfb,112,#3e8ede,#c6beb6,908da6ff0a4661c5102227e6eb7eed84e52b32067c2e0574d27997795d16a948
cfb,112334,#701931,#232021,669c17c74644b74a280eb804b81030f49fc61f4b00f5f432ef22437845d39e93
cfb,112335,#e31937,#e2735c,42d27dd812632d70335480dcbc5179cc385d662a44fb5072b5479eefd0fa4c8d
cfb,113,#881c1c,#8f6f6f,864546bd6d0bdf4432ae552d6e3ed405b6fc6e2a78a07f5654eec22e110789bb
cfb,114,#024d36,#fbbf16,e4bc99b57128feaab0ebbb8de457674b8c30bbdaa2272a40ddd857f1da15d970
cfb,118,#68aee0,#64747f,1b5cece634d47aa111906e40d976913de2e0d8a4ad6403de2960e1d144bd43d1
cfb,119,#fdba31,#918267,6d8fd528d556e620761fcbcdee982a68c66be5de1c2e4cbb498ce8b5847a2fbb
cfb,12,#06143d,#c00417,f01db22fd85d00eaf8f9b5952bc8e7c0b458beae33753c312cb54c5515f7c967
cfb,120,#ce1126,#f6dc41,9b1951d140a87972ecf1e0564c190db1755f46997c4393813281194e62c83d45
cfb,121,#a51e36,,82af0363b24c7257e649c7c692c9e2ad7949660469e2a3b4acf1ac0a056794c0
cfb,122666,#004684,#1e2f40,8ae7eec769bc54e9732d185b3ec10eaa7c34f4f56e08006f5881f80af2b1404a
cfb,122774,#001e4e,#804444,8a25c4687fea83dcc82c0268bafc06d740fd00adf008db1b37b9531d9cecd3bb
cfb,123086,#2a388c,#707499,e60f9b07f69bd85d7b1764873e6fb90c9b3ce85acaabc219326e41a947ae8f7e
cfb,124,#74233d,#aaaaab,2d312757344d438e8c2a1eff12669713a64b7867f042338f818e743dec3f7b79
cfb,124179,#a61d2f,#fcb71c,063d8da9266cd7b47651312c33637516f8640dfc6760fcea880cdf6a2cda19b3
cfb,124180,#0f1f43,#c5ad84,51bef62d8e93cc613f00fcdfc0c43964b12ea0f22cd8f96e790e8b881c9d1b2a
cfb,125,#0f298f,#686d86,909c3325d09c1360e890a76660caa59c19e38322ce3671424467c153d842e247
cfb,125974,#233f94,#828995,47d1811a3092fbe9a71d159caf60c6c6304d8e37e7ed01f287ed733395d7fe51
cfb,126,#ec6820,#41312a,73713379442edc58e6b8b2e17bef4d0a807d74238e481b649b5e8123ccfc2685
cfb,126086,#632d4f,#fd8404,621fbad3f3b628728cd068a44a06f227a8f083ad3566ec27c5353e6810c6b616
cfb,127,#173f35,,9e3005c55a99e3bfc69da7df2d7a66b4851c9710e33c2f328ed471bf37638474
cfb,127954,#6a1f32,#825a65,8ae347d90c8efc99b67e3b8b543aa99303637fcc34daa1ab5a6b158c3994cdfe
cfb,128,#0f553a,#ffc423,134cd5ad910aa076e66eb05cdb9d3aa2ea60e146603a1f6f662ab3a1f0422eb1
cfb,129,#c41230,#d0a360,6bac0f1d325fa63a45100c8d8cdb8c912f592a4eb21fd8dd30adcccf433d7c16
cfb,129469,#bca271,#231f20,1578fe8bb9216d5d73bd941d28fa76dbb6c46ffc68ce9fe95d120dec61533617
cfb,129738,#891b2f,#eecc0a,074d19bd705fad43fc1b41807a114f2171f1a3435d0af78efc7d163f573c3f62
cfb,13,#ffeebc,#004812,023b7b31a3b24e726aa09bda81e34db631fe50cf102bb3a5da2c259b2d8b950e
cfb,130,#ffcb05,#002051,910dbf467c9b442f1b493280bbc027ba5a1f91e2ce314fae099d637aade7d42b
cfb,131,#4a8075,#0f594e,e9d0451c1a0cb9b3b638f772a945a71a9c5243a33a20742107c5d3451c2f7051
cfb,132,#d3af7e,#005745,6afb08ebba88c9b70ceb7deff2833b9b5f44b938e0e42eb4f6476e0669da7f2d
cfb,133,#d18c29,#4e3a22,94f9edc26ee89153f5123711d23b02ea2461798fa8c225661fc7e3afb4cbbced
cfb,134,#fec050,#7e683c,6ae885cb15b54556922f7123f1125da9da0545788659df81345084238f158133
cfb,135,#5e0a2f,#ffbf1b,cb58131490de1f8724f1d53224aa7383671514e3a84df1d136c6f3e4429c302d
cfb,137,#fab615,#4c3c1e,9cb13d5a0d9e1851b174e6931b88b63bea2d0890bf6adf2b5794061b47e79f65
cfb,138,#006e51,#589784,51f4f39346450bcd3efcd14d81161f2047b680160e86639b8f2cfb4ef4c252b0
cfb,142,#f2b92d,#a3883b,bb4a26eac90ad2ca3557f18180dc0f1cbdf88ba013c15c3293071701a3f43b53
cfb,143,#007360,#bc0940,b280d35098a61420d9a0bbafd610e62d7959b610da1e5bea2b5446db193a6892
cfb,145,#cf142b,,61988dd6fb46c4c5dad612e7ef14eeee56b63ada3a0758b30ccf418213ecd826
cfb,146,#eb1f25,#f7a7a9,77f00eafe3f67cbfb644ecdbc3727634a685b8880806818ce9df56048ddfedad
cfb,147,#bc955c,#001b59,76d263dde9e7c6969d9da4ac4dd7d8be7086a7630dac2b9162d30be1cd84b856
cfb,149,#5e001d,,d39daee1716e6e413c6203d54ac1962b89c90d3e8680a01d0efa9630bd54ffc2
cfb,150,#00539b,,5b614bdf00364d325be332b63dafb5f95d25e0f59e63a3e152faa43124c57112
cfb,151,#582c83,#fdcb2d,0ae06f5e6518c5065c93cde42d17853ddc6c6abe56502ef2bbcbf3bd52f9adb5
cfb,152,#d10000,#714a4a,ee51da26e5cdf389cc787c58478f10bb03503832e35f862b4f208d273819d8ec
cfb,153,#7bafd4,#12294b,c51339a92ebf5e7dbdbcb6c32dc2cc63f9e2f3dc0e5d47f60fd59fa22ceb32ec
cfb,154,#000000,,e307401dc8adf24492175e57a95f242b8943fe0fb3121ca84757095e6825d17a
cfb,155,#009844,#ddf0e6,aa01210973a92384cd39a795dabfede0997369872207fb7c86293f9a2679b8de
cfb,158,#e31937,#ef5e73,c09e5b394cfa5be2f2369c5e63210a12e25943b904d077c6469714ca9f8285e2
cfb,159,#005e2e,#000000,66a6b917e25b486a32a645f3973e86e0b8a9350ddfe6efb41f59b3e5f5f58372
cfb,16,#00573d,#b5995b,4384290d93eaceb6978916329a11fe5ee635b729c799339c65164721bb2c8afd
cfb,160,#00275d,#3b557d,c02c87cbe03eda2693fb900821178fa44f228c6d01ff4c5b92f2d3e34dbd816b
cfb,162,#98012e,,54d0c0ee4a4e330259c17415134f197c4e7273d98ce3b91875b1419da362d15a
cfb,163,#fc671a,#a54b1d,1ba19c1ecc721cb6fd92327b967c54d2efc4181f77fc6f18afd84e4a2f3c644b
cfb,164,#ce0e2d,#000000,5e75a7a68f9a6403f950f7ddf9c656698fcebcaa5fa16f0890135f2098c18686
cfb,166,#7e141b,#000000,e234e9b2d83ced87b58490b109ca1929ea3e97565e934de9f90a86ab51de64aa
cfb,167,#c71937,#6c2e39,2d0fe74447bda664c751ef06faee17350920a5c40ee2a695ab0c9d161b9ecd5b
cfb,17,#981a31,#f3ae19,8865b4f5653bedfeb442dfe371297cae7e719de47d0ffe0bb96d294b2494098e
cfb,171,#183863,#7ba4db,17998aa6c72a205aa2f1daa999effcfa2e69b1f325d7d21017908fa43ad7329b
cfb,172,#b22025,#d17a7d,7388cfee9a0bbe5dfa237159b6a56a52869815edfa72a2878b9823709ff02a19
cfb,173,#0058a9,#45515d,775cb45170331636b6b0ab14d0a90c6465a8af82abfbc86a73638dbb23b86526
cfb,174,#4f1079,#fe6317,843a6bf5f16ea31da62b58c2a19bc08651919e7ac1c0cb854ebd24784113218a
cfb,175,#000000,,2075551ff2e5981ddac085111016c8fd77527a1252b4c9d8e13f9673026e0dc2
cfb,18,#bf2f38,#dcb0af,4c412c34dac9d7420b8133f6e9de6b20545853f8172577e34c7561b44a3762a4
cfb,183,#ff431b,#000c58,cc978bd06e84d85870429294fd9a2f4908ec9c43635bd83ef3eee94387cfd100
cfb,184,#f8d000,#093c71,b1a65824135d6a8eb263dec7d4312362d1eda57a72fc032ecc75ffce13a0d1b1
cfb,188,#f6c406,#41250d,ea48416c408b31adb527c0d75b34aec23629542ecf3434863f0b4d0410f8a387
cfb,189,#4f2c1d,#fd5000,39ecb7e2c79c967dcb27fee95b298fda3034d6617c69253336e61decc830bfd2
cfb,190,#ded27c,#4e2d8b,b37b8801f0f4b8728bb74491fe2a8969add8125fa77a570717f71a5a582ecbdf
cfb,191,#d55929,#4b3c37,5b41f27a51c26d9d9bb7aa374b6487441124a063f0aaf2dbdf061b2eac52405a
cfb,193,#c41230,#000000,cbc0ca1a53c76c0944315867f07facfbb31bfaa29b738038f50668b8b229d33e
cfb,194,#ba0c2f,#000000,6dbe512c1b9b4e8c0ebcfcb4b3620b6229a05619e8bf70b3051a8e6c4964240d
cfb,195,#144734,#57786a,2fbdfa08adebb0be79d920a92b46e7e153e6dff49a4335b93b86a527525f836b
cfb,196,#008265,#231f20,8e7b82036729b1c02fc12f3872e89cd6976afdeee603bb716d3e5c0997e87b80
cfb,197,#fe5c00,#792f00,3d5ebde2aa002198a95ef2449a139270278cffd31419060b755616b7614697d1
cfb,199,#00498e,#ffda01,588f32256dfbf35ff3dd839f5bd794c8108e1f4192aa693fb122ca3b1b80be4d
cfb,2,#0b2341,#e86100,80b9ba2db8d91211dc4f1a57ea855d34f6ef1796795e60d5545f91a49af8bf39
cfb,200,#841617,#8f5a5a,982db42f081df5d2599b77d3b60f5ebd254851e7a88bd5e5e32cf1bd0b689b7e
cfb,2000,#592d82,#9480a8,48df2780bed969034239b91b28dbdd3a10b10f3b92da118235a0682d3e0c0d28
cfb,2001,#007954,#11352a,f6145cbab182601890605900b0102f7b2fd0008e2c6ce2ab7021a905d85f17f5
cfb,2003,#ffc423,#bca77d,1c94b655966edacefcaf4ca88e1fd903d9bf9bd16e2d9320dfc8e91fc29707d7
cfb,2005,#003594,,42d26e1bf89ec01fcd54caf37e52abb4b8fd8b25da97199c0766cbd5dfa04171
cfb,2006,#041e42,#ccbd87,09739fb3e78ccaf6b6f468f252181a169984e325595126130ed7abf6e9683efa
cfb,201,#990000,,19f8f9a3254b9c85ffacf42de7b4d00e1186fbb0b55effdabe9c6d0a3f487ddf
cfb,2010,#61162d,#b5949c,760a1da29e415c515d986eaebeb520a41c0fd50affd37a814018eb948225cc9d
cfb,2011,#dbbd5d,#423e34,91553f6c8d337485538c1c14c7d7bf4b419e5ca4a5d1e579836ae1ebe5a8773c
cfb,2013,#eaab00,#35538f,525a2bc0c771e744edf8798651b6d661c8d795d0be1a5b581b63466cf781e2b3
cfb,2015,#c92e48,#171717,064abb42c1e37b8ff2baceaba0249ecde3b40502907cf049eb436e0560e3e3af
cfb,2016,#512d6d,#cc8a00,b3130b7fff93307620e7ed4010e27ece3bb10841042c4572b77095e918322819
cfb,2018,#0b2340,,a0520ec17aa59c2f091c8d1222df5e7a6d12593ce27b52762d6fd1d79e880c06
cfb,2019,#025399,#e6e3a9,c74d6d71cd1ad1e5e476fa3d67939c6f4cc12b81620b438753ba67d9993676e6
cfb,202,#103595,#cf152d,0c131f5faf86ec1bf70679af3a7f13248aa5f9e764aeb0c927fc6f753ea85e73
cfb,2022,#ffbc15,#f7da8d,3d45ae1592b4d9bc3a83d0fbae39759f5283c148ea596d3b7a3fb93b579e9869
cfb,2023,#f78f1e,#5f4120,4306ddffcbd380b7c2906e05f7ad26e7df05ac2b6a7c703526465fc51f0fd8a7
cfb,2025,#245397,#f0c33b,7ab7ef7800c15a2e5e7e33bdbc051fbfa3dd8c4bb23670b5f07a59c418ec07c0
cfb,2026,#ffcb00,#f5e9b3,487c6f3fbe9c41cf532b6de285f1d35585ee7ca9510e5aa45000d97a1f597e5d
cfb,2028,#28825a,#110f0e,0ea700e335dc95b311b97a4417751910b4bd744c8f8ea89f6967adbe8dc14f36
cfb,2029,#f0b410,#b88b0f,bed1a9ce812071cb9f8d1c19b7eb89f578fa5dd56abf4a4f33cc9643d82e7b00
cfb,203,#d41e47,#46256a,98b0865c6af3c1d28810dc0b0fd9887996f1605a46adc97a7fd2d70532e3bf41
cfb,2032,#cc092f,#480311,86231f0ce7486f40023e31609b666659c1538a6c2e4d8d3673a0eeab99cd05ba
cfb,2033,#ffd20a,#02634e,935b87523cd565affa1d95e58664c7ce3e1685c6320d5e854da1db20e0fda431
cfb,2038,#004b87,#b7c0c6,1092a5a775c38a1d25b91b517b886403dff2706c43f4340f770d9cc0d871ac34
cfb,204,#dc4405,#842903,64105e5b2d9a14525ecad678731eb6899ef6126165d1a37ec8ff4dfeb61b9a92
cfb,2042,#00437c,#ffe100,2a836f1ee507b2de2212fd0c24c0d7134f0e7371852d98fe22bdaffd79d932fc
cfb,2043,#002d62,#f7e23e,d4d58a8d39f7968c2f474c41c238f42fb5a489a58d2f54d14482aff6083dd998
cfb,2044,#00549f,#446f95,05f8ad2e9c8153dde705f364144caef3c68b880dfb059447f9fd7cc7e38fb515
cfb,2045,#b20838,#fdb913,97535019f75c60543870256fd72a90f1f60c35a4a6d9328ad366c465075ef24b
cfb,2046,#c50e2e,#000000,cff68efc792f9f87312946a231b63f07f549100cc1a1e8f18531ee9911c6eb37
cfb,2047,#00295c,#fdba31,2e24417e43b9b06e0981e5d06e757db4658f9b59d358a00ab282e2e7d5eb0681
cfb,2049,#ffffff,,f1296fa77aee219f535a733218d7ca1e1f20de626941acdbae249f43db895465
cfb,205,#b4183a,,e5dc706e20e14f441e6ad0778526f00b9c389c419a4f1bab6d5a1b9cfd967dd9
cfb,2050,#ba0c2f,#5e4549,543e3498d12ae3bcda1cf108af528755c3720dd730a32999ed48ad836d2996cb
cfb,2056,#215732,#528535,bd36912424c44b3f415c37b1f1d75acad1aeeb034173a2c8d222502e8296f1e4
cfb,2060,#86a7bb,#0074c1,96a95da545d30dd57f377b71fff3b8c77d68204ed13a9be3c74cdfae68e5074f
cfb,2062,#00583d,#6e9061,7768171b0f960e44b765622c159f8a80754120b99c50b8ce3f71f4b18c1edcf8
cfb,2064,#613394,,d78a5763c1c7266133202fcedddf65f81bf10c19b17c6d93e46b7e6b25b99f23
cfb,2065,#860038,#fdb70f,47e65ef1e16bded33827e8fe9d8dda991c8f641778a3caa31f038955b11c73e0
cfb,2069,#f5bc21,#445540,9eeb05ca048836e0d3bc48abda7396abadc54f1314c2851ee9aee34e2819b048
cfb,2071,#7a001f,#36282a,89e30c2f9c1e7d66b72dbde3a3dc4644b76dfb4113380100fd5a4f8c9efec48e
cfb,2074,#46166a,#b9a7c7,650269bd43ca56e45de85466fe19acc4f72f4f839b83e7e94b345f32442fc886
cfb,2075,#ffec9f,#7b614e,1f85a9e5692154e6f331ff6acb0f4776e7c4a9a5f0c3da88781e9efb80567ae5
cfb,2079,#857456,#68242e,4bf562ed702ed220c84aeaea2ef1dd38ee15d028650db4fa7e66d45ab121a9e8
cfb,2083,#e96024,#00214d,605ea8a4fe58cb5bb88385aa4cba7d608500d7a532454b4b4d51ac131f832cd6
cfb,2084,#005bbb,,491bd78fc49a2d70fa934807beab1a0b3b1497f8ce93e7d98e94fcfe371353b3
cfb,2085,#e77324,#4e4038,9fbc6cbf940df4198d6d52340cd53cbd84bac86c342d4caa806098ad715329a8
cfb,2086,#000033,#60607e,1edb35518df7859303ecf1506cee70aa8770fd45870a188c7a00cc44812f8405
cfb,209,#922135,#3e2728,62f27859fe0421e29e54f9deb56b13a1c7633a81d997e9f8f33b392610825616
cfb,2094,#3b2361,#fbc226,35fe9acd2310d49a86041b43bd0fcad1157a71e53d1f9992eaf4a931c0ec1059
cfb,2097,#ff4713,#2e1811,e43f2825a58f41df2f8f3c27b5f13aeb16b3c41a1d1481d7a73d9bbe1227779d
cfb,21,#a6192e,#000000,7b084aa3cbb580cc26253ef38134dc1f52c3605f66f0dc6542b2abcc0fdf1dcc
cfb,210,#dda10e,#6a5322,6ec64b562faab60f0d2c4fd5510db333ece40c194e240825a70383d8d21c0798
cfb,2101,#003f72,#fad065,b57300f2c6a88807a1b5c28413b3900cff2f4610d458e41adb4a3502213d7dae
cfb,2102,#c71230,#916b71,8894e745459cc7b8a412981c35ec31600dfd8be09fcfb689a2086b9bd3e1deaf
cfb,2105,#f1682a,#0c233f,dc79a58ab2995d4c29e82819564cd2d07dab5318d0aa9ab3c887f2266bec1927
cfb,2106,#ce0e2d,#000000,91b577ec317f3842e7936bd55afef84cf0983ddafde15c4bd371dc967e81fc52
cfb,2107,#072442,#c4142f,cf36c7e7a12c6cfd0fa13fb4b5cf6dea782434b2d7a355510012e0e3703e5411
cfb,2108,#bf2e1a,#cf9b63,c5777c487caecc017b8b75cae2c971700ee46dc974c6d730b227939bff010042
cfb,2110,#4f2684,#241f22,44ad647305b4207b2d97a5177dc8d7009c4cb43039ba43e110b49e50cc07ff02
cfb,2115,#00529b,#d1d5d8,429d8e596ad8561520208e0d14d50d74814ded4ed2c3e135ef736f26149aa740
cfb,2116,#b4a169,#000000,4fdf8855a3d5842e5cb897277f93cad7422774b42d6d426e019591a0c596bf2c
cfb,2117,#4c0027,#ffb119,481cc74842d3688df1330548476ecda4ccca9aa4d7c0d8235bfc4a51c4e51bd6
cfb,2118,#d31145,#6f0924,622bd34a7655712c13458a3a5611815d3d96e553c9e22e770552ce255b0d1d37
cfb,2119,#770022,#ffd600,5a60686a1348e142eb6589e8b5d66740ee22ae3e67db409ff1cf426926fa0242
cfb,2120,#ad1d37,#482e30,bd0170669be7648386421463d12cc9f1aa7ea9d24d68ee3305caa05bbaa1dab1
cfb,2121,#f5d116,#f5ebb6,12ec0bd50ba1a5b4a09d683c101a6d53e3dae359c8230eea1a59ed761e41a485
cfb,2122,#002d62,#ffdc00,6e195104e1ecea21d87340a14512eeee0b5b87d20ef4f9a729106ec4e7059495
cfb,2123,#650934,#231f20,3bd834805daf29b7628450b994b9f31bb460a9d67c810b660e6ca1760e944f5e
cfb,2127,#002857,#a99767,52e688e83e2b7ef3cbb8e0156dd3d0b1505b9000237e8ff93c842482bf1caa92
cfb,2128,#651d32,#f2bb39,0d703a8ae32160120825abacbc0cbede4c6ce97c72d82c667722d8f203c62db0
cfb,213,#061440,,0efa003a56ec95d664b71d799fabe5e927d2ddd23cea90d5bab42df971abd080
cfb,2130,#00693a,#000000,808e57a846beb22ee430c00e5b1fe58e8c975acea9ffc8a989ff9f42510c55bc
cfb,2132,#e00122,#000000,2fd50a6f605fb9c0976541ceea04a6dca78de56fed0ea0186473da9fc39c651c
cfb,2134,#133880,#97824a,1f639ac0629072f37c9e41edfda7776780abf230c3935aff2775265eb01bab64
cfb,2141,#c7954f,#615039,537ff5ef9a1b2868367974554eb2abf91bba163dce4d5740f2997b8b7f90d6ac
cfb,2142,#821019,,3157909cb9b5614c89413b90f4ddf88555b3bbf3f7455aedf26405a519f3d9b5
cfb,2146,#011e47,#3f5572,f2c44f7a915edc3bbb314d3b4d55497f6b075d02ab7ba358e88c9406221bc847
cfb,2148,#74043a,#8694a0,903811291a7c498d84bdd0ffa3e1e617100f59061752ce09bcf53154179895df
cfb,215,#016f54,#519682,9614a741003dcdd9e13412180e22824db5c22b21ebc7da5db557781169f9819c
cfb,2151,#572a31,#1a1718,c0709429bb0c5032fc59f358667dbccbc6d380def148d6558fbcf2b0e2b6be26
cfb,2152,#711d46,#fadb70,deb91ede576197d2f6f5550b6573a58f92c6df590e8598e14f46a6c2081db1e1
cfb,2155,#533379,#232020,bae2e197204afe8fa746e1c0cb002e73b941dc72860997288d5382788d3a78ae
cfb,216,#6b1a31,#fc6b0e,9fd987d6ac26768d3568d2b1829daca9393aa817930300805ca6705b529fcb5d
cfb,2166,#361717,#c4bdb5,44609f1d0c34284c7cb8149b7c67d1dcdcab15503214bfb9578d285dd8eb2ea4
cfb,2168,#dd0330,,ac22ea5eeed3dd880e992f854122a86b11e554f47b8fbac125eec542d46d8e5d
cfb,2169,#dd1c29,#126485,e20fdc57353b984d76c1ecf9a0ce4761ae4b1888fa6797f70301c20e74981314
cfb,2170,#00753e,#67a185,5a0d1b507a30d120028700f0521f3e9570a83f44873b4d53ebd643b9ece740f3
cfb,2171,#c8032b,#000000,189749bde43acee84c7c779bb1b6e25630a533988d904fce44658f99940e9fd1
cfb,2175,#ed192d,#b88186,c9567cdb532be889a0f9da7335bf8965cb7b16ee192cd680489fb7690b758a1a
cfb,218,#a41e35,,2a7cb32da0408fbd277fa184f3eee42ce983ebab70c8e819abb2865ac440717c
cfb,2181,#005596,#6391b5,1132382ebfa0366b30b03ef0134ea48b0e9de4a9ae6ec570fbf96042c4ff4149
cfb,2184,#0d1d41,,a0be212f2633f4973325d0fb4c7bd4287ae0f378806cb89ecf3806b182ea686b
cfb,2188,#dd0632,#5e1725,46d1624a90593178d1a9ba3e6e1f71d751b93eb83e13d01898ac26bbd3801cae
cfb,219,#011f5b,#86030a,292db72f7dc3153119e8848fcaedd542b49074a6adf3e097db366cf07b55455d
cfb,2191,#f05423,#461d12,b6ffd946bc9ce78eab17a43248ccd13dfbe3c26a9e473ee066858679242c2328
cfb,2193,#002d62,#ffc423,57b9ce10573e6772658c3682139f309d37558b7c13348ee42c57d6c4fbc80da2
cfb,2194,#002b44,#dfad15,49917655aae895f60d24eaed95766ffff666e17bfb4961065fef64c0f1ede89e
cfb,2197,#133595,#5a84c0,94ab7f4add1330cc308f08cbc1c9fd0e3a3e6e4ec6e4d4fee89ccbd3a1081d82
cfb,2198,#4a171f,,72de1b1babcae4b633342489a0dbaca0105715eb85b3063fb49561e0d6e1a8da
cfb,2199,#166938,#ffffff,f844b98efad3ea95ba434826c6e9f1707487000a0c65c51412e3dc067971433c
cfb,2201,#006430,#508f6b,a317d72a64ed475953e75f21761b05b875de847439cc078ea4a5c096e280928e
cfb,2202,#434445,,63d41ca7db1633bcb453dbabc1958871cdaf8f762d4f5474b1f40a82f609183a
cfb,2205,#bb131a,#b27f82,55f2997df77f8e5551731f0ea13c39bdf4d717de9186ca6da9673e2fa098b3ac
cfb,2206,#f68428,#6c207f,9ef594b921953f0cfc2626dda949d388a86d610ab495228e67cd4fb1b2856cab
cfb,2207,#1235c5,#7888ce,520758bb358b51fc25643a88620cc8d33f375ea71a302d798e6ee98be6fe3c84
cfb,221,#003594,#ffba1a,c283722b1c9f4b47b7361d7d959422225de4ad4682b0eadcd66f707c015506f3
cfb,2210,#73000a,#ba9f5a,5d5fa97d320857596e6aeb659e67012a4d0db24b0f7d10489d6a4f9dc8286d36
cfb,2213,#1e376d,#d3ae3e,4be7c56dac8320b9fcbb94f22fa14bd3c3fe06af84a9db935e9b50e31eb6ce1a
cfb,2214,#c29209,#7f6213,fb7b8221ce1295efc5fb31ef55bcd6e20d5fb6d9d1e6ab576ee057bec35a7334
cfb,222,#061f5c,#32b7e5,710a12532521705923b4022b571e7832eb01265aa34fa66a650fb784b7730128
cfb,2220,#1468b2,,44d94a699014b8550d358d1a7515220be394a0637bf1e16eb9da7618a1135a1e
cfb,2221,#003f87,#a32638,13123f80799a0cb6754d2ec4cd87f18e2f536174dde2445482edb8f733a3cafe
cfb,2222,#ffc423,#2d2521,fdb15284bd42aad949fe4165406aad07a981201ffebd4bad19ce5177bb870452
cfb,2224,#ff8300,#402301,a74ca3d57daa308249c11b0611e60662936aaf523e5b7ad591ce4f87e691f628
cfb,2226,#003366,#8c1224,2e799d7929cc276364cd90a4dc47903ec780b4f114c689a65d7e70a269316fc8
cfb,2229,#091f3f,#c3993f,454d8b98c02065b3ca16b6b64c9f71478b32dda5dbc5495670b79d202e1017b7
cfb,223,#fec526,#522d6e,4df200457000e25725be2670a453dd1720477f3cd6e0bb42bca9ca63c29c6e8d
cfb,2230,#7e072a,#3f0007,97f783ce6028f44491ef5309bbb5370c5af7254a7706ed8598b76561176902c1
cfb,2231,#a69671,#ecc86e,7fc0aa3cb1b5b61ed070e1d5db1d56a21a63255ee2fdc7641f0846f29be59cbe
cfb,2232,#f9d230,#31538a,98303e1bbd15aef9e3f5ea748a01313d5eb1491d0815ee5837fd07358fb3092b
cfb,2233,#1b295b,#fdd106,4efbda4f9b6253f6272e05aa5fb6431f8627ed256045e3b465f8a2cea94a2019
cfb,2234,#25377d,#70b5eb,270aa9a2986b9333cd2e4e8491ebc2eaf2215b17bff37feb5cac045a135ee629
cfb,2237,#004785,#fdbf57,746018594d0bb52c4d85859286373c596e2bc01a6c4ad79ad8ca25244664fbde
cfb,2241,#bb0000,#3b0707,75f90e615c5216f9315bcaaae3a1f3283f9284247d79c2e9524d927c11b8fdd1
cfb,2242,#8b732f,#493a1a,9a9b36761c41c429df08cd4f991b06d76f343c80e255316780f138d97e6c22cd
cfb,2244,#215732,#ffc72c,d0b9cbcc10781062c416159d610fff1e6c9e243e6b2dd81b451acdeea2a5f473
cfb,2245,#fc671a,#553628,7fc1b34480f462f29d8a5179b3c9fc0250e07dd5937d52a10714653dad6ffe6d
cfb,2247,#0039a6,#6680c6,e8680ddd6596d15818a8fa489831f6e81605c59ba517eb10940f6eb31ba1a332
cfb,2248,#f4711f,#15569b,83a7ea2bb27fb72c7681ba5503b10246606ccc6c2d7cddc58849c6a16de79d0b
cfb,2249,#004f93,#4c7caf,4f4b2733ce549df11a5235cb2542d6bfb52a644526fb16028c409e6e12d2a7fa
cfb,225,#4e3629,#c00404,e77048fdc059fa47441bc03ca6cf2ac8e66bf0e0d817ff6c1c7d82f4bc47a0cb
cfb,2254,#d01b35,#99757b,ccf746cc16096ea3e8820903558b7c10c9a32280e30e334ed08806f3ca27b839
cfb,2256,#007853,#d9dcdd,062d1e1204418a3220710ab6623f0902f74be7e462b4e696f9f04ee6da229930
cfb,2257,#f36917,#3f2f29,6432903526b3d63d341779b07ac66727cb458466bdc27854d34c1450f45aa70b
cfb,2258,#910028,#dcddde,5629fd291a5e22d5f070c0553c923a00fcb839d100b800b9f3f9c4a8366100d9
cfb,2261,#004aad,#3d6ebe,213e2492a0046f41f7aafede4f6b250583d812c12edf6c11387553825e2ccf9f
cfb,2262,#0b486d,#9e0b0b,8a4581d20cf183a56e509735635a02da203084b2f0a7bc4833f2c654af6ef4e5
cfb,2264,#a48544,#000000,466478eecc92be7b059b0b55eea504b05bb7666881460bd3dfef306e91865681
cfb,227,#091f3d,#6aa8db,d804c465f9394c66e84b317106dfe4e40c35c422b93b5ce97879d091c649bc0a
cfb,2271,#7a0026,#4a2a31,8fe02926294edcf43034fec169a4d3d71c19d1e544e03f63c9befc674f262a1a
cfb,2273,#0d1d41,#bbbbbb,dc42b6b0f9d9d085f8b9c4613d8d5dbfb1a416d2a8823b4e50a1ea65120c240f
cfb,2274,#1c4077,#382940,c69f0301842ebd440d2586d58f76c75d718029acc6cc4dd1cb568609aa2f1456
cfb,2277,#062f87,#ad6764,4e3ac57c808831ecd85cdb66f1b684447a062373120253fe7180708c7820fb5d
cfb,228,#f56600,,20abd84754733106d0b91337456ab631597c159620f9fa3db259da526d5b656d
cfb,2280,#004b44,#b09a5f,f4b9d9784e8261ce5c3fe0faa0eb03c14e5b46afc9492775911ab4d78c0a0387
cfb,2283,#ba0c2f,#c83f5a,634f0868e64e2a91ab1932618406ebdd62eb0f2b9a4361ddac0c26f3e2cd294c
cfb,2286,#014a91,,964d97d4e9dbbc34ff2d28fa75d2f05ad7ee0e6d3f4c39675c5a9b1f4f5b5239
cfb,2287,#cd3b4d,#2f1214,84323b5afbdd4e49b7bb96c118d253f61a65b5898cf0d0c55646c7f1c7b8cc3d
cfb,2291,#aa0632,#8b6b74,5e939f06268b5628da4238af52cd653a6b892a721192a336fb3240bffadd26bf
cfb,2292,#880c2c,#6e4b54,1f8089cac3896b8d2adef99431372512cf7755771a9c6d99051e23b88f2d6cea
cfb,2294,#000000,,865b23c1e68385b0c0f2bbdd69a662382db1e9aa66310d3af5110b246b2ec472
cfb,2296,#08213d,#607082,722aed88e1b0bb084ee0dda52fc765cf2adc2eb2ee5e4937dd9a2f8da165f900
cfb,23,#ffb81a,#0038a8,b786de17b998fa272d6e02d193d2a84db93b4339975301d825af770d3b2ede5a
cfb,2302,#28334a,#cabba8,a9ece4f2d13f76283366efcb6b5fecd4994f288164f2072098472f79364d26df
cfb,2304,#002d56,#fed205,fecb37a6c977dbb7dcc1cc1e0c1bb85ce21d5cd558f5dca0925bef238b1d8378
cfb,2305,#ffc82d,#0051ba,e1daa000b25e45917bfaa93464b8725980c8e3c1a859f1fb51174e9d37aee08b
cfb,2306,#330a57,,93f3e366a88ec89bfa8ed8d1cc2ce16cfdc17a736bcd1831b908241296b11e39
cfb,2309,#002664,#ebac01,e99c6598ff920716bf12c731a4b52039c2350d373d2a86d98df4dd592c491d4d
cfb,231,#592c82,#9b81b4,db8cd040c9a4a3ad227a89e3b3e714b59564e1007d5ae6e7496f3810a517e499
cfb,2310,#ffcf06,#006838,c733f3522f2ce071344629dc489896433661d0f412121478414b477a34ac0a11
cfb,2315,#c6b884,#473333,78a1843617a38bb1a64d53e890ed0dfe20bc69da5e24650ed8e9939c09c03efb
cfb,2316,#3b2e81,#a8a8aa,e5e1c8d7908ec310de7b7bb620aa033efcc013f2ef8db3c28dfac5fe581db9ee
cfb,2318,#dfc298,#231f20,33f6909cac045fc8278a7b94db32ed379fd5bb20b5c99a89e31de1d4766ed505
cfb,2320,#ed1944,#5a3d43,c22fc67e93cf22f78207ed6750c9d625e162e5b6441365af56c7073ddcbfbd5c
cfb,2323,#083254,,756a5d29571e1e0f3766eee47e8ab7b3db023cc38ecddddebf6789672c728f30
cfb,2324,#1b3667,#f1682a,07b316ad835df84427a6505e74e1e679ac6807db7a0c47f6473cdc885c28bf1a
cfb,2329,#683919,#bf965c,4cf1c5d7c84cbe20d63d107cb26d3ec7200c723ea514b88b4dae789fab46edc9
cfb,233,#d21533,#947377,cd0a3318987c5254d2cec818a4676e4108949e114dc966d8368a6c5a6d1302be
cfb,2331,#231f20,#9b9a9a,0f195243b02cf623be08fde2ccee7f9f067f8c34f2fe77f83dc487ff2187969e
cfb,2333,#f37737,#4c3930,02a971af17ff5d95d40ed186e7d0b07e82f4fdc5ea9ac007a91c4b1588e2008f
cfb,2335,#0a254e,#b72025,2309e841473bc8b4297e83a1bbab7581d296189a20f904aa578c67f2327c2184
cfb,2339,#fc6c0f,#05176f,b883529b5e24688a347bab485c6a7c834def2635c85bb95438b63344787bdc3b
cfb,2341,#69b3e7,#cae4f6,0d8f90baa0b8222b6e605cbbb226fcb0e8baf7522672ebd9a9ba4f4d57d467ae
cfb,2348,#003087,#cb333b,7623ee59943d7b5bd86839cc947791b42b407690366c5ce6106992f2510a46c7
cfb,235,#00498f,#4871a2,e56cb7d0d332907b4f0e7fe4f70e98c1841b06f12334811f5054734cb3da27ea
cfb,2354,#c38c31,#15283f,35929ef7914f17456a00507466d435275cdbbc01013401c8571ab3a1540e745e
cfb,2359,#09426a,,e276f95104a3534c466cb31b7ae51feb30b9426035bf06f4e178a2e04b2de8d6
cfb,236,#fcb733,#0d2b4f,afbecd3f9a308a966108334c7bf9878d495822519e7356cc8c80d9ca6a0052e3
cfb,2362,#ddac14,#8e8765,9a5568ea3523ed06597aa1856c7564c79c02ccaaa91f635469a369cf38863cc6
cfb,2364,#480059,#fbea00,410fd63d6498474eba6b7ee9f820000139a74840104c01097a39a8b12798e2ba
cfb,2365,#ad162c,#231f20,87859e87592cda04101ff5eda1c610f9078f1ca57e302c62ab1bcc982790558d
cfb,2368,#e51937,#9e6b69,0a470f49288914de6d94f5b130c8249738a2fdef48388178ca98b4114e264b0c
cfb,2369,#222861,#c9ae42,165dd3a9ca2aa616b4b4f868a2e117c97dbb31e615a552ef564fca0826f2acbf
cfb,237,#7d122a,#000000,02655590471fb84b5a828e9b71ab7846960fb76b5c20a45919cd10bf414ec827
cfb,2371,#4a3092,#d0ae68,0dab73d6c71a66304a1b6045a0965eb486f41e8a0c6fbdb8f9356fc33ecf5fff
cfb,2373,#5f0014,#c85e22,6d14204da61844b3aecaf6f024445b7f450b4a5ae04cb44c65e79e382637327e
cfb,2377,#002e85,#ffcd00,17ece0f65637dc20ff08278060937cbe61920031aa2725bb0e6a382c0ca6c46d
cfb,238,#cfae70,#8f7a54,cdb3df344d224cae8b03a9f23f6e15424267095644cc211e0e0278c6e53986c4
cfb,2382,#f5822a,#936747,63f3261ef6e17ebfaffddad1ae274f0c0d08d5c9ce9f6499112798a147914dbf
cfb,2383,#244788,#967d66,7c29f055f99d553fbd2ba6300ee1e5493bc990e0701826fae68228574eae8e8c
cfb,2385,#036857,#66979b,4012419ebceecc2d19813038e331a1bb3b97c6976b4f48d1a670cf38e53b60e4
cfb,239,#154734,,0346c816dfe728010a42fc416ddb48ceb052126fd0675bbb8fc30a6df5fe8e8c
cfb,2390,#f47423,#035131,55800e4867c87bf38281043628d2c0dfadd0bf44632b27a9ab20af27a9a728fb
cfb,2392,#facd03,#453f32,3f8d84bed1ec64e276de7aef373d9a458d7e261499acefd761292549e87ec915
cfb,2393,#036eb7,#4f7898,19b89c81e4b60f93b8cd496163324c375baeb9a2df627477a2cbcfd029639505
cfb,2394,#365a8a,,93650f7b50ff21b5ee9d63cb4739158038120930adab6a06163e433b68f8e1c8
cfb,2396,#580d69,#e3d100,57cc100004103f0c50d5b849030c4c268c33f79ef52c4fc0736f256f34a81ae8
cfb,2398,#20145f,#6e6697,e6930888bc5f4cedace5237e4e4444ddcedb7996e59f324fd6cf511b18116f8a
cfb,2399,#e19c25,#8d191b,bf32bbda18060f3ef74dc9435b02299a0a0c7bf9145a27d03bd807a8761e792e
cfb,24,#8c1515,#a95353,a25c3474889c6c9d966245814fdd29c51dd79b02ae9e7780965cf52aad1ee22b
cfb,2400,#ef2c26,#007440,8d2b738644f5cf07a13c03802cd48929a6bc9c85c77a57f2d4e4d97ec2a77cf4
cfb,2402,#f0dbaa,#005030,f5a1c1db8ae00c2a63ee1185ad492cd72c10dc88e18ec62712d4e1bba420574c
cfb,2403,#f6cf3c,#0d6937,3e5d76deaa9855dc351266743d720dabd0e5de0d46da0bdf83cd4206cb15b127
cfb,2405,#1b355e,#d4d6d9,ee23b8503f7f49162b5d4c1e813e7003fe45b5ab8d0fc3a259f9b71c1ebb98a1
cfb,241,#9a002e,#2c1b20,f9dfc452ff46b4ec79774f8a95d00c0a1e9ce43407b2a747a2c11b9e76d591d9
cfb,2413,#ffd51d,#084d9e,82879cb613d0b175c480704801c5ca229f73b8afd012b8ea484a7700ccdf220d
cfb,2415,#004185,#e8c38e,e605c9fd3fed10411510a543f426fdcd5e9e2dc132f3bd8f6f8968c61feb75eb
cfb,2416,#0d0c0c,,4a02b4072676ec9faa665f1edc4eb20c4b0db13a3fd3e26fba99e89b64dcb263
cfb,2419,#f5ce3e,#002d5d,769f9aba6d76526c86606e9bed20e5cff72586561b00b1bd38fd41596c049154
cfb,242,#00215f,,3648d62f626f88f864e4c629cf50c92f50dcbccc9622e87eeb3210429383afdd
cfb,2422,#a51e36,,4ccce6b87e7f64d98d2e6788a107e3786ffae3dcd05f5c43f084a87a8fc18df7
cfb,2424,#4e2683,,744d4d55af5e8e7cefebef3d843f866a3ce93b25c92c05c5d2d1dfc1aebe570d
cfb,2426,#b6a77c,#021d5b,82eb45dc0f8186430a637f42fc3746ae07fff74ca04fe6ea2099da720864f51d
cfb,2428,#89052c,#20171a,fe146d0d5314b112e6fecc1c116ef19e5e0de89cea60342e37956b50c9f23b6e
cfb,2429,#005035,,96a23e7c40183c7731402eae581979de7a704893cfd46be206f198a24bf948da
cfb,2433,#840029,#de9218,ccf675e2c704d23dc35eec58217202e2f50eb124275e6cd212df739326081e72
cfb,2438,#004d86,#b4cbdb,473c0a352dac9612136714eeb78a71ad07d9b685e48f17cd3e2f5f165a3a222b
cfb,2439,#cf0a2c,#5f0514,3699f4337084b482b8b698fbecb4bdfdbced4370937be37a42842d96555b6df2
cfb,2440,#041e42,,3b6335aec4a77d221c64d9b1ddf01c06f2847704ee6e6d3d930517e1b9665433
cfb,2441,#051e42,#e2bd48,67febef85a4d3ae01e273bc89c89ada13621dd5f6a431807946d71bf189e8122
cfb,2442,#154c7d,#fbbc20,192e820357c6ad5e98cb103a3865918f18f7b78b0a6b76dfb93f2796a49dd88e
cfb,2444,#d02030,#8a8c8f,06123edb648723a63174d613c1e7fbf27276cfc2224d35d62295943f8b68b61a
cfb,2447,#c41230,#8f6f76,f0b69c891db7cdeb097eec53f5c34bd57da711b6b014a4cbf3b2850d44bbad92
cfb,2448,#014584,#fbb927,2f7c2ca1e483d7717d33cb9beb73dbb5a5659fc00b1947510e80d640796a88d5
cfb,2449,#00563c,#fdbb25,a807289822ded61aec1f3d412e0246464154c2af329002ac810a9bb5ca268228
cfb,245,#500000,,0da7ac07d04adcd38707b88a4198e988b830ed49a0ab6c9378cfb4cfb980aa08
cfb,2450,#feeaab,#93c3b8,881eb215cdc600aa14298d94e36e691dbad91585f231ebe5163753b46eaa8e5d
cfb,2453,#592b82,#8a6aa7,1c395ee6c1ddd58ee58f1497114e17cc570bcf50ef4bcc3f26885fb8ceb34913
cfb,2458,#fcbf25,#032e5a,57bab56fc7d34ad78167f71bc9ed46298d26a3cfda9788900468821b7f469279
cfb,2459,#c8102e,#36292b,8eaec08b517c299e9104ceec51d9fd92cdb1c5a8fdc029f605071b518ba94c1d
cfb,246,#ac9c66,#081a3a,a46ce7af61143193e85c493a180bd60cdaabc69304f40d4021f8f4f0ae082db8
cfb,2460,#4a116e,#ffcc00,d34bf2280ad87249efc7f64b99331f21b0be591e74c6f13697701eb954385d77
cfb,2464,#f4b600,#06205c,10f81c2897a6c87d6f569a2b8f89483758f8d666c3fca8600ef581030394f12e
cfb,2466,#492f91,#d5865f,3bef00fc8ed7fd0510580cadd48e93c67b617692bc0732a43d9553e6875677ff
cfb,2467,#822130,#cdab6a,85a27192cf965131c62ec56c07909b31e65dc86747276678c0c93efeab703b96
cfb,247,#fed00d,#c61432,eefa366ba16e62e0e2f382cd839e02d0b53c8965826d7cf1c16e5d44304f96c1
cfb,2477,#ffcf28,#826817,f5291c95b32b76a4e27b4ddcf7dc7bc0889fb50dccbf9bdf28cb4c02c9e296c2
cfb,248,#c8102e,#e695a0,d8984a3cc57ea50d3002bb08515942af2be523c4fa404a670515da041261980d
cfb,2483,#00934b,,57dca8a00b01bebcfb1e0c7ceafe0b046e175c47ec7225713b3930e7fcb7cd05
cfb,2486,#705e34,#ffc623,05c13719f4a8a8e354633d1b920bfa1af114c01d3dd9b26cb4cfb7f83f0ca564
cfb,2487,#fedc1e,#002762,6bcc2f3b5f7c81dfa1f15041b55b7c1698f898bf22cf3a2ec11f8320594b6478
cfb,249,#068f33,,5953d0a7dd1e44d82402467043f2cd63003d74a0dc3bff754cb467ab93104436
cfb,25,#041e42,,e77c7a116c09151929c126691922a76de34689b273f0cf8748097fcbbde087a5
cfb,2502,#154733,#a8bbb3,39f24819ad2c5b6fb1c08ef337c195759a53742cdfeba031dc78aafb2e406fd7
cfb,2504,#4f2682,#ffc82e,480496b0cc068a4cf3431419fd4c494ad2666d530a08fdf23ec3b5b498cdad10
cfb,2506,#0061aa,#a3052f,c0dd8c21bda9272fe5e7ae245ec1c90f0fa6b054981a13b23e0f1ef0add11c11
cfb,2508,#680001,,c229264279da429dbc0e55579a29242cb3c543d5bc7d08687cf948515f5c2289
cfb,2509,#ceb888,#000000,4278337c6eb6dc808cbb8ff5e8fa0cb068db59aa75def6324a27f773201455cc
cfb,251,#af5c37,,12d69bb78c3443bdbcc5a7659f288840a7a3862d70043eda3d8868a229eb7696
cfb,2516,#fcdf12,#827942,cbb04b691ca49063cd60465ef3213e9e6bbbeb7ac1fb8f42059526ab65f42d84
cfb,2519,#cf152d,#462d30,7b1e68bda2b56ca51347f33e696136dce7ae0caca0f1b1a8f29538843b59dcf7
cfb,252,#0047ba,#ffffff,4c49b759151574b979556fb10f1e245ec8cb03b4b3b80d4d352b5f909293976d
cfb,2523,#0d1d41,#d1122b,6a0c84b7020b728e347680adbc87daf7435c2767cb803d89a81353a17d650c14
cfb,2524,#5a3f99,#c4c6c8,f2cad720d5cc56ef75117d7cc6e7e457fc3c729e8a002ae2440dacce8f1eedd7
cfb,2528,#ed3023,#330a08,13e94befcedb5404c1d678fd785a4fef21e048da01ae7c0470bcc77ec5bb1a0b
cfb,2529,#ce1141,#e993a8,71dd8f23377d56fa5a95e8c3ab4ccd6230d005d32691090b74d44d66e0be4b97
cfb,253,#c82026,#000000,010f875b4d755e88008ed65e13598ecc01fd7d4e5f02f061a9061082b7ebe15d
cfb,2532,#8b0e04,#efc669,4ec710b5d112076b28a13d4dcb1d1f18416e2ba11a794d902e863abb547a201c
cfb,2534,#f56423,,ce2765d5ba86d0c61b0fd7baff4aaffd8dc12a0e1e76c8f75699ab403cf0982c
cfb,2535,#112748,#495c74,7ece3411e3481fc392fc9185ae64216d0a33039607bb657a56e9782699cf2f16
cfb,254,#be0000,,54d1837e37240cb37dcbea2b2dfd518bdf8531344e5f5397ff02a1d2111b5b43
cfb,2542,#1b0f92,#fd9063,820a1001d05c01718d8c331bf424faf2a3635689db2265d39dd5d7b90825ac38
cfb,2545,#1a5632,#ffc629,ace0e2d4f5c9e0b0bbcda80182d99bdd136d593484d124df3b2ef76efd5bd3b3
cfb,2546,#da1a32,#710d1a,bfaba7f269cda5ea8606cb4adf8016405383d9b3ffc6c2b8deb427684c640cbc
cfb,255,#5b2b82,#eca413,f60deebbf3691c467aa5f79caf2a55a541f1016c9eb6bd4d94b4f1c0fc694150
cfb,2551,#6a1432,#a4753e,cdba63dfbbf800b2ecad86b832072808981a9e0b090a2c19d023b99d47d3104e
cfb,2553,#d0b786,#5c3285,942d52fe4a2117c2c5d45f3077ee571b2dc022aeafe50412a88d0545909ca66f
cfb,2557,#f26722,#163d6f,3f802ec3b806fa5d8821f04619862297c61ce4adac4247dfc38b57b4889f38de
cfb,2559,#0b2240,#ee3a43,d7310a29e12af750ed25c600e9af15c7d9e962b6758a8eec45af87979d317b0a
cfb,256,#cbb677,#440084,585459126d87e56750ae902d78b198f63e44b8a6cac5c25b1a6c9483366229f5
cfb,2560,#0068b3,#244a68,3363a082f6d24e5e2df51d68ff64298f1444a65ca8c6b17ec4c1331775ddfb73
cfb,2564,#b20838,#f3b510,95dfadeadd9bf20389a2da3e3b07ecd9d00f7585fa87d826e9217021df46465d
cfb,2567,#a80000,,1dbe095805cd1636fc5aac2918eedf81b4dad43329a8c1e665616ee1d79840a7
cfb,2568,#003da5,#ffd100,8275facf3bca3f1704f9bd2eeb1aa2c2a9200fd2f198521653918d34044bc499
cfb,2569,#900028,#034293,f7284bb62fc664c97e9d70e92723045f4efa2f56cc180a92738bb594ef627bbf
cfb,257,#002c5d,,e6901ec451f612cc83d717f7c2f26d83db1572e67352855d944aa55f995f4c82
cfb,2570,#162856,#76819c,13bc1d6bcad357e522fa7faf513a3f894ae2fcb8f30fc1dc11d48a0e070e409d
cfb,2571,#002da2,#c9a016,6962bbe537c5b06bd306af1b003588e899dfa16d14be86c4a14d0e5c92ef0cff
cfb,2572,#ffc72c,#937b1f,4a210457f8f078c29cb143f9bd8b1ae666420e8973edd12c5ad5ce4fdc3f5945
cfb,2579,#74000a,#340003,c9e93c5450038047b77651cc3713964b83147bfd8df1a96d299f1e190aad002c
cfb,258,#232d4b,#f94d1d,d35c8362ad7a6f03b32e30bc0745cb481da320da96010c7327f3c78359ac9fe5
cfb,2582,#5fafe1,#ffd356,a98850fcf1127da1c604c617c62ce3fb35cca124f93f22610aaf16eb751d4892
cfb,2583,#071689,#5f67a0,7e6b527011c806f9573943cbe1b85ec5bef418f8b6b33af9b5010f2ff557d876
cfb,2584,#e51d3a,#231f20,094c705b4f24c81c5841365bf89fbd228d1a8ea9b8387191f057440804b3ac04
cfb,2586,#502583,#917aae,fd8d9b0f3d119ae0147410d77cd55c4f015268f0d9cadf78e4a6385325a79a87
cfb,2587,#3a1707,#beaa70,29ad94e5eebcec736582c6984aa3824b3cfd99c6e04970dedb910c2c8a7d74b3
cfb,2588,#facb00,#545140,51f3349ae2dad40198cf6edcbad8e7c8d0648145f2104005c870cde977373fff
cfb,259,#6a2c3e,#cc3b15,56dbddcf5acd291817b559a31b6d8aabc91fe1ef1d27f47a527d353dc706cd7a
cfb,2591,#00529b,#80a9cd,a2a700d66a7b76c36f4a4f8f714e0fdbece524604cf360d4fe0856cc13ae0e3e
cfb,2595,#434445,,2ea7935a1481938d7efc5455d1368984fbd8752a3998b23ee5329fd4505177b9
cfb,2598,#be1f26,#c15a5e,e6f66f2539a153fe713cb9669c7baf7bfeea4183b7b176ba3c43d529504afb0c
cfb,26,#2774ae,,5145c6eb67719f52cdf51c92ef6b30486c9a585ca129624d6c7837e369321a23
cfb,2600,#ce153e,#7ab0d8,1b50964d44a571427fe427887f5d734f377d28ab829913ef04845cd0a50c84d8
cfb,2614,#daad27,#195632,41a1a3b2c5d9763aff6b1a6df5d3285d0aa1f8e07214446b4b587e659e6613f4
cfb,2617,#5f259f,#936dbf,1237d32216c8a5cc1ebe022983a18606f47f99e9b0454f1fb26d96f61bb8b9c2
cfb,2619,#0a2343,#991b1e,8e0243b81d1dd5564b7e49042fb2370a38496345b0d3e690db7431c6ba1620bc
cfb,262,#e12a3d,#ee7b87,1458e5e6308372d061c64743e45acaa3cc99b0b409e4f379e6122b34d490ad51
cfb,2623,#5e0009,#90696b,46d36761e7c210f650db2499b48da428f5e5aa652e1ef9430868a932e3db88bf
cfb,2627,#592b82,#9578af,7b585d3bc104c647f0a9aac425515b9287fa33481960e830a4a5680216c5b92f
cfb,2628,#4d1979,,864561cb4ebf372171438c038fcf52eac3342a2c1d751e605901e144c70afda0
cfb,263,#d6be92,#452d7d,198251bad870a275f0bd8c59a4c5e218d60de448745bf84799e65b387203207e
cfb,2630,#002a5c,#5d6877,b480bc0e014a150ef8efaf1f99bf9a22973cc86dbfa97326da42eb2a33d9a15a
cfb,2633,#ff8200,,1ef03aa847164f52dee3c8bfea023e3b75915231c01250889a549ae08b2ec9b8
cfb,2634,#2c328c,#8386bb,ab607bdb2e5bbb0d6b793e97a1455b3a41f283ac33821b073281b6f65f20e1a5
cfb,2635,#ffd200,#582c83,cde0e5859d093f528bb61413081fbcafa8edc94cefbe3fc23bade25ca1e51a2f
cfb,2636,#0c2340,#d1623b,37004059b144d56653764501b977eaa58463a70e10a83f7512e91c8b87530f17
cfb,2637,#e05e15,,f6ce9516e0864735f04e465f24220ae1f8dd298e01bc2bade68beac038ef743d
cfb,2638,#0d1d41,#f6811b,28406bdc850b40361bdaf2be3b0337b7a538368abc61e81d70ebe0d79434c5cd
cfb,2639,#fdbe10,#685837,783d61393213afdd8fffa46d7c2fac7ae02935ffec45d4168cd7ea8861675d4b
cfb,264,#33006f,#e6d2a1,d1b99c2ea2a3336916b6906c38470338b07bd1e66c09c4433080b0d7017709b2
cfb,2640,#860235,#a25e7c,3da07ee44e2790de2be4110638bcc4316cff5cfaf196f45582b6bdfbec13067b
cfb,2641,#c8102e,#810a1e,be16f2f868f97ef01961fe3332252aa767be3a860438b9f0da054bf7205b66e4
cfb,2643,#7badd3,#002856,a7a20e9f20f8f544d87e65f9838f213c5d447bff8a167ff538f575f82f97022f
cfb,2644,#b6964b,#00183e,8234a6624eead5dafab73e01e96b5ed08c3c9517de2e02d8f8c69cde7d7019f5
cfb,2646,#004f9d,#7b868c,032ccbc62a7999275c95a44258e15df7b930201780db71563c26b8ee548e4986
cfb,2649,#ffcd00,#0b2240,64a7bd6719c228709bd83551956fa1d28b0e4728dadc9dd14ed4c0fab3a0b0bb
cfb,265,#a60f2d,,13774f9131a5b477a7be0b6def39516c9a4c5752a7add4d0a4eb259a174db289
cfb,2651,#0b335e,,771f3fa7c522057da9699bd6a43c46abffaa3b4ba75c1a6ab981edd8d1aae8bf
cfb,2653,#862633,#aa757d,d993ecfbd487072931fa99eb42b7c525768630a4a10884c7b7a1b6a2fc78bfe5
cfb,2654,#510c76,#c4b6d4,8338d3a3420c4c62f055a28b6d4da6757c28ecf0032626cd5a04187d920eaf11
cfb,2655,#006747,#418fde,35db0df8ce98e8180a3d6cffa1c2924f863874b3a4226d6b76192216fbfb4808
cfb,2657,#a32035,#efad00,15d6b275f6f646fef8144a286fdeb90af76ca14cb51d33ab4f4159d320bd77f8
cfb,2658,#005daa,,303e6e0e82c2016a0178281ab1857f63dfa11d7233f3c09cd3ff4b700be28fda
cfb,266,#003865,#39524f,832c778b1d18e024e2a888998198aa6376684df9ef2bb14eb30ec943c4819030
cfb,2667,#97002e,#321b22,c30bff741a5d26b2561c8d9f39bf620be042132bbc59251e2aca0be191603441
cfb,2673,#dd1a32,#3b181d,25ab38d2fb7fd56b7952420421b24275399d5161aa2ee1c95185e9527f0c515a
cfb,2674,#5b3106,#ffdc04,5091e2749a9f848861c959a422d474c27afb57652a961cd959f226feb1e22893
cfb,2676,#72171a,#261e1f,06722bce08f1d30462885cccd71ae2cc901e32adcca6035cdd44e3615227da7c
cfb,2678,#ab1a2d,#ffd911,892ba041e37c0630af961e9113695835b38c84598be1f8bbabd3ce57382e1bc4
cfb,268,#062336,#215379,00d2edc6ece7c32a25718bef4a36812e7b632437ca9e2f94a3cbbab25edbaf18
cfb,2681,#00483a,#4a786f,c256af3ed07b32a9df7af3685b550add941d834878af809c71462215f2dafa00
cfb,2682,#6e0022,#b7986b,d48b56b5f765a9428bae2ddc3f00ed48a21ec563cb9d04c4d9aecc531b2405f9
cfb,2685,#f6832b,#231f20,6c50b2908c136c486724a7694a2b4acd83e14e678023745b31ee971d37325f9e
cfb,2686,#a93339,#231f20,68cb485394f3c46f8c9609cd8e540cf1184912c79d28c542852aa4fb0b29d8ee
cfb,2687,#003876,#6a8bb0,00487ee02c7d78af109b21bf029c2f6b939c6c11e6d29c516728336805212a12
cfb,2688,#000399,#6b6d93,4cdbb1bf96017fd2cf40534107a0e9b64fdd6ae9c71a50b7c7bb3baecfd617f5
cfb,2692,#42246f,#281f2d,13398176a38b167728c4ba1c3bc3b4900d05feb0c6a63f1bd95996bcd2b8ef61
cfb,2695,#d31d33,#f2cbd0,a2e7bb99188ba94dac281f8e626c683bd905b1203607ebad6a7b1856d01d88b7
cfb,2698,#0033a1,#dc1b21,64ef85a9bccd3137efa376d27e95dd95d35ec880991238cb53187ee8c13113e3
cfb,2699,#ffcd32,#050707,d65b3730ec6e3a406e2c7ef6395b18ccf01684456c9a54720577dca4a8bc0391
cfb,2700,#00674d,#f4cc2e,da9ddcd14bad05012cea7a9a4a5bd0e7bf722bd0167d5ca60ba5403c2f4d7f75
cfb,2701,#b5121b,#a87477,eaf5d45db1a9d86607fb0ffe83bdbf9bacff7e868d364d9cccfd7bc5dd73da95
cfb,2702,#feb610,#3a231c,4188db56c7b7fb6f33f0246835136789cd3ddff4192781d7ebef56b016cee17d
cfb,2703,#42196e,#d9b962,698ba7596a95ef5115ae206c1d94cf52f561f1a6f070e1ed89cc13f44cb682d5
cfb,2704,#6a1831,,759df18882978aaa7c2463f2cffaf18a7943749ada89f44bc179f1500729729d
cfb,2706,#005dab,#f0b310,f68a3e2391a79883d21328a5e4e69e5f59009d241e942305071ba378bac687e5
cfb,2707,#d2ac2a,#7d7149,55efd614e9cf68a9952284ce817da191769966976329ffd04089d5be7c5426f4
cfb,271,#b38707,#febc28,1fef6afac864ce1c06dd41fe53b220dd722b57a6ec3e297945705d40a87fc94f
cfb,2710,#ffcc00,#663399,2b245a4ddba23d0259bda9a093eea759527f70c0f941f25c0e19c3abe544b5a4
cfb,2711,#511b00,#f8e143,ef109dce0c75f0e11715f9f08bc2b3bd8b5b60fce7d15b5bc19a1c8702f4ed2e
cfb,2714,#c61230,#5f6062,d5b2dbfb6fab8ea7be131892393df394fd310b523d19920656a8380b2f786a70
cfb,2717,#5b2e87,#c0a173,57fa1e36a7b0865127f294795970c28f908fc8596848a3e7903437fcd6bce8c6
cfb,272,#0068b5,#8cbbdd,7c48c85f10e6649bf48e1dabbe7ea372a393e004e84243f655268bf47b31b7e1
cfb,2721,#930036,#000000,8541658114d3c064500798cb75076a3c55696bf58d76d46cf85579c4e5170932
cfb,2723,#cd1041,#936c74,602778cbdb621625f414ee8a249099559051807cfb06c9d7fd39399654bee868
cfb,2725,#0056ba,#dab753,4d32a49df5568351f91aee673f4f563fea88a4b383341fdc9278787ee5150a40
cfb,2729,#185640,#f3b120,5e22af23b7ca50663afaf78342eae31ec635b9708d5f537bf61927a2afc5c1da
cfb,2731,#ffbe0a,#4a017d,7167b015270342ed7fbc38b313a309e886326c57d920479fdebac663a323ab05
cfb,2733,#92c648,#015f52,351ba8b9ce9d0154cc653431b408f64d666c594cb8c644e0cc12c477109f47eb
cfb,2736,#c8102e,#4f0713,b743da5fc837de30454b1788c2d643db4fa1f8e66b68960352ffa5e21ecac10c
cfb,2738,#023576,#f2b310,38cc24a059cd6e3c2e3b9968cb36ea2b0a8f821d33f7ee33e133de3913b8c243
cfb,274,#1a64b7,#fde133,adb56b2c4b1a8b4973fee168bf6420549772f70abf43f23c8b91bbeafce2ea8f
cfb,2740,#850129,,9e39a2d84929ea36abcf49806b49dfd76ec3a1339031000f45efed48c09e85d5
cfb,2741,#006241,#4d6e63,c0b63d42b671e096d8ab8ec15491e2101c2e8347eb46c458b48c0d03e4511879
cfb,2743,#492f91,#ffde00,256017aab572d4c88cdc1457e1aff6636f90f50de6ffb7ffa60f87b453235a74
cfb,2744,#0c233f,#bdbec0,6468f68e1ed146681f52a93ec8412799ea137a1f26f79ec8bf39b52849a06127
cfb,2745,#5b3085,#a2a9ad,5fa68082bc83ddd42d65a9aa66e0fed593912561f7d563c31627dc0de7d91455
cfb,2746,#d31145,,316a82ad5a04348c7a90d09bfdb2cc307c7dbd29f36fb6eb9481f74720a96b89
cfb,2747,#896e4b,#000000,1565f7727ba51d229056693594498b351b126ed4588c8157dec171ca230cffb1
cfb,2748,#f7be00,#5e2921,237ac39a2a9c15d9ee8cd440d02ff306003c7c66c3ae150e64c4dd7faa307b8d
cfb,2749,#c41230,#db8b99,1b6245742ec1c1e9a2f89c2692b430406e496bc68961e1c5d423241b351e366d
cfb,275,#a00000,#000000,36a5c3e0fae73171c91f10ceb170ea820f4f46c4899ee8a66e900a60b597ee98
cfb,2751,#4a2f24,#fdc927,05bba88a8466751ad257c493aa035ac284f98772115faa19a5aedd330eb63447
cfb,2754,#e51937,#c2959c,c0dcf0098c73268d27abfed0588322c6631bcb0b4d01258dda84b500f924d3bc
cfb,2755,#f0b310,#a17e26,d12c2580ef152e4045dd4b121c8ba665f1d72b2e84a37399395c45c309cd2d03
cfb,2757,#1c2759,#4e567b,cdd6a0b55eb6c9868452ab869eade5ebeb3430f08bcf8cc9521f78461d63e24f
cfb,2758,#02215b,#988a6b,875e6f90b4e6e7899a74c480bb6ca6809ce1cb5ceb87655af64cd8a3bd7a0a30
cfb,276,#00b140,#4fc675,1da7fba7069492d881b01a375a5ffde5632273d31118d4466d1b92db447daefb
cfb,277,#002855,,5d80b2a5a79d7c5b8dfbb270f0140bd7353b87b6fcd8dc43a60ccff9a72baa29
cfb,2771,#01356d,#5c7890,50145f8c623bddbaa1e5890b49a12dc4cdbf078467aa459e23c1be2afc517f3c
cfb,2776,#005588,#aa8800,f4d11e99b5c0ed499983fbc8156a98499058890087fef98f7e4ded75532321ee
cfb,2779,#663a2b,#ac1f2d,42c7210529ba11477cd206b8545cc2ee60f1bc345682102ad492814206c2e981
cfb,278,#b1102b,#10264b,523302ba48abe65ce9d778912c43f72fb7322a2d5815d8ac324f89772a261d14
cfb,2781,#00462d,#fbcd20,906f4705fa67004774b0ef1fd8eeff63716acdb1bad7c0565bcfd15a0400d33b
cfb,2782,#c00c26,#38050a,f8e4a82c3a338e211415c4b9acfc00f0272e92cd05b3ae9641a2cae715c3cf63
cfb,2790,#efb30f,#472766,79414e62a3f89592ae0674d6e2693c2f25ff1f4ff8d496cc443546afd4fa6901
cfb,2800,#421d2f,#80143e,3e36fc3972ce56a038316b8edb0c909a0e705ca433eac5440de028c0c3233f09
cfb,2802,#002d62,#bb9c5a,a4bfa630c83331acb3614dc670d10f039cfc3cf375c526f2a67942cfeb46ca25
cfb,2803,#a69575,#413c32,cd25eaf4ba461869ea71a864530f1df22669f6f8b7d43c8dc2342429a03b5dda
cfb,2804,#00529b,#012e64,5c37c7a2c4bf73c5628e82718dc6f7de89a4bbf8e50d22861cfabea26bf26054
cfb,2805,#ad141a,#8e4f53,6b227d7a681eccae6d6ca74bd02bab974fe95fbcc1950cc024a1d13993322ef6
cfb,2808,#ffcf35,#828382,05652636ddf341156617d2f127baa23630dc11f65b0b4d176a5101d61ee2aa32
cfb,2810,#fec52f,#5b2d83,bfa2c9beea4ec86f15f07506d3a6403331dc2e00d3986ef369182f2c8fb36318
cfb,2812,#f36b23,#0a2343,4cae647f47e8143adb0bcdf342dd49809a33815df361c5d3775361a5b4d9aeec
cfb,2815,#b3a068,#6c6146,e563c230bae64bcdc7e899c221f1a851a97a8b2fb863439d17e6e501bf98a187
cfb,2816,#54237f,#cfb97a,b7cb09b79d5410b1da8279c9e62843326e7e5cca12b7ceaab023cf2c11d0ec8e
cfb,2817,#c8102e,#000000,60f867c30907fd6e64e26207f6181ccd6d57105ef416cab0d97f15ba96696d81
cfb,2818,#c20f2f,#913345,ad30cce0dd6228a55daa78ceb4d55741c2383b5a868910883ebeb00fde15a8ec
cfb,282,#0c4c91,#4171a5,89cbb62dedc9c6a745c55dce2129c869f96f87e497d84a49cca4265633c429e5
cfb,2822,#d91e39,#cc9c9f,3294e0405cf109dbb7a5270ae7f5284102f89e5f09cf1a88c29bb01f4a506390
cfb,2823,#d02030,#8d1d25,3bd6d730adabfee3c4bf15a4eaeb5741d39b056b107d506734b547c70dca2cac
cfb,2824,#ce0e2d,#00205c,33308e5008469b5682fb6a9677a79ed4ae2f9a204ce90fa683ba7a130219f121
cfb,2825,#947e1b,#432014,5cccab05bdf56141fe7729da6a1b1c7ae0f53c772dcb7e6a7b6763b6ccb2d7c9
cfb,2827,#fdd104,#571b04,20a3b17acb328270d37bafbd5eafe8a2ce83032aa90f149dc17b60a1a4e8de62
cfb,2828,#b80835,#003679,cbdc6e1c6f75a7c1f0983a941a1ce23039cb09ae91969ea0e406e1568f01f11a
cfb,2830,#0c233f,#5b6a78,c7d0aba6077d297531882305ec10aa9f2961e7f441b646ccbfa70fd11dbb28dd
cfb,2832,#004712,#fdbd54,d0b55fcd42c5f74e1a34f0dd75e18456526918ae4221a122fc4949aa2257d698
cfb,2834,#eb0626,#d7a0a5,3a102aaa3a7d7e7f07664be10ee42bf2ede6c4512e98ad0897cc50fa8ce73342
cfb,2837,#ffc333,#00386c,fa46556eac9485dd574440779b1951f968ce2a2977959dd9be1b8a3f5c051974
cfb,2838,#00401f,#bca233,8e0101cd246583e829d49c41105f5ea6f940c7941f359406812ca6c3f6616779
cfb,2839,#f2682a,#4d3124,ea52be10e33018203ed0ca2ec59a67d00f77c17211d95dbb6aae8e53deee196e
cfb,284,#342a7b,#746f95,db01008fd8577b962aa597f7a64ed7e2f863b6d9e488ffe814f71091eaa54ca6
cfb,2842,#e30000,,85c4c1c258d9ab3f9e4d52d6a10992d9bb74448b09eedc00c045618b8d0cc6d1
cfb,2843,#002857,,23d57b649f8bd4cedc1373ab6fac8752d92ad80a5f74830d464a41055cf2656f
cfb,2844,#ffd02e,#453c1c,afbda01310049d6fd403f829c5f5d96625b3600af4c4ca743cd189996acb502b
cfb,2845,#9a5627,#221e1f,56c5432f0c9e02ebb5397d0dfe4626487f3036ada615c0eaae9a4099771e052e
cfb,2848,#e2383f,#96777a,7a7c13be18428d93a13214d0fc3f1776583fba1261a679aa261f2141fe9b78d0
cfb,2849,#00355f,#4b708e,7709162fabad3b087865613a83f0c07094b83bdde1716d24f7d3a3550a2b3a4f
cfb,2850,#b79a50,#452170,893f556fe6446d127205df728b42d040147fe3d9f9397275b9a1280376b27773
cfb,2851,#4b09a2,#b9a3db,596e456e62cf225620dc9ec3597a6b9f1f4b41aabe7d89541ecc4b5df1dd9582
cfb,2858,#b42622,#231f20,31b2219657115a7735471a2c18f62497a84463d73960943f01f03051c0d63b52
cfb,286,#005288,#f3d00b,ff641e1a1adfead1c4e652539ee6c0ddea400929329b18a9f8e71ac349d5428b
cfb,2871,#092f56,,b9b03955ba8bd6a074e6d0f1730c659d7d73245a1c59e03b9d0c39dc5a1be213
cfb,2876,#112845,#29618a,66eb854d5b0c4f5ac7049aac1e161bc5314d1e77ec09efbd7468aa90fcf954b8
cfb,2880,#082443,,63c3dcdca370eef639d792c2378db26fcbf726bebb578b8190ab5dc53aff4f53
cfb,2882,#8d754f,#070909,9d47d7f08cb53a69568eeb86a46654c5ed7931dc49e75acb9b109ca751879233
cfb,2884,#007b5f,#86b5aa,91e90a67509d7b276e65ebb40b5b41cf249469ebda593ab57867f7a3e1a70a81
cfb,2886,#7fb0d6,#15223b,9dc9a4e67d7548f99ffcff9afa2ff8ddbaa4c4f38ea0f47dc0255740f5bb5059
cfb,2888,#542989,#f6cd55,6fd0bd36260daa89c822b2ef00ef3c07f38335e8960f5d73bdfd62227d617924
cfb,2891,#c10e3f,#56353e,1d300787f0ad2db0f18c8f4b027b1a61b0bf092622f8967200f1592af6c0ed43
cfb,2894,#492f91,#8f7fbc,a7852e92da3db2c40bcbdefcc774bab5abb54aa219db0bc5301d8eec0d5e71ac
cfb,2896,#9b2036,,831e6db83b5d740ca13ad3aa29cf9c02edaa2ce7561361731a772c45db8ca2a1
cfb,29,#751708,#cba7a7,045dcdd490c26707aad140363254abb28746ec337c27337b4f7b5c13f09c43da
cfb,290,#051e41,#a5acaf,70309e48c4248f1eafe5cb07f266fe8210f46f6dfcd58590febd7f9b2f616eb9
cfb,2900,#512873,#7b5b95,0919ae81afb2cb501fd2eb65c9ed9a2006b5d75b489a3e46916c4925567b7424
cfb,2909,#1b509e,#273246,de90941ca7f7a9fc2ff5095ffcd72704b682cc16d861112c2591571acf3b0653
cfb,291,#fec325,#00583d,30897962149b7d9899afc6077f3dfb46b5932ad1186d38fb7f4c91c6ee58dacb
cfb,2911,#ea1c2d,#bdb096,117b4b3fdf99a9ccd349bb08a5d94b2393872a55438a49dc2bdbd9c18478e7b0
cfb,2912,#00457c,#ffd203,c17ca91dcf4f9ff3d378e1e2a31c5fb41eee693bf0cf46d4833ab4d50aa4bfdb
cfb,2913,#003c78,#7386a2,4baffe7254e7cbb57cd598b9a3ea93e35fe7944ff2b7344285a1b766e3cca3af
cfb,2916,#d0333a,#462427,1fafa4479521073628f980490bd079510401291112f715726590514f4089196f
cfb,2919,#d4282f,#b47b7d,5eb8e2eb68bfb749eb060d891a38e3c44f73f99219f27c228b05539d2b5e8efa
cfb,292,#fc8804,#021b3c,0236c0464b299284dbca6be0716d7c3fbc1785af0d4754edd611aa5f98b4ca9c
cfb,2923,#f49523,#00549a,ae31756865004e04583709447c664e44b730e6fc1fd4460e5171239e9396b878
cfb,2927,#2e3d50,#a1a1a5,368b0abbd91746a675f8df91ca33e77c1ee14eac37a7cce06d9543925fd4c126
cfb,293,#01573c,#231f20,c69744b84082bd7ba552b3070b35bd0b89b7a18a2edaa08ca475f7488d98318d
cfb,2930,#ab9e76,,3eb8dee24ad83bcae293f9bc41d4a979bbe9c63fea26a07d832c8d7b05f27996
cfb,2938,#d21f36,#b0b1b2,39bf452f0bce41dac7f3cbe7bc99592b0e914f2f5604ae92f071c949abd27185
cfb,2940,#86b0c6,#566f7c,9730422a87ad6840eeb999db9d2882c6f23bb6ca555668b2c22053d782863d06
cfb,295,#003768,#9cbacf,d7715a34978cfdb27bdb863a6c0de3d7a4c122e80de0c72397b8a23aa3d10fa7
cfb,2951,#790032,#00275d,15d4f5b2597f744b0c3925b8ac00c9f20adc9999e35314c0852f19b7e4274050
cfb,2963,#083150,#4d5051,5730a72bf02fdd9abf8d2b27afd5f5bf931bf8fc019cee7a03601c9247344a35
cfb,2964,#ea0029,#c8c8c8,2483d225a7e4012de62102a8b0d1f77f326dca7676616dc53a8a623b3d2f0a22
cfb,2967,#edb317,#edd38b,6b9ac4691c335a562abeee6d031bf8fc96429b9c6c5a78dd6478edc39197df4b
cfb,2968,#fccb06,#4e4428,363bb3cb0c82df4dd9778abc571590d53a1e33762a6bae6524401ae1fc7d8130
cfb,2969,#ffe315,#0066b7,1bb35d8ee51c3a21e5c5632cea0180ee0dd4d04bee5d7e464d30c07b90090700
cfb,297,#900028,#6a4a56,77d9066c6033ef7f96bc009300f834f317ee2bcab08295abffd4e3cbce72e847
cfb,2970,#ff8320,#302723,3bd2ae43bf03be137774c6b567c72f2564d08f4c677228d0075e1fa37f1f4168
cfb,2972,#064330,#466b60,272ea22f39542f67fe84a65472b1c9536aec507bbd645cea5e222c3360552e37
cfb,2974,#c0b45f,#0d1d41,2a5d1c0afb2f172a937eddc2a72d1ed649bef18978e0332f3680b0dadc83006c
cfb,2977,#032d59,#facd04,91db4c1c5a1c4b104bcaf7da82abcf9b2b9bd69d1e0d8fafa6ecf3479d6fcdb3
cfb,2980,#e82524,#912429,7ac7bc307c1e1508c513b0b1ae8cd6f7696d6b91989770db26d88506a2e507ac
cfb,2986,#75243e,#9d6374,5f0f89fc31387a948393a949e752a9a3372e67825d48ab396d173470bbc55d5c
cfb,30,#9d2235,#ffca2c,abd4a69d1efca7bd1c944acf8a5a77b5bce41602da970e9779f0bf6079489c1a
cfb,301,#00275d,#2d97d2,97c7a4757694704ce5e975686d1429808cc381fb6475ae72b8e4f467a42d1d24
cfb,302,#0f2c52,,f30b549c6c0fea64b65100f480b2092b80fb845c2d63304b451e04f1db968aa8
cfb,304,#f57a1f,#956441,9e7a357ba8c5a56848a2d2a70c5184b27a2e937272065771fadd6b10df939435
cfb,306,#006f51,#46927e,76e5d36bbf4b507370bda4816aa3a9c29d5cf29a580659a31c3e2de8de0e223b
cfb,3066,#d8ab27,#093254,6a7565a1c017c4e34cde285db368dec2f84e29e677e7c13f21f11203fa9b2732
cfb,3071,#b20838,#4e1827,739ef45c554e196b4d880573464c805260881bccc5c4e38cd335610851ab79b1
cfb,308,#513093,#ffcc1e,5ededeaec41e97320a4155f6877b127ab93ea9e04e3ea525e77c6698e5936558
cfb,309,#d3181e,#2b0607,504a8c3ff5469e6c367e3925e573324e8efd0c0e42a034658e1609a62f1b1ed3
cfb,3101,#ba1c21,#003058,8a12a10bf06517543a9ffe45f44a62bf36da6b3d3d20dd6cb62e8e924e5da2ea
cfb,311,#7abeea,#810d2e,7de3ab29e9a6a7cbeab35fa14383b643539c9f52b804785981ccec095e4cfeef
cfb,3110,#00502f,#2f6d51,8a2fdb96f35ea95a750fd125942f42c164899a1d6adcd177a6027d5199eb5a25
cfb,3112,#005394,#7b95a7,6305d9a2d0e33a4633328f2be066925508dceaff87c38aba4f43ba698681f738
cfb,3162,#00467f,#0094d2,ec8f0e4a5d18322a50229f2ad4d2086223fe925ef5e341e2308d18a5501c20a2
cfb,317,#00275c,#d0d1d4,9557d8db0d428ef920a7d89369f03ef4ccc06889117f59ef25f6435816445773
cfb,319,#255f2b,#000000,cc71b1ca5bcf20d6feaefc674f7321658e6b90e034352c8a5c48927ff8f4b183
cfb,32,#f16723,#002b5c,6b90f094324ef9432fc68c1dbc4d196787b52bd0fee177637be7e418b3750ebc
cfb,322,#910029,#322124,87a3bd409adeb4cef6066713023bf95ddcc23fc8d3e96ea04406db1f1e534f45
cfb,323,#1f3361,#5d6b8d,a0b21a6dda78be6d3757e9eccbdf8bb4c87c11d01e5fc2d2f965d19f04cd6a9b
cfb,3237,#871c30,#c38d97,8b6153919dea4f38f839ace641fd27039d288371f77b3a022cf4c5c1dd9d0d22
cfb,324,#006f71,#a07752,16b25eaa685f36feaa1fa315a91d58c83349fe7401eed3bd6e396552006a7f93
cfb,3253,#124d39,,17216100345c9d19a5440313194aa4bb2adba604acf4368a63a256defeae560d
cfb,326,#501214,#6a5638,0e81afbb4d334e48237c83fd2cea6239871e2f8167def9ce9a836b1e2a325366
cfb,328,#0f2439,,d2cb5546e8f39a2cffebd99ddbb06be2bb4b4b634414a6e628573ad4bd04f1f2
cfb,33,#012778,#a6acc9,95485d07f6c7a88726934e258758e9855f39fba72f67fd526cba8971e72f7b24
cfb,330,#a9712c,#3b3128,9965f242da1dfc93c4f7da93abe305ce1805ab2181d69ffb28668280b1672ca0
cfb,331,#c41230,#000000,c11f8657322b3ee05d230694fd12d825216c69635ab939bc0ef7593554d29db1
cfb,332,#bf2037,#372427,ea60ba5ed427f28c834fda964c9389c662a2fda59a6ad70c9c72dc062450b04f
cfb,333,#9e1b32,,bb55649cd4257a7d13b58db3f6cc85af8672b43f6eb215b6e729c7916ba5e4b8
cfb,336,#d72121,#6c1111,55530dd96b91765171a6a7e27bf67011460a49a8234145c383673a21d97b1a77
cfb,338,#fdbb30,#695a32,b2697f1cc59faf361dfb9022c0e1a10af9803f9ee70b0ace29ce2abde3cd6618
cfb,340,#b3b5b7,#231f20,23a6e637231dd5f7094d14b4b2ecca1478787ce73daff555f60a551312299254
cfb,341,#d31145,,77a1d1bae6fbf925111e0d61c7952cd1fe5e637774f8cf58544f9c8c661bd834
cfb,344,#5d1725,#94757c,1854b6d52609c4db7daacc59ce122017c3eabd2e70b9c66deeec297183d4d46b
cfb,348,#062f87,#d5b98b,8339fd877325131ee1108f60c084dca91c5a7aa208091372353a87c02153da5b
cfb,349,#d3bc8d,#9f8e6d,bbe36252ce70f54489fbd0a0c0ec27bfdbd4f84d2789fc9906bda5ccd93c7aab
cfb,351,#182441,#b8ae85,c9d74e86a7f56f838aba05e87f403f41207b0a005aab7e80b9c547d761be5bbf
cfb,352,#613394,#3e334b,3775548e1087bf56751c1c2349f888ba94e844ba9f5f2403b7d0415fc943325d
cfb,354,#e72623,,058f230a0832b86c12848f5123ddf3bdfa303b538a0f80ef61cc768da1236dc6
cfb,356,#ff5f05,#13294b,62c3b65a1ab3e8cad05832d76dd7b3fb695c8220c07f0fe5aa44ef12abcda56c
cfb,359,#cca05b,#e61b24,735816db83251f20c83b2ef1c3d3b5b7f2c0693715ef8248068cabf589633a1e
cfb,36,#004c23,#8da47b,356212f740fd77198672d89b67e66d91c514c8892123f77cd2c63071ce6c8706
cfb,365,#633394,#df983a,729abfe44bf2cd676b71a93cac3a1407d495d0f86547d20fe770ab428492a22f
cfb,366,#9c8642,#000000,52c1ef2ead2b2654b565c82f3242ea25fe2c44c59443c7d43735b8151eb11597
cfb,367,#fcb040,#8d5833,baed1ee8fb222117bb9ccc4cc4f07bddbf899b9a459ee8a19c9c177028c0a111
cfb,374,#c02f39,#482325,bcc2f2f0373ac30f7c667b384ae1a41ff780caca200e0ee30e2834933ebbd8df
cfb,375,#00447c,#ffcb00,bb7e8a53dde6977b2174fd20fbaddd536b218b8d9fdd34b06caafdfc4fe18c7d
cfb,379,#0f223f,#d1ab42,3652a630d632bf553739c11ea7c95a1fc2bded73338e88a5c14faa7b543f6ae9
cfb,38,#cfb87c,#877853,69f6e383b017d6494ff7e0456e90211ca41e4c746aa0532cf762256651aaf192
cfb,386,#8c2129,#ba8e91,992a2f48f338e30c819ef1372a213719077400ffa2f5f10c23e1b640a5b8e6ef
cfb,388,#404f5b,#efd49e,221b52673452bcbc89222c27726214954e2c477795e6a36faa50166e1074b891
cfb,389,#1a2d5d,#aed1e8,f8d4296dbacd81d74a36d9e14a52a18f7471926e96cdcfff17a41016c5503ff1
cfb,390,#0b2240,#e55204,a590df91672288a0497914ba4458b63f8e3ba37cdd070af663dec32d60d8c919
cfb,391,#ad0935,#ecb434,8612fb0c69d0fe3f153284b1ac011969f9fd1a9afe3c055865a1ec4f4b43a2e2
cfb,396,#002857,#95502a,eba162f962834c41fd8e7456f1a2bca8100f7341b48f04883314c74ceb645c6c
cfb,398,#002856,#ffcd00,934cf108b4fbfab8134ce9677526f9b2f035f7eac8c27c4fb70bd4ee2b5702e2
cfb,399,#46156b,#6e5183,8f775693e211515deb77394a0e8ba895962a139dc3f04923956afa178fa08ff7
cfb,40,#65448b,#c9c2d1,df67e91ccfbff2561870678c1662d3404a7f5c196582381060909c7f5612aeb2
cfb,402,#5c8ab0,#044d8f,0929871e02b0eaffc84a4232baea2ae68108f6b2d59902a9e496dfd39e3b2241
cfb,409,#245699,#a4abb3,758fd4ad8d4843d6bc3fab846ae40706293fd19e81b920907f8fb6397a2d5558
cfb,41,#0c2340,#455268,3ff5b782c09c76a90568f2d8434ca70efbecc7a4f65ab0cb66d5c00b1e384ad2
cfb,411,#ab1d38,#542a33,6fd2971674b56f97f0300bc8d4489802f8df90c02715ba61fa9807fefe1afb26
cfb,415,#002d62,#c2a303,bcda097282334aa1eea65b1f02258d5a88a8270ea4dcf38c76e1c2f19e3d1a67
cfb,417,#d1ac54,#01295c,05ab90e8ad6b33a1202e9b8d5087e5198fa014b01beb5202068c61213ecfa68f
cfb,418,#f58023,#000000,35f35c4a7cce5c6fa517efb072fd3309f8432906f54398b590e04b7167d51d54
cfb,424,#35236a,#6e648e,3c67201b2649383c925eb6646932f1cd759403c0fb46ded03605cf872d2e6919
cfb,425,#8e0a26,#fee44e,158812f3df394011fc1d0f1656fdb44367bbe793727877f11b6c3737f7ff132c
cfb,426,#291f2e,#642b8a,a5c7cd0970c38e07fdaf6193bcb634e6e15c5ea7bccbd5ee0c0e24c1fa3d2195
cfb,427,#ff5324,#000000,dac7c6065eeb803893de33a5c9485ac9385ca7ae47b504c5713ff0abbb88740d
cfb,43,#0a2340,#89909f,38a3a325babea1036d6849eb7c87d6d63dbed97aa1c0bd5a03aa2d4b9bf86b07
cfb,433,#06496f,#7399ae,fe78eda2b18f0028c1e94e5ed5e397c9ca1e11d06844e82754ba8da3b17937c3
cfb,437,#113d2a,#9ba19e,9bc6e8eaf214c24f7323932e79df05070b78677acd49a088b1acb383174afe08
cfb,446,#de1b22,#242021,312ee4fab36bec7eea4c6cb4fc7fc5f3ecf6d6a6812de67a8df644baef2eb405
cfb,452,#008265,#003868,608a8ccf4ccedcbd8372df79d0073ba925e00013092fd4bcd9315c7d37fc1803
cfb,455,#ff4c00,,38b598f80a44416e72a2f8a61d93ff313310a327dd23ab5feab8636d7abc4061
cfb,46,#15284c,#697587,19125d5969a8c7204d90e2ec4cfdaae41b32b49182a75edbdb0b1b4c389a2dee
cfb,47,#0a253e,#6d828e,318ab52c35840aa523eaa36a023644cff8f7bafdb0b36962a4d55e54f6f9be20
cfb,471,#222b2a,#c9cacc,e3579ef025cb195753f311d9b92bd6f4085ee90ed12597c5e5dea3f3e6c31f7e
cfb,48,#00539f,#ffd507,89e021f5f9b67d3024a17b83347dbb76d77a2b08fc67e8ac49411317228c7964
cfb,49,#1c3c75,,387c5523b269e4e2406d8fe0f2c118ec265a492f1bbedc279d365fffd104e81a
cfb,490,#fcd309,#3d1950,f72c82b478b38a595b1e1bc42680d2908df9d05a9de5e25e2ddd4dda02467b4d
cfb,5,#1b5732,#ea0133,905b2e96ff5a391a789276d4b211134ca295a91bc352d1ba5668c79fbfcc0bbb
cfb,50,#fa9a29,#ba7526,a4845db1b8fc05b6a186f2fe8e2453757d949771b5bfcfad9b69316fd31ad84e
cfb,509,#5c2f92,#7f62a4,ecc4863dc1321bb90fbdbf7f900610ac5dc0e50bd6a5542db8c6f435903b1f2b
cfb,512,#fff200,#00529f,34a050b17876e4d3eb4fe6e8da4af87b88c2c0b865db543a715e44913fab3487
cfb,52,#782f40,#d1bc8f,2b8ccabe8c063ef5f2fbd4c21b489179d94782ca4ea6c14dd3e5d1728afa61a3
cfb,530,#f0b310,#024c8d,0f92dec5358db995d095910fdc1c417b4fdefd8355ba834b39ecab1455ce7f09
cfb,548,#df1c2b,#3f1d20,99affa265ff52d81d21222e08de9a40b968da05392e96d4199edc9ca0ec46942
cfb,55,#cc0000,#610000,ea8258009ea1024de674a785b6ab4229fbe55e3453e7931ebbaf61fe01f8c2d9
cfb,559,#0a2e6e,#ad7c70,f3ff890ac6ec9c545bd213852b9028e449c11a5aab159e84712285caa2e0b5ef
cfb,56,#0d5640,#b0c8bd,818808ae1985f007f57581a3df7360b49979dc8fe4794d0f18be6ede8013c551
cfb,568,#ce0e2d,#df6979,ec5ab832978e665f867612c7f975a6f02056d375fb6e4e0b41481881050b8af7
cfb,57,#22884c,#fa4615,2e70460ca7c02a03d238ec4d9dce163a22401bfaa9842cbbf2f1ac1a991d6d50
cfb,58,#006747,#d0c492,a74207f69d800eba006138acef12a1436166c868ba14c94e1578190358dd0d14
cfb,583,#291d40,#c79e54,0260039cf8623a1c7918907102124e152393246d5b9e93a102c7bd121d9db90a
cfb,59,#b3a369,#002e58,c50e6dcbe550c656e79729b1dc4d348a2deeb66dec33a331f9df4cb23885ce99
cfb,6,#22346a,#b51b45,178ada0fb7df8fbf295d6001a992835876f2cbde64225d35ff0ca7dfdb374c2c
cfb,60,#840028,,c41d6b9d27cc881ec4941fb2895a0d02fdd37ed1c710eb03b8859ec88711fdf4
cfb,61,#bd0b2f,#000000,fa5c7fb14d5ffa38eaddfeb80161835e60a3d496b57db5e0ebda5e6475226d8a
cfb,611,#d11042,#fbda87,4e95122a1f18b287a33bded9094120d42a5bcbff5762829a6fe72b32a1d97894
cfb,613,#131f48,,d2701b928dd08182fadbb004b3f097f68adb88a80eebc2c0b497968a8828433f
cfb,62,#005737,#b7b7b7,0333c0f1e6c941c9207f9aee9088d7fbe952fc9eba1fc8ea5a075bea92ac92f4
cfb,63,#feba12,#001440,f597d7939d88f475ded44819d245b00c391d779c2768dcf6f3a2a1ef8b07bbf5
cfb,6353,#fec425,#091b3b,72246b69730b051bf1bdd0dd150d4b20f18a374c1c699c403fdaa2b2ad8c20b7
cfb,65,#ee3124,#bd7a76,aea6ee3a23c3be9f66b83719fe82b9c62005642e371e32e679eb1966a279219d
cfb,66,#fece2f,#822433,8b490fe0621ea18538cf38e2b9c462beff54b26ee4707c54d024547e82e7cd63
cfb,67,#015a9c,#5e91c0,d5e153f5cc98901d2ca082ef345cc8b2a3133cb52709b7fd494df4db4ba56387
cfb,68,#0033a0,#d5430b,0fe810a62f4c54b85bc0ab652c5acec912c7abcad5b8b2068827ac5f3385fccb
cfb,6845,#aa985d,#c9bb93,0f8f322ec7d7f2916957e90024565d664a9e73e582d3fa61c0822dd743c99d51
cfb,7,#3f1f69,,fc1987c75287b11eac27330be5bc5d55d9c6521143549c5009db27d280806b8b
cfb,70,#f3b519,#4b4337,90a5d108db490744199b4e1f2cc45d8b05ac06dd0e3f05b223e3a74ac01ec2a3
cfb,72,#00a2e0,#0c213e,afefab8fbcd3f37007a6178b6a2e42874142703d493abc0649ca2b53988bdd36
cfb,74,#014576,,9b6c58952c869d15c38dd1051a89dc4b6a4c40eaa480fdf6342cf92f312aaec6
cfb,75,#0057a8,#fed00a,5658610b357cbbf060e5c7b4d41c5e5d407a07f516767cb6bb70d61cfc6100db
cfb,77,#492f92,#9687c0,d447850b4a4d514fb7692fec4cda3e4fe7268c9d664b53e93f0f8fd476b1e6d3
cfb,79,#6f263d,#996676,b67e5afaad47a604f385ab3e7677568d9f282b8f49420c66719438898ea56ab2
cfb,8,#a32136,#50101b,16e44ba49923991c70b824707a4c541327834a308472ca471f0001805a6a8d91
cfb,80,#8b0021,#311b20,352ac3e6c35dba899d0457a075f76f1aabce47179d8de70231172b94a7e8ff2c
cfb,81,#862633,#bbbbbb,c6bcbdf716b2f7db3d491daade77ffc96943ee758f4897bf4d84dd92840fd407
cfb,83,#ffce34,#8b7a42,92781ac12637eeaf880d8d38bc430b8fc34efe33e7408d3b05dc5c3aa2964159
cfb,84,#970310,,0dfc3e06f6e158d96df2b9729de6b1cd6a5a5756ec365cd0b998aa6ecb45aa66
cfb,86,#810000,#a96b6a,a8bb7f9af3b660ea1572be699c4b8c46be3ba8a21225cfb3f661d219d267208e
cfb,87,#062340,#c89600,5c0412f57d3fdf05789d255595ce014bbed36c6468f8ec3d8471450efe5f9f10
cfb,89,#ce0e19,,1c14c4c0e693f1971f34f7d4bc4566333e54f6df5f76ee647f30419208193059
cfb,9,#ffca1c,#7b0430,12740d7f76563f339392d50d215e173925114d2ad48d576263165f3b31052998
cfb,90,#e51837,#ffd203,9f27aed0349ed1d8d230e504445662c497778b42320aa47565dfcc8e3cfd790d
cfb,93,#ffc607,#0c2140,76c3645565824ce0dd2235ca90b99a0e5f4fee8e797ebd80ad9c81dfa1a7db2c
cfb,96,#0033a0,#6a81c4,6f5dec8dea23de372677085b6ecc0d8f49420e3d0a0a5336e7165c94160f5015
cfb,97,#c9001f,#fdb913,7c5e06bfb990c80176ef56e171bfb2de264355db54c592462d5f8a02404412e8
cfb,98,#e13a3e,#781f21,4bb5d1cbe2d259b953977bce4f72c66dacd5a0e5afdd5a240ff3fe41c2daab17
cfb,99,#461d76,#b28b44,d02e29a9f8824740d848b4a83c574b1c1942ba1cdee61b3ee08611634cc86b46
cricket,1,#d0142c,#ffffff,f858a903a80777ffaa7ee49bdeca1bc4958b1050c1dca3bc7a6084ebe84176dc
cricket,1060323,#030f5d,#6c8a7d,d7c838fab20febda313e894ebc1dd37fffef617e312f4456eae836bc154282af
cricket,11,#38376b,#b12134,389708d24713aa31c55d74220b11a59d64eff0513b1ac45cf7037c087f131e0d
cricket,1117814,#022355,#1da404,bebe1be0d299cfe98cde8c333e0ca672f3abada36b0afd492ac900ea2c06d038
cricket,1121244,#70ac42,#3e4738,5662b55c45b033d430f3f0708cb5b80e291b69ab388d26d41aae588d4b1fab6b
cricket,1133698,#4a2f7f,#fade58,a296ce1b019e7893b42e0b60b78618a6ea24b9c4282f3f49cbf53d686fa98bb2
cricket,1204494,#ffe600,#908000,b94a8701c73f4cafdeae3a8942c32d802fb7d9959dfb055843680b19fe3ef01f
cricket,1204495,#c3dc46,#000000,1bfe8489f45c53a66ab1799f4ecd05adbeb2d63457a7cd9ad2b1032bd1258ae1
cricket,1204496,#49006c,#9471a8,70f503f0403c4578cb84118f511b3cedcdc656ac82fdcfe3dd7ca3b259f32b82
cricket,1204497,#fe0000,#fcffff,6116e7a5e616fe8e412e295c00f36ca48277996a6831a3efc410fc948af2388f
cricket,1204498,#00ffaa,#000302,4d0fa6a10eb130a33927e4881d27446456c0b110d9c8d8144ee5947266d9bd5a
cricket,1204499,#000000,#ffffff,487ff375ebf93f1d405d05695e1eb52d3463d614d9af0b60fb302a3a7b1e950c
cricket,1204500,#0000ff,#ffffff,32567a9116f30af354c9d3c619c4a5f7278a46e91770c3cb3e7164505463d0f3
cricket,1204501,#ff4b32,#ff8e00,cd403e5a6bafe3a5dca2742f0736529fe2a2bfe12f16b31bcf60dc381ddabdda
cricket,1208116,#ff4b32,#ff8e00,2ed456e6aff2411f6b89e8d49095d702f0964e020896937aa44239e36c22062f
cricket,1208118,#000000,#ffffff,81819509255fc4111ff395658a99d24dc7bf12fd3519798db4e3008096e6c2f9
cricket,1208119,#0000ff,#ffffff,6c1810de4b545e457a0b45ec0f54b537e1141ebc8d6a3b5e71f6e39845e101e5
cricket,1208120,#49006c,#c6b5d1,42f6eae4b21c45c6ab76d91212f3ba169fc5be07dc2d3e15a0bc7eb75cfe65f9
cricket,1208121,#c3dc46,#000000,06d88e6ade47e8992dbb05926359ebf0307105a28acb109c75655a55619f06cc
cricket,1208122,#00ffaa,#000302,6d720b3fd3685b61caaa6702dc927cf0a9c501b7610b9e636562eca4014db171
cricket,1208123,#ffe600,#8a7a00,13639bef2f3e6b236878a595a7881fa37a54ae162ce44ad2ecc79113f30d45fc
cricket,1208124,#fe0000,#fcffff,fa26b57d948a6bf22938a3e35440e35a3acc0c09be3bc4ae9a994fd2fd5038b6
cricket,1298768,#135ed9,#1f8843,29cadfbc44fd2acd10f2e35c3933b0463eef0013be90d4ff262397760ae45af2
cricket,1298769,#0a1c34,#d5c38b,4fa46fb0dea761de74b827be971d02f386cfca65391dbc8136a37bcc730ec1d3
cricket,1335270,#127748,#ec803b,d7afb3aaa0ba22875d97e2f9363b6b282dc9019bda942aa99a2558c34da05089
cricket,1335271,#28488f,#8186a7,158915347a7a8ced45be182420c0b3f3fd7874cb476d33de67b7424ce15bf936
cricket,1335273,#f99022,#a71624,e714b0fd6ad00bc33a4289684352f512b413ea8a6189d701df7b436064a308bc
cricket,1346027,#8a6c59,#39225c,229ba927f4df933d28782064b382ad080d72ef982dd713a1277d05ed0185bd26
cricket,1346029,#2a3478,#a41c46,19b98ac39851eb8d6960dde9dccc4c3a37d6253c2e2d32cd648c846fa7f84c06
cricket,1346030,#e0c678,#eb141d,f24152f2fa8c92f17abf61a982189baa007d7a11447bd66d0511335638a05314
cricket,1346066,#2a201e,#e8c981,1df5adc791984db4a85e3bf7806a5312abdacc1770d693ab04bc34f8b49759a8
cricket,1358721,#2258a2,#282969,d3b6080b6c608ff96e2669d6a9ec5d80d0b0b00cb3e88c69e93d4a7f99a75f81
cricket,1358722,#dfba6b,#e82027,2005151b3695f9e79864311121e4a57d179ef747384185a75ac6152454e4a7b7
cricket,1358723,#c69e49,,db6f6a95bd1f03415e2c02797408021a02c0efd5511706938464ff043e4e360b
cricket,1381353,#1b2154,#e0c0ae,b656f77f74750cd210cabadd9f440028a1a2e0acc63d821c017ba008028217e0
cricket,1381354,#8a6d59,#432a57,bcc04cb62dce2c6971afc75895e4c3b69faca1222fc5f7ca39b4cf117137fcec
cricket,1381355,#073979,#e4ae33,ee1119229bad8eb1c6230fb7cc36dbbb330a5b0ee9574f0ac1995cd557882c1d
cricket,1381357,#0c223f,#1fbcef,966634ca079eb50f48f7e1c6261f017a1e436b51ab4046d6cc949baf43e8d320
cricket,1381359,#8fc13b,#53692f,32fa966c32845418c24471fab475892cc2aba6607715ffc1446e275358ee3ebc
cricket,1381360,#051e41,#eb0028,0aa6d80f3f04a7af037d98c338628e37d085881eac66ecdb75075adbe7ddb3f0
cricket,1428675,#dc212c,#3cd7f6,78bf8b98923841be106070358bbbc744a4b59629f3c30a471ba6df50d9135170
cricket,15,#20468a,#ad1c28,a4e3429816b4196789b45f129c7cb5553c6e8746c7566b8ef435a32031f6c240
cricket,17,#ff0000,#ffffff,35fd5fb2d767fdd7a23d17791f52900e8eb5906dfb57914965499760eeb2596d
cricket,1812,#ff9933,#128706,ec04eb4d801b42aa7550ce57649c1778bf97026331999749fbaf9f31edc17607
cricket,2,#00008a,#ff0000,9549cdb31df977a43ee40d5de7dc6c075ed3beb20196232fb7fc7e4d590892d0
cricket,20,#ce1126,#fcd117,8a06e4be9a230ccbc1be31232e0d96824a81ace587045272d45d4fed7bdc6fc8
cricket,2234,#2d783b,#ffffff,33f98eb079cb759fc53dfb44d613eeaf4dc7e71dcd258a66443ab7333f6d1145
cricket,238,#00008a,#ff0000,9549cdb31df977a43ee40d5de7dc6c075ed3beb20196232fb7fc7e4d590892d0
cricket,2410,#20468a,#ad1c28,a4e3429816b4196789b45f129c7cb5553c6e8746c7566b8ef435a32031f6c240
cricket,25,#006a4e,#f42a41,2aebc9417ef5505e72fec06f0a0d02f544690bf70509b7228691e55a9ffefad1
cricket,2563,#014288,#e30018,32c4c231184f016bfb6e5326213ee70b0901ed8c83583c712ccc6e61ffbbe0ba
cricket,27,#007a4e,#e95223,3596bf033df2fdc9e0aa6230ffce45ff60100f57b76dc86cfcc332dac268813d
cricket,28,#009b68,#006bb7,9030de7b1e437dd34e54248a98118e2310c2d858faee4c7b44f7448f46c54004
cricket,29,#31742d,#7fa962,af17a767eb64b7e73e510f5eedd203f5ff9f39e19d8958317824b0be9d4ef794
cricket,2971,#01411c,#ffffff,aa1f98d38144dd571178e92c9ab046c09c477cc602cd51b31c5882f18401001a
cricket,299037,#006a4e,#f42a41,2aebc9417ef5505e72fec06f0a0d02f544690bf70509b7228691e55a9ffefad1
cricket,299041,#2e2a4b,#a51a31,77161ce4cf2c02bdce795658b38a4cdf7f4653072fbdd8b22e216a6b6109d44d
cricket,3,#00875b,#e9511c,dff5b8aff2c069581b322bb01ba6d11af3e83c4f78f373e73db3b90a56a80b49
cricket,30,#0070ba,#ffffff,d927fb988c42c32606dce53bd6cb67e53fd00a93c27a73d3e902a25948c50452
cricket,33,#dc133b,#ffffff,ba78d4e74c2be4435d3bbc66f09b83db6bfb1e8f48413d67d849b8d680ef2b1d
cricket,3328,#00875b,#e9511c,dff5b8aff2c069581b322bb01ba6d11af3e83c4f78f373e73db3b90a56a80b49
cricket,335970,#cba872,#977547,9fc2181117e83815aef1f8481b3a157cb6df3d787db7487ec3085394f782b7a3
cricket,335971,#3a225d,#e7c44c,58e411c6d73092d36a08215056aae19b4271e867dc5db613c8f57094ba76b696
cricket,335973,#e41c1e,#e9d1b6,b5382c704bdcd9021e38ecc27534a65323449593c38d1795d7b6c87d687cf053
cricket,335974,#ee6807,#0086cc,c2275a3a35c8e8a415e4499ae07bf7cf13ac980b7dd9ec213824f29bc11319d8
cricket,335975,#2258a2,#282969,d3b6080b6c608ff96e2669d6a9ec5d80d0b0b00cb3e88c69e93d4a7f99a75f81
cricket,335977,#214c9c,#a4934b,55e4708bd7089d1b11bcf711389abfab0c09fd3c70438c7bf0f4b277be26c82c
cricket,335978,#043671,#e87e74,a2e2f44cbb45c9ccbfd03b28d038b5ad9378d53b9b9a22cefe0ef68048b6c64d
cricket,3621,#8d1f29,#ffb700,39714fddc42250a495f5cd6cde8a33dc35b673ef33fb9ac32ec79ce01eba2718
cricket,37,#db151b,#008000,82183bf6cb24e5a5dc4a957f56b3526d9f13d1f2425a2f4da0060d63eb748dad
cricket,3816,#00c0f3,#961a42,da6c79fd9acd83e82952db7814882d79d2438ea05f1b0a93da2ea9fe783ab91c
cricket,4,#00c0f3,#961a43,887c66486228ed6adec19f48cc66a970c6b51b1ed4fa6560416025de407f01b4
cricket,40,#009900,#be0000,df28626ba5b1d3b7bdccc3b0127636dda3ee14d821fba309e25d70e979833a9e
cricket,5,#014288,#e30018,32c4c231184f016bfb6e5326213ee70b0901ed8c83583c712ccc6e61ffbbe0ba
cricket,509667,#0098d8,#55a1c9,48a8fb07156d9c7f65fd9a8846f24d72fb2c37b9395261a7948b9022bb40d723
cricket,509668,#27a6b0,#6dcaca,ef3f9bfc268d8dfa43be33becc76e2ad2ee548108a2e0ea024ef22c21cfab484
cricket,509669,#674297,#9381ae,1064f8ef888900e4eb6188a3ab7b876a4e4c743c0505e7b96f92d8bce0944453
cricket,509670,#342821,#c98919,9b694f5b4d62d92a57bfce36e8d6c4c260cee225b59c7de95abbc8c014bfce9e
cricket,509671,#ef434c,#000002,46ef68c62fa7e5a85744342ee8b116f196b37c6f02de17780b425df6434c6067
cricket,509672,#52a558,#2a7245,b85f5987aad3b6340ef9d2cb0a5e1ac0984039676534de227357d29b087d1d8a
cricket,509673,#e14ca2,#000000,340714fb727959426966a94cd41d644cfd342a6b0903fc583dd9c11ae3677e45
cricket,509674,#b8d086,#eceee1,571ad84e528796b9e5ad79cd9b7163b815318fe03e228c3999ff290bbf8323d0
cricket,599860,#4989c3,#830003,5ea3162b7c14a230d961229907b06f258d5a5dddcf1c411cd87ee3d98f192d5c
cricket,6,#ff9933,#128706,ec04eb4d801b42aa7550ce57649c1778bf97026331999749fbaf9f31edc17607
cricket,628333,#a21b21,#ed1b37,4db070e66d43a2e1d5a34c52f42a2e60f24f07267f8a735f8528eac990bd793f
cricket,642411,#fdc829,#478bcc,dbef9cf552b05fff05febbe98ff150ba5a08d24dc4f29119e704871c760f40a4
cricket,642413,#ffdc1d,#03a24e,312a0618a3f7607683c242145b75b8e1d0ae5d0fc5762c336809f50f8ebd3a5a
cricket,642415,#fae13d,#329f53,e2f10ac59345ec956f32114115b65d4515aa373b5744827bca73454b79ad35b9
cricket,642417,#ffe90c,#00a2da,76be29fbdd481fcd606788a7378af74f3982e4124c29d4897533d3562fb0f2be
cricket,642421,#b49558,#351c5d,0f6da7c0a43d5fec96cc798989dea66c94afcd67f6576e44179707905ed03585
cricket,7,#01411c,#ffffff,e79ab6da0ccac782a0e5f35c6fecbefe43c5c6829eb55fc4a80c3ce1d8405274
cricket,8,#8d1f29,#ffb700,39714fddc42250a495f5cd6cde8a33dc35b673ef33fb9ac32ec79ce01eba2718
cricket,857687,#0e5c29,#f9c50a,23d442c7d0ad437a64648ca42c5b3409a813a2d538bd2d667d14f5dc499a6493
cricket,896397,#27a6b0,#ffffff,a41b5a5c886489a09afb28079a3b413ef82226a1c3ebc003e57bf279e9b5a4ae
cricket,896399,#0a9d44,#75a376,b87b08636fd6fc470548d3c77a5d8fbde167932246ff9916dfd5ed48aeef915d
cricket,896401,#97bb63,#2b2b2b,13583804c4f575ed4ea9c362a4dfee8f72f251d76d881731b3e29909711dd441
cricket,896403,#d27ba8,#a64576,3229f67e425f8c8c84ff87565b9bc7af7594883273ac339b2cb2cc6514639b9f
cricket,896405,#f2c806,#c88919,9c6f41c8c42008bc5773bcfd20c6a2bd3186ace95a589c2774b0d375d0ecbbe6
cricket,896407,#ee343f,,93b6204d61f04ae4ffb9740493438455aaf61625f461bb063607c96fa35478bf
cricket,896431,#2aa2dc,#3468a4,92f20a563db6afdef6716db3e6cc8fa356af653471ed8fb4bf32f55ec11b0820
cricket,896433,#674297,#9281ad,7335ebaca7515a318aab66360fdb59d5ce5fb0c9517b6760ad293a141e84e236
cricket,9,#ffd200,#309207,6f8268582243048cdb8ea571da17e9c6dd9de10062a008ba7ca7e7f9ee7a4c21
cricket,935277,#ee493d,#bc9f67,949ea6c0b86c2fbedebfe4c57aae4e1dc36a5fba296809ba6f9ffdaa9a3c6bcb
cricket,942833,#1d3b57,#e3cb85,f233e6632dd1183592675d35af7bb227c45baa5ca10580267fac0ab12dc14bbb
cricket,942837,#c6852a,#867d63,a0baf517b3647a0cbe6aacfd34d8c09620dafa33e4d5ec6fc0a9f29b154c0e88
cricket,953833,#e8b81f,#0d2d4f,107c7d89e3e08eb975efc35b3604204bb8212ecfcac95749c0f0a158e543b8fb
cricket,953835,#1e4180,#dbaf53,8303cffed777699841cd79f50fffa3eec78b9b5fc74d7adf72111e6706891122
cricket,953843,#f5a54d,#ba2436,5ff61cd40e7c009ee65cb938460b2871ae09c9f9ccb38932e7361ebc52bc71b3
cricket,953845,#c59a44,#452f8a,3074cf9651a101db652df26eb4e0586c5e3dd34a7c1c9582b4962e47ad06850d
cricket,953847,#c01d22,#3c1416,b2bb414930027650965a99f16d187117f493f9da35cc72fd2b9f46492670db30
cricket,975,#ce1123,#f9e0e2,7b6a339ac28f82586859d9f6f7d1ab0e04b6f162846e221c739e08e152e30959
echl,1,#2a8fbf,#3f535e,08e224247d636028bb1ac0d0ab20eb8ffb0dea91e3642fcaf1bda3ef7aa84097
echl,10,#622122,#221f1f,068673b0f115c0316d4b6d2ade668ab1e7bf8c2fa53b53792bcf35572ad1449b
echl,102,#231f20,#b2bcb2,2603f225b4af9a36ebdc85dbf9b7a71124ac955b58a2492932062e221c5ca741
echl,106,#4e8bc0,#aca17a,f2f92859dd3d5c20e20c16e100e75c51f73ac13e592e6f81c6b0fa10a7986a82
echl,107,#573939,#76cce9,90a054428ab70b2675afc644dd00873de2a1c2b512a429d2d895b8771d5fbeba
echl,108,#74694f,#a79d85,888f099d1884160aaf9c9af40c68ef784e201cef5e58362c26d275bbc7ddec20
echl,11,#c2cdcd,#232020,979a296183c242e5e137065fd7a30817780520ee41e411add51bf2bb045a8f7b
echl,113,#4f6c7c,#ac2324,f768e4107c9c5807086bbb5a96e3f193388f3266f38d146befa4e1a568f6c336
echl,114,#00a7d9,#7a171d,929dc1cac99da81380cc892b9404a0446629470ae545e256ce28a10f064c5887
echl,12,#fcf02c,#5e312d,ecdf2ade0968c111a574f62e510d1518945a316475058fedf2061a4d225b43e0
echl,13,#943834,#242021,89489e38749a46a28cb54841fedeaeb878bd472d15b0b84ecef842da77e65f6b
echl,14,#232833,#d1d3da,a4a3f56d1175511b20c186252816ae870910cc1af2b1cfd29fb29eff1939e4a2
echl,15,#e8b72b,#002e62,d7d801e19d0255cb91b5a6f56e7f5c04d78de518727de1a4539c8857c5159684
echl,16,#5092cd,#69604e,f5298ebf9a00bad07469fecda6c7093a3e8065b7004e28ab2f6b5e6283d60154
echl,17,#5d3996,#422e5c,7fc913651383540224e1fa56cd224f45f47233d0a618571deb3f7a0787ed76fd
echl,18,#1c3765,#c72031,4c02896a7fabc052390a3dc8f7b81960e55be84aa3cd12c818942adbaf9e0a97
echl,19,#bbad85,#231f20,53da7096f5dcea6416e2438f0cbab31eee41dfcece095c028915ed384bf62f09
echl,2,#0176c2,#47545f,27d27265683b6b78683e5e02e6eecc39a1ab132a8f29b74beb5ef5218d07418d
echl,20,#d5c5a4,#252121,a94e937eb0a1aa1ed85e35abad807a8b68898bf17407ffa2ede5315a0fcfe891
echl,21,#679ac9,#ffc724,541a90add067dc0c7e2184b7209fcbda42e593347e3ec92b7ba2e1af8aef8e29
echl,22,#d5383b,#503231,801db33bdfcfecc861465913e8e9e979a9471168f96531f0b45445237fc2cf42
echl,23,#014638,#b07a2b,3e8df0a89654cb63222d9eb0f715d5220d4a5224bf7e89c8c60759acf9159880
echl,24,#1a2927,#5d8b7d,c2d59be12247b1c9cbd943e8b1f9ccaac53ed689dc19e5ef6e3cdf72bb41b5e3
echl,25,#ecc97d,#b49b64,b7d361221e162996f1fe803ccde6ddf89775d8d2edb2cdaa6975d78d0110219b
echl,28,#b3830e,#070e4c,c7e5978f89839240c7b16936557f2062d3cf5bb70033ca806acf2040d78e57de
echl,29,#20365b,#4b5f79,7e72da65828d1ba4df0307f28f7e5a4d371a9c0f2e47b2a3d3b8a4807ed14eb9
echl,3,#761108,#442e2c,d1efdf74eb5b4425aca7114d77f8da7db492aa30f3e2d60569ed162d9206d74c
echl,4,#002a5c,#7ba1c7,c749780b5550949bb509edaf653fadd186f406d60e5bd293dce7963b76d6eec7
echl,49,#002e62,#798ba0,39a61fe44edc992da9604b94daf30c07c312f0edf3416b429dd224170990d0db
echl,5,#e41836,#312627,62fd5c62d72464383735e602c6513eca1a36180de453e0be498353ebe85e7cef
echl,50,#003876,#6b87ae,861ff1ba561345c833999131e65687b194ceb82ab239e4f733237bc79791a08b
echl,52,#0d1d40,#d25e26,c624efa9c89718c5c62d61fa215463f30a33f4fe477b3a009047676c847180c3
echl,56,#fad972,#594e43,ec4b7f7dd5edea3e93f534e59e81b995f2a7d12647986b7df1769c77c4fc778d
echl,57,#012b5f,#9bc2da,53d2a847578291eefbb413beed6dd143cc7017654a0f72183858e8434740737b
echl,59,#364771,#a5a4bc,b86c268203b93568cf8caf5ee01e0dbd70b45f734a9b527869782c1adad95c8f
echl,6,#fdb82a,#ea1f23,47e9c06e4c1b088e872c4c046b00ce3458bf5d4ec8b5eeaa028a3a37de50de32
echl,60,#f47820,#413933,d5e9ad77fe3db16ac2a51216707ba60b003a3503e6986fad792a759162ffeaad
echl,61,#f47920,#f9c50f,36cc9cf7981d0b2d15606a182a204ae2cc3ba6696a7a2729910d7baafddacb1d
echl,62,#b37547,#c8b792,71d474e75b90956734c32709d91abd842ed0fd3c4305792106392297cf7091e4
echl,65,#ce1f2e,#d8b58b,aa12f692aa72c11ea9291beaf0f3ffb52972cdf6afdad89ce66386f47d1d7660
echl,66,#0b223f,#a81e2f,6d7881543a3ea19269cefbbccdc7ab184d468605304f840f988389835a4abaa2
echl,67,#c7242a,#4c2a2a,80c0a3f1234f44b55e43b2a8859f0f208befc14179a8964b00ce2c2c4a8c55dd
echl,68,#624940,#f2662a,3463d50c8fab2e3374fc1b423aba6861bf0fc3c927905d6135e21142fc1e400c
echl,69,#e8dfd0,#010005,3608036d7e68dfac0d1fb8430dd5bf819f41210781b98e25557350e4dfbd1861
echl,7,#e43f46,#01255c,a2b0e6d3ccc7199b8d6ceaf332a8bc543159cd57b0c4a0974c5bf9cf40bd5dbe
echl,70,#d62239,#481217,c50d49dfcb4c6e2341f11cba054bdb37b22afdf97101051ac102caf65578793b
echl,71,#11213a,#7b212e,2a37b65ffb8a07015f61f76301b77de075cd5b3aaf8b3c5b306ca838f4fd392e
echl,72,#203243,#215681,aac2017432ecc81881502ccd5f8b40b00762e29bbf728bdc7c861a19881fb180
echl,74,#5b2b2f,#b7b9bc,dad2faa4e9b00b6b81efa9768dd880c4c54342158e4c02757a44c40d75f234b1
echl,75,#a0a1a5,#231f20,37f0b36c11e5aee3700102b727a5f5b06de800d22d46c9c21d67cb397411dfbe
echl,76,#fcbf38,#20285b,f15820bf712608c9a160877b958d527daf173b65bf4777424d16babd825f3f12
echl,77,#0f2c52,#53627b,d6d93271d339d7e10b7a6232488dfb515db78317a9396f6398c7d79faaecb01d
echl,79,#0083ca,#293743,3dd070201b09e4769a05d2906a0d253906571fa846fcc5a508ce8d13180e5ac5
echl,8,#003d7f,#00713b,8303b55aed06e338a4ec7d64043c3c4b07abff829fa086eec06cf3fd2026506a
echl,82,#00354e,#518a82,65ecb50781244da759cdbf77773a699c8c43df6d1757796bccbf96a0c58c883c
echl,89,#ad9566,#302820,5da1674967517f40ee87f4a9361fbf9126f752e27a1bb0f7644e0b04232a3ff4
echl,9,#004677,#2e6f94,460b54a68f0afb63e1eb3b730e1c45b7fbc47ee5bc80de42fa175e2c7f0d52fc
echl,98,#9b956b,#5b6770,7743d6ca39ae828088d82d4c4217d77ab01b398171661ecbb76257cd3a3abcad
echl,99,#204283,#5a6c9a,8f4f9c29f8fa211acf51ef16347bb9392c716be7bb9df5b1bcee4d2941a92ed7
mbb,103,#8c2232,#bba38d,fa59bb32e732327db77cef6c70e32db5f0faf0d1b35a02abc482d1bc187c6036
mbb,104,#cc2127,#2f1d1e,2d94917986379265b51b65dab2f96bd759acd006c819cbb33d57a863f105cd91
mbb,107,#662e91,#301646,027c38dcc223cca09181ac4b0e56e1a84573a6f121d080b3bac8eea614776d9a
mbb,108,#a31f37,#feffff,4018648beaa1f1f51c97abb92ccf3d658dc976de28a27d069a28f1127e99c1d3
mbb,111,#e50000,#010101,ed4f66035766590085072c968f69b8064ad6cfdbf7f69e6fd85e0f3c5d2b5ab3
mbb,112358,#69b3e7,#cae4f6,0d8f90baa0b8222b6e605cbbb226fcb0e8baf7522672ebd9a9ba4f4d57d467ae
mbb,113,#881c1c,#8f6f6f,864546bd6d0bdf4432ae552d6e3ed405b6fc6e2a78a07f5654eec22e110789bb
mbb,116,#9a8f71,#0e2c52,fe70ca8537698c3d5dff46b741a07bf73a48995c35263556a5ebd9c7aad5be6e
mbb,119,#fdba31,#918267,6d8fd528d556e620761fcbcdee982a68c66be5de1c2e4cbb498ce8b5847a2fbb
mbb,12,#06143d,#c00417,f01db22fd85d00eaf8f9b5952bc8e7c0b458beae33753c312cb54c5515f7c967
mbb,120,#ce1126,#f6dc41,9b1951d140a87972ecf1e0564c190db1755f46997c4393813281194e62c83d45
mbb,127,#173f35,,9e3005c55a99e3bfc69da7df2d7a66b4851c9710e33c2f328ed471bf37638474
mbb,13,#ffeebc,#004812,023b7b31a3b24e726aa09bda81e34db631fe50cf102bb3a5da2c259b2d8b950e
mbb,130,#ffcb05,#002051,910dbf467c9b442f1b493280bbc027ba5a1f91e2ce314fae099d637aade7d42b
mbb,135,#5e0a2f,#ffbf1b,cb58131490de1f8724f1d53224aa7383671514e3a84df1d136c6f3e4429c302d
mbb,139,#0037a4,#7c95c5,ddea9ad72ca26b15b1e53a9a1beba04be0685cecb1eded27857f484a2403f3d6
mbb,140,#004a87,#3a7bc8,8cdd71f1ab57d69d808ff64532b818e0b96ea4fc21b4b2a2218405031a327221
mbb,142,#f2b92d,#a3883b,bb4a26eac90ad2ca3557f18180dc0f1cbdf88ba013c15c3293071701a3f43b53
mbb,145,#cf142b,,61988dd6fb46c4c5dad612e7ef14eeee56b63ada3a0758b30ccf418213ecd826
mbb,147,#bc955c,#001b59,76d263dde9e7c6969d9da4ac4dd7d8be7086a7630dac2b9162d30be1cd84b856
mbb,149,#5e001d,,d39daee1716e6e413c6203d54ac1962b89c90d3e8680a01d0efa9630bd54ffc2
mbb,150,#00539b,,5b614bdf00364d325be332b63dafb5f95d25e0f59e63a3e152faa43124c57112
mbb,151,#582c83,#fdcb2d,0ae06f5e6518c5065c93cde42d17853ddc6c6abe56502ef2bbcbf3bd52f9adb5
mbb,152,#d10000,#714a4a,ee51da26e5cdf389cc787c58478f10bb03503832e35f862b4f208d273819d8ec
mbb,153,#7bafd4,#12294b,c51339a92ebf5e7dbdbcb6c32dc2cc63f9e2f3dc0e5d47f60fd59fa22ceb32ec
mbb,154,#000000,,e307401dc8adf24492175e57a95f242b8943fe0fb3121ca84757095e6825d17a
mbb,155,#009844,#ddf0e6,aa01210973a92384cd39a795dabfede0997369872207fb7c86293f9a2679b8de
mbb,156,#00245d,#035eaa,bf81cbc4ae23e4b6846c4bafac1e3a59884c11a3ee952181624cf9afdf528781
mbb,158,#e31937,#ef5e73,c09e5b394cfa5be2f2369c5e63210a12e25943b904d077c6469714ca9f8285e2
mbb,159,#005e2e,#000000,66a6b917e25b486a32a645f3973e86e0b8a9350ddfe6efb41f59b3e5f5f58372
mbb,16,#00573d,#b5995b,4384290d93eaceb6978916329a11fe5ee635b729c799339c65164721bb2c8afd
mbb,160,#00275d,#3b557d,c02c87cbe03eda2693fb900821178fa44f228c6d01ff4c5b92f2d3e34dbd816b
mbb,161,#283349,#c6c6cc,b007679c678910e69c86c0df99ffff2510918558bbf423a52c257414eb4ad2cd
mbb,163,#fc671a,#a54b1d,1ba19c1ecc721cb6fd92327b967c54d2efc4181f77fc6f18afd84e4a2f3c644b
mbb,164,#ce0e2d,#000000,5e75a7a68f9a6403f950f7ddf9c656698fcebcaa5fa16f0890135f2098c18686
mbb,166,#7e141b,#000000,e234e9b2d83ced87b58490b109ca1929ea3e97565e934de9f90a86ab51de64aa
mbb,167,#c71937,#6c2e39,2d0fe74447bda664c751ef06faee17350920a5c40ee2a695ab0c9d161b9ecd5b
mbb,171,#183863,#7ba4db,17998aa6c72a205aa2f1daa999effcfa2e69b1f325d7d21017908fa43ad7329b
mbb,172,#b22025,#d17a7d,7388cfee9a0bbe5dfa237159b6a56a52869815edfa72a2878b9823709ff02a19
mbb,179,#4e3227,#beb6b0,78ab812333b922c1c06ed37cac69177e9dfb5113a3189aceae135573c5e1ca44
mbb,183,#ff431b,#000c58,cc978bd06e84d85870429294fd9a2f4908ec9c43635bd83ef3eee94387cfd100
mbb,189,#4f2c1d,#fd5000,39ecb7e2c79c967dcb27fee95b298fda3034d6617c69253336e61decc830bfd2
mbb,193,#c41230,#000000,cbc0ca1a53c76c0944315867f07facfbb31bfaa29b738038f50668b8b229d33e
mbb,194,#ba0c2f,#000000,6dbe512c1b9b4e8c0ebcfcb4b3620b6229a05619e8bf70b3051a8e6c4964240d
mbb,195,#144734,#57786a,2fbdfa08adebb0be79d920a92b46e7e153e6dff49a4335b93b86a527525f836b
mbb,197,#fe5c00,#792f00,3d5ebde2aa002198a95ef2449a139270278cffd31419060b755616b7614697d1
mbb,198,#091f40,#a28d30,6e5e48e6e1f322795d5b5fbbfdb6e9e45729b1c9a9ff8f9540b7028f18b7d191
mbb,2,#0b2341,#e86100,80b9ba2db8d91211dc4f1a57ea855d34f6ef1796795e60d5545f91a49af8bf39
mbb,2000,#592d82,#9480a8,48df2780bed969034239b91b28dbdd3a10b10f3b92da118235a0682d3e0c0d28
mbb,2005,#003594,,42d26e1bf89ec01fcd54caf37e52abb4b8fd8b25da97199c0766cbd5dfa04171
mbb,2006,#041e42,#ccbd87,09739fb3e78ccaf6b6f468f252181a169984e325595126130ed7abf6e9683efa
mbb,201,#990000,,19f8f9a3254b9c85ffacf42de7b4d00e1186fbb0b55effdabe9c6d0a3f487ddf
mbb,2010,#61162d,#b5949c,760a1da29e415c515d986eaebeb520a41c0fd50affd37a814018eb948225cc9d
mbb,2011,#dbbd5d,#423e34,91553f6c8d337485538c1c14c7d7bf4b419e5ca4a5d1e579836ae1ebe5a8773c
mbb,2016,#512d6d,#cc8a00,b3130b7fff93307620e7ed4010e27ece3bb10841042c4572b77095e918322819
mbb,202,#103595,#cf152d,0c131f5faf86ec1bf70679af3a7f13248aa5f9e764aeb0c927fc6f753ea85e73
mbb,2026,#ffcb00,#f5e9b3,487c6f3fbe9c41cf532b6de285f1d35585ee7ca9510e5aa45000d97a1f597e5d
mbb,2029,#f0b410,#b88b0f,bed1a9ce812071cb9f8d1c19b7eb89f578fa5dd56abf4a4f33cc9643d82e7b00
mbb,2031,#6e2639,,b3850e4595c80a50a0031c0da7064f639cac7d7f26822cdc90ec54ffd9d95bd7
mbb,2032,#cc092f,#480311,86231f0ce7486f40023e31609b666659c1538a6c2e4d8d3673a0eeab99cd05ba
mbb,204,#dc4405,#842903,64105e5b2d9a14525ecad678731eb6899ef6126165d1a37ec8ff4dfeb61b9a92
mbb,2046,#c50e2e,#000000,cff68efc792f9f87312946a231b63f07f549100cc1a1e8f18531ee9911c6eb37
mbb,2050,#ba0c2f,#5e4549,543e3498d12ae3bcda1cf108af528755c3720dd730a32999ed48ad836d2996cb
mbb,2057,#334475,#e6374f,3a22fb0af906e64618a9da195facf14e0df490a844494b08b6c456c6064690a0
mbb,2065,#860038,#fdb70f,47e65ef1e16bded33827e8fe9d8dda991c8f641778a3caa31f038955b11c73e0
mbb,2066,#036142,#5f887a,a0da1cf1aa1f95984fb0f33b5a72a6241bd487903916869bc2b47223a1037417
mbb,2083,#e96024,#00214d,605ea8a4fe58cb5bb88385aa4cba7d608500d7a532454b4b4d51ac131f832cd6
mbb,2084,#005bbb,,491bd78fc49a2d70fa934807beab1a0b3b1497f8ce93e7d98e94fcfe371353b3
mbb,2086,#000033,#60607e,1edb35518df7859303ecf1506cee70aa8770fd45870a188c7a00cc44812f8405
mbb,2097,#ff4713,#2e1811,e43f2825a58f41df2f8f3c27b5f13aeb16b3c41a1d1481d7a73d9bbe1227779d
mbb,2099,#092147,#f0b200,aee47a103aadbbd258fb724a439eb06536cf3ade006d408e246c6fd1e961510e
mbb,21,#a6192e,#000000,7b084aa3cbb580cc26253ef38134dc1f52c3605f66f0dc6542b2abcc0fdf1dcc
mbb,2110,#4f2684,#241f22,44ad647305b4207b2d97a5177dc8d7009c4cb43039ba43e110b49e50cc07ff02
mbb,2115,#00529b,#d1d5d8,429d8e596ad8561520208e0d14d50d74814ded4ed2c3e135ef736f26149aa740
mbb,2116,#b4a169,#000000,4fdf8855a3d5842e5cb897277f93cad7422774b42d6d426e019591a0c596bf2c
mbb,2117,#4c0027,#ffb119,481cc74842d3688df1330548476ecda4ccca9aa4d7c0d8235bfc4a51c4e51bd6
mbb,2127,#002857,#a99767,52e688e83e2b7ef3cbb8e0156dd3d0b1505b9000237e8ff93c842482bf1caa92
mbb,213,#061440,,0efa003a56ec95d664b71d799fabe5e927d2ddd23cea90d5bab42df971abd080
mbb,2130,#00693a,#000000,808e57a846beb22ee430c00e5b1fe58e8c975acea9ffc8a989ff9f42510c55bc
mbb,2132,#e00122,#000000,2fd50a6f605fb9c0976541ceea04a6dca78de56fed0ea0186473da9fc39c651c
mbb,2142,#821019,,3157909cb9b5614c89413b90f4ddf88555b3bbf3f7455aedf26405a519f3d9b5
mbb,2154,#092f57,#f4c71a,dcd9fad6c9a7278ec46c551970b95d783ca320281750d49c6bfb30ca8625eef2
mbb,2166,#361717,#c4bdb5,44609f1d0c34284c7cb8149b7c67d1dcdcab15503214bfb9578d285dd8eb2ea4
mbb,2168,#dd0330,,ac22ea5eeed3dd880e992f854122a86b11e554f47b8fbac125eec542d46d8e5d
mbb,2169,#dd1c29,#126485,e20fdc57353b984d76c1ecf9a0ce4761ae4b1888fa6797f70301c20e74981314
mbb,2172,#ba0c2f,#987757,bb04345a71b3ff31f55d35b4586dcaf7435a4ac07d1fb53cd58710ea5a070500
mbb,2174,#ae0a3b,#0c2b68,340315182e0921301b74201004830cc6fe3cbaf6f33364234595988ff931d88c
mbb,218,#a41e35,,2a7cb32da0408fbd277fa184f3eee42ce983ebab70c8e819abb2865ac440717c
mbb,2181,#005596,#6391b5,1132382ebfa0366b30b03ef0134ea48b0e9de4a9ae6ec570fbf96042c4ff4149
mbb,2182,#003876,#ffd65a,1ef4fc827301077406a5bd65caae9c6919682568f4f8162bce18fcd5ba166a63
mbb,2184,#0d1d41,,a0be212f2633f4973325d0fb4c7bd4287ae0f378806cb89ecf3806b182ea686b
mbb,219,#011f5b,#86030a,292db72f7dc3153119e8848fcaedd542b49074a6adf3e097db366cf07b55455d
mbb,2193,#002d62,#ffc423,57b9ce10573e6772658c3682139f309d37558b7c13348ee42c57d6c4fbc80da2
mbb,2197,#133595,#5a84c0,94ab7f4add1330cc308f08cbc1c9fd0e3a3e6e4ec6e4d4fee89ccbd3a1081d82
mbb,2198,#4a171f,,72de1b1babcae4b633342489a0dbaca0105715eb85b3063fb49561e0d6e1a8da
mbb,2199,#166938,#ffffff,f844b98efad3ea95ba434826c6e9f1707487000a0c65c51412e3dc067971433c
mbb,221,#003594,#ffba1a,c283722b1c9f4b47b7361d7d959422225de4ad4682b0eadcd66f707c015506f3
mbb,2210,#73000a,#ba9f5a,5d5fa97d320857596e6aeb659e67012a4d0db24b0f7d10489d6a4f9dc8286d36
mbb,2217,#d0252e,#4f2124,3f3b0c12aa9d201f1fb082bc49e3226aed563fe73f799f30e58aa53834becb2a
mbb,222,#061f5c,#32b7e5,710a12532521705923b4022b571e7832eb01265aa34fa66a650fb784b7730128
mbb,2226,#003366,#8c1224,2e799d7929cc276364cd90a4dc47903ec780b4f114c689a65d7e70a269316fc8
mbb,2229,#091f3f,#c3993f,454d8b98c02065b3ca16b6b64c9f71478b32dda5dbc5495670b79d202e1017b7
mbb,2230,#7e072a,#3f0007,97f783ce6028f44491ef5309bbb5370c5af7254a7706ed8598b76561176902c1
mbb,2239,#ff671f,#002539,b753b82d57c80bd2cbd08d54c73cb6a8c5118bc7c819c70183cfb178e0cd8f9a
mbb,2241,#bb0000,#3b0707,75f90e615c5216f9315bcaaae3a1f3283f9284247d79c2e9524d927c11b8fdd1
mbb,2244,#215732,#ffc72c,d0b9cbcc10781062c416159d610fff1e6c9e243e6b2dd81b451acdeea2a5f473
mbb,2247,#0039a6,#6680c6,e8680ddd6596d15818a8fa489831f6e81605c59ba517eb10940f6eb31ba1a332
mbb,225,#4e3629,#c00404,e77048fdc059fa47441bc03ca6cf2ac8e66bf0e0d817ff6c1c7d82f4bc47a0cb
mbb,2250,#000139,#493b64,99898d07dfe294d50d29bfc8fcb57d94e6036201f43e48e7f96604487f822843
mbb,2253,#522297,,822f62011a5951301dae82af8c9029c378ee72fc9636a7c0ab33f0bbfb803cd5
mbb,2261,#004aad,#3d6ebe,213e2492a0046f41f7aafede4f6b250583d812c12edf6c11387553825e2ccf9f
mbb,227,#091f3d,#6aa8db,d804c465f9394c66e84b317106dfe4e40c35c422b93b5ce97879d091c649bc0a
mbb,2272,#263997,,0704cac05f631bf70b20b9ec30458c77fcc5f98ac3ab1a0e2223fa7bb23742fe
mbb,2275,#004f9d,#ffc62f,d6e032491b0e6ca111de91d4ec09b7f3d15b53d8d2bdb9050ca079f43f7e4383
mbb,2277,#062f87,#ad6764,4e3ac57c808831ecd85cdb66f1b684447a062373120253fe7180708c7820fb5d
mbb,228,#f56600,,20abd84754733106d0b91337456ab631597c159620f9fa3db259da526d5b656d
mbb,2287,#cd3b4d,#2f1214,84323b5afbdd4e49b7bb96c118d253f61a65b5898cf0d0c55646c7f1c7b8cc3d
mbb,2294,#000000,,865b23c1e68385b0c0f2bbdd69a662382db1e9aa66310d3af5110b246b2ec472
mbb,2296,#08213d,#607082,722aed88e1b0bb084ee0dda52fc765cf2adc2eb2ee5e4937dd9a2f8da165f900
mbb,23,#ffb81a,#0038a8,b786de17b998fa272d6e02d193d2a84db93b4339975301d825af770d3b2ede5a
mbb,2305,#ffc82d,#0051ba,e1daa000b25e45917bfaa93464b8725980c8e3c1a859f1fb51174e9d37aee08b
mbb,2306,#330a57,,93f3e366a88ec89bfa8ed8d1cc2ce16cfdc17a736bcd1831b908241296b11e39
mbb,2309,#002664,#ebac01,e99c6598ff920716bf12c731a4b52039c2350d373d2a86d98df4dd592c491d4d
mbb,231,#592c82,#9b81b4,db8cd040c9a4a3ad227a89e3b3e714b59564e1007d5ae6e7496f3810a517e499
mbb,232,#7a2531,#a18b5d,6db771a1d4840a7ae2d92b0ce8cb077f29c340f4808c2a1b0c38af9493288f79
mbb,2320,#ed1944,#5a3d43,c22fc67e93cf22f78207ed6750c9d625e162e5b6441365af56c7073ddcbfbd5c
mbb,2325,#003355,#ffce00,93aeef5ea4915a2ca60ea1250ee928adba06ed539001ace61d7e42b1d7eb426a
mbb,2329,#683919,#bf965c,4cf1c5d7c84cbe20d63d107cb26d3ec7200c723ea514b88b4dae789fab46edc9
mbb,233,#d21533,#947377,cd0a3318987c5254d2cec818a4676e4108949e114dc966d8368a6c5a6d1302be
mbb,2330,#00402a,#99b183,8be69e155599980edba9e257d10f6d9d4a903ca0d081185560f7d92a5d9e404d
mbb,2335,#0a254e,#b72025,2309e841473bc8b4297e83a1bbab7581d296189a20f904aa578c67f2327c2184
mbb,2344,#031d43,#394761,fcc54746872bbd548a11130f48c3313dedfde6fd7f69a0b4b139d093ba7a7827
mbb,2348,#003087,#cb333b,7623ee59943d7b5bd86839cc947791b42b407690366c5ce6106992f2510a46c7
mbb,2349,#0067b1,#cf1f2f,56a83d99d9608b20776842be7ea2e26f0f8777d7889460d01ac703be492dce4d
mbb,235,#00498f,#4871a2,e56cb7d0d332907b4f0e7fe4f70e98c1841b06f12334811f5054734cb3da27ea
mbb,2350,#fdb813,#551c1f,d1a49d30b3533c49f217aed9f6794472d524fe8a5633f6de02cc7b80f3744f5f
mbb,2351,#ab1d38,#0076ab,973ba9244bf3eabe69bcb43ba992cf1476e773b563839109ca566c63d939edf3
mbb,2352,#006145,#0a0405,d6e091a2a62d8b592607becb349404a911d9263b95df15e2ebf4608e276f633d
mbb,236,#fcb733,#0d2b4f,afbecd3f9a308a966108334c7bf9878d495822519e7356cc8c80d9ca6a0052e3
mbb,2363,#00703c,#67a989,823624fca83f87b9762d05e24cf985190537ed71a1dd5d3808d798a9da652655
mbb,2368,#e51937,#9e6b69,0a470f49288914de6d94f5b130c8249738a2fdef48388178ca98b4114e264b0c
mbb,2377,#002e85,#ffcd00,17ece0f65637dc20ff08278060937cbe61920031aa2725bb0e6a382c0ca6c46d
mbb,2378,#b08806,#ffdc63,83dc24899e9ebb12b250fa399c09d67a1b0b21614758e7658df3690a4410c8ca
mbb,2379,#651d32,#888b8d,c90ebb16ec285271455c937ac21c5d55984cb675251d52fac115207376a7b83d
mbb,238,#cfae70,#8f7a54,cdb3df344d224cae8b03a9f23f6e15424267095644cc211e0e0278c6e53986c4
mbb,2382,#f5822a,#936747,63f3261ef6e17ebfaffddad1ae274f0c0d08d5c9ce9f6499112798a147914dbf
mbb,2385,#036857,#66979b,4012419ebceecc2d19813038e331a1bb3b97c6976b4f48d1a670cf38e53b60e4
mbb,239,#154734,,0346c816dfe728010a42fc416ddb48ceb052126fd0675bbb8fc30a6df5fe8e8c
mbb,2390,#f47423,#035131,55800e4867c87bf38281043628d2c0dfadd0bf44632b27a9ab20af27a9a728fb
mbb,2393,#036eb7,#4f7898,19b89c81e4b60f93b8cd496163324c375baeb9a2df627477a2cbcfd029639505
mbb,24,#8c1515,#a95353,a25c3474889c6c9d966245814fdd29c51dd79b02ae9e7780965cf52aad1ee22b
mbb,2400,#ef2c26,#007440,8d2b738644f5cf07a13c03802cd48929a6bc9c85c77a57f2d4e4d97ec2a77cf4
mbb,2405,#1b355e,#d4d6d9,ee23b8503f7f49162b5d4c1e813e7003fe45b5ab8d0fc3a259f9b71c1ebb98a1
mbb,2413,#ffd51d,#084d9e,82879cb613d0b175c480704801c5ca229f73b8afd012b8ea484a7700ccdf220d
mbb,2415,#004185,#e8c38e,e605c9fd3fed10411510a543f426fdcd5e9e2dc132f3bd8f6f8968c61feb75eb
mbb,242,#00215f,,3648d62f626f88f864e4c629cf50c92f50dcbccc9622e87eeb3210429383afdd
mbb,2426,#b6a77c,#021d5b,82eb45dc0f8186430a637f42fc3746ae07fff74ca04fe6ea2099da720864f51d
mbb,2427,#0259a6,#253a51,9a0d45f5be18a15fdc4fa8c71dea53237e18182e7b6e239e879e23e40c595441
mbb,2428,#89052c,#20171a,fe146d0d5314b112e6fecc1c116ef19e5e0de89cea60342e37956b50c9f23b6e
mbb,2429,#005035,,96a23e7c40183c7731402eae581979de7a704893cfd46be206f198a24bf948da
mbb,2430,#0f2043,#f3af1e,588f71abed45457ee30155088e60cfaf715405657535cd1b051af4ae6a5c8a20
mbb,2433,#840029,#de9218,ccf675e2c704d23dc35eec58217202e2f50eb124275e6cd212df739326081e72
mbb,2437,#e51937,#231f20,3a6f092732988937e8ec930343afc66e82258defdc32879960518ba3b6d2e9a3
mbb,2439,#cf0a2c,#5f0514,3699f4337084b482b8b698fbecb4bdfdbced4370937be37a42842d96555b6df2
mbb,2440,#041e42,,3b6335aec4a77d221c64d9b1ddf01c06f2847704ee6e6d3d930517e1b9665433
mbb,2441,#051e42,#e2bd48,67febef85a4d3ae01e273bc89c89ada13621dd5f6a431807946d71bf189e8122
mbb,2443,#46177e,#fed400,1288402518e3ddcd3256521b0b3266417d321179d13a4e170327296529ab655d
mbb,2447,#c41230,#8f6f76,f0b69c891db7cdeb097eec53f5c34bd57da711b6b014a4cbf3b2850d44bbad92
mbb,2448,#014584,#fbb927,2f7c2ca1e483d7717d33cb9beb73dbb5a5659fc00b1947510e80d640796a88d5
mbb,2449,#00563c,#fdbb25,a807289822ded61aec1f3d412e0246464154c2af329002ac810a9bb5ca268228
mbb,245,#500000,,0da7ac07d04adcd38707b88a4198e988b830ed49a0ab6c9378cfb4cfb980aa08
mbb,2450,#feeaab,#93c3b8,881eb215cdc600aa14298d94e36e691dbad91585f231ebe5163753b46eaa8e5d
mbb,2453,#592b82,#8a6aa7,1c395ee6c1ddd58ee58f1497114e17cc570bcf50ef4bcc3f26885fb8ceb34913
mbb,2454,#001a49,#3f4e71,8b1d0d0584f651f2054eec264a7813f43f6296a93f5c1d1c32bdc9d112484d39
mbb,2458,#fcbf25,#032e5a,57bab56fc7d34ad78167f71bc9ed46298d26a3cfda9788900468821b7f469279
mbb,2459,#c8102e,#36292b,8eaec08b517c299e9104ceec51d9fd92cdb1c5a8fdc029f605071b518ba94c1d
mbb,2460,#4a116e,#ffcc00,d34bf2280ad87249efc7f64b99331f21b0be591e74c6f13697701eb954385d77
mbb,2463,#d12030,#482125,d2fe9d8e77bc677e641b5b7b5e3cffd1124fb5c3f3f0983561a87a9666d76f33
mbb,2464,#f4b600,#06205c,10f81c2897a6c87d6f569a2b8f89483758f8d666c3fca8600ef581030394f12e
mbb,2466,#492f91,#d5865f,3bef00fc8ed7fd0510580cadd48e93c67b617692bc0732a43d9553e6875677ff
mbb,2473,#bc955a,#41372d,594fba75726c9697baa25ebee41d4f030e215f6dab84d1ca9e04de10f581362f
mbb,248,#c8102e,#e695a0,d8984a3cc57ea50d3002bb08515942af2be523c4fa404a670515da041261980d
mbb,2483,#00934b,,57dca8a00b01bebcfb1e0c7ceafe0b046e175c47ec7225713b3930e7fcb7cd05
mbb,249,#068f33,,5953d0a7dd1e44d82402467043f2cd63003d74a0dc3bff754cb467ab93104436
mbb,2492,#001440,#f77f22,1003f17b9c2e77530710c261c907fac4925711e6c24fabeb45310b467690d6ca
mbb,25,#041e42,,e77c7a116c09151929c126691922a76de34689b273f0cf8748097fcbbde087a5
mbb,250,#01509d,#ee7122,988d1fd8806c9c3c7bc26687432622b988e34c7d3833a47f624f113f65372b70
mbb,2501,#330072,#8061a7,683cd74fd53879a481d19f5b9b74139ab175cc7081ab487f08f640ec353281fa
mbb,2502,#154733,#a8bbb3,39f24819ad2c5b6fb1c08ef337c195759a53742cdfeba031dc78aafb2e406fd7
mbb,2504,#4f2682,#ffc82e,480496b0cc068a4cf3431419fd4c494ad2666d530a08fdf23ec3b5b498cdad10
mbb,2506,#0061aa,#a3052f,c0dd8c21bda9272fe5e7ae245ec1c90f0fa6b054981a13b23e0f1ef0add11c11
mbb,2507,#000000,#2d2d2e,46a87678b2132dfba03307d09c306e823465bb88aff1689dbe4b2e15349d382c
mbb,2509,#ceb888,#000000,4278337c6eb6dc808cbb8ff5e8fa0cb068db59aa75def6324a27f773201455cc
mbb,251,#af5c37,,12d69bb78c3443bdbcc5a7659f288840a7a3862d70043eda3d8868a229eb7696
mbb,2511,#06205c,,6a1521ca37669f7eb3901a7c67c36b1cbfa11265a7ac94129de55022aa52348b
mbb,2514,#111b2c,#f3b035,05602aa11ffd7ebf21bf2830a6216475b512e6bcad6222b7db02a573accd43a0
mbb,2515,#c1011a,#813655,98edce0b13a5fa6cb0a8276ea24b35de05d7d3ea75de35e6a58b6d39d836aa87
mbb,252,#0047ba,#ffffff,4c49b759151574b979556fb10f1e245ec8cb03b4b3b80d4d352b5f909293976d
mbb,2520,#ab2941,#363435,ed7f9e888ca8f916c55baa7c7ede308d75a96aa84adedf7a2f6b1ae6eb95ca85
mbb,2523,#0d1d41,#d1122b,6a0c84b7020b728e347680adbc87daf7435c2767cb803d89a81353a17d650c14
mbb,2529,#ce1141,#e993a8,71dd8f23377d56fa5a95e8c3ab4ccd6230d005d32691090b74d44d66e0be4b97
mbb,253,#c82026,#000000,010f875b4d755e88008ed65e13598ecc01fd7d4e5f02f061a9061082b7ebe15d
mbb,2534,#f56423,,ce2765d5ba86d0c61b0fd7baff4aaffd8dc12a0e1e76c8f75699ab403cf0982c
mbb,2535,#112748,#495c74,7ece3411e3481fc392fc9185ae64216d0a33039607bb657a56e9782699cf2f16
mbb,2539,#ffc10e,#005936,fa6b84aa1d1366cad56c87b0038fbd7ebe23abae006d2a40605964669fff01d7
mbb,254,#be0000,,54d1837e37240cb37dcbea2b2dfd518bdf8531344e5f5397ff02a1d2111b5b43
mbb,2540,#1d1060,#04020c,6004224904edc66cc06f9446098f232cc3aa6aa00fe7478706259c5d9479feac
mbb,2541,#792439,#a8b2b7,b3ce9ea4dcd431c1fffbb928a0d771b539485082745dbcb41304b6a9f8119073
mbb,2545,#1a5632,#ffc629,ace0e2d4f5c9e0b0bbcda80182d99bdd136d593484d124df3b2ef76efd5bd3b3
mbb,2546,#da1a32,#710d1a,bfaba7f269cda5ea8606cb4adf8016405383d9b3ffc6c2b8deb427684c640cbc
mbb,2547,#aa0000,#000000,75105d688e00e83e3be805f5143ccf0b32b5d3f5df5b30f0546f379c04b07baa
mbb,2550,#0061aa,#a8b1b7,5260d23c6b78ce4ec335db4ca06e5392dc2a5310aed9c9f9ea3d7a9d338afbce
mbb,256,#cbb677,#440084,585459126d87e56750ae902d78b198f63e44b8a6cac5c25b1a6c9483366229f5
mbb,2561,#056749,#ffc62c,1fb9a4df31a1afb009ae2282dafba8168f936d73bfe816326b0895269b6c9d7d
mbb,2565,#d1ad83,#e5182d,1c2cd3a6dc3a006ac815ac9e6f81363595175978fecb67f04192e3541e0ef581
mbb,2567,#a80000,,1dbe095805cd1636fc5aac2918eedf81b4dad43329a8c1e665616ee1d79840a7
mbb,2569,#900028,#034293,f7284bb62fc664c97e9d70e92723045f4efa2f56cc180a92738bb594ef627bbf
mbb,257,#002c5d,,e6901ec451f612cc83d717f7c2f26d83db1572e67352855d944aa55f995f4c82
mbb,2571,#002da2,#c9a016,6962bbe537c5b06bd306af1b003588e899dfa16d14be86c4a14d0e5c92ef0cff
mbb,2572,#ffc72c,#937b1f,4a210457f8f078c29cb143f9bd8b1ae666420e8973edd12c5ad5ce4fdc3f5945
mbb,2579,#74000a,#340003,c9e93c5450038047b77651cc3713964b83147bfd8df1a96d299f1e190aad002c
mbb,258,#232d4b,#f94d1d,d35c8362ad7a6f03b32e30bc0745cb481da320da96010c7327f3c78359ac9fe5
mbb,2582,#5fafe1,#ffd356,a98850fcf1127da1c604c617c62ce3fb35cca124f93f22610aaf16eb751d4892
mbb,259,#6a2c3e,#cc3b15,56dbddcf5acd291817b559a31b6d8aabc91fe1ef1d27f47a527d353dc706cd7a
mbb,2598,#be1f26,#c15a5e,e6f66f2539a153fe713cb9669c7baf7bfeea4183b7b176ba3c43d529504afb0c
mbb,2599,#c41e3a,#430a14,59994170779f3450adc0ba499de3b9d606bcdeedfb0d3dc959c4a9a9b951c6b9
mbb,26,#2774ae,,5145c6eb67719f52cdf51c92ef6b30486c9a585ca129624d6c7837e369321a23
mbb,2603,#a90533,#390211,cf4544fce3119dbd71d39f48389eff18704136a58282f0a29704381e263c8403
mbb,2608,#0c2340,#b40731,f66412643b9b890e482f386dc7307cd2619b774f201a611e81c8d9e45056cf8c
mbb,261,#a06816,#00502f,b0799eec3b2a49ae92be57b962f8fb3d3353537d0782defc3b893fbd7b84294f
mbb,2612,#003c71,#698cab,51e9faf663b109fae2688eb5b8efc982494f0bc3b508caea17f076a8e1a4c8bd
mbb,2617,#5f259f,#936dbf,1237d32216c8a5cc1ebe022983a18606f47f99e9b0454f1fb26d96f61bb8b9c2
mbb,2619,#0a2343,#991b1e,8e0243b81d1dd5564b7e49042fb2370a38496345b0d3e690db7431c6ba1620bc
mbb,2623,#5e0009,#90696b,46d36761e7c210f650db2499b48da428f5e5aa652e1ef9430868a932e3db88bf
mbb,2627,#592b82,#9578af,7b585d3bc104c647f0a9aac425515b9287fa33481960e830a4a5680216c5b92f
mbb,2628,#4d1979,,864561cb4ebf372171438c038fcf52eac3342a2c1d751e605901e144c70afda0
mbb,2630,#002a5c,#5d6877,b480bc0e014a150ef8efaf1f99bf9a22973cc86dbfa97326da42eb2a33d9a15a
mbb,2633,#ff8200,,1ef03aa847164f52dee3c8bfea023e3b75915231c01250889a549ae08b2ec9b8
mbb,2634,#2c328c,#8386bb,ab607bdb2e5bbb0d6b793e97a1455b3a41f283ac33821b073281b6f65f20e1a5
mbb,2635,#ffd200,#582c83,cde0e5859d093f528bb61413081fbcafa8edc94cefbe3fc23bade25ca1e51a2f
mbb,2636,#0c2340,#d1623b,37004059b144d56653764501b977eaa58463a70e10a83f7512e91c8b87530f17
mbb,2638,#0d1d41,#f6811b,28406bdc850b40361bdaf2be3b0337b7a538368abc61e81d70ebe0d79434c5cd
mbb,264,#33006f,#e6d2a1,d1b99c2ea2a3336916b6906c38470338b07bd1e66c09c4433080b0d7017709b2
mbb,2640,#860235,#a25e7c,3da07ee44e2790de2be4110638bcc4316cff5cfaf196f45582b6bdfbec13067b
mbb,2641,#c8102e,#810a1e,be16f2f868f97ef01961fe3332252aa767be3a860438b9f0da054bf7205b66e4
mbb,2643,#7badd3,#002856,a7a20e9f20f8f544d87e65f9838f213c5d447bff8a167ff538f575f82f97022f
mbb,2649,#ffcd00,#0b2240,64a7bd6719c228709bd83551956fa1d28b0e4728dadc9dd14ed4c0fab3a0b0bb
mbb,265,#a60f2d,,13774f9131a5b477a7be0b6def39516c9a4c5752a7add4d0a4eb259a174db289
mbb,2653,#862633,#aa757d,d993ecfbd487072931fa99eb42b7c525768630a4a10884c7b7a1b6a2fc78bfe5
mbb,2655,#006747,#418fde,35db0df8ce98e8180a3d6cffa1c2924f863874b3a4226d6b76192216fbfb4808
mbb,2670,#f5ab24,#79623e,74d890b5a19c17d1b4f73136596490307d43c257583326504dee7d9ccee76d7d
mbb,2674,#5b3106,#ffdc04,5091e2749a9f848861c959a422d474c27afb57652a961cd959f226feb1e22893
mbb,2678,#ab1a2d,#ffd911,892ba041e37c0630af961e9113695835b38c84598be1f8bbabd3ce57382e1bc4
mbb,2681,#00483a,#4a786f,c256af3ed07b32a9df7af3685b550add941d834878af809c71462215f2dafa00
mbb,269,#003366,#ffce02,5721cb1ac1a7fdc16b46d6a30636c17d8316bc4b72e286dfc66dd301cc3fbb9a
mbb,2692,#42246f,#281f2d,13398176a38b167728c4ba1c3bc3b4900d05feb0c6a63f1bd95996bcd2b8ef61
mbb,2697,#041e42,#0072cf,46a358c29ed3e7ba1355225c649dc9b614a5b3eb253794e049d4ee6b3a0e325f
mbb,2698,#0033a1,#dc1b21,64ef85a9bccd3137efa376d27e95dd95d35ec880991238cb53187ee8c13113e3
mbb,27,#003ca6,#ffb91a,9478adb494b57c7c27b6f94c3b6ca08570d30cad47666edcd56dc9f77061d7a6
mbb,270,#b7a66f,#231f20,58a4cdc5aa7e07760c3942a1ddfe8963bd8ccf25e390693327da0f67f47ed8e5
mbb,2710,#ffcc00,#663399,2b245a4ddba23d0259bda9a093eea759527f70c0f941f25c0e19c3abe544b5a4
mbb,2711,#511b00,#f8e143,ef109dce0c75f0e11715f9f08bc2b3bd8b5b60fce7d15b5bc19a1c8702f4ed2e
mbb,2717,#5b2e87,#c0a173,57fa1e36a7b0865127f294795970c28f908fc8596848a3e7903437fcd6bce8c6
mbb,2724,#fccc00,#524a12,fc34c4deae8abaa4fe039c59f5c87e3364a286ab4eec21e86c9f1a600f7303f2
mbb,2729,#185640,#f3b120,5e22af23b7ca50663afaf78342eae31ec635b9708d5f537bf61927a2afc5c1da
mbb,2737,#fdb728,#a80532,e88e51c14e23f4d19bd9a7db02983a9e13a4bc444b8b513e1d226390122510df
mbb,2739,#0d5640,,9f783c4a4245683b74e62dba88baee0256b406cffa92a082db1ae95e238f5dfb
mbb,2747,#896e4b,#000000,1565f7727ba51d229056693594498b351b126ed4588c8157dec171ca230cffb1
mbb,275,#a00000,#000000,36a5c3e0fae73171c91f10ceb170ea820f4f46c4899ee8a66e900a60b597ee98
mbb,2750,#46512b,#efe1b9,a0e87d892ccee9a3871048e62cf8856cfec820973afc20f5f26357756a268394
mbb,2751,#4a2f24,#fdc927,05bba88a8466751ad257c493aa035ac284f98772115faa19a5aedd330eb63447
mbb,2752,#21304e,#9fa2a4,4bf21f691cc97b49e985dd492badd330ace93b91a068e08c8ca37c005d47c826
mbb,2754,#e51937,#c2959c,c0dcf0098c73268d27abfed0588322c6631bcb0b4d01258dda84b500f924d3bc
mbb,2755,#f0b310,#a17e26,d12c2580ef152e4045dd4b121c8ba665f1d72b2e84a37399395c45c309cd2d03
mbb,276,#00b140,#4fc675,1da7fba7069492d881b01a375a5ffde5632273d31118d4466d1b92db447daefb
mbb,277,#002855,,5d80b2a5a79d7c5b8dfbb270f0140bd7353b87b6fcd8dc43a60ccff9a72baa29
mbb,2771,#01356d,#5c7890,50145f8c623bddbaa1e5890b49a12dc4cdbf078467aa459e23c1be2afc517f3c
mbb,278,#b1102b,#10264b,523302ba48abe65ce9d778912c43f72fb7322a2d5815d8ac324f89772a261d14
mbb,279,#df6425,#864728,3b546b38d6c6c52f953ded0e940b066c2e20765eb1783a2d60dcdb408e60fd1a
mbb,28,#13284b,#fccf07,18319494d430abf8eb1cca0ac5d6961c36c923941ba6d8e74caba5f1f818c363
mbb,2803,#a69575,#413c32,cd25eaf4ba461869ea71a864530f1df22669f6f8b7d43c8dc2342429a03b5dda
mbb,2815,#b3a068,#6c6146,e563c230bae64bcdc7e899c221f1a851a97a8b2fb863439d17e6e501bf98a187
mbb,282,#0c4c91,#4171a5,89cbb62dedc9c6a745c55dce2129c869f96f87e497d84a49cca4265633c429e5
mbb,2837,#ffc333,#00386c,fa46556eac9485dd574440779b1951f968ce2a2977959dd9be1b8a3f5c051974
mbb,284,#342a7b,#746f95,db01008fd8577b962aa597f7a64ed7e2f863b6d9e488ffe814f71091eaa54ca6
mbb,2856,#002453,#b08721,d106ea15b05550165fab8e91f39a8fe9edc69e47bb6e59a697b2b6c4ddd30122
mbb,2870,#c9b99b,#000000,f879c92b3e9997cbc08e4b4a1dff8c45061a3d101a7195245eddeb0c44ba1281
mbb,288,#fdb813,#250858,472a680c2e49c54f606eefbbe63995e44a50106ac66a0a1f65aa2a49cd0f9923
mbb,2885,#121f48,#83344a,39025bd72efa13181a4f5b2b982384e6b6ac70304115113726f6d1aa0f5e7324
mbb,290,#051e41,#a5acaf,70309e48c4248f1eafe5cb07f266fe8210f46f6dfcd58590febd7f9b2f616eb9
mbb,2900,#512873,#7b5b95,0919ae81afb2cb501fd2eb65c9ed9a2006b5d75b489a3e46916c4925567b7424
mbb,2908,#008545,#1a1416,046eb165af7d60b50ae08c3c6cd8ae1649e16f7086fb469432869fa21bda3a7e
mbb,2916,#d0333a,#462427,1fafa4479521073628f980490bd079510401291112f715726590514f4089196f
mbb,292,#fc8804,#021b3c,0236c0464b299284dbca6be0716d7c3fbc1785af0d4754edd611aa5f98b4ca9c
mbb,2934,#f3bf32,#1b4388,87dbbd4b33f670367916cc885509000df22de386f7ac7a597ad31b01a7b2395d
mbb,294,#0b4d43,#b8ae7d,08549f76c5529261f0771fdc8ac96bd6014f275e322cc3209b650c7b3f9dbce1
mbb,295,#003768,#9cbacf,d7715a34978cfdb27bdb863a6c0de3d7a4c122e80de0c72397b8a23aa3d10fa7
mbb,299,#040707,,2da1db5ce777595eaa0a54f2580a2c195c6b258fb6a651739ccaf582dae7fe08
mbb,30,#9d2235,#ffca2c,abd4a69d1efca7bd1c944acf8a5a77b5bce41602da970e9779f0bf6079489c1a
mbb,300,#0d223f,#fec52e,701c22e1218d950a63b7cf1a722ef4f345028c78a42711eae26bcda7a47fdb67
mbb,301,#00275d,#2d97d2,97c7a4757694704ce5e975686d1429808cc381fb6475ae72b8e4f467a42d1d24
mbb,302,#0f2c52,,f30b549c6c0fea64b65100f480b2092b80fb845c2d63304b451e04f1db968aa8
mbb,304,#f57a1f,#956441,9e7a357ba8c5a56848a2d2a70c5184b27a2e937272065771fadd6b10df939435
mbb,305,#0051b8,#ce1124,ecccb90d360d46b4aeaf6cc44a5b7af61653e7cb599a86882bdd43810e03a914
mbb,3084,#1e5c37,#518164,0027556333ab8f5920adc3801888f33b9957f979e7510a925699508dd7a428b8
mbb,309,#d3181e,#2b0607,504a8c3ff5469e6c367e3925e573324e8efd0c0e42a034658e1609a62f1b1ed3
mbb,3101,#ba1c21,#003058,8a12a10bf06517543a9ffe45f44a62bf36da6b3d3d20dd6cb62e8e924e5da2ea
mbb,311,#7abeea,#810d2e,7de3ab29e9a6a7cbeab35fa14383b643539c9f52b804785981ccec095e4cfeef
mbb,314,#712d3d,#c89261,c542d1e1e77df6ad8681009de6431dedd71d9c01d0b26d8745357f4dbe5e8247
mbb,315,#342a7b,#000000,7d32280d89838a206a7fa6c94125856363cc416c423901a61665bf363d6912d1
mbb,322,#910029,#322124,87a3bd409adeb4cef6066713023bf95ddcc23fc8d3e96ea04406db1f1e534f45
mbb,324,#006f71,#a07752,16b25eaa685f36feaa1fa315a91d58c83349fe7401eed3bd6e396552006a7f93
mbb,325,#daa973,#e9cfb3,9f09cd79f530bdae31eb7bc49643af61dc1d5562f8a92bd626c8fa4a8aec896f
mbb,326,#501214,#6a5638,0e81afbb4d334e48237c83fd2cea6239871e2f8167def9ce9a836b1e2a325366
mbb,328,#0f2439,,d2cb5546e8f39a2cffebd99ddbb06be2bb4b4b634414a6e628573ad4bd04f1f2
mbb,331,#c41230,#000000,c11f8657322b3ee05d230694fd12d825216c69635ab939bc0ef7593554d29db1
mbb,333,#9e1b32,,bb55649cd4257a7d13b58db3f6cc85af8672b43f6eb215b6e729c7916ba5e4b8
mbb,338,#fdbb30,#695a32,b2697f1cc59faf361dfb9022c0e1a10af9803f9ee70b0ace29ce2abde3cd6618
mbb,339,#fe981e,#371461,f28a9e7a1c89bf1b02e40ab5add09fc28baf32ac4f9203ad8838d07055f6440f
mbb,344,#5d1725,#94757c,1854b6d52609c4db7daacc59ce122017c3eabd2e70b9c66deeec297183d4d46b
mbb,349,#d3bc8d,#9f8e6d,bbe36252ce70f54489fbd0a0c0ec27bfdbd4f84d2789fc9906bda5ccd93c7aab
mbb,350,#00205c,#00665e,a1f01256c68f9dc9bb6befd23fa93f82af596c92ef37bab80a76a808ad635edb
mbb,356,#ff5f05,#13294b,62c3b65a1ab3e8cad05832d76dd7b3fb695c8220c07f0fe5aa44ef12abcda56c
mbb,357,#007ac2,#00853e,9e99adce9b4c61f979a5eb09fd31fe809ed6e70770a75a81effbb8bef177182f
mbb,36,#004c23,#8da47b,356212f740fd77198672d89b67e66d91c514c8892123f77cd2c63071ce6c8706
mbb,38,#cfb87c,#877853,69f6e383b017d6494ff7e0456e90211ca41e4c746aa0532cf762256651aaf192
mbb,399,#46156b,#6e5183,8f775693e211515deb77394a0e8ba895962a139dc3f04923956afa178fa08ff7
mbb,41,#0c2340,#455268,3ff5b782c09c76a90568f2d8434ca70efbecc7a4f65ab0cb66d5c00b1e384ad2
mbb,43,#0a2340,#89909f,38a3a325babea1036d6849eb7c87d6d63dbed97aa1c0bd5a03aa2d4b9bf86b07
mbb,44,#143d8d,#c71330,f483de6840f38848bffe6ae94dfbc0781cc3583f242a13aa39fc664f939e6f5e
mbb,45,#e8d2a0,#102c61,2219686e2c524497678c6c62d417371115fe7a249036491f962d5ff4b327b2d6
mbb,46,#15284c,#697587,19125d5969a8c7204d90e2ec4cfdaae41b32b49182a75edbdb0b1b4c389a2dee
mbb,47,#0a253e,#6d828e,318ab52c35840aa523eaa36a023644cff8f7bafdb0b36962a4d55e54f6f9be20
mbb,48,#00539f,#ffd507,89e021f5f9b67d3024a17b83347dbb76d77a2b08fc67e8ac49411317228c7964
mbb,5,#1b5732,#ea0133,905b2e96ff5a391a789276d4b211134ca295a91bc352d1ba5668c79fbfcc0bbb
mbb,50,#fa9a29,#ba7526,a4845db1b8fc05b6a186f2fe8e2453757d949771b5bfcfad9b69316fd31ad84e
mbb,52,#782f40,#d1bc8f,2b8ccabe8c063ef5f2fbd4c21b489179d94782ca4ea6c14dd3e5d1728afa61a3
mbb,526,#135387,#029569,b7c86f7b465a91ff69e53c378913381d7a258da84835a19d6eb47c10a9d80997
mbb,55,#cc0000,#610000,ea8258009ea1024de674a785b6ab4229fbe55e3453e7931ebbaf61fe01f8c2d9
mbb,56,#0d5640,#b0c8bd,818808ae1985f007f57581a3df7360b49979dc8fe4794d0f18be6ede8013c551
mbb,57,#22884c,#fa4615,2e70460ca7c02a03d238ec4d9dce163a22401bfaa9842cbbf2f1ac1a991d6d50
mbb,58,#006747,#d0c492,a74207f69d800eba006138acef12a1436166c868ba14c94e1578190358dd0d14
mbb,59,#b3a369,#002e58,c50e6dcbe550c656e79729b1dc4d348a2deeb66dec33a331f9df4cb23885ce99
mbb,6,#22346a,#b51b45,178ada0fb7df8fbf295d6001a992835876f2cbde64225d35ff0ca7dfdb374c2c
mbb,61,#bd0b2f,#000000,fa5c7fb14d5ffa38eaddfeb80161835e60a3d496b57db5e0ebda5e6475226d8a
mbb,62,#005737,#b7b7b7,0333c0f1e6c941c9207f9aee9088d7fbe952fc9eba1fc8ea5a075bea92ac92f4
mbb,66,#fece2f,#822433,8b490fe0621ea18538cf38e2b9c462beff54b26ee4707c54d024547e82e7cd63
mbb,68,#0033a0,#d5430b,0fe810a62f4c54b85bc0ab652c5acec912c7abcad5b8b2068827ac5f3385fccb
mbb,70,#f3b519,#4b4337,90a5d108db490744199b4e1f2cc45d8b05ac06dd0e3f05b223e3a74ac01ec2a3
mbb,71,#a40000,#e6b9b9,3245a2ffe2b92b931bcdde0f5bfe2c6f59904066f37cc3f02d7c75d0f35756eb
mbb,77,#492f92,#9687c0,d447850b4a4d514fb7692fec4cda3e4fe7268c9d664b53e93f0f8fd476b1e6d3
mbb,79,#6f263d,#996676,b67e5afaad47a604f385ab3e7677568d9f282b8f49420c66719438898ea56ab2
mbb,8,#a32136,#50101b,16e44ba49923991c70b824707a4c541327834a308472ca471f0001805a6a8d91
mbb,82,#001e60,#db002f,b56fa02fe05dc73837411d21ab15e1233a3fdced02e31c6736bee77930f30bda
mbb,84,#970310,,0dfc3e06f6e158d96df2b9729de6b1cd6a5a5756ec365cd0b998aa6ecb45aa66
mbb,85,#dc8a26,#c9b086,c19caf4f490a27ac009d30ef125d121bc536477594756d89c1a26da16ff332b1
mbb,87,#062340,#c89600,5c0412f57d3fdf05789d255595ce014bbed36c6468f8ec3d8471450efe5f9f10
mbb,88,#002c5b,#a52a45,acfae037466dec5151aff92ef05f955416cc29c805f05773a9734f02b122aa9e
mbb,9,#ffca1c,#7b0430,12740d7f76563f339392d50d215e173925114d2ad48d576263165f3b31052998
mbb,91,#7a303f,#8f6972,5ef0cd7d15eed73287693dafb83be8b652327ce00d3194722d811e5c51712f27
mbb,93,#ffc607,#0c2140,76c3645565824ce0dd2235ca90b99a0e5f4fee8e797ebd80ad9c81dfa1a7db2c
mbb,94,#ffc82e,#6e6232,08ae1961b45853dc00a9b2f45a970be7a14a77507fdb94486a9dfa8081155189
mbb,96,#0033a0,#6a81c4,6f5dec8dea23de372677085b6ecc0d8f49420e3d0a0a5336e7165c94160f5015
mbb,97,#c9001f,#fdb913,7c5e06bfb990c80176ef56e171bfb2de264355db54c592462d5f8a02404412e8
mbb,98,#e13a3e,#781f21,4bb5d1cbe2d259b953977bce4f72c66dacd5a0e5afdd5a240ff3fe41c2daab17
mbb,99,#461d76,#b28b44,d02e29a9f8824740d848b4a83c574b1c1942ba1cdee61b3ee08611634cc86b46
milb,102,#002d62,#b30838,32fc1f9d0aee009c13121d77457e04ce269ce8e76939accb08412674aceaadb0
milb,103,#231f20,#919195,5cc92355fcf280e20d9edeb84e27a14c2f6132f24becb4fa3322beca06466c7a
milb,104,#231f20,,6051b6bb3c7810944ab1c51fc011a4a86e082266e1dbb89928dd8d6887281832
milb,105,#98002e,#cbb677,c096af292454894c3a3c96d23266752c69c1e0e99cef6f5a1f1d3164c60a70b0
milb,106,#d31245,#231f20,5f41b1033ff992c89309585b3545aa1d4e00d47b67d6cb333f7e231965fb7193
milb,1174,#e31837,#002d62,2bdcfa983a800e20d76545a069818cf90b2e75ac21e3c6af82443a4e0d842c59
milb,1270,#ab0003,,a0b0fce737614e73fa5fd58062e905d0ef02955ec659ba4e0092af26f222d862
milb,1350,#005596,#ffda02,a4e6a0063ac09408acd102d438cff9906b9dfb8f4215e78eff4d7d2d8d2d1189
milb,1370,#c41e3a,#ffffff,88e9b1e10e2cdff4f7b02e6d51ba6ac6839cc1eb6fa20f4afb7f68455edb8943
milb,1390,#1d2d5c,#e8291c,1e785f359c038c9bfb77219f7402b9c1862716c920016bbaab5649e84ab33111
milb,1410,#002d62,#c41230,646f0fc8eb390a1cd8e90c76f1357e2c02b87c0dcc6331be908988987701f092
milb,1610,#1d2d5c,#e8291c,1920a269c4dce0f8f38d338c4a47380144922a7d84f92ad4609188cac0f4d8e3
milb,1611,#092c5c,#8fbce6,d8f6e9952ddd5976ffd61ae819d9a4ade38bae4333733fbcc14b2800e559cd44
milb,1956,#0a2240,#8a2432,15b9df4288a358be5e2c2c98e03ac2c0fb5927a846ca870ffa35d39ad0740898
milb,1960,#00539f,#93b1cd,09be58835060a5d147029329efe70066af547550adf126224ef23d76e84f12b6
milb,1991,#aa182c,#3ec1cc,b63b3aaf303ff3bd856c480ef855a0bdab1794e78185e3b791492c860fdf804a
milb,1994,#33006f,#c4ced4,6a7386fadd90f249f2c439185b6c8e68d49511a3b42cd2623a1e890523a6661d
milb,1995,#0e3386,#cc3433,0d3f33169a947b0363802a1473490976375855eed998fafafc2e1e137d3ac71d
milb,1996,#004b8d,,56cd0cfc09a770ba3185273912902dc739382b2ed2150b49a3ee954b340a96a6
milb,1997,#000000,#c7d0d4,ccbaf2ae408b4ea06a68cc2c0d4a44a3d86f1302990e1264314703a1c71954ae
milb,1998,#002d62,#eb6e1f,5810e16a8db65b74a6b0dbaf63693fb0a53d77ece635ee83bc3b6ff397acacb7
milb,2000,#002d62,#eb6e1f,f6bfa713ac1b171b5326cf2b87b2959cd07a652c1bfae8b9509474630c9212bf
milb,2003,#092c5c,#8fbce6,198c3e528aec4b837495a1b2eb22643721cd3cd5de42659612ddf233534d60e4
milb,2097,#be0a14,,10245d6829a0e4ed3c89da5f94108f2c9a58bc17a49628ce8ed6697119278b4f
milb,2101,#12284b,#ffc52f,9271da480f41d07eaa124a20dd4bc2dfaf879c17721b61bef9c45d8e6cc837d4
milb,2117,#ff5910,,b255cea8b3c3bce6d266e5987901fa080f8905163fdee5ab5b27bbef6c0725ed
milb,2122,#2f241d,,927ef7dfff8ce4f17c6a73544ff8086698324b7b92488a53f7ef2d8b1fafde64
milb,2127,#00a3e0,#46748b,930935ec8689c46c79bb3fedb0aa73acef3b6e2ca7f68a5cc33f28f900af746f
milb,2128,#004687,,7921ca100f0756e3f7f244fb7b1af1b424d0f407dd5c0b59a28a14688129928c
milb,2131,#33006f,#c4ced4,6a7386fadd90f249f2c439185b6c8e68d49511a3b42cd2623a1e890523a6661d
milb,2132,#0c2c56,,90602ddfa5130edf47241fcde4152d7c7421b881af67ed3d66d0b5d700446c39
milb,2134,#fd5a1e,,d87957f6161f78ef3966c4469289a2d88cc14b8444d1631135c9c5899c572f03
milb,2270,#0e3386,#cc3433,fd4a02f6d3414e0a66faf1701d25b645bd3f5b97dc2fca2d941f16a8217f3a2e
milb,2310,#001e4c,#d31245,fc69a70ef23dd4cb5c9d8cac380e0cc5727661523d5c21cdf2d483100b73f499
milb,233,#00274c,#fdb913,9f12238dfc9785909e1b4fedc41e8f37e522c88fd3299dda64713179d62ece88
milb,234,#0054a4,#b15c12,2d0a00fc6603c23573541f0b5fbf46666bc39c51155cfa277a68ce6be799f0a9
milb,235,#002b5c,#d31245,5bf4d751d08cae83177b04ff96a734dca6a9db2777fcbe7e17e481b1dae4b19c
milb,237,#002b5c,#f3901d,e591c58d5351604fdbf5b5f9627aaa7815f6a56530aeeee4a986f1ae4249b09d
milb,238,#005daa,#8dc6e8,4784356522a0fcf8c813438483e717e8fdf3dd857a778baab6eb6c3d7a5234e4
milb,2412,#c6011f,#000000,112b22efe0bb3f7352a0630068977526d2fbaf36c67a10683a8b2c9e966c1618
milb,2413,#c0111f,#003278,0ff023d3a41d58981242e0f3de29a4e43fefce84597883adbf628cf3d0162266
milb,247,#d11242,#dc4e71,618e77f9a606639501ba0b92f8149a03c9d63b172377efe2d439f896cf8d5799
milb,249,#00274c,#eeeae1,53fb34afd22afce6bd4ba16644975c87797e9dcbc50337a293ef0b8c337f2ba6
milb,2498,#0c233f,#f36c24,5235b51c1e8d92c37d9662269e7badab0d84f9daee10773d55c656bd7e318db4
milb,259,#a6714d,#d31245,6ebe9bda7c2db588b14dbe83f7e5932c105137c61f747134dbbcf1328e72a97c
milb,260,#b9e0f7,#0067b1,2dc5198e0347bddf736a573ed0bfd24dff5ebe00b5eff2537442507706e47a63
milb,2690,#005a9c,,586aff6b63ba0d1dc3cbee95329195854887d01134029ec91a20bd40dbe80e8b
milb,2730,#002d62,#79bde8,dbe8ada9cfae084cd27669f62ff15a262f990cf6ac8e0bf55feba34417816aad
milb,2770,#e31937,#002b5c,117a09079a618191ee889188a4294f046602281932dbe08f25958c81d79c356d
milb,279,#d31245,#002b5c,9ab6de640abef9f1f16f72af426218284122107d5956997b17f5344efdc82a6b
milb,3130,#df4601,#000000,8c41fa3eabb60e284e87f7feb4b08e73d0350d44f532ffa656f75b5024ac8252
milb,3390,#ffc425,#3c312a,919f3a146812645a2cf3499cdc1141812b133a72a4455d01fe53e7a42ac054e5
milb,3410,#d31245,#2f1f23,f4de7654a2ca6b49439b5b407e9c1ae14c2d2e2c74fb4680e7b4a9c48a7f7398
milb,342,#d31245,#fab71f,eb79b7b2941afd80b9b5024a5ac7d01df3af3ec391276441ca27c0e176e53c1e
milb,3430,#c6011f,#000000,3d915c7033094eede940593ad3c3c62ca58e70f7c8d9eddcc3131fa4e6f1d846
milb,3705,#002d5b,#e1e558,5d46f1a30303ef90eac9f6413ac4dcff554ac64a65e4e296d51b543238426c99
milb,3712,#d11245,#000000,4759b92e2488b02d186e62e2fb7e4dcbf75aadbfe97866f6effa863db3d103a4
milb,3898,#002b5c,#e31837,664a20122dd70bb1efe5243b705526178ff75f09cabec3e514ff1972c72313e1
milb,400,#ff4d00,#ffd100,6bf3f0be1d1d08a7786bef59d200a6ed1b669fa3c75a4381b40c2e64514430e7
milb,401,#79bde8,#f47735,fb23404dfd92b8be235087b645a6e9b5df2e7fbbd68b2ddd8cdac5bd84574442
milb,402,#f89728,#ffdd00,4d193f21ee4f378466e14a7c7dd298ab28f0999adc4e6f9ba7816cdb6318fea3
milb,403,#d6e03e,#002d62,7512d661183e5a5d2fbc1effb83343ba74c3629e0ab9bd57416ec0190b6dc37d
milb,404,#003263,#862633,88d6949276b825bddd5294b9a721facf9a04f45ab5c86b579ad5c7f082987462
milb,405,#003831,#ffffff,3a607805734d60554326d1732520221dc116f0e2731f05c893f360ad0883b328
milb,406,#12284b,#ffc52f,9271da480f41d07eaa124a20dd4bc2dfaf879c17721b61bef9c45d8e6cc837d4
milb,407,#0e3386,#cc3433,67bc5beebdd293667fd6d5c30cfc1c04816d65e6b2ea68b376eecbd773e7de92
milb,408,#fd5a1e,,d87957f6161f78ef3966c4469289a2d88cc14b8444d1631135c9c5899c572f03
milb,409,#006c67,#002b5c,cea56978cab78b5264d7e33f8d912fea14d1331661a28253c332ce4cd9117aaf
milb,410,#2f241d,,b29db36b9cd3765bb5dfb097608efe0e133691576ac42c36c9ef27af8bccb518
milb,411,#004b8d,#d31245,b3f257239b55275fc2a7c4d14e08cb3c51c4efa25055f3336dec947f19beac67
milb,412,#004b8d,,bde7051513379a014cef07a2aa5a9deaab29bbc81faf6fa7e2b277898f65248d
milb,4124,#002d62,#0c5595,3ad92715a78e83a59e4f5b2ad70e61b66927e0d2b6d8c8d561dd7a6385e3d6c5
milb,413,#041e42,#bc0022,b05514e652faa98b1d5cb29bc212a5410fb1140d9119631043d604d9bd4ee91b
milb,414,#0b2340,#0455ad,365d6b14e0c061d2987bd4282138d91488101933f1310fb7e83f5f918bc61809
milb,416,#ea1c2d,#ffffff,7134396a86f80aa07655296d978e4ffe0bed1867f3b2d7413e09eec3ff892b78
milb,417,#002b5c,#5091cd,cf33ccdb617882f06f6d5bde9c9b8b70e6ce243d01aa4000c3409dbc25914d40
milb,418,#f47d30,#22bcb9,0a908c157677dcf7626e8e679fab6a6b85eded63c4f7f4ca582a24124ac96371
milb,419,#002d55,#7bc143,5e29fdd2e613370e3a3853aab7fbeb91d607d2f144e81a4c738ee48c824fd685
milb,420,#002b5c,#fdbb30,baeb17f4d2b2d1a4b0cf96e3e0468bfba684d8257b67e0b8ce83821c76b7fc85
milb,421,#eeb111,#00245d,898853551c7d673ad7e3753e354b42b7875d67b72096f5c833f3a3c47bb74caf
milb,422,#ce1141,#965c0f,bbda0c63e341204eccd17eb709074b8ee7c8252c3ec9a07d18c11588e8aba1f9
milb,424,#134a8e,#ffffff,980e3ac0397d677be9e2e18579947afb1821c3b742b0a510df33d895f188c540
milb,425,#007052,#f4dfa4,4f1d80dc87a1507251efa948e76a0f0cbc9a6951a1dc4178798c0a15fe6ca836
milb,426,#002d62,#96c0e6,040ff8719a504017a9214a08a9fdc3ae05f2e87ea7ea7a86e32215fcd6acd324
milb,427,#011e41,#0071ce,b3c2765c11d90b06472f486f6981db43f732ba531122b0bc06e82d98961a9617
milb,428,#002b5c,#e31837,769fd4369789c7f75d5893b58b20761bc34aa07eb29a65393e0d35a08b1a7e29
milb,429,#0075a9,#000000,ca60db6c04ce4d75943e7df61d8ff5c0d549bcae7830c9d0e2520c32a1a5518a
milb,430,#00274c,#d31245,67c0dc9b585d122a080147f5836946dc09df611e6e5ff9079dc082ab54c24e9a
milb,431,#0c2340,#74aa50,c26dff8394655a3723a69bbeedafbae79c664a834f6126e69e941a47b1cb4d11
milb,432,#ee3124,#d0a353,68aa46cfaa694f5a3ed59495a7b5393e672967593fbc2c7450fe5386a009a48c
milb,433,#002d6a,#c49d6f,d889b83ef270490e051475a7e6af5994da2e2cbf46cc7dca7be61fa8394c78f9
milb,434,#0a332b,#e9ad00,f1a28e166440bdf8bb4e4d6aca3d6d15cb1d10987abd74ca48141b220a829a48
milb,435,#ed174f,#b30838,6a8ec58db854cb7b2b913f181d64193aacebc13809c419d069ff1fb1cb4afbbf
milb,436,#002d62,#ffffff,659f80004453e49549b9136b1f67a262ec3add98f4e77b050b8e7b5b9aff1295
milb,4364,#25358e,#c4ced4,aa63fb16072308deec633b3ba029decb05df27c15519865f7d7f79b248ca06d2
milb,437,#002d56,#fdb913,ebd5d9ecb08af3201511d8b8a56ea4cf9adfba096ed2c25e3f340d096bf1df19
milb,438,#cda176,#000000,65479ca1da9f145e67a41ac99add839e078343de55a0523a96f4168975b7afab
milb,440,#002b5c,#d31245,fa4a03b642c2f4cde3ba4592aa03202931e321d6bb1a29b421402ce2ddccad3c
milb,4404,#ffce34,,f1744e702a9216123bbd1abeb4ff42d38a1881e29a1ddbb60967ed57f6394531
milb,442,#006e43,,7c7bce6a8274a484607198d86f745c647b8518d76710c9d5f943ba72ac8d7404
milb,443,#ba9f67,#d31245,30531eee6b47e605a3f8898401a208e130b94db62bc265cda2a7390ea60aa4eb
milb,444,#231f20,#c4ced4,048b32a3bdfe29eaee7c49ddc3a9e814a7324c95e4d1ac221d1d50e1a6130610
milb,4444,#d62928,#000000,fb5ae23ee230ce30af2d2c85cf4a5e5737ba7ce29c9ec5ae5f9f1256b5fe4a0c
milb,445,#002b5c,#a4d7f4,3b2389eee8275c2811cd54aa5aa6b8449be08b9673b2018702eafa6e9cbf165b
milb,446,#caa977,#0c233f,467afd0a4b74053ed9b12c351bf8d8aacd9f0a9bd6dfc3ec18d1a7f7c93518f7
milb,447,#6b1a31,,57b44641eb3a8580de3db963527c243e6454b49ffd5549554dc6f6b19f29d503
milb,448,#ea1c2d,#231f20,5a0aafc563acd79c6192feff21a2636530a358b1685dc9363057aba38c3a48bc
milb,449,#002d62,#e2a856,9570945046bacf648e46cc24d5b2908e48443ab5c65fe2e71e718ccd49777130
milb,450,#005847,#96c0e6,6b6635057f602a9699afc8ad2f49caee1cef297a30149197f211c7035bfa5b8c
milb,451,#005596,#e31837,174ab0b9f8a697d2164e4d5d3e4aa236368969f7b74ddf10011ead899fc7986d
milb,452,#f4d09b,#bb833f,974d017fc950f5ea66ec92a476eb52e7a32c2f9a7d185cb35c43b20e9c376f73
milb,453,#ffc425,#00245d,2f989d8637fc88ed6167484322f3344382403ad3fd983996cf8326b9cd8cfcd5
milb,455,#cda176,#9f662d,2bb31a0f0d7fb979a32a0f5668a7a83fe48536a965a0d38ce53be3f7a73e4159
milb,456,#bf311a,#006f51,0e49ce486924a79fac43a55c9daa9d4e398d3737493b5cfd54ea5786c8a3627a
milb,458,#002d6a,#fcddc5,be1b06f130e6640d7f1cf73226414fe72855fdee1eafe697addaed620a620f92
milb,459,#00853f,#18422b,f55d9f661915392f269cff54bacef109cc9faa659be7387652a4753309a89d6f
milb,460,#002d62,#cfaa7a,e1947dde77c40440f6a71a213c5b28fc4da3cc10c64caf4f5477fb465426b103
milb,461,#008265,#203731,27922cb5c0976114b5cc05f7ccc328f47c002b04811b3cf02214574c18a2c29a
milb,462,#002d62,#7ac143,d0b42b4f080a2292ef11d6c807c98fa02daf56a6a7bf1e214a0106151f181d98
milb,463,#002b5c,#e31837,228a3f9a29003f94ccd979c49b9ee0a531a2742d9be3b12eb2b97a06e57c0a24
milb,464,#ce1141,,1a6e29a804c1bb60c0934613cd5791943adf24989118c9f952e0b8fddb5d896b
milb,466,#11225b,#ffffff,c238b3ce95d01a4810a05aad126367ce3b52a57b0ff45599d35e229b33478441
milb,467,#00a3e0,#46748b,930935ec8689c46c79bb3fedb0aa73acef3b6e2ca7f68a5cc33f28f900af746f
milb,468,#ff5910,,0d797627148347f2e3c76a4b06820d122514e97ea00a33ecca978cca51f43c42
milb,469,#e81828,#ffffff,f757384503e2773b5c190c9c0e745ae8a4eb1c2c4b1106c0aa138a2c884efa23
milb,470,#fdb827,,9bd544d757e52164e92ba59abe5ed1e643670ba92401c936db2a30ae56017d59
milb,471,#bd3039,#0d2b56,350a059a76b8342d01eb93ebb8cabf67f87ff743cb2130565e299849a779beda
milb,4725,#132448,,3031bda72ea11e088390e6020df92a72f789870ef492ec7b8b17fde1467b4919
milb,473,#0c2c56,,fd821c07b50d56fd8eafcc7e0496bcbd95e68d400586b7082de30cf06aeb1325
milb,474,#e31e34,#091f40,9f062b8e0a2626babce4f051f2d3f1bee163fa6d74ff12ff3501be2e2767b090
milb,475,#132448,,5be7a480a547468e1e13c8e0293c7230ad9c06810e1e8c1fedaf1edf02c9ffad
milb,476,#231f20,,b588b9a47d90107e4aed840a2c3609c8faa4b7ff3bd1a1be9317642e83cfac9e
milb,477,#f68b1f,#008752,71fdf72f1505c3f9ff5f843ffc910448714166c9696c0ba2e607f4fbb9b21941
milb,478,#008265,#62bb46,8172a264e96ad80f675215ed2e4a6015db5d23e907a7a91f69bba8b3d9d2cb26
milb,479,#0577b4,#e0184c,2d59ad70be736608a3f13f6d046bd9ab8aa13618c3fa91281abd08af1ace274e
milb,480,#00483a,#ffeebb,7dba2fd14c81eb2b763de53f5939debd7ec84a234f9905d7dfd5154cb1b82189
milb,481,#004274,#603241,08e6d7993d0141fd1a13cb129308a0c843cfa8604751ca53c17293799ac2c0cc
milb,482,#002b5c,#5091cd,006198e023a22ffb3a2b6d8ccf962887611166df59194e59221486790084d9bf
milb,483,#df4601,#000000,475675d8d5385befe60a2d321fe20444d1622a537ff72429245e789805fd6539
milb,484,#00263a,,f64eefa0ebf8d1aa4906f57bbd23b5e2600d32f971347fe7311608e5616c3078
milb,485,#00833f,#f47735,d65b3f12f1834b40767090d7178c71bf34946fb63f49b3befc96b50ff0056aaf
milb,486,#002d62,#ffe4ca,554465e881a470aa97cbbc5000f1c4d96286af7581a68fa966a4f1259e77266f
milb,487,#003d79,#e31b23,2109cf6a799366baf1db46078df6ef5fac1a773f07c02d3a9c9ac49b54b97527
milb,488,#b5d5f0,#00539b,0b5f11ee4065340b417379f2b56474115543bf2950049a1eff31ebe09d05b33c
milb,4904,#f4d09b,#d31245,2fbc11fdbc648b44107a19f401c98f52dd8833498a0b9e0d9aa9cbd9666b8c46
milb,491,#002d62,#cfab7a,a25b7011a762cf8626ada35a15d69c83785af5707f2572e4b133b96a0eaccf0a
milb,492,#002d62,#00a160,6b1f469d0ddff430295a0ba9cfa3b3dc88a7abcc5a5c1af8ef89dae88c291ffe
milb,493,#f15d22,#231f20,cddf700e919ff59dc8dc1dda407b28fe306fc8e1539b5e7625b44eb29bbfacf9
milb,494,#00afdb,#ba9f67,e84d52eae1dc2d68ed997d6a9d71ed2c7f6abd0b84cdb7560eb7aa3ecfdc8308
milb,495,#004c9d,#ffffff,bcfb146a2ce90c1db1653ca07a24dd9bb65ed41e120cbcfe05c3ad2e0effa328
milb,496,#044c2d,#f26724,979cfb5418fa277d2a7766defa5fe2912de7abf4c8bb57cc8485cf27e52d906a
milb,498,#ef3e42,#231f20,8d6c8e5991ccf2596df37a302213794bee4b65d7769a2883cc901896a7c4d8d5
milb,499,#231f20,#c4ced4,34368d19fb8db1fb23fd483f2b9e1d37e21c78012774e4a292e0a4458cdb3624
milb,500,#e7d2ad,#cc851c,1dd38d22cd6c00d1170ac4ef667a3b4c529cf7ef495b0f369ebc01ea26d1c35f
milb,5005,#002d62,#eb6e1f,fd2e9fa1d895e8cb88fb9ee3562acb6a1b9852158aa4793aa3a742097cc5556e
milb,5010,#981c20,#040707,d2624b91183db8e375c00db8d6f3fff048acca63174c6f58488d6a2da359f586
milb,5015,#f4d09b,#0067b1,2fe7a9a97e9d78591133aa66c5f19252aee9147213783bdc5e9547406d71c8de
milb,502,#0e6d71,#dadbda,dec951b23db0f37e7994f24440c6de07365aa73d450c7387448d990c8d9d69ea
milb,5020,#5091cd,#fdb913,ce84f02a1a170a5aaf497675ca6a8f453ed3dbbedef3915b93b3963d11a8236c
milb,503,#d31245,#f47735,0fb2ca092fb34b0546026cdb9dadabf71c369ff74ea561db228c3c7cc980e853
milb,505,#002b5c,#d31245,2424f6bcef7e3f4a9b2dc44c8f3a001458ca6b6dc813b247282c1e555033c3ae
milb,506,#e43d30,#004687,4dfaab5dcd07e7d3e103a225e03f5d4969aea63d122ae84e8adaa6ceebf265e2
milb,507,#004b8d,#f47d30,72adca921e95061e6ad2567a410179cd6a2f3fa64f224db81c52268c2be80610
milb,5071,#0c2c56,,fd821c07b50d56fd8eafcc7e0496bcbd95e68d400586b7082de30cf06aeb1325
milb,5085,#e81828,#ffffff,e0ad915b9fb14aa706034d1afaeb581846863c4d70843b6ec9a584b979e92c37
milb,5086,#092c5c,#8fbce6,d8f6e9952ddd5976ffd61ae819d9a4ade38bae4333733fbcc14b2800e559cd44
milb,5087,#a71930,#e3d4ad,3579a9c773e7973b90954f4fa942b27dcc7030d953f9e50688b9d06fc9aee16a
milb,509,#002b5c,#ffeeb9,56cadc2c8df18dc418b565c4d8ad0844dee39f16d6ec8dd1c0e7c0ea9b4afcb7
milb,510,#002d62,#cfab7a,a01b8323272237bfa78a175be18e28fb0732ab3b95ac91763bf1ca15f5fa4a27
milb,511,#d31245,#a68462,2c5e46626cfa91118a69574992c0ae8e538f0e859f2d64c74c908fd80c33c7d7
milb,512,#002b5c,#fdb913,cb84941cee8e3a602dea1c1f237b5dc55d4785d97e426b8191b2b639604db91e
milb,513,#cfab7a,#231f20,37816ba08ed1ccb8be32d2a7309455982db3afcab677a23aeebe2e86f6510e77
milb,515,#bb813b,#b30838,e6b97d5fd64b313e02b43db3ed2054e5b274868a0055cedc6ed20375cead4c12
milb,516,#d31245,#cfab7a,ecb3eab351f3dde960aa0d0417d3a7774e4d2db3ef5d4adb2d4f847f1b735a4f
milb,517,#0a4983,#6db6df,4a896cd2348eb097369ce654544a7455eecad336e1d2a23b94d756448ee4a485
milb,518,#cf7418,#e7d2ad,430074349e399bca5fddb830e26244f0aed2b49e0c821493092598f6984b9d50
milb,519,#002b5c,#fdbb30,ab5c0cae51092823316098437678af55986e92ee49294f9c3130bbd3f5d26c7c
milb,520,#00553d,#eacd0f,5d4fc95cb9d63554a1cfdc6b446c497e70c9f9a9ab418ab8b32962842d85e8ab
milb,521,#ffc425,#002b5c,77d19d6279182de0979c8ea06f48403f531a68fdb3c10c37a684f60d70f16a98
milb,522,#002d62,#d31245,153628cbb95bcdf68335256fe55bed63ec61bde16305c8d64af7716fd5034bc3
milb,523,#737373,,bb96f2981ea3d9796f653530764b3869923271b0f17f98c0831ae89af474fde8
milb,524,#004b8d,#647584,548b0098e2b66ccb2c4da912d86172ad6fcc4883cdb6109b47f053708af14752
milb,525,#ffd040,#00b2e3,da7d82bbb8264c1ab5c71bda88319f02c19b944c93d5e2d26161ea8270754867
milb,526,#003263,#ce1141,9dcef7a147f14bfe88f65551736466540759d6b50937a1849630d35b52dabb38
milb,528,#1c2444,#d65532,1ac50d00ae3bec481a292066c47e74f3c8dfe343550c2ae0be77d0ac287ed353
milb,529,#e31837,#ffffff,8f07db02e122d6335fb72337df528ff2d9d280f38b7e4b0c5120b2b641d0823f
milb,530,#009fae,#06546e,12d0e174b971caee7cbac7b9a281d8be85986b146c9ecd28790ba43aa0a9a364
milb,531,#b4975a,#002b5c,73dd4596f14b971df0d658fa2efcd7a98df62285679ffad475d26ac08fcd16b0
milb,5316,#2f241d,,b29db36b9cd3765bb5dfb097608efe0e133691576ac42c36c9ef27af8bccb518
milb,532,#cf202e,,a5097478f036a54a883a485fef3ca5fbb3c4a773356d97cdde3c2a5389532ffe
milb,533,#e31837,#ffffff,4ad3d6712a2ccf9d9ace26ddc0903b387697396cbc45b225c747a4bc1b1da05a
milb,534,#ee3124,#ffd200,80f9a343713ba82dc67bdd5b1b129663f6fcc236998f5bb4d0074b4610b02cfd
milb,536,#1b1c31,#981029,907dc78d86a883442249750fb51f0a587336d269b31dfb23e8895a543e10c8c6
milb,5368,#003d79,#eeb111,db2732f066f3ab03c2734aa123cab091053d1f9747e03b0a22d09ad13433e331
milb,537,#002b5c,#adafb2,db66b8535fdd0a56bc1f2ab601567d196e7a6c0634281bf84c9611a478c8d482
milb,5370,#fd5a1e,,d87957f6161f78ef3966c4469289a2d88cc14b8444d1631135c9c5899c572f03
milb,5372,#e81828,#ffffff,346a8999617992fbf4a60d70ffdf11482b2dd0e9a5163e7107e3a566d83191c2
milb,5374,#e31937,#002b5c,117a09079a618191ee889188a4294f046602281932dbe08f25958c81d79c356d
milb,538,#004b8d,#cfab7a,6cc1a7822ca4c9b4a78478a5a8841c3edc739c2581127732d8ecd262b9298074
milb,540,#98012e,,fba97603a81382fa7b7e498d516cb37742db5f0f6e33408afcc1a7bc3c09b027
milb,541,#ba9765,#231f20,3e61f13d6332a4769a87148a36a3506ef3bff391eae896fbb3486ecb57f23f16
milb,5426,#003831,,d23756a7ffd85ec0289a593c1ba4ad608bac33e7d66e0d0807bae12e7328e279
milb,5427,#005a9c,,9b62e1572825b7289a90c280ac962b7cdec3a36fc7fe2d377b95b74d209b9e4e
milb,5428,#002b5c,#90afc9,8003ced38bc28766eddf97aa93b061da0df1a4c28382600d2f1c8bfc3643d779
milb,5430,#12284b,#ffc52f,9271da480f41d07eaa124a20dd4bc2dfaf879c17721b61bef9c45d8e6cc837d4
milb,5434,#042d53,#44c2da,94c46621917c753a297f2c1b69515adf5eaf9323508b6e0df8c1ccff46d82b4b
milb,545,#002d62,#98002e,a07abe2ce5bf47ea51c87c7135b4ceb6d320ac2a81abbb0ae95b05cddca62bf9
milb,546,#e31837,#e6b56b,05e984ee35fa1e42cdbbceeb23a95a8225cd858fa984effc9481c74c1da763b1
milb,547,#002d62,#cbb677,49a28dbb98a880fa26dbab51be439a5dcb4bcb2276c5d64cc3118b7e1b04b5dd
milb,548,#f26531,#97462a,a7a30013e7a880bde7b7bf09614b42a81c728f4134f836f386cd01673c26fdbd
milb,550,#e31837,#005596,ebd09fe3e6db7accd881f68a55f822b33e95d267f7adbc50e5f1074cee0bcf6d
milb,5506,#e31937,#002b5c,117a09079a618191ee889188a4294f046602281932dbe08f25958c81d79c356d
milb,551,#002d62,#f1c586,4f4d600de0c7d54a6822639568a21ae2c604b01bd899278a67c038bb13379ae7
milb,552,#004b8d,#ffffff,4ffdec2a69726f51ab636bc9603581b8e80bb20014f8b033bf05979269a441d7
milb,553,#005596,#e31937,23d2b505cb6b98f1f11355c6a1798ce70b10d1f79ef8b33347fb029fbab8548d
milb,554,#009ddc,#ee4135,8946c905832367991e299bee7ca431061881854e98757d9edbef4d1db64fe141
milb,556,#e31837,#002d6a,d0d70a7a4b04b4563e907e5e7583f345dae4f28f80164b96fc41f374e9f52eb6
milb,557,#bc0022,#041e42,312087c7bc3cc34cfa410fc268e2f5dc2c2494ee9bf2f5a3987a2f3752355333
milb,5578,#df4601,#000000,a563d8c2610b05533a3bd7a484097b7596a25da5e71bcead6197758697da55f9
milb,5579,#fdb827,,21dbc4c5b23c3b4777d3cd124b96b963dd1921cded7458cde824487c995b0757
milb,558,#13274c,#00af51,1cc111c5ed51ce64017376a37df1f95d54961f7908ee2d0a7b381b8f4baffbdd
milb,559,#ef3e42,#6d8da1,fac3b7c706e12559aab7eb498ecad84713e0c65468125c6d99c9b9c9df5decdb
milb,560,#ed1c24,#91a9b9,8bf867225fb2a8c8cf52f9414f0d219bfef62f0a87f751e324f84cd90304a955
milb,561,#fdb913,#4b3d22,394becf18115923e7577e9f65b99619bedd68faa6a954ff3015b8b1069523462
milb,562,#001740,,86f21ac999111d10138ebd7822ae7185ddc2d1d52abf270f4d22243ad69bb779
milb,563,#d31245,#002d62,156b3b2f06cce77d35a648a5400027436417b724199a34efbef0301d26303103
milb,564,#002d62,#ef3e42,5dd9c8957acd21de6ac1047201f9efe8c710d8331d8a09488e0f568ac6d8a7b9
milb,565,#00549e,#ad8505,74f4ee15fc90d9adf587e1ed202f0419128e665b2fc7c4e1924eb88dac565030
milb,566,#005695,#00245d,ffdc15d706b5421acb05a93ecc33d9f31c043b11553820ccc1e1eef5e2d87e5f
milb,567,#002d56,#0067b1,61ef19585dd5996ed68b9535fd492419e7c920622042be7f49da46e52ea998d2
milb,568,#00a160,#f47735,38a133d6ba201494e8fbc3b87ebb8aa9fb91a8d2081fd189c639dd9d1647b371
milb,569,#231d47,#c85412,ce851497ed399f508250609e1755190e17ab6b5cb8830f11e8a50e96f1baf71d
milb,570,#002b5c,#edcfa7,47e0150486c602294c74bc3f081b0f589ac5d3a3981904530ba1a4dd19dd3514
milb,571,#002d62,#ffd478,c5f9812279300154336523322dde00ff01a9fed26befd61230ba7d99560258f5
milb,572,#8a2432,#c49d6f,9b39fd4d495543f49ea7b50571bd46ee84a86fe43b625c0e472aa84fc9f2d6eb
milb,573,#002b5c,#86cebc,3670d6fed904cc268350edf2f79f504b388fcfc1467d3456906d8282ecbb03e1
milb,574,#98002e,#d01446,30cb17e0698f1665d277e6dc815ac58818a9c98746d0d3ef1a4e7d86824cf9d7
milb,575,#f9d120,#592182,bf761238baf5fc77239b3f44a44944a6f774081d3e0e4e2ea43e5452ac2b5a39
milb,576,#ffc425,#004687,92f8cdfc8839868995a09fda86b1bc84121cf2e0e0f08ed24f54dfbf43b35c97
milb,577,#cfab7a,#231f20,f346285c66d5ae743cde78aa64735f8bfbc7d9e91cf7e6d38f48ec33f8e3b182
milb,578,#ee3424,#231f20,31147302becdfe0f155a6900843b957a6046de2434e186e839ac976e5629d982
milb,579,#231f20,#939598,91fbcb7e633b30f9ab12c73a3ea31f7f804a13f655edd760583f3f0bc3c02908
milb,580,#492f92,#231f20,06b009465095811bb865ddb46d8ebe39cf8cc9e8ce7d25bd325187ee7f767c79
milb,581,#ee3524,#7ac143,ff287c1730a3e8a3b6b98440c98f23e4297a05feca10d7ca09be9b0442e0bddc
milb,582,#002b5c,#79bde8,58e126c1b6522cebd0873c3f07730cb7841ba518fc89b94acaf0721146e5d0e6
milb,584,#ee2a24,#73665a,542499dcc0905f488a8c78770b62341e3a2fa31c90b0f812e5ca707c3a832061
milb,586,#e87200,#323e48,f7e8400866b07bea6f5c76035ac40238f4213bf1f63f778b3f2870f67538f7c4
milb,587,#081f2c,#009cde,af627434e4fcb27d288df66620b7730d3000c608d23132f4c69a573e4ff3a2d3
milb,588,#002b5c,#e5af9a,09c68d32b191c01133af05eae8873e224fc73a10a85589e0a2e44ef18e1d27c1
milb,599,#df4601,#000000,a563d8c2610b05533a3bd7a484097b7596a25da5e71bcead6197758697da55f9
milb,600,#003263,#862633,68bae2b3789bb9013a627f7b84fe95d624acea5a7b7b9add538b9c44d9f6f149
milb,601,#002d62,#eb6e1f,5810e16a8db65b74a6b0dbaf63693fb0a53d77ece635ee83bc3b6ff397acacb7
milb,602,#003831,,d23756a7ffd85ec0289a593c1ba4ad608bac33e7d66e0d0807bae12e7328e279
milb,6038,#aa182c,#3ec1cc,b63b3aaf303ff3bd856c480ef855a0bdab1794e78185e3b791492c860fdf804a
milb,604,#1d2d5c,#e8291c,de9f80b01415a70edec17d420e5002522a8a22f0b8b457079bd9706423acd14b
milb,605,#ce1141,,375e44432359c874c1c00f35c5493ba1e0a7fcc4b04ba88f1a929a07c2b89923
milb,607,#12284b,#ffc52f,9271da480f41d07eaa124a20dd4bc2dfaf879c17721b61bef9c45d8e6cc837d4
milb,608,#be0a14,,c1f1aa692b825d69521a724ca0848b337bd4fe57120daf3760a4e2eb12e3653d
milb,609,#0e3386,#cc3433,fd4a02f6d3414e0a66faf1701d25b645bd3f5b97dc2fca2d941f16a8217f3a2e
milb,610,#a71930,#e3d4ad,3579a9c773e7973b90954f4fa942b27dcc7030d953f9e50688b9d06fc9aee16a
milb,611,#005a9c,,9b62e1572825b7289a90c280ac962b7cdec3a36fc7fe2d377b95b74d209b9e4e
milb,612,#005a9c,,9b62e1572825b7289a90c280ac962b7cdec3a36fc7fe2d377b95b74d209b9e4e
milb,615,#fd5a1e,,d87957f6161f78ef3966c4469289a2d88cc14b8444d1631135c9c5899c572f03
milb,616,#e31937,#002b5c,718508bd85ef3ae0138d139569886b211512de03fff3ab9c8f2f15d776f4a14b
milb,617,#12284b,#ffc52f,5cb3c0e1df4c2548b0ac3a24ce0a293d817cc0816aa0e24256558620f66d41e9
milb,618,#005c5c,#c4ced4,e993fa51bac6b95e7cd6895cf3c3ecf380597984555e8a33c50242f1f3c6f696
milb,619,#00a3e0,#46748b,930935ec8689c46c79bb3fedb0aa73acef3b6e2ca7f68a5cc33f28f900af746f
milb,620,#ff5910,,b255cea8b3c3bce6d266e5987901fa080f8905163fdee5ab5b27bbef6c0725ed
milb,621,#df4601,#000000,a563d8c2610b05533a3bd7a484097b7596a25da5e71bcead6197758697da55f9
milb,622,#2f241d,,b29db36b9cd3765bb5dfb097608efe0e133691576ac42c36c9ef27af8bccb518
milb,623,#e81828,#ffffff,e0ad915b9fb14aa706034d1afaeb581846863c4d70843b6ec9a584b979e92c37
milb,624,#fdb827,,9bd544d757e52164e92ba59abe5ed1e643670ba92401c936db2a30ae56017d59
milb,625,#c0111f,#003278,0ff023d3a41d58981242e0f3de29a4e43fefce84597883adbf628cf3d0162266
milb,626,#bd3039,#0d2b56,5d4d6832e225b573ff145939ffda4230a373065e604a26b224a35c61de7c3e71
milb,627,#bd3039,#0d2b56,5d4d6832e225b573ff145939ffda4230a373065e604a26b224a35c61de7c3e71
milb,628,#c6011f,#000000,10c06821d685bff9895b7695f8c31256b2055c96e9f7a98b0dbe52a1ef0b946f
milb,629,#000000,#c4ced4,520f5254c27b9eb91eea45dc7d34dc3af8616a440e84becd7494d9c7f460e8c8
milb,630,#004687,,7921ca100f0756e3f7f244fb7b1af1b424d0f407dd5c0b59a28a14688129928c
milb,631,#0c2c56,,b57e9a2b23e557837ec589850b5b05f31e29cc48e3ad7b37ceed5e7be1084447
milb,632,#e31e34,#091f40,9f062b8e0a2626babce4f051f2d3f1bee163fa6d74ff12ff3501be2e2767b090
milb,6324,#002b5e,#7ac143,186f16c289fd36c8a6a093303fd80c9a6df1dafba79e3ff1b1ff83cda4b1d40b
milb,6325,#f58b6d,#000000,6262d0aa85e5d6c83af746672485f904e24a8de74a1706d766a0e02269d5462d
milb,633,#000000,#616161,0686e2f012748dafe85928fdec46cfa7a2b95cfc199b2bd0ab0f7846ad9aac76
milb,634,#132448,,0809c26957f4fe4438613577bd7eb91c5d9989beadd1427d756d5cd0c99d227b
milb,635,#132448,,5be7a480a547468e1e13c8e0293c7230ad9c06810e1e8c1fedaf1edf02c9ffad
milb,6482,#1a468c,#8ca2c5,da46ce58544c8492e5878d3b26cc85fc8ffe76117d7d118a08eda8b07ecbc443
mlb,1,#ff4400,#3a1506,e96827050e6079674fa20221f5b8b8acbd4f80843f861dbb4d0261b309741472
mlb,10,#001f48,,d98856c36bc8d3b0fb0bab5fabd79d2ae057619164365845cbc817b04ae74a26
mlb,11,#006241,#6ca592,f430543a6db8d652e4fb1a81c4ac99ee32022ae587834234a029830a9653b8d2
mlb,12,#012555,#2b6371,9273d78e456969b14ef9031f39fc0511d8e875a919d887daa6b0898b1ff52226
mlb,13,#e00919,#002e7b,b19ee28a151164ed231d98cafbcebe471faaa876a202e9c558b925be3ac3dac9
mlb,14,#0f3069,#f80030,af6d5454549834ea4b8cd6687618a76f936209ecf39eabdb17deaf76d21dd989
mlb,15,#da042c,#001e3f,1c36c62410bbed29624672b006173af58bcdfbb066ae9d6f7c4cb99205e861d2
mlb,16,#00308a,#ed3130,39a2b071f52778bbaa9f7d58432db3dcf638bb9a25eb17a901d3551d5d859086
mlb,17,#e70019,#000000,57f685ca691ba291d8ed31378e489a44b71648b310bfb7ceb8017bd21373f23c
mlb,18,#012d62,#ff700a,b7e6858d9d11fe9fade351624bfbab74ec12451749feef37bd1f083d59eb4f7b
mlb,19,#005aa0,,aab854c59098d4f465c1c6f31b580f2a38d2ed4f5c0c03df2da76f62f5378dc4
mlb,2,#dc2c37,#002757,471966c3b3f4ab7b567b9cd29e7eefc138963182e98b31c01c922335ad265597
mlb,20,#c80000,#001e60,1d65931fe979aec3fe59a60b2d9df900e3f84da0eca81eb1646d0ea3a93fc810
mlb,21,#002d72,#ff590f,94c334280d388936cb193fca6c3b620d2ed6abb7b932f352fa575630ce6243bd
mlb,22,#ff1124,,95997c9aaac40ec5d718b667c374561b782e5cb88665d69daf3178a16401d683
mlb,23,#ffb900,,0af791c91bc01b4c654a65c90c983c3f907bf2605c67cfaaed731985efff34a1
mlb,24,#de020d,,b738c8aaac9b726336cfa3e42745a4ddcc4c8d9537a9dc0b6abba02c5952e417
mlb,25,#2f1f16,,8bb012967768a5f476ff427f433e89960149217777c6371d80eafb8725c2f175
mlb,26,#ff5a10,,dad3e0a51931bb8281ebb0215624849e0fd6cbec81aafc6a12d2260f583c04e5
mlb,27,#000000,#c1cfd5,bd21e7588f021af3b44cc0aeab2b281ddc515b7d6b6a68e4c823086ed585ea75
mlb,28,#01a9e8,#f13340,ef37342904a50d2807c45432909de83c62c6795e9e54ebe42ac85fdd5e24c91f
mlb,29,#c71128,#00c2ce,b060f0fcc21d64b978be260f0c24880c50094f0ec8e640d14896dc5045bf0b21
mlb,3,#9c2130,#002e66,712a4a6f37cac63156de1d17a170532fd6bbbf3a9690b276fec2a6aac751809f
mlb,30,#092c5c,#92bfe9,3f16f721cfdbb929fac08c9e1d8f9e1ab410be8b409eed5dac9b5f5c9a7af5ae
mlb,4,#221e1f,#d3d9dd,f92f9c32cea65d9e697a254d09a8ae16326889796f380649b2fee64396cc4640
mlb,5,#ff1235,#00295c,8883a4e8b7c6bb75f308f1fb27a39eb7cf81ce431ba781edbc4afe082164410f
mlb,6,#052342,#637589,0037b82f8f714da9f40b6a2ac036c5086f06ccb139473891135c3321a7a08750
mlb,7,#0a2972,,95188fdcf6d74b4e5437549ad33e20548ce8f3e696621765680354da25a0207b
mlb,8,#00244b,#ffc500,d4f8fe1b5be4b266a7cb1520a46a863973467361a1d3fd528502e223cbe35490
mlb,9,#ff062f,#00193f,3fbce769013cd44f2370505f8982d732c58c511eac9ede4e4d9bbe1b24ad4d39
nba,1,#e9072b,#ffffff,aacfe9bb2e3f69321bcd0b415a72d860fc97609c6c1f25985c6e70b78bd7f3cc
nba,10,#ce0e2d,#e86e28,720e35c0d3b39af8d57ae66f00ae1058bd0f32b41fba1137f779af5bc439e011
nba,11,#0c243f,#fed51f,8dc8165d842c4b0d3b6f607ac9494a68189b2b06f48a3d820cd5b3997ae7c9da
nba,12,#07103e,#4a4e6c,d43253c0630f0d3d3a4c3c50ce92c9dbe8d5bf21e3bfd5326920c9487b26dbec
nba,13,#ffba00,#836344,82fda3df51058c5aad8a52123868f43959017be0c39c886e9aefbb77e6c69c89
nba,14,#b3002b,#3e000f,3ba9ff33e65ea12cef33cbf445163a8ec4063b4cbd42c6d2c63109b6d438575f
nba,15,#004c26,#4e7856,84fbddec67f59fa143f4fde9c2745ca15f3ad03594da4e677a4a1034aefa6f33
nba,16,#1a428a,#0f9751,ff53859dd29fb795e2f9c0a7fbaf808548731526d3fbcbb2fdfb842224c36979
nba,17,#000000,#ffffff,a407016d7c6a93b8b7b580b0de3f76caf80801bfd4fa66dc5badecc031164779
nba,18,#ff8512,#01398e,35d2cc3780d172d427ed9bec8300bdcb91dd1065a3e1b6b015d46bb065ea35f5
nba,19,#1f55a6,#0c1f3c,ccb08b4b69603f4d41e6494b4a35dba8fd2e6a2a75012559d6844c2fc93e0963
nba,2,#008442,#ffffff,0d0d6b85971b1d18428ba1161772b8c2f7e3ee103846ec4b4763bf0cc849ece0
nba,20,#00408d,#e9072b,3b96bf98838e3ea9e5d4fcccda3a98b69636346d2e50aabf1a5a4ba5aad7585e
nba,21,#ff6012,#ffa200,5f8932efdb7595069610b11ec2f417d78a9213691c2ba21e2bd491c172397ead
nba,22,#ff373c,#360f10,635515bc924cef7432e9b362da558c41032daf6f4c41be2e1dc80a34360b6f18
nba,23,#662984,#707372,38728eaaf98d73d00363ee570601d64a4caa7fe2590fb0df5afb1b9129d6e20b
nba,24,#000000,#c1cfd5,cc3d33fa8faf34874258b10a8e0377d70b80c7900b4d90698f35edba9952fa1c
nba,25,#3c8dc4,#022965,6b4801ae99c7dac7240d3b6ab3fbd4249a371473fc06517384e891834164a76e
nba,26,#502c86,,eb20ed36a17b49f65fa30627a2ab2aae5c6e3ee31ab9f03983c15c05270016e1
nba,27,#00275d,#ec1136,33977129ba2139eaee1611f55570c347c9ce4223fbeef413294cbdf66497bc55
nba,28,#f00940,,9b466dfc1c47b22d6692569ea7f6cb1075a5bb3a35296b5053d6562842850b13
nba,29,#07103e,#4f77ac,eb3f14246f67bccd4d8dd44be2f431992115beac8837c4b1be51d098b0a388bd
nba,3,#c59a5d,#001e3f,2c2bf09a59358e024c442d80f16707cd8b705863df9b6aa0ee478346561dc18a
nba,30,#1b0962,#046d89,95b3fe42c24e262fb5ce4f52c50f634ba9b7daeae88d090555f1ef301aa0a451
nba,4,#f00940,#770421,3d70e58419859b30a8f2599f930ca502b175f9110c7cc1b2ab496787b8d445c2
nba,5,#9e0036,#cb9558,f6eeede7fb286c450b80436ad8c21e430ff1eec73adb187d285cb2b8f681e063
nba,6,#0064b5,#233c51,d0d526f5400b7266883476071df0d24cdea0655a1641f0e5a2ea212e6c1b2b09
nba,7,#001d3f,#ffc600,33f295fabf1bc3ddb60dfcbefb35ab9a3a91c865752e4539778495aab27f535d
nba,8,#e9072b,#00408d,e5bcfd905add9ef97e06a9cc6bfdde49864fe91731625501c14bf861e84b8853
nba,9,#00408d,#febd01,b623681ece167224ad4f51aef1ffa5a6f9e072af1cf1d6a6c158fd796e8d33ab
nbagl,1,#12173f,#c8102e,9249510e32e22f40efa78824dfd46464932a6aea59373eb302af1580c19d36cb
nbagl,10,#0c2340,#276290,5bdb1671d6254d4902c42d112aba088f598049eccf044ae221063a3a0cc2ac1a
nbagl,11,#1b59a7,#183451,53fc528b07e6f6934a46bcc20fcdeded5419d2326d815e4ef7084a22656b7ef0
nbagl,12,#006bb6,#f01d51,2af2d23dab078336f81b7d11f172ef1ccbdcf24e5a8638231915d6622f3498a5
nbagl,123432,#9d1d96,#211a34,fd7bda38c9017c7ece620c49268db1c565afa019c91fa982e3328e6401417d9b
nbagl,124612,#1d428a,#ebe16a,19f2c74242dcfccc01ae4b430be5f85fe4f392bcb8aa171c4dee86f7ff03c893
nbagl,128019,#972c35,#efdbb2,9d2ce7f46ff083cca3f8f9a2673d28a817b9254e665c5bfb9765f3377b73a704
nbagl,129713,#3c286e,#8f3842,84080e733bddb30ab83b03fcb464560715c21c6c51dbe246147078490e800798
nbagl,13,#008347,#71b294,bbd5fac5f9134ed322bbdb8a791608974dbe440ea2f44693b7bb6663ae1652de
nbagl,14,#e2231a,#906e6c,883b5cd8fb32bece53e727bc4ea0c8d16522ea0e6360fe38c810b44daeac8d3b
nbagl,15,#1d42ba,#c8102e,1a5e30b0116dc00cc60a85c1a6e72db75d894371ba9905e89fa808d122453afc
nbagl,16,#002d62,#0a7dc1,3f8119ece1d836b92622a8112470344fec65277e3fe6048f8a637e79e2d20654
nbagl,17,#bb123e,#122028,290617d00ad2404e336b5d0a94c597e3fdc956b0b09b75a09585b336ce208745
nbagl,18,#d01142,#552f3a,e35d09ead33658e5c28bcf88385fb5035ef6ff0c5b727e77a43f04fff2e3f997
nbagl,19,#4e008e,#84a6d0,afe7ed5d16dd7d726ee85c81f2257256608b5762c77a3f2fa8d7e36ed1be35a5
nbagl,2,#26343b,#cdd6da,31c3f5698a1fc3bf3f67a26992f1b2a60b340b553d4353a655c9684fe43fd56f
nbagl,20,#1d428a,#fcb929,a95f9e24f476f407db0b8bf96738cdc02e2e3085d89c68415f07e07f058efbd8
nbagl,21,#98002e,#2e000e,4074082f4871bee6f7a7743ed300a97a3bced88490b35402a3f94c0361807e02
nbagl,22,#fdb927,#7c9ec6,4c0991496db433a4b3562af3290afbda4814398b0a4fc12ce305a11d8897d752
nbagl,23,#5a2d81,#63727a,4ffbcb00dd5da646cb85882834d8869f0c20550f51919c9be59a603dc429b2c4
nbagl,24,#00285e,#0967b1,bb4f4d2508926e8400d8d6cbeb32cf5732532ce29637a820a6fa87c738d64383
nbagl,25,#0066b5,#f58426,2ac3be098f3b6c9ea25faf085817311024a6851ba1e6539c94c1eef6c932b9d3
nbagl,26,#d11142,#29181d,1ffcbcca5da5ca6864de84262b1e2e11c8bb255e55b020e1a7f8a2ad590e6bd9
nbagl,27,#004718,#5f8364,d66b9128f60d9acdba1b1a933da48355b069136af45c4104723db56a74890c67
nbagl,28,#cb1230,#d7ba82,3b0359824dff658d70df2529d95fd46cdf562b032a2e71d3a1ee26f1aef9dd96
nbagl,3,#860038,,ef5c507f3d16a18de8dab621aec8871b7db51b269057be6771098d9245b017a1
nbagl,4,#002b5c,#7c2f54,581fab94203636626f7f453d31f15b2250dd6dc3d1f6518ff6ec0b76e175b457
nbagl,5,#f1dbb5,#006bb6,8e613c48ba85edc8714f9facba9a52875dade3498dfe6a451cdd2952882dc1d9
nbagl,6,#0a2340,#a28558,c21789d0eea1504acb90f9711730d45ed539ff1471329110414c12db6be95ce9
nbagl,7,#00a8e3,#0c2340,b85164e5ccf211cfd859b553b5c0bc99c1f0c1cddeebef712ee7ba12d8a951f4
nbagl,8,#fec625,#0e2240,a185778c25b8a4a9536f2ed6c7fcbde3c1560aa034292c4500f31a561c98cc72
nbagl,9,#1d1160,#484e82,02b8149af7a65e074624bd9b4fdc5778dc2108b6de6b11d20d42131ce3f3344c
ncaa_baseball,100,#005e2e,#000000,66a6b917e25b486a32a645f3973e86e0b8a9350ddfe6efb41f59b3e5f5f58372
ncaa_baseball,101,#fc671a,#a54b1d,1ba19c1ecc721cb6fd92327b967c54d2efc4181f77fc6f18afd84e4a2f3c644b
ncaa_baseball,102,#ce0e2d,#000000,5e75a7a68f9a6403f950f7ddf9c656698fcebcaa5fa16f0890135f2098c18686
ncaa_baseball,103,#7e141b,#000000,e234e9b2d83ced87b58490b109ca1929ea3e97565e934de9f90a86ab51de64aa
ncaa_baseball,104,#c71937,#6c2e39,2d0fe74447bda664c751ef06faee17350920a5c40ee2a695ab0c9d161b9ecd5b
ncaa_baseball,105,#4e3227,#beb6b0,78ab812333b922c1c06ed37cac69177e9dfb5113a3189aceae135573c5e1ca44
ncaa_baseball,106,#4f2c1d,#fd5000,39ecb7e2c79c967dcb27fee95b298fda3034d6617c69253336e61decc830bfd2
ncaa_baseball,1067,#d8ab27,#093254,6a7565a1c017c4e34cde285db368dec2f84e29e677e7c13f21f11203fa9b2732
ncaa_baseball,107,#c41230,#000000,cbc0ca1a53c76c0944315867f07facfbb31bfaa29b738038f50668b8b229d33e
ncaa_baseball,108,#ba0c2f,#000000,6dbe512c1b9b4e8c0ebcfcb4b3620b6229a05619e8bf70b3051a8e6c4964240d
ncaa_baseball,109,#144734,#57786a,2fbdfa08adebb0be79d920a92b46e7e153e6dff49a4335b93b86a527525f836b
ncaa_baseball,110,#fe5c00,#792f00,3d5ebde2aa002198a95ef2449a139270278cffd31419060b755616b7614697d1
ncaa_baseball,1103,#592b82,#8a6aa7,1c395ee6c1ddd58ee58f1497114e17cc570bcf50ef4bcc3f26885fb8ceb34913
ncaa_baseball,1105,#002453,#b08721,d106ea15b05550165fab8e91f39a8fe9edc69e47bb6e59a697b2b6c4ddd30122
ncaa_baseball,111,#091f40,#a28d30,6e5e48e6e1f322795d5b5fbbfdb6e9e45729b1c9a9ff8f9540b7028f18b7d191
ncaa_baseball,112,#990000,,19f8f9a3254b9c85ffacf42de7b4d00e1186fbb0b55effdabe9c6d0a3f487ddf
ncaa_baseball,113,#dc4405,#842903,64105e5b2d9a14525ecad678731eb6899ef6126165d1a37ec8ff4dfeb61b9a92
ncaa_baseball,1139,#0033a0,#d5430b,0fe810a62f4c54b85bc0ab652c5acec912c7abcad5b8b2068827ac5f3385fccb
ncaa_baseball,114,#a41e35,,2a7cb32da0408fbd277fa184f3eee42ce983ebab70c8e819abb2865ac440717c
ncaa_baseball,1143,#7a303f,#8f6972,5ef0cd7d15eed73287693dafb83be8b652327ce00d3194722d811e5c51712f27
ncaa_baseball,1145,#592b82,#9578af,7b585d3bc104c647f0a9aac425515b9287fa33481960e830a4a5680216c5b92f
ncaa_baseball,1146,#ba1c21,#003058,8a12a10bf06517543a9ffe45f44a62bf36da6b3d3d20dd6cb62e8e924e5da2ea
ncaa_baseball,1147,#13284b,#fccf07,18319494d430abf8eb1cca0ac5d6961c36c923941ba6d8e74caba5f1f818c363
ncaa_baseball,1148,#01356d,#5c7890,50145f8c623bddbaa1e5890b49a12dc4cdbf078467aa459e23c1be2afc517f3c
ncaa_baseball,115,#003594,#ffba1a,c283722b1c9f4b47b7361d7d959422225de4ad4682b0eadcd66f707c015506f3
ncaa_baseball,116,#4e3629,#c00404,e77048fdc059fa47441bc03ca6cf2ac8e66bf0e0d817ff6c1c7d82f4bc47a0cb
ncaa_baseball,117,#f56600,,20abd84754733106d0b91337456ab631597c159620f9fa3db259da526d5b656d
ncaa_baseball,118,#7a2531,#a18b5d,6db771a1d4840a7ae2d92b0ce8cb077f29c340f4808c2a1b0c38af9493288f79
ncaa_baseball,1189,#d6be92,#452d7d,198251bad870a275f0bd8c59a4c5e218d60de448745bf84799e65b387203207e
ncaa_baseball,119,#00498f,#4871a2,e56cb7d0d332907b4f0e7fe4f70e98c1841b06f12334811f5054734cb3da27ea
ncaa_baseball,1190,#d01b35,#99757b,ccf746cc16096ea3e8820903558b7c10c9a32280e30e334ed08806f3ca27b839
ncaa_baseball,1191,#008637,#4aa468,28ef957287fa4be4e2df64c372b816b89fe9c4d26b9c2bc76c9f147c72e44e89
ncaa_baseball,120,#cfae70,#8f7a54,cdb3df344d224cae8b03a9f23f6e15424267095644cc211e0e0278c6e53986c4
ncaa_baseball,121,#154734,,0346c816dfe728010a42fc416ddb48ceb052126fd0675bbb8fc30a6df5fe8e8c
ncaa_baseball,122,#00215f,,3648d62f626f88f864e4c629cf50c92f50dcbccc9622e87eeb3210429383afdd
ncaa_baseball,123,#500000,,0da7ac07d04adcd38707b88a4198e988b830ed49a0ab6c9378cfb4cfb980aa08
ncaa_baseball,1238,#06205c,,6a1521ca37669f7eb3901a7c67c36b1cbfa11265a7ac94129de55022aa52348b
ncaa_baseball,1239,#1a2d5d,#aed1e8,f8d4296dbacd81d74a36d9e14a52a18f7471926e96cdcfff17a41016c5503ff1
ncaa_baseball,124,#c8102e,#e695a0,d8984a3cc57ea50d3002bb08515942af2be523c4fa404a670515da041261980d
ncaa_baseball,1245,#342a7b,#746f95,db01008fd8577b962aa597f7a64ed7e2f863b6d9e488ffe814f71091eaa54ca6
ncaa_baseball,1246,#002c5b,#a52a45,acfae037466dec5151aff92ef05f955416cc29c805f05773a9734f02b122aa9e
ncaa_baseball,1247,#d41e47,#46256a,98b0865c6af3c1d28810dc0b0fd9887996f1605a46adc97a7fd2d70532e3bf41
ncaa_baseball,1248,#c7954f,#615039,537ff5ef9a1b2868367974554eb2abf91bba163dce4d5740f2997b8b7f90d6ac
ncaa_baseball,125,#01509d,#ee7122,988d1fd8806c9c3c7bc26687432622b988e34c7d3833a47f624f113f65372b70
ncaa_baseball,126,#af5c37,,12d69bb78c3443bdbcc5a7659f288840a7a3862d70043eda3d8868a229eb7696
ncaa_baseball,127,#0047ba,#ffffff,4c49b759151574b979556fb10f1e245ec8cb03b4b3b80d4d352b5f909293976d
ncaa_baseball,1273,#d01c2e,#44282c,06482f5f0a32fe4d79c35ce5b5570730552345fc98e3b81fc037cc3a032a133d
ncaa_baseball,1274,#c1002a,#08498c,3e8a044757974d4542a243fcf5e2e439bc0f3846728c2f8d05af987cebd7918a
ncaa_baseball,128,#be0000,,54d1837e37240cb37dcbea2b2dfd518bdf8531344e5f5397ff02a1d2111b5b43
ncaa_baseball,1286,#ffce34,#8b7a42,92781ac12637eeaf880d8d38bc430b8fc34efe33e7408d3b05dc5c3aa2964159
ncaa_baseball,1287,#d18c29,#4e3a22,94f9edc26ee89153f5123711d23b02ea2461798fa8c225661fc7e3afb4cbbced
ncaa_baseball,129,#cbb677,#440084,585459126d87e56750ae902d78b198f63e44b8a6cac5c25b1a6c9483366229f5
ncaa_baseball,129698,#036857,#66979b,4012419ebceecc2d19813038e331a1bb3b97c6976b4f48d1a670cf38e53b60e4
ncaa_baseball,129699,#0033a1,#dc1b21,64ef85a9bccd3137efa376d27e95dd95d35ec880991238cb53187ee8c13113e3
ncaa_baseball,129700,#705e34,#ffc623,05c13719f4a8a8e354633d1b920bfa1af114c01d3dd9b26cb4cfb7f83f0ca564
ncaa_baseball,129701,#00437c,#ffe100,2a836f1ee507b2de2212fd0c24c0d7134f0e7371852d98fe22bdaffd79d932fc
ncaa_baseball,129702,#00549f,#446f95,05f8ad2e9c8153dde705f364144caef3c68b880dfb059447f9fd7cc7e38fb515
ncaa_baseball,129706,#051e42,#e2bd48,67febef85a4d3ae01e273bc89c89ada13621dd5f6a431807946d71bf189e8122
ncaa_baseball,129756,#f6832b,#231f20,6c50b2908c136c486724a7694a2b4acd83e14e678023745b31ee971d37325f9e
ncaa_baseball,129760,#ffce00,#f8f1be,bb5ae460fbb72576ae1a3bfe8be8d1ec1df4e251438e1f06cf72ca9de3b82766
ncaa_baseball,129763,#0068b5,#8cbbdd,7c48c85f10e6649bf48e1dabbe7ea372a393e004e84243f655268bf47b31b7e1
ncaa_baseball,129772,#1a3374,#76afe3,f8fb2746e0cb19faa2969a5f064e5905ec00c9e288ae7124776fcb32b5efa871
ncaa_baseball,129773,#003876,#6a8bb0,00487ee02c7d78af109b21bf029c2f6b939c6c11e6d29c516728336805212a12
ncaa_baseball,130,#002c5d,,e6901ec451f612cc83d717f7c2f26d83db1572e67352855d944aa55f995f4c82
ncaa_baseball,131,#232d4b,#f94d1d,d35c8362ad7a6f03b32e30bc0745cb481da320da96010c7327f3c78359ac9fe5
ncaa_baseball,132,#6a2c3e,#cc3b15,56dbddcf5acd291817b559a31b6d8aabc91fe1ef1d27f47a527d353dc706cd7a
ncaa_baseball,133,#33006f,#e6d2a1,d1b99c2ea2a3336916b6906c38470338b07bd1e66c09c4433080b0d7017709b2
ncaa_baseball,134,#a60f2d,,13774f9131a5b477a7be0b6def39516c9a4c5752a7add4d0a4eb259a174db289
ncaa_baseball,135,#b7a66f,#231f20,58a4cdc5aa7e07760c3942a1ddfe8963bd8ccf25e390693327da0f67f47ed8e5
ncaa_baseball,136,#002855,,5d80b2a5a79d7c5b8dfbb270f0140bd7353b87b6fcd8dc43a60ccff9a72baa29
ncaa_baseball,137,#b1102b,#10264b,523302ba48abe65ce9d778912c43f72fb7322a2d5815d8ac324f89772a261d14
ncaa_baseball,138,#051e41,#a5acaf,70309e48c4248f1eafe5cb07f266fe8210f46f6dfcd58590febd7f9b2f616eb9
ncaa_baseball,139,#0b4d43,#b8ae7d,08549f76c5529261f0771fdc8ac96bd6014f275e322cc3209b650c7b3f9dbce1
ncaa_baseball,140,#003768,#9cbacf,d7715a34978cfdb27bdb863a6c0de3d7a4c122e80de0c72397b8a23aa3d10fa7
ncaa_baseball,141,#040707,,2da1db5ce777595eaa0a54f2580a2c195c6b258fb6a651739ccaf582dae7fe08
ncaa_baseball,142,#0d223f,#fec52e,701c22e1218d950a63b7cf1a722ef4f345028c78a42711eae26bcda7a47fdb67
ncaa_baseball,143,#00275d,#2d97d2,97c7a4757694704ce5e975686d1429808cc381fb6475ae72b8e4f467a42d1d24
ncaa_baseball,144,#d3181e,#2b0607,504a8c3ff5469e6c367e3925e573324e8efd0c0e42a034658e1609a62f1b1ed3
ncaa_baseball,145,#910029,#322124,87a3bd409adeb4cef6066713023bf95ddcc23fc8d3e96ea04406db1f1e534f45
ncaa_baseball,146,#006f71,#a07752,16b25eaa685f36feaa1fa315a91d58c83349fe7401eed3bd6e396552006a7f93
ncaa_baseball,147,#501214,#6a5638,0e81afbb4d334e48237c83fd2cea6239871e2f8167def9ce9a836b1e2a325366
ncaa_baseball,148,#9e1b32,,bb55649cd4257a7d13b58db3f6cc85af8672b43f6eb215b6e729c7916ba5e4b8
ncaa_baseball,149,#fe981e,#371461,f28a9e7a1c89bf1b02e40ab5add09fc28baf32ac4f9203ad8838d07055f6440f
ncaa_baseball,150,#5d1725,#94757c,1854b6d52609c4db7daacc59ce122017c3eabd2e70b9c66deeec297183d4d46b
ncaa_baseball,151,#d3bc8d,#9f8e6d,bbe36252ce70f54489fbd0a0c0ec27bfdbd4f84d2789fc9906bda5ccd93c7aab
ncaa_baseball,152,#00205c,#00665e,a1f01256c68f9dc9bb6befd23fa93f82af596c92ef37bab80a76a808ad635edb
ncaa_baseball,153,#ff5f05,#13294b,62c3b65a1ab3e8cad05832d76dd7b3fb695c8220c07f0fe5aa44ef12abcda56c
ncaa_baseball,154,#46156b,#6e5183,8f775693e211515deb77394a0e8ba895962a139dc3f04923956afa178fa08ff7
ncaa_baseball,155,#003594,,42d26e1bf89ec01fcd54caf37e52abb4b8fd8b25da97199c0766cbd5dfa04171
ncaa_baseball,156,#c50e2e,#000000,cff68efc792f9f87312946a231b63f07f549100cc1a1e8f18531ee9911c6eb37
ncaa_baseball,157,#ba0c2f,#5e4549,543e3498d12ae3bcda1cf108af528755c3720dd730a32999ed48ad836d2996cb
ncaa_baseball,158,#860038,#fdb70f,47e65ef1e16bded33827e8fe9d8dda991c8f641778a3caa31f038955b11c73e0
ncaa_baseball,159,#00529b,#d1d5d8,429d8e596ad8561520208e0d14d50d74814ded4ed2c3e135ef736f26149aa740
ncaa_baseball,160,#b4a169,#000000,4fdf8855a3d5842e5cb897277f93cad7422774b42d6d426e019591a0c596bf2c
ncaa_baseball,161,#e00122,#000000,2fd50a6f605fb9c0976541ceea04a6dca78de56fed0ea0186473da9fc39c651c
ncaa_baseball,162,#092f57,#f4c71a,dcd9fad6c9a7278ec46c551970b95d783ca320281750d49c6bfb30ca8625eef2
ncaa_baseball,163,#003366,#8c1224,2e799d7929cc276364cd90a4dc47903ec780b4f114c689a65d7e70a269316fc8
ncaa_baseball,164,#091f3f,#c3993f,454d8b98c02065b3ca16b6b64c9f71478b32dda5dbc5495670b79d202e1017b7
ncaa_baseball,165,#ff671f,#002539,b753b82d57c80bd2cbd08d54c73cb6a8c5118bc7c819c70183cfb178e0cd8f9a
ncaa_baseball,166,#215732,#ffc72c,d0b9cbcc10781062c416159d610fff1e6c9e243e6b2dd81b451acdeea2a5f473
ncaa_baseball,167,#000000,,865b23c1e68385b0c0f2bbdd69a662382db1e9aa66310d3af5110b246b2ec472
ncaa_baseball,168,#ffc82d,#0051ba,e1daa000b25e45917bfaa93464b8725980c8e3c1a859f1fb51174e9d37aee08b
ncaa_baseball,169,#002664,#ebac01,e99c6598ff920716bf12c731a4b52039c2350d373d2a86d98df4dd592c491d4d
ncaa_baseball,170,#ed1944,#5a3d43,c22fc67e93cf22f78207ed6750c9d625e162e5b6441365af56c7073ddcbfbd5c
ncaa_baseball,171,#00402a,#99b183,8be69e155599980edba9e257d10f6d9d4a903ca0d081185560f7d92a5d9e404d
ncaa_baseball,172,#0a254e,#b72025,2309e841473bc8b4297e83a1bbab7581d296189a20f904aa578c67f2327c2184
ncaa_baseball,173,#003087,#cb333b,7623ee59943d7b5bd86839cc947791b42b407690366c5ce6106992f2510a46c7
ncaa_baseball,174,#ab1d38,#0076ab,973ba9244bf3eabe69bcb43ba992cf1476e773b563839109ca566c63d939edf3
ncaa_baseball,175,#e51937,#9e6b69,0a470f49288914de6d94f5b130c8249738a2fdef48388178ca98b4114e264b0c
ncaa_baseball,176,#f47423,#035131,55800e4867c87bf38281043628d2c0dfadd0bf44632b27a9ab20af27a9a728fb
ncaa_baseball,177,#036eb7,#4f7898,19b89c81e4b60f93b8cd496163324c375baeb9a2df627477a2cbcfd029639505
ncaa_baseball,178,#1b355e,#d4d6d9,ee23b8503f7f49162b5d4c1e813e7003fe45b5ab8d0fc3a259f9b71c1ebb98a1
ncaa_baseball,179,#b6a77c,#021d5b,82eb45dc0f8186430a637f42fc3746ae07fff74ca04fe6ea2099da720864f51d
ncaa_baseball,180,#005035,,96a23e7c40183c7731402eae581979de7a704893cfd46be206f198a24bf948da
ncaa_baseball,181,#0f2043,#f3af1e,588f71abed45457ee30155088e60cfaf715405657535cd1b051af4ae6a5c8a20
ncaa_baseball,182,#cf0a2c,#5f0514,3699f4337084b482b8b698fbecb4bdfdbced4370937be37a42842d96555b6df2
ncaa_baseball,183,#041e42,,3b6335aec4a77d221c64d9b1ddf01c06f2847704ee6e6d3d930517e1b9665433
ncaa_baseball,184,#46177e,#fed400,1288402518e3ddcd3256521b0b3266417d321179d13a4e170327296529ab655d
ncaa_baseball,185,#d12030,#482125,d2fe9d8e77bc677e641b5b7b5e3cffd1124fb5c3f3f0983561a87a9666d76f33
ncaa_baseball,186,#492f91,#d5865f,3bef00fc8ed7fd0510580cadd48e93c67b617692bc0732a43d9553e6875677ff
ncaa_baseball,187,#001440,#f77f22,1003f17b9c2e77530710c261c907fac4925711e6c24fabeb45310b467690d6ca
ncaa_baseball,188,#4f2682,#ffc82e,480496b0cc068a4cf3431419fd4c494ad2666d530a08fdf23ec3b5b498cdad10
ncaa_baseball,189,#ceb888,#000000,4278337c6eb6dc808cbb8ff5e8fa0cb068db59aa75def6324a27f773201455cc
ncaa_baseball,190,#f56423,,ce2765d5ba86d0c61b0fd7baff4aaffd8dc12a0e1e76c8f75699ab403cf0982c
ncaa_baseball,191,#da1a32,#710d1a,bfaba7f269cda5ea8606cb4adf8016405383d9b3ffc6c2b8deb427684c640cbc
ncaa_baseball,192,#ffc72c,#937b1f,4a210457f8f078c29cb143f9bd8b1ae666420e8973edd12c5ad5ce4fdc3f5945
ncaa_baseball,193,#74000a,#340003,c9e93c5450038047b77651cc3713964b83147bfd8df1a96d299f1e190aad002c
ncaa_baseball,194,#5fafe1,#ffd356,a98850fcf1127da1c604c617c62ce3fb35cca124f93f22610aaf16eb751d4892
ncaa_baseball,195,#c41e3a,#430a14,59994170779f3450adc0ba499de3b9d606bcdeedfb0d3dc959c4a9a9b951c6b9
ncaa_baseball,196,#0a2343,#991b1e,8e0243b81d1dd5564b7e49042fb2370a38496345b0d3e690db7431c6ba1620bc
ncaa_baseball,197,#5e0009,#90696b,46d36761e7c210f650db2499b48da428f5e5aa652e1ef9430868a932e3db88bf
ncaa_baseball,198,#4d1979,,864561cb4ebf372171438c038fcf52eac3342a2c1d751e605901e144c70afda0
ncaa_baseball,199,#ff8200,,1ef03aa847164f52dee3c8bfea023e3b75915231c01250889a549ae08b2ec9b8
ncaa_baseball,200,#860235,#a25e7c,3da07ee44e2790de2be4110638bcc4316cff5cfaf196f45582b6bdfbec13067b
ncaa_baseball,201,#c8102e,#810a1e,be16f2f868f97ef01961fe3332252aa767be3a860438b9f0da054bf7205b66e4
ncaa_baseball,202,#7badd3,#002856,a7a20e9f20f8f544d87e65f9838f213c5d447bff8a167ff538f575f82f97022f
ncaa_baseball,203,#006747,#418fde,35db0df8ce98e8180a3d6cffa1c2924f863874b3a4226d6b76192216fbfb4808
ncaa_baseball,204,#f5ab24,#79623e,74d890b5a19c17d1b4f73136596490307d43c257583326504dee7d9ccee76d7d
ncaa_baseball,205,#5b2e87,#c0a173,57fa1e36a7b0865127f294795970c28f908fc8596848a3e7903437fcd6bce8c6
ncaa_baseball,206,#fccc00,#524a12,fc34c4deae8abaa4fe039c59f5c87e3364a286ab4eec21e86c9f1a600f7303f2
ncaa_baseball,207,#fdb728,#a80532,e88e51c14e23f4d19bd9a7db02983a9e13a4bc444b8b513e1d226390122510df
ncaa_baseball,208,#896e4b,#000000,1565f7727ba51d229056693594498b351b126ed4588c8157dec171ca230cffb1
ncaa_baseball,209,#e51937,#c2959c,c0dcf0098c73268d27abfed0588322c6631bcb0b4d01258dda84b500f924d3bc
ncaa_baseball,259,#7abeea,#810d2e,7de3ab29e9a6a7cbeab35fa14383b643539c9f52b804785981ccec095e4cfeef
ncaa_baseball,260,#512d6d,#cc8a00,b3130b7fff93307620e7ed4010e27ece3bb10841042c4572b77095e918322819
ncaa_baseball,261,#6e2639,,b3850e4595c80a50a0031c0da7064f639cac7d7f26822cdc90ec54ffd9d95bd7
ncaa_baseball,262,#334475,#e6374f,3a22fb0af906e64618a9da195facf14e0df490a844494b08b6c456c6064690a0
ncaa_baseball,263,#00163f,#ac0f2e,0ad9222a815276db9675596dbc784d30097028445deff0f4c413ba81827c0f42
ncaa_baseball,264,#330a57,,93f3e366a88ec89bfa8ed8d1cc2ce16cfdc17a736bcd1831b908241296b11e39
ncaa_baseball,265,#00703c,#67a989,823624fca83f87b9762d05e24cf985190537ed71a1dd5d3808d798a9da652655
ncaa_baseball,266,#ce1141,#e993a8,71dd8f23377d56fa5a95e8c3ab4ccd6230d005d32691090b74d44d66e0be4b97
ncaa_baseball,267,#ffc10e,#005936,fa6b84aa1d1366cad56c87b0038fbd7ebe23abae006d2a40605964669fff01d7
ncaa_baseball,268,#0061aa,#a8b1b7,5260d23c6b78ce4ec335db4ca06e5392dc2a5310aed9c9f9ea3d7a9d338afbce
ncaa_baseball,269,#862633,#aa757d,d993ecfbd487072931fa99eb42b7c525768630a4a10884c7b7a1b6a2fc78bfe5
ncaa_baseball,270,#46512b,#efe1b9,a0e87d892ccee9a3871048e62cf8856cfec820973afc20f5f26357756a268394
ncaa_baseball,271,#ffcb00,#f5e9b3,487c6f3fbe9c41cf532b6de285f1d35585ee7ca9510e5aa45000d97a1f597e5d
ncaa_baseball,272,#840029,#de9218,ccf675e2c704d23dc35eec58217202e2f50eb124275e6cd212df739326081e72
ncaa_baseball,273,#00934b,,57dca8a00b01bebcfb1e0c7ceafe0b046e175c47ec7225713b3930e7fcb7cd05
ncaa_baseball,274,#112748,#495c74,7ece3411e3481fc392fc9185ae64216d0a33039607bb657a56e9782699cf2f16
ncaa_baseball,284,#183863,#7ba4db,17998aa6c72a205aa2f1daa999effcfa2e69b1f325d7d21017908fa43ad7329b
ncaa_baseball,285,#08213d,#607082,722aed88e1b0bb084ee0dda52fc765cf2adc2eb2ee5e4937dd9a2f8da165f900
ncaa_baseball,286,#1b0f92,#fd9063,820a1001d05c01718d8c331bf424faf2a3635689db2265d39dd5d7b90825ac38
ncaa_baseball,287,#000139,#493b64,99898d07dfe294d50d29bfc8fcb57d94e6036201f43e48e7f96604487f822843
ncaa_baseball,288,#cd3b4d,#2f1214,84323b5afbdd4e49b7bb96c118d253f61a65b5898cf0d0c55646c7f1c7b8cc3d
ncaa_baseball,289,#185640,#f3b120,5e22af23b7ca50663afaf78342eae31ec635b9708d5f537bf61927a2afc5c1da
ncaa_baseball,290,#1d1060,#04020c,6004224904edc66cc06f9446098f232cc3aa6aa00fe7478706259c5d9479feac
ncaa_baseball,291,#135387,#029569,b7c86f7b465a91ff69e53c378913381d7a258da84835a19d6eb47c10a9d80997
ncaa_baseball,292,#036142,#5f887a,a0da1cf1aa1f95984fb0f33b5a72a6241bd487903916869bc2b47223a1037417
ncaa_baseball,293,#ff4713,#2e1811,e43f2825a58f41df2f8f3c27b5f13aeb16b3c41a1d1481d7a73d9bbe1227779d
ncaa_baseball,294,#970310,,0dfc3e06f6e158d96df2b9729de6b1cd6a5a5756ec365cd0b998aa6ecb45aa66
ncaa_baseball,295,#f5822a,#936747,63f3261ef6e17ebfaffddad1ae274f0c0d08d5c9ce9f6499112798a147914dbf
ncaa_baseball,296,#001a49,#3f4e71,8b1d0d0584f651f2054eec264a7813f43f6296a93f5c1d1c32bdc9d112484d39
ncaa_baseball,297,#0c2340,#d1623b,37004059b144d56653764501b977eaa58463a70e10a83f7512e91c8b87530f17
ncaa_baseball,298,#092147,#f0b200,aee47a103aadbbd258fb724a439eb06536cf3ade006d408e246c6fd1e961510e
ncaa_baseball,299,#a69575,#413c32,cd25eaf4ba461869ea71a864530f1df22669f6f8b7d43c8dc2342429a03b5dda
ncaa_baseball,300,#0037a4,#7c95c5,ddea9ad72ca26b15b1e53a9a1beba04be0685cecb1eded27857f484a2403f3d6
ncaa_baseball,301,#002da2,#c9a016,6962bbe537c5b06bd306af1b003588e899dfa16d14be86c4a14d0e5c92ef0cff
ncaa_baseball,302,#5b3106,#ffdc04,5091e2749a9f848861c959a422d474c27afb57652a961cd959f226feb1e22893
ncaa_baseball,303,#73000a,#ba9f5a,5d5fa97d320857596e6aeb659e67012a4d0db24b0f7d10489d6a4f9dc8286d36
ncaa_baseball,304,#002d62,#ffc423,57b9ce10573e6772658c3682139f309d37558b7c13348ee42c57d6c4fbc80da2
ncaa_baseball,305,#fdba31,#918267,6d8fd528d556e620761fcbcdee982a68c66be5de1c2e4cbb498ce8b5847a2fbb
ncaa_baseball,306,#4f2684,#241f22,44ad647305b4207b2d97a5177dc8d7009c4cb43039ba43e110b49e50cc07ff02
ncaa_baseball,307,#fdbb30,#695a32,b2697f1cc59faf361dfb9022c0e1a10af9803f9ee70b0ace29ce2abde3cd6618
ncaa_baseball,308,#0c4c91,#4171a5,89cbb62dedc9c6a745c55dce2129c869f96f87e497d84a49cca4265633c429e5
ncaa_baseball,309,#1a5632,#ffc629,ace0e2d4f5c9e0b0bbcda80182d99bdd136d593484d124df3b2ef76efd5bd3b3
ncaa_baseball,310,#00563c,#fdbb25,a807289822ded61aec1f3d412e0246464154c2af329002ac810a9bb5ca268228
ncaa_baseball,311,#056749,#ffc62c,1fb9a4df31a1afb009ae2282dafba8168f936d73bfe816326b0895269b6c9d7d
ncaa_baseball,312,#21304e,#9fa2a4,4bf21f691cc97b49e985dd492badd330ace93b91a068e08c8ca37c005d47c826
ncaa_baseball,313,#e96024,#00214d,605ea8a4fe58cb5bb88385aa4cba7d608500d7a532454b4b4d51ac131f832cd6
ncaa_baseball,314,#00573d,#b5995b,4384290d93eaceb6978916329a11fe5ee635b729c799339c65164721bb2c8afd
ncaa_baseball,315,#592d82,#9480a8,48df2780bed969034239b91b28dbdd3a10b10f3b92da118235a0682d3e0c0d28
ncaa_baseball,316,#041e42,#ccbd87,09739fb3e78ccaf6b6f468f252181a169984e325595126130ed7abf6e9683efa
ncaa_baseball,317,#61162d,#b5949c,760a1da29e415c515d986eaebeb520a41c0fd50affd37a814018eb948225cc9d
ncaa_baseball,318,#dbbd5d,#423e34,91553f6c8d337485538c1c14c7d7bf4b419e5ca4a5d1e579836ae1ebe5a8773c
ncaa_baseball,319,#143d8d,#c71330,f483de6840f38848bffe6ae94dfbc0781cc3583f242a13aa39fc664f939e6f5e
ncaa_baseball,320,#cc092f,#480311,86231f0ce7486f40023e31609b666659c1538a6c2e4d8d3673a0eeab99cd05ba
ncaa_baseball,321,#f0b410,#b88b0f,bed1a9ce812071cb9f8d1c19b7eb89f578fa5dd56abf4a4f33cc9643d82e7b00
ncaa_baseball,322,#0033a0,#d5430b,0fe810a62f4c54b85bc0ab652c5acec912c7abcad5b8b2068827ac5f3385fccb
ncaa_baseball,323,#cc2127,#2f1d1e,2d94917986379265b51b65dab2f96bd759acd006c819cbb33d57a863f105cd91
ncaa_baseball,324,#a40000,#e6b9b9,3245a2ffe2b92b931bcdde0f5bfe2c6f59904066f37cc3f02d7c75d0f35756eb
ncaa_baseball,325,#005bbb,,491bd78fc49a2d70fa934807beab1a0b3b1497f8ce93e7d98e94fcfe371353b3
ncaa_baseball,326,#000033,#60607e,1edb35518df7859303ecf1506cee70aa8770fd45870a188c7a00cc44812f8405
ncaa_baseball,327,#f3bf32,#1b4388,87dbbd4b33f670367916cc885509000df22de386f7ac7a597ad31b01a7b2395d
ncaa_baseball,328,#4c0027,#ffb119,481cc74842d3688df1330548476ecda4ccca9aa4d7c0d8235bfc4a51c4e51bd6
ncaa_baseball,329,#002857,#a99767,52e688e83e2b7ef3cbb8e0156dd3d0b1505b9000237e8ff93c842482bf1caa92
ncaa_baseball,330,#fcb733,#0d2b4f,afbecd3f9a308a966108334c7bf9878d495822519e7356cc8c80d9ca6a0052e3
ncaa_baseball,331,#00693a,#000000,808e57a846beb22ee430c00e5b1fe58e8c975acea9ffc8a989ff9f42510c55bc
ncaa_baseball,332,#daa973,#e9cfb3,9f09cd79f530bdae31eb7bc49643af61dc1d5562f8a92bd626c8fa4a8aec896f
ncaa_baseball,333,#821019,,3157909cb9b5614c89413b90f4ddf88555b3bbf3f7455aedf26405a519f3d9b5
ncaa_baseball,334,#cfb87c,#877853,69f6e383b017d6494ff7e0456e90211ca41e4c746aa0532cf762256651aaf192
ncaa_baseball,335,#004c23,#8da47b,356212f740fd77198672d89b67e66d91c514c8892123f77cd2c63071ce6c8706
ncaa_baseball,336,#b22025,#d17a7d,7388cfee9a0bbe5dfa237159b6a56a52869815edfa72a2878b9823709ff02a19
ncaa_baseball,337,#361717,#c4bdb5,44609f1d0c34284c7cb8149b7c67d1dcdcab15503214bfb9578d285dd8eb2ea4
ncaa_baseball,338,#dd0330,,ac22ea5eeed3dd880e992f854122a86b11e554f47b8fbac125eec542d46d8e5d
ncaa_baseball,339,#00539f,#ffd507,89e021f5f9b67d3024a17b83347dbb76d77a2b08fc67e8ac49411317228c7964
ncaa_baseball,340,#dd1c29,#126485,e20fdc57353b984d76c1ecf9a0ce4761ae4b1888fa6797f70301c20e74981314
ncaa_baseball,341,#ba0c2f,#987757,bb04345a71b3ff31f55d35b4586dcaf7435a4ac07d1fb53cd58710ea5a070500
ncaa_baseball,342,#0051b8,#ce1124,ecccb90d360d46b4aeaf6cc44a5b7af61653e7cb599a86882bdd43810e03a914
ncaa_baseball,343,#ae0a3b,#0c2b68,340315182e0921301b74201004830cc6fe3cbaf6f33364234595988ff931d88c
ncaa_baseball,344,#005596,#6391b5,1132382ebfa0366b30b03ef0134ea48b0e9de4a9ae6ec570fbf96042c4ff4149
ncaa_baseball,345,#003876,#ffd65a,1ef4fc827301077406a5bd65caae9c6919682568f4f8162bce18fcd5ba166a63
ncaa_baseball,346,#0d1d41,,a0be212f2633f4973325d0fb4c7bd4287ae0f378806cb89ecf3806b182ea686b
ncaa_baseball,347,#133595,#5a84c0,94ab7f4add1330cc308f08cbc1c9fd0e3a3e6e4ec6e4d4fee89ccbd3a1081d82
ncaa_baseball,348,#4a171f,,72de1b1babcae4b633342489a0dbaca0105715eb85b3063fb49561e0d6e1a8da
ncaa_baseball,349,#166938,#ffffff,f844b98efad3ea95ba434826c6e9f1707487000a0c65c51412e3dc067971433c
ncaa_baseball,350,#c41230,#000000,c11f8657322b3ee05d230694fd12d825216c69635ab939bc0ef7593554d29db1
ncaa_baseball,351,#d0252e,#4f2124,3f3b0c12aa9d201f1fb082bc49e3226aed563fe73f799f30e58aa53834becb2a
ncaa_baseball,352,#283349,#c6c6cc,b007679c678910e69c86c0df99ffff2510918558bbf423a52c257414eb4ad2cd
ncaa_baseball,353,#fa9a29,#ba7526,a4845db1b8fc05b6a186f2fe8e2453757d949771b5bfcfad9b69316fd31ad84e
ncaa_baseball,354,#7e072a,#3f0007,97f783ce6028f44491ef5309bbb5370c5af7254a7706ed8598b76561176902c1
ncaa_baseball,355,#592c82,#9b81b4,db8cd040c9a4a3ad227a89e3b3e714b59564e1007d5ae6e7496f3810a517e499
ncaa_baseball,356,#bb0000,#3b0707,75f90e615c5216f9315bcaaae3a1f3283f9284247d79c2e9524d927c11b8fdd1
ncaa_baseball,357,#15284c,#697587,19125d5969a8c7204d90e2ec4cfdaae41b32b49182a75edbdb0b1b4c389a2dee
ncaa_baseball,358,#0039a6,#6680c6,e8680ddd6596d15818a8fa489831f6e81605c59ba517eb10940f6eb31ba1a332
ncaa_baseball,359,#f0b310,#a17e26,d12c2580ef152e4045dd4b121c8ba665f1d72b2e84a37399395c45c309cd2d03
ncaa_baseball,360,#522297,,822f62011a5951301dae82af8c9029c378ee72fc9636a7c0ab33f0bbfb803cd5
ncaa_baseball,361,#0d5640,,9f783c4a4245683b74e62dba88baee0256b406cffa92a082db1ae95e238f5dfb
ncaa_baseball,362,#004aad,#3d6ebe,213e2492a0046f41f7aafede4f6b250583d812c12edf6c11387553825e2ccf9f
ncaa_baseball,363,#a31f37,#feffff,4018648beaa1f1f51c97abb92ccf3d658dc976de28a27d069a28f1127e99c1d3
ncaa_baseball,364,#263997,,0704cac05f631bf70b20b9ec30458c77fcc5f98ac3ab1a0e2223fa7bb23742fe
ncaa_baseball,365,#004f9d,#ffc62f,d6e032491b0e6ca111de91d4ec09b7f3d15b53d8d2bdb9050ca079f43f7e4383
ncaa_baseball,366,#662e91,#301646,027c38dcc223cca09181ac4b0e56e1a84573a6f121d080b3bac8eea614776d9a
ncaa_baseball,367,#062f87,#ad6764,4e3ac57c808831ecd85cdb66f1b684447a062373120253fe7180708c7820fb5d
ncaa_baseball,368,#0a253e,#6d828e,318ab52c35840aa523eaa36a023644cff8f7bafdb0b36962a4d55e54f6f9be20
ncaa_baseball,369,#f3b519,#4b4337,90a5d108db490744199b4e1f2cc45d8b05ac06dd0e3f05b223e3a74ac01ec2a3
ncaa_baseball,370,#f57a1f,#956441,9e7a357ba8c5a56848a2d2a70c5184b27a2e937272065771fadd6b10df939435
ncaa_baseball,371,#d0333a,#462427,1fafa4479521073628f980490bd079510401291112f715726590514f4089196f
ncaa_baseball,372,#712d3d,#c89261,c542d1e1e77df6ad8681009de6431dedd71d9c01d0b26d8745357f4dbe5e8247
ncaa_baseball,373,#fece2f,#822433,8b490fe0621ea18538cf38e2b9c462beff54b26ee4707c54d024547e82e7cd63
ncaa_baseball,374,#c9b99b,#000000,f879c92b3e9997cbc08e4b4a1dff8c45061a3d101a7195245eddeb0c44ba1281
ncaa_baseball,375,#dc8a26,#c9b086,c19caf4f490a27ac009d30ef125d121bc536477594756d89c1a26da16ff332b1
ncaa_baseball,376,#003355,#ffce00,93aeef5ea4915a2ca60ea1250ee928adba06ed539001ace61d7e42b1d7eb426a
ncaa_baseball,377,#683919,#bf965c,4cf1c5d7c84cbe20d63d107cb26d3ec7200c723ea514b88b4dae789fab46edc9
ncaa_baseball,378,#fdb813,#250858,472a680c2e49c54f606eefbbe63995e44a50106ac66a0a1f65aa2a49cd0f9923
ncaa_baseball,379,#69b3e7,#cae4f6,0d8f90baa0b8222b6e605cbbb226fcb0e8baf7522672ebd9a9ba4f4d57d467ae
ncaa_baseball,380,#031d43,#394761,fcc54746872bbd548a11130f48c3313dedfde6fd7f69a0b4b139d093ba7a7827
ncaa_baseball,381,#fdb813,#551c1f,d1a49d30b3533c49f217aed9f6794472d524fe8a5633f6de02cc7b80f3744f5f
ncaa_baseball,382,#006145,#0a0405,d6e091a2a62d8b592607becb349404a911d9263b95df15e2ebf4608e276f633d
ncaa_baseball,383,#003366,#ffce02,5721cb1ac1a7fdc16b46d6a30636c17d8316bc4b72e286dfc66dd301cc3fbb9a
ncaa_baseball,384,#00b140,#4fc675,1da7fba7069492d881b01a375a5ffde5632273d31118d4466d1b92db447daefb
ncaa_baseball,385,#651d32,#888b8d,c90ebb16ec285271455c937ac21c5d55984cb675251d52fac115207376a7b83d
ncaa_baseball,386,#881c1c,#8f6f6f,864546bd6d0bdf4432ae552d6e3ed405b6fc6e2a78a07f5654eec22e110789bb
ncaa_baseball,387,#002e85,#ffcd00,17ece0f65637dc20ff08278060937cbe61920031aa2725bb0e6a382c0ca6c46d
ncaa_baseball,388,#ef2c26,#007440,8d2b738644f5cf07a13c03802cd48929a6bc9c85c77a57f2d4e4d97ec2a77cf4
ncaa_baseball,389,#5e001d,,d39daee1716e6e413c6203d54ac1962b89c90d3e8680a01d0efa9630bd54ffc2
ncaa_baseball,390,#bc955c,#001b59,76d263dde9e7c6969d9da4ac4dd7d8be7086a7630dac2b9162d30be1cd84b856
ncaa_baseball,391,#ffd51d,#084d9e,82879cb613d0b175c480704801c5ca229f73b8afd012b8ea484a7700ccdf220d
ncaa_baseball,392,#004185,#e8c38e,e605c9fd3fed10411510a543f426fdcd5e9e2dc132f3bd8f6f8968c61feb75eb
ncaa_baseball,393,#9a8f71,#0e2c52,fe70ca8537698c3d5dff46b741a07bf73a48995c35263556a5ebd9c7aad5be6e
ncaa_baseball,394,#ffc607,#0c2140,76c3645565824ce0dd2235ca90b99a0e5f4fee8e797ebd80ad9c81dfa1a7db2c
ncaa_baseball,395,#121f48,#83344a,39025bd72efa13181a4f5b2b982384e6b6ac70304115113726f6d1aa0f5e7324
ncaa_baseball,396,#e51937,#231f20,3a6f092732988937e8ec930343afc66e82258defdc32879960518ba3b6d2e9a3
ncaa_baseball,397,#00275d,#3b557d,c02c87cbe03eda2693fb900821178fa44f228c6d01ff4c5b92f2d3e34dbd816b
ncaa_baseball,398,#342a7b,#000000,7d32280d89838a206a7fa6c94125856363cc416c423901a61665bf363d6912d1
ncaa_baseball,399,#c41230,#8f6f76,f0b69c891db7cdeb097eec53f5c34bd57da711b6b014a4cbf3b2850d44bbad92
ncaa_baseball,400,#feeaab,#93c3b8,881eb215cdc600aa14298d94e36e691dbad91585f231ebe5163753b46eaa8e5d
ncaa_baseball,401,#014584,#fbb927,2f7c2ca1e483d7717d33cb9beb73dbb5a5659fc00b1947510e80d640796a88d5
ncaa_baseball,402,#89052c,#20171a,fe146d0d5314b112e6fecc1c116ef19e5e0de89cea60342e37956b50c9f23b6e
ncaa_baseball,403,#009844,#ddf0e6,aa01210973a92384cd39a795dabfede0997369872207fb7c86293f9a2679b8de
ncaa_baseball,404,#068f33,,5953d0a7dd1e44d82402467043f2cd63003d74a0dc3bff754cb467ab93104436
ncaa_baseball,405,#e50000,#010101,ed4f66035766590085072c968f69b8064ad6cfdbf7f69e6fd85e0f3c5d2b5ab3
ncaa_baseball,406,#f4b600,#06205c,10f81c2897a6c87d6f569a2b8f89483758f8d666c3fca8600ef581030394f12e
ncaa_baseball,407,#fcbf25,#032e5a,57bab56fc7d34ad78167f71bc9ed46298d26a3cfda9788900468821b7f469279
ncaa_baseball,408,#c8102e,#36292b,8eaec08b517c299e9104ceec51d9fd92cdb1c5a8fdc029f605071b518ba94c1d
ncaa_baseball,409,#4a116e,#ffcc00,d34bf2280ad87249efc7f64b99331f21b0be591e74c6f13697701eb954385d77
ncaa_baseball,410,#ffc82e,#6e6232,08ae1961b45853dc00a9b2f45a970be7a14a77507fdb94486a9dfa8081155189
ncaa_baseball,411,#492f92,#9687c0,d447850b4a4d514fb7692fec4cda3e4fe7268c9d664b53e93f0f8fd476b1e6d3
ncaa_baseball,412,#bc955a,#41372d,594fba75726c9697baa25ebee41d4f030e215f6dab84d1ca9e04de10f581362f
ncaa_baseball,413,#df6425,#864728,3b546b38d6c6c52f953ded0e940b066c2e20765eb1783a2d60dcdb408e60fd1a
ncaa_baseball,414,#061440,,0efa003a56ec95d664b71d799fabe5e927d2ddd23cea90d5bab42df971abd080
ncaa_baseball,415,#011f5b,#86030a,292db72f7dc3153119e8848fcaedd542b49074a6adf3e097db366cf07b55455d
ncaa_baseball,416,#330072,#8061a7,683cd74fd53879a481d19f5b9b74139ab175cc7081ab487f08f640ec353281fa
ncaa_baseball,417,#154733,#a8bbb3,39f24819ad2c5b6fb1c08ef337c195759a53742cdfeba031dc78aafb2e406fd7
ncaa_baseball,418,#0061aa,#a3052f,c0dd8c21bda9272fe5e7ae245ec1c90f0fa6b054981a13b23e0f1ef0add11c11
ncaa_baseball,419,#000000,#2d2d2e,46a87678b2132dfba03307d09c306e823465bb88aff1689dbe4b2e15349d382c
ncaa_baseball,420,#111b2c,#f3b035,05602aa11ffd7ebf21bf2830a6216475b512e6bcad6222b7db02a573accd43a0
ncaa_baseball,421,#c1011a,#813655,98edce0b13a5fa6cb0a8276ea24b35de05d7d3ea75de35e6a58b6d39d836aa87
ncaa_baseball,422,#091f3d,#6aa8db,d804c465f9394c66e84b317106dfe4e40c35c422b93b5ce97879d091c649bc0a
ncaa_baseball,423,#ab2941,#363435,ed7f9e888ca8f916c55baa7c7ede308d75a96aa84adedf7a2f6b1ae6eb95ca85
ncaa_baseball,424,#0d1d41,#d1122b,6a0c84b7020b728e347680adbc87daf7435c2767cb803d89a81353a17d650c14
ncaa_baseball,425,#a90533,#390211,cf4544fce3119dbd71d39f48389eff18704136a58282f0a29704381e263c8403
ncaa_baseball,426,#0c2340,#b40731,f66412643b9b890e482f386dc7307cd2619b774f201a611e81c8d9e45056cf8c
ncaa_baseball,427,#792439,#a8b2b7,b3ce9ea4dcd431c1fffbb928a0d771b539485082745dbcb41304b6a9f8119073
ncaa_baseball,428,#aa0000,#000000,75105d688e00e83e3be805f5143ccf0b32b5d3f5df5b30f0546f379c04b07baa
ncaa_baseball,429,#d1ad83,#e5182d,1c2cd3a6dc3a006ac815ac9e6f81363595175978fecb67f04192e3541e0ef581
ncaa_baseball,430,#900028,#034293,f7284bb62fc664c97e9d70e92723045f4efa2f56cc180a92738bb594ef627bbf
ncaa_baseball,431,#d21533,#947377,cd0a3318987c5254d2cec818a4676e4108949e114dc966d8368a6c5a6d1302be
ncaa_baseball,432,#6f263d,#996676,b67e5afaad47a604f385ab3e7677568d9f282b8f49420c66719438898ea56ab2
ncaa_baseball,433,#a80000,,1dbe095805cd1636fc5aac2918eedf81b4dad43329a8c1e665616ee1d79840a7
ncaa_baseball,434,#c82026,#000000,010f875b4d755e88008ed65e13598ecc01fd7d4e5f02f061a9061082b7ebe15d
ncaa_baseball,435,#253c90,#cc2243,58ddc78a46c31abe6a81aa712a2e9e7b12aed64e92822846773032e9d5daf3d1
ncaa_baseball,436,#be1f26,#c15a5e,e6f66f2539a153fe713cb9669c7baf7bfeea4183b7b176ba3c43d529504afb0c
ncaa_baseball,437,#003c71,#698cab,51e9faf663b109fae2688eb5b8efc982494f0bc3b508caea17f076a8e1a4c8bd
ncaa_baseball,438,#5f259f,#936dbf,1237d32216c8a5cc1ebe022983a18606f47f99e9b0454f1fb26d96f61bb8b9c2
ncaa_baseball,439,#ff431b,#000c58,cc978bd06e84d85870429294fd9a2f4908ec9c43635bd83ef3eee94387cfd100
ncaa_baseball,440,#2c328c,#8386bb,ab607bdb2e5bbb0d6b793e97a1455b3a41f283ac33821b073281b6f65f20e1a5
ncaa_baseball,441,#ffd200,#582c83,cde0e5859d093f528bb61413081fbcafa8edc94cefbe3fc23bade25ca1e51a2f
ncaa_baseball,442,#002a5c,#5d6877,b480bc0e014a150ef8efaf1f99bf9a22973cc86dbfa97326da42eb2a33d9a15a
ncaa_baseball,443,#007ac2,#00853e,9e99adce9b4c61f979a5eb09fd31fe809ed6e70770a75a81effbb8bef177182f
ncaa_baseball,444,#fc8804,#021b3c,0236c0464b299284dbca6be0716d7c3fbc1785af0d4754edd611aa5f98b4ca9c
ncaa_baseball,445,#ffcd00,#0b2240,64a7bd6719c228709bd83551956fa1d28b0e4728dadc9dd14ed4c0fab3a0b0bb
ncaa_baseball,446,#103595,#cf152d,0c131f5faf86ec1bf70679af3a7f13248aa5f9e764aeb0c927fc6f753ea85e73
ncaa_baseball,447,#1b5732,#ea0133,905b2e96ff5a391a789276d4b211134ca295a91bc352d1ba5668c79fbfcc0bbb
ncaa_baseball,448,#0f2c52,,f30b549c6c0fea64b65100f480b2092b80fb845c2d63304b451e04f1db968aa8
ncaa_baseball,449,#0067b1,#cf1f2f,56a83d99d9608b20776842be7ea2e26f0f8777d7889460d01ac703be492dce4d
ncaa_baseball,450,#b08806,#ffdc63,83dc24899e9ebb12b250fa399c09d67a1b0b21614758e7658df3690a4410c8ca
ncaa_baseball,451,#004a87,#3a7bc8,8cdd71f1ab57d69d808ff64532b818e0b96ea4fc21b4b2a2218405031a327221
ncaa_baseball,452,#0259a6,#253a51,9a0d45f5be18a15fdc4fa8c71dea53237e18182e7b6e239e879e23e40c595441
ncaa_baseball,453,#008545,#1a1416,046eb165af7d60b50ae08c3c6cd8ae1649e16f7086fb469432869fa21bda3a7e
ncaa_baseball,454,#0f2439,,d2cb5546e8f39a2cffebd99ddbb06be2bb4b4b634414a6e628573ad4bd04f1f2
ncaa_baseball,455,#1e5c37,#518164,0027556333ab8f5920adc3801888f33b9957f979e7510a925699508dd7a428b8
ncaa_baseball,456,#0d1d41,#f6811b,28406bdc850b40361bdaf2be3b0337b7a538368abc61e81d70ebe0d79434c5cd
ncaa_baseball,457,#a06816,#00502f,b0799eec3b2a49ae92be57b962f8fb3d3353537d0782defc3b893fbd7b84294f
ncaa_baseball,458,#061f5c,#32b7e5,710a12532521705923b4022b571e7832eb01265aa34fa66a650fb784b7730128
ncaa_baseball,459,#ab1a2d,#ffd911,892ba041e37c0630af961e9113695835b38c84598be1f8bbabd3ce57382e1bc4
ncaa_baseball,460,#00483a,#4a786f,c256af3ed07b32a9df7af3685b550add941d834878af809c71462215f2dafa00
ncaa_baseball,461,#42246f,#281f2d,13398176a38b167728c4ba1c3bc3b4900d05feb0c6a63f1bd95996bcd2b8ef61
ncaa_baseball,462,#ffcc00,#663399,2b245a4ddba23d0259bda9a093eea759527f70c0f941f25c0e19c3abe544b5a4
ncaa_baseball,463,#511b00,#f8e143,ef109dce0c75f0e11715f9f08bc2b3bd8b5b60fce7d15b5bc19a1c8702f4ed2e
ncaa_baseball,464,#a00000,#000000,36a5c3e0fae73171c91f10ceb170ea820f4f46c4899ee8a66e900a60b597ee98
ncaa_baseball,465,#4a2f24,#fdc927,05bba88a8466751ad257c493aa035ac284f98772115faa19a5aedd330eb63447
ncaa_baseball,466,#0a2340,#89909f,38a3a325babea1036d6849eb7c87d6d63dbed97aa1c0bd5a03aa2d4b9bf86b07
ncaa_baseball,55,#0b2341,#e86100,80b9ba2db8d91211dc4f1a57ea855d34f6ef1796795e60d5545f91a49af8bf39
ncaa_baseball,56,#fdb515,#453f32,257907973bf3724e315eeb40c3a1230067885a64a68e8e7cd8969f8f6d4811f6
ncaa_baseball,57,#22346a,#b51b45,178ada0fb7df8fbf295d6001a992835876f2cbde64225d35ff0ca7dfdb374c2c
ncaa_baseball,58,#a32136,#50101b,16e44ba49923991c70b824707a4c541327834a308472ca471f0001805a6a8d91
ncaa_baseball,59,#ffca1c,#7b0430,12740d7f76563f339392d50d215e173925114d2ad48d576263165f3b31052998
ncaa_baseball,60,#06143d,#c00417,f01db22fd85d00eaf8f9b5952bc8e7c0b458beae33753c312cb54c5515f7c967
ncaa_baseball,61,#ffeebc,#004812,023b7b31a3b24e726aa09bda81e34db631fe50cf102bb3a5da2c259b2d8b950e
ncaa_baseball,62,#a6192e,#000000,7b084aa3cbb580cc26253ef38134dc1f52c3605f66f0dc6542b2abcc0fdf1dcc
ncaa_baseball,63,#ffb81a,#0038a8,b786de17b998fa272d6e02d193d2a84db93b4339975301d825af770d3b2ede5a
ncaa_baseball,64,#8c1515,#a95353,a25c3474889c6c9d966245814fdd29c51dd79b02ae9e7780965cf52aad1ee22b
ncaa_baseball,65,#041e42,,e77c7a116c09151929c126691922a76de34689b273f0cf8748097fcbbde087a5
ncaa_baseball,66,#2774ae,,5145c6eb67719f52cdf51c92ef6b30486c9a585ca129624d6c7837e369321a23
ncaa_baseball,67,#003ca6,#ffb91a,9478adb494b57c7c27b6f94c3b6ca08570d30cad47666edcd56dc9f77061d7a6
ncaa_baseball,68,#9d2235,#ffca2c,abd4a69d1efca7bd1c944acf8a5a77b5bce41602da970e9779f0bf6079489c1a
ncaa_baseball,69,#0c2340,#455268,3ff5b782c09c76a90568f2d8434ca70efbecc7a4f65ab0cb66d5c00b1e384ad2
ncaa_baseball,70,#dd1a32,#411d22,0c8b24ee3cb090b5d9771fac2bbc85d136a836f2f228273f53f3a9e5dea215c8
ncaa_baseball,71,#e8d2a0,#102c61,2219686e2c524497678c6c62d417371115fe7a249036491f962d5ff4b327b2d6
ncaa_baseball,72,#782f40,#d1bc8f,2b8ccabe8c063ef5f2fbd4c21b489179d94782ca4ea6c14dd3e5d1728afa61a3
ncaa_baseball,73,#cc0000,#610000,ea8258009ea1024de674a785b6ab4229fbe55e3453e7931ebbaf61fe01f8c2d9
ncaa_baseball,74,#0d5640,#b0c8bd,818808ae1985f007f57581a3df7360b49979dc8fe4794d0f18be6ede8013c551
ncaa_baseball,75,#22884c,#fa4615,2e70460ca7c02a03d238ec4d9dce163a22401bfaa9842cbbf2f1ac1a991d6d50
ncaa_baseball,76,#006747,#d0c492,a74207f69d800eba006138acef12a1436166c868ba14c94e1578190358dd0d14
ncaa_baseball,77,#b3a369,#002e58,c50e6dcbe550c656e79729b1dc4d348a2deeb66dec33a331f9df4cb23885ce99
ncaa_baseball,78,#bd0b2f,#000000,fa5c7fb14d5ffa38eaddfeb80161835e60a3d496b57db5e0ebda5e6475226d8a
ncaa_baseball,79,#005737,#b7b7b7,0333c0f1e6c941c9207f9aee9088d7fbe952fc9eba1fc8ea5a075bea92ac92f4
ncaa_baseball,80,#001e60,#db002f,b56fa02fe05dc73837411d21ab15e1233a3fdced02e31c6736bee77930f30bda
ncaa_baseball,81,#062340,#c89600,5c0412f57d3fdf05789d255595ce014bbed36c6468f8ec3d8471450efe5f9f10
ncaa_baseball,82,#0033a0,#6a81c4,6f5dec8dea23de372677085b6ecc0d8f49420e3d0a0a5336e7165c94160f5015
ncaa_baseball,821,#421d2f,#80143e,3e36fc3972ce56a038316b8edb0c909a0e705ca433eac5440de028c0c3233f09
ncaa_baseball,822,#f78f1e,#5f4120,4306ddffcbd380b7c2906e05f7ad26e7df05ac2b6a7c703526465fc51f0fd8a7
ncaa_baseball,825,#ce202f,#ffc52f,f0b681801b7adf1401b03da1b0476307d8cfa3a42566b39290ab410daece4eb8
ncaa_baseball,827,#f9ad16,#1d4231,4fa911aafa786ee71465ffb667e05e41b57a39ddde77262290942890554ca376
ncaa_baseball,828,#8a2432,#310e12,e5ebbc54908a8a7daca107cd023cfed5b2e9e74d59e4b58c6d27db005bf4c9d4
ncaa_baseball,829,#d31145,#6f0924,622bd34a7655712c13458a3a5611815d3d96e553c9e22e770552ce255b0d1d37
ncaa_baseball,83,#c9001f,#fdb913,7c5e06bfb990c80176ef56e171bfb2de264355db54c592462d5f8a02404412e8
ncaa_baseball,830,#c29209,#7f6213,fb7b8221ce1295efc5fb31ef55bcd6e20d5fb6d9d1e6ab576ee057bec35a7334
ncaa_baseball,831,#15569c,#b61944,4c926e302629bf0ca323a19a45b840b974b5218f1e96c27bd4163218bff0d9b7
ncaa_baseball,832,#007298,#6dafc6,a3cc7a8f76885f14feadf3a39aa744f9eff9c120984e04628d9dfe2641b7b921
ncaa_baseball,833,#231f20,#9b9a9a,0f195243b02cf623be08fde2ccee7f9f067f8c34f2fe77f83dc487ff2187969e
ncaa_baseball,836,#282d74,#d6202f,0e3e1f40323e39827c9fdc45565bf845e2b322080347892106809deea2391c82
ncaa_baseball,839,#1f3d7c,,af5bc1bce93f108af60d5a5f873c564d203f15d11363703c4e40780297ae61ea
ncaa_baseball,84,#e13a3e,#781f21,4bb5d1cbe2d259b953977bce4f72c66dacd5a0e5afdd5a240ff3fe41c2daab17
ncaa_baseball,841,#8b0e04,#efc669,4ec710b5d112076b28a13d4dcb1d1f18416e2ba11a794d902e863abb547a201c
ncaa_baseball,842,#2e3d50,#a1a1a5,368b0abbd91746a675f8df91ca33e77c1ee14eac37a7cce06d9543925fd4c126
ncaa_baseball,844,#c20f2f,#421a21,eec939f44e0ccb973f0ea22053fdd44b95eef9d1e8c6dcdb82bd4af9fc8b011c
ncaa_baseball,846,#fdbe10,#685837,783d61393213afdd8fffa46d7c2fac7ae02935ffec45d4168cd7ea8861675d4b
ncaa_baseball,847,#ee2722,#231f20,ad04020f3071dd6fabaa6401786f878d0120fd07ae5e93cf54ec86228081775c
ncaa_baseball,849,#004d86,#b4cbdb,473c0a352dac9612136714eeb78a71ad07d9b685e48f17cd3e2f5f165a3a222b
ncaa_baseball,85,#461d76,#b28b44,d02e29a9f8824740d848b4a83c574b1c1942ba1cdee61b3ee08611634cc86b46
ncaa_baseball,850,#512873,#7b5b95,0919ae81afb2cb501fd2eb65c9ed9a2006b5d75b489a3e46916c4925567b7424
ncaa_baseball,851,#dd1a32,#3b181d,25ab38d2fb7fd56b7952420421b24275399d5161aa2ee1c95185e9527f0c515a
ncaa_baseball,852,#ffd02e,#453c1c,afbda01310049d6fd403f829c5f5d96625b3600af4c4ca743cd189996acb502b
ncaa_baseball,86,#8c2232,#bba38d,fa59bb32e732327db77cef6c70e32db5f0faf0d1b35a02abc482d1bc187c6036
ncaa_baseball,87,#ce1126,#f6dc41,9b1951d140a87972ecf1e0564c190db1755f46997c4393813281194e62c83d45
ncaa_baseball,88,#173f35,,9e3005c55a99e3bfc69da7df2d7a66b4851c9710e33c2f328ed471bf37638474
ncaa_baseball,89,#ffcb05,#002051,910dbf467c9b442f1b493280bbc027ba5a1f91e2ce314fae099d637aade7d42b
ncaa_baseball,90,#5e0a2f,#ffbf1b,cb58131490de1f8724f1d53224aa7383671514e3a84df1d136c6f3e4429c302d
ncaa_baseball,91,#f2b92d,#a3883b,bb4a26eac90ad2ca3557f18180dc0f1cbdf88ba013c15c3293071701a3f43b53
ncaa_baseball,92,#cf142b,,61988dd6fb46c4c5dad612e7ef14eeee56b63ada3a0758b30ccf418213ecd826
ncaa_baseball,924,#510c76,#c4b6d4,8338d3a3420c4c62f055a28b6d4da6757c28ecf0032626cd5a04187d920eaf11
ncaa_baseball,926,#b3a068,#6c6146,e563c230bae64bcdc7e899c221f1a851a97a8b2fb863439d17e6e501bf98a187
ncaa_baseball,928,#533379,#232020,bae2e197204afe8fa746e1c0cb002e73b941dc72860997288d5382788d3a78ae
ncaa_baseball,929,#00457c,#98012e,99ac7ce1aff159bc9004eb34e6ea728644e9f46f86fea7c8920228d4e4ea76f4
ncaa_baseball,93,#00539b,,5b614bdf00364d325be332b63dafb5f95d25e0f59e63a3e152faa43124c57112
ncaa_baseball,932,#fc8804,#021b3c,0236c0464b299284dbca6be0716d7c3fbc1785af0d4754edd611aa5f98b4ca9c
ncaa_baseball,935,#1b4a96,#407bbb,a5ebd82acdcc6b59eb4d2215b4ea2dc97096baae370ffa82e405fb340f111536
ncaa_baseball,94,#582c83,#fdcb2d,0ae06f5e6518c5065c93cde42d17853ddc6c6abe56502ef2bbcbf3bd52f9adb5
ncaa_baseball,95,#d10000,#714a4a,ee51da26e5cdf389cc787c58478f10bb03503832e35f862b4f208d273819d8ec
ncaa_baseball,96,#7bafd4,#12294b,c51339a92ebf5e7dbdbcb6c32dc2cc63f9e2f3dc0e5d47f60fd59fa22ceb32ec
ncaa_baseball,97,#000000,,e307401dc8adf24492175e57a95f242b8943fe0fb3121ca84757095e6825d17a
ncaa_baseball,98,#00245d,#035eaa,bf81cbc4ae23e4b6846c4bafac1e3a59884c11a3ee952181624cf9afdf528781
ncaa_baseball,99,#e31937,#ef5e73,c09e5b394cfa5be2f2369c5e63210a12e25943b904d077c6469714ca9f8285e2
ncaa_mhockey,1,#eac34a,#0f5640,c222b601b5442c34fa47dd431a606c5c5f5ee3c6dbd4285999561a57625ac429
ncaa_mhockey,103,#8c2232,#bba38d,fa59bb32e732327db77cef6c70e32db5f0faf0d1b35a02abc482d1bc187c6036
ncaa_mhockey,104,#cc2127,#2f1d1e,2d94917986379265b51b65dab2f96bd759acd006c819cbb33d57a863f105cd91
ncaa_mhockey,107,#662e91,#301646,027c38dcc223cca09181ac4b0e56e1a84573a6f121d080b3bac8eea614776d9a
ncaa_mhockey,108,#a31f37,#feffff,4018648beaa1f1f51c97abb92ccf3d658dc976de28a27d069a28f1127e99c1d3
ncaa_mhockey,110133,#59b2e7,#a5d4ed,4becedf6261bd38251eded6a221de154d79dd54b20ef123a6c15dd78ae66d9be
ncaa_mhockey,110134,#fbbf16,#61512c,7ad000b8aad2a7557a9780da8aa6ef7b60b8463c315677085b430f5bc1c1cfe9
ncaa_mhockey,111,#e50000,#010101,ed4f66035766590085072c968f69b8064ad6cfdbf7f69e6fd85e0f3c5d2b5ab3
ncaa_mhockey,112334,#701931,#232021,669c17c74644b74a280eb804b81030f49fc61f4b00f5f432ef22437845d39e93
ncaa_mhockey,113,#881c1c,#8f6f6f,864546bd6d0bdf4432ae552d6e3ed405b6fc6e2a78a07f5654eec22e110789bb
ncaa_mhockey,12,#06143d,#c00417,f01db22fd85d00eaf8f9b5952bc8e7c0b458beae33753c312cb54c5515f7c967
ncaa_mhockey,124,#74233d,#aaaaab,2d312757344d438e8c2a1eff12669713a64b7867f042338f818e743dec3f7b79
ncaa_mhockey,126807,#9a112b,#310e13,c47828fbbbebdedc6510dc75d618f62ca482262beca66ba45d7aff34576ef8fa
ncaa_mhockey,126808,#004990,#7f91a3,2e752a751920a006f1bc8eb2adb6ab6053e37f01f2daf6e5ac727330b4f0720d
ncaa_mhockey,126809,#18468b,#cca871,f03b0086a2cfa1a81e2de107ff4110f88597c594e8e51c8b3e4d0e26b7423108
ncaa_mhockey,126810,#253b7d,#ddd388,93eeafe067ec5f5facdfa7ead8a8ae1c258fb9d1a3658d618de1d6c649bf60e6
ncaa_mhockey,126811,#1c4e9d,#95a0d3,a14aa8f20795eed0e78670fc265081c13036a43edf46d6e331eb3d13e34d6735
ncaa_mhockey,126812,#d71e25,#73171a,078dadde25871d525b90fd5046c4aff91135cc03214805baa4c7247ab485726b
ncaa_mhockey,126814,#0d1132,#0064a4,246a490a5127d984efc328adb6899db2f646c07cfac827263369d2a3405049fa
ncaa_mhockey,126815,#dfb657,#0a0604,935614c0ec375336f0dd7c47338371e0245c6ed4ef570133c28a4e845f73ed20
ncaa_mhockey,127,#173f35,,9e3005c55a99e3bfc69da7df2d7a66b4851c9710e33c2f328ed471bf37638474
ncaa_mhockey,127963,#c1b38d,#502e85,8f92bed0ff4681d7ddb03eab03e86e0a6a9fcaea0ee03c8f885044603657534a
ncaa_mhockey,128,#0f553a,#ffc423,134cd5ad910aa076e66eb05cdb9d3aa2ea60e146603a1f6f662ab3a1f0422eb1
ncaa_mhockey,128554,#0a2240,#e65300,921c39e885c55af41940c897a79b195528fb6bbb19bc57634f8d878ceea4ad77
ncaa_mhockey,130,#ffcb05,#002051,910dbf467c9b442f1b493280bbc027ba5a1f91e2ce314fae099d637aade7d42b
ncaa_mhockey,131,#4a8075,#0f594e,e9d0451c1a0cb9b3b638f772a945a71a9c5243a33a20742107c5d3451c2f7051
ncaa_mhockey,132,#d3af7e,#005745,6afb08ebba88c9b70ceb7deff2833b9b5f44b938e0e42eb4f6476e0669da7f2d
ncaa_mhockey,134,#fec050,#7e683c,6ae885cb15b54556922f7123f1125da9da0545788659df81345084238f158133
ncaa_mhockey,135,#5e0a2f,#ffbf1b,cb58131490de1f8724f1d53224aa7383671514e3a84df1d136c6f3e4429c302d
ncaa_mhockey,155,#009844,#ddf0e6,aa01210973a92384cd39a795dabfede0997369872207fb7c86293f9a2679b8de
ncaa_mhockey,159,#005e2e,#000000,66a6b917e25b486a32a645f3973e86e0b8a9350ddfe6efb41f59b3e5f5f58372
ncaa_mhockey,160,#00275d,#3b557d,c02c87cbe03eda2693fb900821178fa44f228c6d01ff4c5b92f2d3e34dbd816b
ncaa_mhockey,163,#fc671a,#a54b1d,1ba19c1ecc721cb6fd92327b967c54d2efc4181f77fc6f18afd84e4a2f3c644b
ncaa_mhockey,172,#b22025,#d17a7d,7388cfee9a0bbe5dfa237159b6a56a52869815edfa72a2878b9823709ff02a19
ncaa_mhockey,178,#f18000,#9a6329,1a490b84f2adb85e0fc705696b48d4b3687325e93bca1b810b07494b2bb09b55
ncaa_mhockey,182,#84414a,#3b2b2e,21ce66d7a21b6ad8581e2425b7831b46072a98f89c2e9f169c69bf0b0bf6af07
ncaa_mhockey,189,#4f2c1d,#fd5000,39ecb7e2c79c967dcb27fee95b298fda3034d6617c69253336e61decc830bfd2
ncaa_mhockey,193,#c41230,#000000,cbc0ca1a53c76c0944315867f07facfbb31bfaa29b738038f50668b8b229d33e
ncaa_mhockey,194,#ba0c2f,#000000,6dbe512c1b9b4e8c0ebcfcb4b3620b6229a05619e8bf70b3051a8e6c4964240d
ncaa_mhockey,195,#144734,#57786a,2fbdfa08adebb0be79d920a92b46e7e153e6dff49a4335b93b86a527525f836b
ncaa_mhockey,2005,#003594,,42d26e1bf89ec01fcd54caf37e52abb4b8fd8b25da97199c0766cbd5dfa04171
ncaa_mhockey,2008,#0058a4,#7ba0bd,10839e4f3c37feabfbf23c20b2817e62d2858f9de64b116cd5a10ea68ec0ecda
ncaa_mhockey,2022,#ffbc15,#f7da8d,3d45ae1592b4d9bc3a83d0fbae39759f5283c148ea596d3b7a3fb93b579e9869
ncaa_mhockey,2038,#004b87,#b7c0c6,1092a5a775c38a1d25b91b517b886403dff2706c43f4340f770d9cc0d871ac34
ncaa_mhockey,2043,#002d62,#f7e23e,d4d58a8d39f7968c2f474c41c238f42fb5a489a58d2f54d14482aff6083dd998
ncaa_mhockey,2060,#86a7bb,#0074c1,96a95da545d30dd57f377b71fff3b8c77d68204ed13a9be3c74cdfae68e5074f
ncaa_mhockey,2099,#092147,#f0b200,aee47a103aadbbd258fb724a439eb06536cf3ade006d408e246c6fd1e961510e
ncaa_mhockey,213,#061440,,0efa003a56ec95d664b71d799fabe5e927d2ddd23cea90d5bab42df971abd080
ncaa_mhockey,2137,#064d44,#ffce09,6c76c1dfbcf747d3270b6d0805c4895b021a2e250a64683540461008f7cce589
ncaa_mhockey,2142,#821019,,3157909cb9b5614c89413b90f4ddf88555b3bbf3f7455aedf26405a519f3d9b5
ncaa_mhockey,2144,#fcb426,#a68134,e56de03706796ca3e1c411a75732b1a9ec91452f7b1221c6deb550d7f0291902
ncaa_mhockey,2152,#711d46,#fadb70,deb91ede576197d2f6f5550b6573a58f92c6df590e8598e14f46a6c2081db1e1
ncaa_mhockey,2172,#ba0c2f,#987757,bb04345a71b3ff31f55d35b4586dcaf7435a4ac07d1fb53cd58710ea5a070500
ncaa_mhockey,2217,#d0252e,#4f2124,3f3b0c12aa9d201f1fb082bc49e3226aed563fe73f799f30e58aa53834becb2a
ncaa_mhockey,2222,#ffc423,#2d2521,fdb15284bd42aad949fe4165406aad07a981201ffebd4bad19ce5177bb870452
ncaa_mhockey,2224,#ff8300,#402301,a74ca3d57daa308249c11b0611e60662936aaf523e5b7ad591ce4f87e691f628
ncaa_mhockey,225,#4e3629,#c00404,e77048fdc059fa47441bc03ca6cf2ac8e66bf0e0d817ff6c1c7d82f4bc47a0cb
ncaa_mhockey,2335,#0a254e,#b72025,2309e841473bc8b4297e83a1bbab7581d296189a20f904aa578c67f2327c2184
ncaa_mhockey,2349,#0067b1,#cf1f2f,56a83d99d9608b20776842be7ea2e26f0f8777d7889460d01ac703be492dce4d
ncaa_mhockey,2364,#480059,#fbea00,410fd63d6498474eba6b7ee9f820000139a74840104c01097a39a8b12798e2ba
ncaa_mhockey,2385,#036857,#66979b,4012419ebceecc2d19813038e331a1bb3b97c6976b4f48d1a670cf38e53b60e4
ncaa_mhockey,2392,#facd03,#453f32,3f8d84bed1ec64e276de7aef373d9a458d7e261499acefd761292549e87ec915
ncaa_mhockey,2394,#365a8a,,93650f7b50ff21b5ee9d63cb4739158038120930adab6a06163e433b68f8e1c8
ncaa_mhockey,2437,#e51937,#231f20,3a6f092732988937e8ec930343afc66e82258defdc32879960518ba3b6d2e9a3
ncaa_mhockey,2507,#000000,#2d2d2e,46a87678b2132dfba03307d09c306e823465bb88aff1689dbe4b2e15349d382c
ncaa_mhockey,2514,#111b2c,#f3b035,05602aa11ffd7ebf21bf2830a6216475b512e6bcad6222b7db02a573accd43a0
ncaa_mhockey,2523,#0d1d41,#d1122b,6a0c84b7020b728e347680adbc87daf7435c2767cb803d89a81353a17d650c14
ncaa_mhockey,2528,#ed3023,#330a08,13e94befcedb5404c1d678fd785a4fef21e048da01ae7c0470bcc77ec5bb1a0b
ncaa_mhockey,2529,#ce1141,#e993a8,71dd8f23377d56fa5a95e8c3ab4ccd6230d005d32691090b74d44d66e0be4b97
ncaa_mhockey,2531,#00245e,#f57d2f,1975f735017b4a2cb4158b8d09e7c432dcc15063a91b136d160d964175386b27
ncaa_mhockey,2594,#cd1041,#ab808b,9be513a2696ca53956339e2f859c2fc4b678c067ccebe59494d546e26ec3c725
ncaa_mhockey,260,#661c78,#c2b88d,4ea8123b96073697862e3f62e486ff6f46bfbdd1198236ad5474c2958b752df4
ncaa_mhockey,261,#a06816,#00502f,b0799eec3b2a49ae92be57b962f8fb3d3353537d0782defc3b893fbd7b84294f
ncaa_mhockey,2651,#0b335e,,771f3fa7c522057da9699bd6a43c46abffaa3b4ba75c1a6ab981edd8d1aae8bf
ncaa_mhockey,2711,#511b00,#f8e143,ef109dce0c75f0e11715f9f08bc2b3bd8b5b60fce7d15b5bc19a1c8702f4ed2e
ncaa_mhockey,2731,#ffbe0a,#4a017d,7167b015270342ed7fbc38b313a309e886326c57d920479fdebac663a323ab05
ncaa_mhockey,2738,#023576,#f2b310,38cc24a059cd6e3c2e3b9968cb36ea2b0a8f821d33f7ee33e133de3913b8c243
ncaa_mhockey,2744,#0c233f,#bdbec0,6468f68e1ed146681f52a93ec8412799ea137a1f26f79ec8bf39b52849a06127
ncaa_mhockey,275,#a00000,#000000,36a5c3e0fae73171c91f10ceb170ea820f4f46c4899ee8a66e900a60b597ee98
ncaa_mhockey,2771,#01356d,#5c7890,50145f8c623bddbaa1e5890b49a12dc4cdbf078467aa459e23c1be2afc517f3c
ncaa_mhockey,2772,#f9b021,#fde5b4,2503dc9da430ff62766462c8e387f9c644a90341ab75bd76c3cc1acde7320f63
ncaa_mhockey,2778,#6e4990,#231f20,74c15be864b47c9bed0d907ebbe8c18d4154e790f3561ece4beea74e3a30713f
ncaa_mhockey,2779,#663a2b,#ac1f2d,42c7210529ba11477cd206b8545cc2ee60f1bc345682102ad492814206c2e981
ncaa_mhockey,2781,#00462d,#fbcd20,906f4705fa67004774b0ef1fd8eeff63716acdb1bad7c0565bcfd15a0400d33b
ncaa_mhockey,2783,#082057,#3d4f78,03cc80dffa25106ca6b35b465aca34ca90e76baf0c6ac465dfc505dc25945dc0
ncaa_mhockey,2785,#7d122a,#000000,02655590471fb84b5a828e9b71ab7846960fb76b5c20a45919cd10bf414ec827
ncaa_mhockey,2802,#002d62,#bb9c5a,a4bfa630c83331acb3614dc670d10f039cfc3cf375c526f2a67942cfeb46ca25
ncaa_mhockey,2815,#b3a068,#6c6146,e563c230bae64bcdc7e899c221f1a851a97a8b2fb863439d17e6e501bf98a187
ncaa_mhockey,2830,#0c233f,#5b6a78,c7d0aba6077d297531882305ec10aa9f2961e7f441b646ccbfa70fd11dbb28dd
ncaa_mhockey,284,#342a7b,#746f95,db01008fd8577b962aa597f7a64ed7e2f863b6d9e488ffe814f71091eaa54ca6
ncaa_mhockey,285,#ffc61e,#004089,8b49a08aa0286611f0cda515e5993b98401b475d6b38cacbb39344863f4ca91d
ncaa_mhockey,2879,#a80c30,#4e1925,cda8c0ceb59f3da6437a38d48b7af9569aa9959be1c098211924bd5f947e1eda
ncaa_mhockey,2900,#512873,#7b5b95,0919ae81afb2cb501fd2eb65c9ed9a2006b5d75b489a3e46916c4925567b7424
ncaa_mhockey,298,#005dab,#ffd204,08e2add4644c5470a492e755b939c5e3f37295c13c8b827151abae4bf5a28b6c
ncaa_mhockey,311,#7abeea,#810d2e,7de3ab29e9a6a7cbeab35fa14383b643539c9f52b804785981ccec095e4cfeef
ncaa_mhockey,314,#712d3d,#c89261,c542d1e1e77df6ad8681009de6431dedd71d9c01d0b26d8745357f4dbe5e8247
ncaa_mhockey,315,#342a7b,#000000,7d32280d89838a206a7fa6c94125856363cc416c423901a61665bf363d6912d1
ncaa_mhockey,3256,#0a3254,#a22031,4480f20a18583fcf1c748e5b69a9a6ad64c632ecee785d6bc4a6229b1ced61cc
ncaa_mhockey,349,#d3bc8d,#9f8e6d,bbe36252ce70f54489fbd0a0c0ec27bfdbd4f84d2789fc9906bda5ccd93c7aab
ncaa_mhockey,379,#0f223f,#d1ab42,3652a630d632bf553739c11ea7c95a1fc2bded73338e88a5c14faa7b543f6ae9
ncaa_mhockey,41,#0c2340,#455268,3ff5b782c09c76a90568f2d8434ca70efbecc7a4f65ab0cb66d5c00b1e384ad2
ncaa_mhockey,43,#0a2340,#89909f,38a3a325babea1036d6849eb7c87d6d63dbed97aa1c0bd5a03aa2d4b9bf86b07
ncaa_mhockey,430,#642f51,#c99783,38a98393f92bf6e7d9f712ae62fa85d7571ea024c9e2ce211140711e169f5972
ncaa_mhockey,6858,#1574c4,#231f20,0c777d2fef8623eb4a16cbf0c20c5623351a4ebab14f3b6af86ef44dc04d22b3
ncaa_mhockey,6887,#017b5e,#221f20,fef7ea0d06bba2498dc54c91bf9e0f37a43bf196c1e16dde5e708a9bd2bd0508
ncaa_mhockey,7536,#d71e25,#73171a,078dadde25871d525b90fd5046c4aff91135cc03214805baa4c7247ab485726b
ncaa_mhockey,87,#062340,#c89600,5c0412f57d3fdf05789d255595ce014bbed36c6468f8ec3d8471450efe5f9f10
ncaa_mhockey,9,#ffca1c,#7b0430,12740d7f76563f339392d50d215e173925114d2ad48d576263165f3b31052998
ncaa_softball,1104,#002453,#b08721,d106ea15b05550165fab8e91f39a8fe9edc69e47bb6e59a697b2b6c4ddd30122
ncaa_softball,1106,#592b82,#8a6aa7,1c395ee6c1ddd58ee58f1497114e17cc570bcf50ef4bcc3f26885fb8ceb34913
ncaa_softball,1140,#f56600,,20abd84754733106d0b91337456ab631597c159620f9fa3db259da526d5b656d
ncaa_softball,1141,#01356d,#5c7890,50145f8c623bddbaa1e5890b49a12dc4cdbf078467aa459e23c1be2afc517f3c
ncaa_softball,1149,#592b82,#9578af,7b585d3bc104c647f0a9aac425515b9287fa33481960e830a4a5680216c5b92f
ncaa_softball,1150,#7a303f,#8f6972,5ef0cd7d15eed73287693dafb83be8b652327ce00d3194722d811e5c51712f27
ncaa_softball,1155,#13284b,#fccf07,18319494d430abf8eb1cca0ac5d6961c36c923941ba6d8e74caba5f1f818c363
ncaa_softball,1188,#512873,#7b5b95,0919ae81afb2cb501fd2eb65c9ed9a2006b5d75b489a3e46916c4925567b7424
ncaa_softball,1193,#011e47,#3f5572,f2c44f7a915edc3bbb314d3b4d55497f6b075d02ab7ba358e88c9406221bc847
ncaa_softball,1194,#febb17,#00275e,a1d99dd0799d040ecaec3b96eea1c068211c937cbe745191417ca7d5e5dd6b75
ncaa_softball,1237,#ffc333,#00386c,fa46556eac9485dd574440779b1951f968ce2a2977959dd9be1b8a3f5c051974
ncaa_softball,1240,#b3a068,#6c6146,e563c230bae64bcdc7e899c221f1a851a97a8b2fb863439d17e6e501bf98a187
ncaa_softball,1241,#342a7b,#746f95,db01008fd8577b962aa597f7a64ed7e2f863b6d9e488ffe814f71091eaa54ca6
ncaa_softball,1251,#002c5b,#a52a45,acfae037466dec5151aff92ef05f955416cc29c805f05773a9734f02b122aa9e
ncaa_softball,1254,#06205c,,6a1521ca37669f7eb3901a7c67c36b1cbfa11265a7ac94129de55022aa52348b
ncaa_softball,1283,#00402a,#99b183,8be69e155599980edba9e257d10f6d9d4a903ca0d081185560f7d92a5d9e404d
ncaa_softball,1285,#896e4b,#000000,1565f7727ba51d229056693594498b351b126ed4588c8157dec171ca230cffb1
ncaa_softball,129696,#0033a1,#dc1b21,64ef85a9bccd3137efa376d27e95dd95d35ec880991238cb53187ee8c13113e3
ncaa_softball,129697,#036857,#66979b,4012419ebceecc2d19813038e331a1bb3b97c6976b4f48d1a670cf38e53b60e4
ncaa_softball,129708,#051e42,#e2bd48,67febef85a4d3ae01e273bc89c89ada13621dd5f6a431807946d71bf189e8122
ncaa_softball,467,#0b2341,#e86100,80b9ba2db8d91211dc4f1a57ea855d34f6ef1796795e60d5545f91a49af8bf39
ncaa_softball,468,#fdb515,#453f32,257907973bf3724e315eeb40c3a1230067885a64a68e8e7cd8969f8f6d4811f6
ncaa_softball,469,#22346a,#b51b45,178ada0fb7df8fbf295d6001a992835876f2cbde64225d35ff0ca7dfdb374c2c
ncaa_softball,470,#a32136,#50101b,16e44ba49923991c70b824707a4c541327834a308472ca471f0001805a6a8d91
ncaa_softball,471,#ffca1c,#7b0430,12740d7f76563f339392d50d215e173925114d2ad48d576263165f3b31052998
ncaa_softball,472,#06143d,#c00417,f01db22fd85d00eaf8f9b5952bc8e7c0b458beae33753c312cb54c5515f7c967
ncaa_softball,473,#ffeebc,#004812,023b7b31a3b24e726aa09bda81e34db631fe50cf102bb3a5da2c259b2d8b950e
ncaa_softball,474,#a6192e,#000000,7b084aa3cbb580cc26253ef38134dc1f52c3605f66f0dc6542b2abcc0fdf1dcc
ncaa_softball,475,#ffb81a,#0038a8,b786de17b998fa272d6e02d193d2a84db93b4339975301d825af770d3b2ede5a
ncaa_softball,476,#8c1515,#a95353,a25c3474889c6c9d966245814fdd29c51dd79b02ae9e7780965cf52aad1ee22b
ncaa_softball,477,#041e42,,e77c7a116c09151929c126691922a76de34689b273f0cf8748097fcbbde087a5
ncaa_softball,478,#2774ae,,5145c6eb67719f52cdf51c92ef6b30486c9a585ca129624d6c7837e369321a23
ncaa_softball,479,#003ca6,#ffb91a,9478adb494b57c7c27b6f94c3b6ca08570d30cad47666edcd56dc9f77061d7a6
ncaa_softball,480,#9d2235,#ffca2c,abd4a69d1efca7bd1c944acf8a5a77b5bce41602da970e9779f0bf6079489c1a
ncaa_softball,481,#0c2340,#455268,3ff5b782c09c76a90568f2d8434ca70efbecc7a4f65ab0cb66d5c00b1e384ad2
ncaa_softball,482,#dd1a32,#411d22,0c8b24ee3cb090b5d9771fac2bbc85d136a836f2f228273f53f3a9e5dea215c8
ncaa_softball,483,#e8d2a0,#102c61,2219686e2c524497678c6c62d417371115fe7a249036491f962d5ff4b327b2d6
ncaa_softball,484,#782f40,#d1bc8f,2b8ccabe8c063ef5f2fbd4c21b489179d94782ca4ea6c14dd3e5d1728afa61a3
ncaa_softball,485,#cc0000,#610000,ea8258009ea1024de674a785b6ab4229fbe55e3453e7931ebbaf61fe01f8c2d9
ncaa_softball,486,#0d5640,#b0c8bd,818808ae1985f007f57581a3df7360b49979dc8fe4794d0f18be6ede8013c551
ncaa_softball,487,#22884c,#fa4615,2e70460ca7c02a03d238ec4d9dce163a22401bfaa9842cbbf2f1ac1a991d6d50
ncaa_softball,488,#006747,#d0c492,a74207f69d800eba006138acef12a1436166c868ba14c94e1578190358dd0d14
ncaa_softball,489,#b3a369,#002e58,c50e6dcbe550c656e79729b1dc4d348a2deeb66dec33a331f9df4cb23885ce99
ncaa_softball,490,#bd0b2f,#000000,fa5c7fb14d5ffa38eaddfeb80161835e60a3d496b57db5e0ebda5e6475226d8a
ncaa_softball,491,#005737,#b7b7b7,0333c0f1e6c941c9207f9aee9088d7fbe952fc9eba1fc8ea5a075bea92ac92f4
ncaa_softball,492,#001e60,#db002f,b56fa02fe05dc73837411d21ab15e1233a3fdced02e31c6736bee77930f30bda
ncaa_softball,493,#062340,#c89600,5c0412f57d3fdf05789d255595ce014bbed36c6468f8ec3d8471450efe5f9f10
ncaa_softball,494,#0033a0,#6a81c4,6f5dec8dea23de372677085b6ecc0d8f49420e3d0a0a5336e7165c94160f5015
ncaa_softball,495,#c9001f,#fdb913,7c5e06bfb990c80176ef56e171bfb2de264355db54c592462d5f8a02404412e8
ncaa_softball,496,#e13a3e,#781f21,4bb5d1cbe2d259b953977bce4f72c66dacd5a0e5afdd5a240ff3fe41c2daab17
ncaa_softball,497,#461d76,#b28b44,d02e29a9f8824740d848b4a83c574b1c1942ba1cdee61b3ee08611634cc86b46
ncaa_softball,498,#8c2232,#bba38d,fa59bb32e732327db77cef6c70e32db5f0faf0d1b35a02abc482d1bc187c6036
ncaa_softball,499,#ce1126,#f6dc41,9b1951d140a87972ecf1e0564c190db1755f46997c4393813281194e62c83d45
ncaa_softball,500,#173f35,,9e3005c55a99e3bfc69da7df2d7a66b4851c9710e33c2f328ed471bf37638474
ncaa_softball,501,#ffcb05,#002051,910dbf467c9b442f1b493280bbc027ba5a1f91e2ce314fae099d637aade7d42b
ncaa_softball,502,#5e0a2f,#ffbf1b,cb58131490de1f8724f1d53224aa7383671514e3a84df1d136c6f3e4429c302d
ncaa_softball,503,#f2b92d,#a3883b,bb4a26eac90ad2ca3557f18180dc0f1cbdf88ba013c15c3293071701a3f43b53
ncaa_softball,504,#cf142b,,61988dd6fb46c4c5dad612e7ef14eeee56b63ada3a0758b30ccf418213ecd826
ncaa_softball,505,#00539b,,5b614bdf00364d325be332b63dafb5f95d25e0f59e63a3e152faa43124c57112
ncaa_softball,506,#582c83,#fdcb2d,0ae06f5e6518c5065c93cde42d17853ddc6c6abe56502ef2bbcbf3bd52f9adb5
ncaa_softball,507,#d10000,#714a4a,ee51da26e5cdf389cc787c58478f10bb03503832e35f862b4f208d273819d8ec
ncaa_softball,508,#7bafd4,#12294b,c51339a92ebf5e7dbdbcb6c32dc2cc63f9e2f3dc0e5d47f60fd59fa22ceb32ec
ncaa_softball,509,#000000,,e307401dc8adf24492175e57a95f242b8943fe0fb3121ca84757095e6825d17a
ncaa_softball,510,#00245d,#035eaa,bf81cbc4ae23e4b6846c4bafac1e3a59884c11a3ee952181624cf9afdf528781
ncaa_softball,511,#e31937,#ef5e73,c09e5b394cfa5be2f2369c5e63210a12e25943b904d077c6469714ca9f8285e2
ncaa_softball,512,#005e2e,#000000,66a6b917e25b486a32a645f3973e86e0b8a9350ddfe6efb41f59b3e5f5f58372
ncaa_softball,513,#fc671a,#a54b1d,1ba19c1ecc721cb6fd92327b967c54d2efc4181f77fc6f18afd84e4a2f3c644b
ncaa_softball,514,#ce0e2d,#000000,5e75a7a68f9a6403f950f7ddf9c656698fcebcaa5fa16f0890135f2098c18686
ncaa_softball,515,#7e141b,#000000,e234e9b2d83ced87b58490b109ca1929ea3e97565e934de9f90a86ab51de64aa
ncaa_softball,516,#c71937,#6c2e39,2d0fe74447bda664c751ef06faee17350920a5c40ee2a695ab0c9d161b9ecd5b
ncaa_softball,517,#4e3227,#beb6b0,78ab812333b922c1c06ed37cac69177e9dfb5113a3189aceae135573c5e1ca44
ncaa_softball,518,#4f2c1d,#fd5000,39ecb7e2c79c967dcb27fee95b298fda3034d6617c69253336e61decc830bfd2
ncaa_softball,519,#c41230,#000000,cbc0ca1a53c76c0944315867f07facfbb31bfaa29b738038f50668b8b229d33e
ncaa_softball,520,#ba0c2f,#000000,6dbe512c1b9b4e8c0ebcfcb4b3620b6229a05619e8bf70b3051a8e6c4964240d
ncaa_softball,521,#144734,#57786a,2fbdfa08adebb0be79d920a92b46e7e153e6dff49a4335b93b86a527525f836b
ncaa_softball,522,#fe5c00,#792f00,3d5ebde2aa002198a95ef2449a139270278cffd31419060b755616b7614697d1
ncaa_softball,523,#091f40,#a28d30,6e5e48e6e1f322795d5b5fbbfdb6e9e45729b1c9a9ff8f9540b7028f18b7d191
ncaa_softball,524,#990000,,19f8f9a3254b9c85ffacf42de7b4d00e1186fbb0b55effdabe9c6d0a3f487ddf
ncaa_softball,525,#dc4405,#842903,64105e5b2d9a14525ecad678731eb6899ef6126165d1a37ec8ff4dfeb61b9a92
ncaa_softball,526,#a41e35,,2a7cb32da0408fbd277fa184f3eee42ce983ebab70c8e819abb2865ac440717c
ncaa_softball,527,#003594,#ffba1a,c283722b1c9f4b47b7361d7d959422225de4ad4682b0eadcd66f707c015506f3
ncaa_softball,528,#4e3629,#c00404,e77048fdc059fa47441bc03ca6cf2ac8e66bf0e0d817ff6c1c7d82f4bc47a0cb
ncaa_softball,529,#f56600,,20abd84754733106d0b91337456ab631597c159620f9fa3db259da526d5b656d
ncaa_softball,530,#7a2531,#a18b5d,6db771a1d4840a7ae2d92b0ce8cb077f29c340f4808c2a1b0c38af9493288f79
ncaa_softball,531,#00498f,#4871a2,e56cb7d0d332907b4f0e7fe4f70e98c1841b06f12334811f5054734cb3da27ea
ncaa_softball,532,#cfae70,#8f7a54,cdb3df344d224cae8b03a9f23f6e15424267095644cc211e0e0278c6e53986c4
ncaa_softball,533,#154734,,0346c816dfe728010a42fc416ddb48ceb052126fd0675bbb8fc30a6df5fe8e8c
ncaa_softball,534,#00215f,,3648d62f626f88f864e4c629cf50c92f50dcbccc9622e87eeb3210429383afdd
ncaa_softball,535,#500000,,0da7ac07d04adcd38707b88a4198e988b830ed49a0ab6c9378cfb4cfb980aa08
ncaa_softball,536,#c8102e,#e695a0,d8984a3cc57ea50d3002bb08515942af2be523c4fa404a670515da041261980d
ncaa_softball,537,#01509d,#ee7122,988d1fd8806c9c3c7bc26687432622b988e34c7d3833a47f624f113f65372b70
ncaa_softball,538,#af5c37,,12d69bb78c3443bdbcc5a7659f288840a7a3862d70043eda3d8868a229eb7696
ncaa_softball,539,#0047ba,#ffffff,4c49b759151574b979556fb10f1e245ec8cb03b4b3b80d4d352b5f909293976d
ncaa_softball,540,#be0000,,54d1837e37240cb37dcbea2b2dfd518bdf8531344e5f5397ff02a1d2111b5b43
ncaa_softball,541,#cbb677,#440084,585459126d87e56750ae902d78b198f63e44b8a6cac5c25b1a6c9483366229f5
ncaa_softball,542,#002c5d,,e6901ec451f612cc83d717f7c2f26d83db1572e67352855d944aa55f995f4c82
ncaa_softball,543,#232d4b,#f94d1d,d35c8362ad7a6f03b32e30bc0745cb481da320da96010c7327f3c78359ac9fe5
ncaa_softball,544,#6a2c3e,#cc3b15,56dbddcf5acd291817b559a31b6d8aabc91fe1ef1d27f47a527d353dc706cd7a
ncaa_softball,545,#33006f,#e6d2a1,d1b99c2ea2a3336916b6906c38470338b07bd1e66c09c4433080b0d7017709b2
ncaa_softball,546,#a60f2d,,13774f9131a5b477a7be0b6def39516c9a4c5752a7add4d0a4eb259a174db289
ncaa_softball,547,#b7a66f,#231f20,58a4cdc5aa7e07760c3942a1ddfe8963bd8ccf25e390693327da0f67f47ed8e5
ncaa_softball,548,#002855,,5d80b2a5a79d7c5b8dfbb270f0140bd7353b87b6fcd8dc43a60ccff9a72baa29
ncaa_softball,549,#b1102b,#10264b,523302ba48abe65ce9d778912c43f72fb7322a2d5815d8ac324f89772a261d14
ncaa_softball,550,#051e41,#a5acaf,70309e48c4248f1eafe5cb07f266fe8210f46f6dfcd58590febd7f9b2f616eb9
ncaa_softball,551,#0b4d43,#b8ae7d,08549f76c5529261f0771fdc8ac96bd6014f275e322cc3209b650c7b3f9dbce1
ncaa_softball,552,#003768,#9cbacf,d7715a34978cfdb27bdb863a6c0de3d7a4c122e80de0c72397b8a23aa3d10fa7
ncaa_softball,553,#040707,,2da1db5ce777595eaa0a54f2580a2c195c6b258fb6a651739ccaf582dae7fe08
ncaa_softball,554,#0d223f,#fec52e,701c22e1218d950a63b7cf1a722ef4f345028c78a42711eae26bcda7a47fdb67
ncaa_softball,555,#00275d,#2d97d2,97c7a4757694704ce5e975686d1429808cc381fb6475ae72b8e4f467a42d1d24
ncaa_softball,556,#d3181e,#2b0607,504a8c3ff5469e6c367e3925e573324e8efd0c0e42a034658e1609a62f1b1ed3
ncaa_softball,557,#910029,#322124,87a3bd409adeb4cef6066713023bf95ddcc23fc8d3e96ea04406db1f1e534f45
ncaa_softball,558,#006f71,#a07752,16b25eaa685f36feaa1fa315a91d58c83349fe7401eed3bd6e396552006a7f93
ncaa_softball,559,#501214,#6a5638,0e81afbb4d334e48237c83fd2cea6239871e2f8167def9ce9a836b1e2a325366
ncaa_softball,560,#9e1b32,,bb55649cd4257a7d13b58db3f6cc85af8672b43f6eb215b6e729c7916ba5e4b8
ncaa_softball,561,#fe981e,#371461,f28a9e7a1c89bf1b02e40ab5add09fc28baf32ac4f9203ad8838d07055f6440f
ncaa_softball,562,#5d1725,#94757c,1854b6d52609c4db7daacc59ce122017c3eabd2e70b9c66deeec297183d4d46b
ncaa_softball,563,#d3bc8d,#9f8e6d,bbe36252ce70f54489fbd0a0c0ec27bfdbd4f84d2789fc9906bda5ccd93c7aab
ncaa_softball,564,#00205c,#00665e,a1f01256c68f9dc9bb6befd23fa93f82af596c92ef37bab80a76a808ad635edb
ncaa_softball,565,#ff5f05,#13294b,62c3b65a1ab3e8cad05832d76dd7b3fb695c8220c07f0fe5aa44ef12abcda56c
ncaa_softball,566,#46156b,#6e5183,8f775693e211515deb77394a0e8ba895962a139dc3f04923956afa178fa08ff7
ncaa_softball,567,#003594,,42d26e1bf89ec01fcd54caf37e52abb4b8fd8b25da97199c0766cbd5dfa04171
ncaa_softball,568,#c50e2e,#000000,cff68efc792f9f87312946a231b63f07f549100cc1a1e8f18531ee9911c6eb37
ncaa_softball,569,#ba0c2f,#5e4549,543e3498d12ae3bcda1cf108af528755c3720dd730a32999ed48ad836d2996cb
ncaa_softball,570,#860038,#fdb70f,47e65ef1e16bded33827e8fe9d8dda991c8f641778a3caa31f038955b11c73e0
ncaa_softball,571,#00529b,#d1d5d8,429d8e596ad8561520208e0d14d50d74814ded4ed2c3e135ef736f26149aa740
ncaa_softball,572,#b4a169,#000000,4fdf8855a3d5842e5cb897277f93cad7422774b42d6d426e019591a0c596bf2c
ncaa_softball,573,#e00122,#000000,2fd50a6f605fb9c0976541ceea04a6dca78de56fed0ea0186473da9fc39c651c
ncaa_softball,574,#092f57,#f4c71a,dcd9fad6c9a7278ec46c551970b95d783ca320281750d49c6bfb30ca8625eef2
ncaa_softball,575,#003366,#8c1224,2e799d7929cc276364cd90a4dc47903ec780b4f114c689a65d7e70a269316fc8
ncaa_softball,576,#091f3f,#c3993f,454d8b98c02065b3ca16b6b64c9f71478b32dda5dbc5495670b79d202e1017b7
ncaa_softball,577,#ff671f,#002539,b753b82d57c80bd2cbd08d54c73cb6a8c5118bc7c819c70183cfb178e0cd8f9a
ncaa_softball,578,#215732,#ffc72c,d0b9cbcc10781062c416159d610fff1e6c9e243e6b2dd81b451acdeea2a5f473
ncaa_softball,579,#000000,,865b23c1e68385b0c0f2bbdd69a662382db1e9aa66310d3af5110b246b2ec472
ncaa_softball,580,#ffc82d,#0051ba,e1daa000b25e45917bfaa93464b8725980c8e3c1a859f1fb51174e9d37aee08b
ncaa_softball,581,#002664,#ebac01,e99c6598ff920716bf12c731a4b52039c2350d373d2a86d98df4dd592c491d4d
ncaa_softball,582,#ed1944,#5a3d43,c22fc67e93cf22f78207ed6750c9d625e162e5b6441365af56c7073ddcbfbd5c
ncaa_softball,583,#00402a,#99b183,8be69e155599980edba9e257d10f6d9d4a903ca0d081185560f7d92a5d9e404d
ncaa_softball,584,#0a254e,#b72025,2309e841473bc8b4297e83a1bbab7581d296189a20f904aa578c67f2327c2184
ncaa_softball,585,#003087,#cb333b,7623ee59943d7b5bd86839cc947791b42b407690366c5ce6106992f2510a46c7
ncaa_softball,586,#ab1d38,#0076ab,973ba9244bf3eabe69bcb43ba992cf1476e773b563839109ca566c63d939edf3
ncaa_softball,587,#e51937,#9e6b69,0a470f49288914de6d94f5b130c8249738a2fdef48388178ca98b4114e264b0c
ncaa_softball,588,#f47423,#035131,55800e4867c87bf38281043628d2c0dfadd0bf44632b27a9ab20af27a9a728fb
ncaa_softball,589,#036eb7,#4f7898,19b89c81e4b60f93b8cd496163324c375baeb9a2df627477a2cbcfd029639505
ncaa_softball,590,#1b355e,#d4d6d9,ee23b8503f7f49162b5d4c1e813e7003fe45b5ab8d0fc3a259f9b71c1ebb98a1
ncaa_softball,591,#b6a77c,#021d5b,82eb45dc0f8186430a637f42fc3746ae07fff74ca04fe6ea2099da720864f51d
ncaa_softball,592,#005035,,96a23e7c40183c7731402eae581979de7a704893cfd46be206f198a24bf948da
ncaa_softball,593,#0f2043,#f3af1e,588f71abed45457ee30155088e60cfaf715405657535cd1b051af4ae6a5c8a20
ncaa_softball,594,#cf0a2c,#5f0514,3699f4337084b482b8b698fbecb4bdfdbced4370937be37a42842d96555b6df2
ncaa_softball,595,#041e42,,3b6335aec4a77d221c64d9b1ddf01c06f2847704ee6e6d3d930517e1b9665433
ncaa_softball,596,#46177e,#fed400,1288402518e3ddcd3256521b0b3266417d321179d13a4e170327296529ab655d
ncaa_softball,597,#d12030,#482125,d2fe9d8e77bc677e641b5b7b5e3cffd1124fb5c3f3f0983561a87a9666d76f33
ncaa_softball,598,#492f91,#d5865f,3bef00fc8ed7fd0510580cadd48e93c67b617692bc0732a43d9553e6875677ff
ncaa_softball,599,#001440,#f77f22,1003f17b9c2e77530710c261c907fac4925711e6c24fabeb45310b467690d6ca
ncaa_softball,600,#4f2682,#ffc82e,480496b0cc068a4cf3431419fd4c494ad2666d530a08fdf23ec3b5b498cdad10
ncaa_softball,601,#ceb888,#000000,4278337c6eb6dc808cbb8ff5e8fa0cb068db59aa75def6324a27f773201455cc
ncaa_softball,602,#f56423,,ce2765d5ba86d0c61b0fd7baff4aaffd8dc12a0e1e76c8f75699ab403cf0982c
ncaa_softball,603,#da1a32,#710d1a,bfaba7f269cda5ea8606cb4adf8016405383d9b3ffc6c2b8deb427684c640cbc
ncaa_softball,604,#ffc72c,#937b1f,4a210457f8f078c29cb143f9bd8b1ae666420e8973edd12c5ad5ce4fdc3f5945
ncaa_softball,605,#74000a,#340003,c9e93c5450038047b77651cc3713964b83147bfd8df1a96d299f1e190aad002c
ncaa_softball,606,#5fafe1,#ffd356,a98850fcf1127da1c604c617c62ce3fb35cca124f93f22610aaf16eb751d4892
ncaa_softball,607,#c41e3a,#430a14,59994170779f3450adc0ba499de3b9d606bcdeedfb0d3dc959c4a9a9b951c6b9
ncaa_softball,608,#0a2343,#991b1e,8e0243b81d1dd5564b7e49042fb2370a38496345b0d3e690db7431c6ba1620bc
ncaa_softball,609,#5e0009,#90696b,46d36761e7c210f650db2499b48da428f5e5aa652e1ef9430868a932e3db88bf
ncaa_softball,610,#4d1979,,864561cb4ebf372171438c038fcf52eac3342a2c1d751e605901e144c70afda0
ncaa_softball,611,#ff8200,,1ef03aa847164f52dee3c8bfea023e3b75915231c01250889a549ae08b2ec9b8
ncaa_softball,612,#860235,#a25e7c,3da07ee44e2790de2be4110638bcc4316cff5cfaf196f45582b6bdfbec13067b
ncaa_softball,613,#c8102e,#810a1e,be16f2f868f97ef01961fe3332252aa767be3a860438b9f0da054bf7205b66e4
ncaa_softball,614,#7badd3,#002856,a7a20e9f20f8f544d87e65f9838f213c5d447bff8a167ff538f575f82f97022f
ncaa_softball,615,#006747,#418fde,35db0df8ce98e8180a3d6cffa1c2924f863874b3a4226d6b76192216fbfb4808
ncaa_softball,616,#f5ab24,#79623e,74d890b5a19c17d1b4f73136596490307d43c257583326504dee7d9ccee76d7d
ncaa_softball,617,#5b2e87,#c0a173,57fa1e36a7b0865127f294795970c28f908fc8596848a3e7903437fcd6bce8c6
ncaa_softball,618,#fccc00,#524a12,fc34c4deae8abaa4fe039c59f5c87e3364a286ab4eec21e86c9f1a600f7303f2
ncaa_softball,619,#fdb728,#a80532,e88e51c14e23f4d19bd9a7db02983a9e13a4bc444b8b513e1d226390122510df
ncaa_softball,620,#896e4b,#000000,1565f7727ba51d229056693594498b351b126ed4588c8157dec171ca230cffb1
ncaa_softball,621,#e51937,#c2959c,c0dcf0098c73268d27abfed0588322c6631bcb0b4d01258dda84b500f924d3bc
ncaa_softball,622,#7abeea,#810d2e,7de3ab29e9a6a7cbeab35fa14383b643539c9f52b804785981ccec095e4cfeef
ncaa_softball,623,#512d6d,#cc8a00,b3130b7fff93307620e7ed4010e27ece3bb10841042c4572b77095e918322819
ncaa_softball,624,#6e2639,,b3850e4595c80a50a0031c0da7064f639cac7d7f26822cdc90ec54ffd9d95bd7
ncaa_softball,625,#334475,#e6374f,3a22fb0af906e64618a9da195facf14e0df490a844494b08b6c456c6064690a0
ncaa_softball,626,#00163f,#ac0f2e,0ad9222a815276db9675596dbc784d30097028445deff0f4c413ba81827c0f42
ncaa_softball,627,#330a57,,93f3e366a88ec89bfa8ed8d1cc2ce16cfdc17a736bcd1831b908241296b11e39
ncaa_softball,628,#00703c,#67a989,823624fca83f87b9762d05e24cf985190537ed71a1dd5d3808d798a9da652655
ncaa_softball,629,#ce1141,#e993a8,71dd8f23377d56fa5a95e8c3ab4ccd6230d005d32691090b74d44d66e0be4b97
ncaa_softball,630,#ffc10e,#005936,fa6b84aa1d1366cad56c87b0038fbd7ebe23abae006d2a40605964669fff01d7
ncaa_softball,631,#0061aa,#a8b1b7,5260d23c6b78ce4ec335db4ca06e5392dc2a5310aed9c9f9ea3d7a9d338afbce
ncaa_softball,632,#862633,#aa757d,d993ecfbd487072931fa99eb42b7c525768630a4a10884c7b7a1b6a2fc78bfe5
ncaa_softball,633,#46512b,#efe1b9,a0e87d892ccee9a3871048e62cf8856cfec820973afc20f5f26357756a268394
ncaa_softball,634,#ffcb00,#f5e9b3,487c6f3fbe9c41cf532b6de285f1d35585ee7ca9510e5aa45000d97a1f597e5d
ncaa_softball,635,#840029,#de9218,ccf675e2c704d23dc35eec58217202e2f50eb124275e6cd212df739326081e72
ncaa_softball,636,#00934b,,57dca8a00b01bebcfb1e0c7ceafe0b046e175c47ec7225713b3930e7fcb7cd05
ncaa_softball,637,#112748,#495c74,7ece3411e3481fc392fc9185ae64216d0a33039607bb657a56e9782699cf2f16
ncaa_softball,638,#183863,#7ba4db,17998aa6c72a205aa2f1daa999effcfa2e69b1f325d7d21017908fa43ad7329b
ncaa_softball,639,#08213d,#607082,722aed88e1b0bb084ee0dda52fc765cf2adc2eb2ee5e4937dd9a2f8da165f900
ncaa_softball,640,#1b0f92,#fd9063,820a1001d05c01718d8c331bf424faf2a3635689db2265d39dd5d7b90825ac38
ncaa_softball,641,#000139,#493b64,99898d07dfe294d50d29bfc8fcb57d94e6036201f43e48e7f96604487f822843
ncaa_softball,642,#cd3b4d,#2f1214,84323b5afbdd4e49b7bb96c118d253f61a65b5898cf0d0c55646c7f1c7b8cc3d
ncaa_softball,643,#185640,#f3b120,5e22af23b7ca50663afaf78342eae31ec635b9708d5f537bf61927a2afc5c1da
ncaa_softball,644,#1d1060,#04020c,6004224904edc66cc06f9446098f232cc3aa6aa00fe7478706259c5d9479feac
ncaa_softball,645,#135387,#029569,b7c86f7b465a91ff69e53c378913381d7a258da84835a19d6eb47c10a9d80997
ncaa_softball,646,#036142,#5f887a,a0da1cf1aa1f95984fb0f33b5a72a6241bd487903916869bc2b47223a1037417
ncaa_softball,647,#ff4713,#2e1811,e43f2825a58f41df2f8f3c27b5f13aeb16b3c41a1d1481d7a73d9bbe1227779d
ncaa_softball,648,#970310,,0dfc3e06f6e158d96df2b9729de6b1cd6a5a5756ec365cd0b998aa6ecb45aa66
ncaa_softball,649,#f5822a,#936747,63f3261ef6e17ebfaffddad1ae274f0c0d08d5c9ce9f6499112798a147914dbf
ncaa_softball,650,#001a49,#3f4e71,8b1d0d0584f651f2054eec264a7813f43f6296a93f5c1d1c32bdc9d112484d39
ncaa_softball,651,#0c2340,#d1623b,37004059b144d56653764501b977eaa58463a70e10a83f7512e91c8b87530f17
ncaa_softball,652,#092147,#f0b200,aee47a103aadbbd258fb724a439eb06536cf3ade006d408e246c6fd1e961510e
ncaa_softball,653,#a69575,#413c32,cd25eaf4ba461869ea71a864530f1df22669f6f8b7d43c8dc2342429a03b5dda
ncaa_softball,654,#0037a4,#7c95c5,ddea9ad72ca26b15b1e53a9a1beba04be0685cecb1eded27857f484a2403f3d6
ncaa_softball,655,#002da2,#c9a016,6962bbe537c5b06bd306af1b003588e899dfa16d14be86c4a14d0e5c92ef0cff
ncaa_softball,656,#5b3106,#ffdc04,5091e2749a9f848861c959a422d474c27afb57652a961cd959f226feb1e22893
ncaa_softball,657,#73000a,#ba9f5a,5d5fa97d320857596e6aeb659e67012a4d0db24b0f7d10489d6a4f9dc8286d36
ncaa_softball,658,#002d62,#ffc423,57b9ce10573e6772658c3682139f309d37558b7c13348ee42c57d6c4fbc80da2
ncaa_softball,659,#fdba31,#918267,6d8fd528d556e620761fcbcdee982a68c66be5de1c2e4cbb498ce8b5847a2fbb
ncaa_softball,660,#4f2684,#241f22,44ad647305b4207b2d97a5177dc8d7009c4cb43039ba43e110b49e50cc07ff02
ncaa_softball,661,#fdbb30,#695a32,b2697f1cc59faf361dfb9022c0e1a10af9803f9ee70b0ace29ce2abde3cd6618
ncaa_softball,662,#0c4c91,#4171a5,89cbb62dedc9c6a745c55dce2129c869f96f87e497d84a49cca4265633c429e5
ncaa_softball,663,#1a5632,#ffc629,ace0e2d4f5c9e0b0bbcda80182d99bdd136d593484d124df3b2ef76efd5bd3b3
ncaa_softball,664,#00563c,#fdbb25,a807289822ded61aec1f3d412e0246464154c2af329002ac810a9bb5ca268228
ncaa_softball,665,#056749,#ffc62c,1fb9a4df31a1afb009ae2282dafba8168f936d73bfe816326b0895269b6c9d7d
ncaa_softball,666,#21304e,#9fa2a4,4bf21f691cc97b49e985dd492badd330ace93b91a068e08c8ca37c005d47c826
ncaa_softball,667,#e96024,#00214d,605ea8a4fe58cb5bb88385aa4cba7d608500d7a532454b4b4d51ac131f832cd6
ncaa_softball,668,#00573d,#b5995b,4384290d93eaceb6978916329a11fe5ee635b729c799339c65164721bb2c8afd
ncaa_softball,669,#592d82,#9480a8,48df2780bed969034239b91b28dbdd3a10b10f3b92da118235a0682d3e0c0d28
ncaa_softball,670,#041e42,#ccbd87,09739fb3e78ccaf6b6f468f252181a169984e325595126130ed7abf6e9683efa
ncaa_softball,671,#61162d,#b5949c,760a1da29e415c515d986eaebeb520a41c0fd50affd37a814018eb948225cc9d
ncaa_softball,672,#dbbd5d,#423e34,91553f6c8d337485538c1c14c7d7bf4b419e5ca4a5d1e579836ae1ebe5a8773c
ncaa_softball,673,#143d8d,#c71330,f483de6840f38848bffe6ae94dfbc0781cc3583f242a13aa39fc664f939e6f5e
ncaa_softball,674,#cc092f,#480311,86231f0ce7486f40023e31609b666659c1538a6c2e4d8d3673a0eeab99cd05ba
ncaa_softball,675,#f0b410,#b88b0f,bed1a9ce812071cb9f8d1c19b7eb89f578fa5dd56abf4a4f33cc9643d82e7b00
ncaa_softball,676,#0033a0,#d5430b,0fe810a62f4c54b85bc0ab652c5acec912c7abcad5b8b2068827ac5f3385fccb
ncaa_softball,677,#cc2127,#2f1d1e,2d94917986379265b51b65dab2f96bd759acd006c819cbb33d57a863f105cd91
ncaa_softball,678,#a40000,#e6b9b9,3245a2ffe2b92b931bcdde0f5bfe2c6f59904066f37cc3f02d7c75d0f35756eb
ncaa_softball,679,#005bbb,,491bd78fc49a2d70fa934807beab1a0b3b1497f8ce93e7d98e94fcfe371353b3
ncaa_softball,680,#000033,#60607e,1edb35518df7859303ecf1506cee70aa8770fd45870a188c7a00cc44812f8405
ncaa_softball,681,#f3bf32,#1b4388,87dbbd4b33f670367916cc885509000df22de386f7ac7a597ad31b01a7b2395d
ncaa_softball,682,#4c0027,#ffb119,481cc74842d3688df1330548476ecda4ccca9aa4d7c0d8235bfc4a51c4e51bd6
ncaa_softball,683,#002857,#a99767,52e688e83e2b7ef3cbb8e0156dd3d0b1505b9000237e8ff93c842482bf1caa92
ncaa_softball,684,#fcb733,#0d2b4f,afbecd3f9a308a966108334c7bf9878d495822519e7356cc8c80d9ca6a0052e3
ncaa_softball,685,#00693a,#000000,808e57a846beb22ee430c00e5b1fe58e8c975acea9ffc8a989ff9f42510c55bc
ncaa_softball,686,#daa973,#e9cfb3,9f09cd79f530bdae31eb7bc49643af61dc1d5562f8a92bd626c8fa4a8aec896f
ncaa_softball,687,#821019,,3157909cb9b5614c89413b90f4ddf88555b3bbf3f7455aedf26405a519f3d9b5
ncaa_softball,688,#cfb87c,#877853,69f6e383b017d6494ff7e0456e90211ca41e4c746aa0532cf762256651aaf192
ncaa_softball,689,#004c23,#8da47b,356212f740fd77198672d89b67e66d91c514c8892123f77cd2c63071ce6c8706
ncaa_softball,690,#b22025,#d17a7d,7388cfee9a0bbe5dfa237159b6a56a52869815edfa72a2878b9823709ff02a19
ncaa_softball,691,#361717,#c4bdb5,44609f1d0c34284c7cb8149b7c67d1dcdcab15503214bfb9578d285dd8eb2ea4
ncaa_softball,692,#dd0330,,ac22ea5eeed3dd880e992f854122a86b11e554f47b8fbac125eec542d46d8e5d
ncaa_softball,693,#00539f,#ffd507,89e021f5f9b67d3024a17b83347dbb76d77a2b08fc67e8ac49411317228c7964
ncaa_softball,694,#dd1c29,#126485,e20fdc57353b984d76c1ecf9a0ce4761ae4b1888fa6797f70301c20e74981314
ncaa_softball,695,#ba0c2f,#987757,bb04345a71b3ff31f55d35b4586dcaf7435a4ac07d1fb53cd58710ea5a070500
ncaa_softball,696,#0051b8,#ce1124,ecccb90d360d46b4aeaf6cc44a5b7af61653e7cb599a86882bdd43810e03a914
ncaa_softball,697,#ae0a3b,#0c2b68,340315182e0921301b74201004830cc6fe3cbaf6f33364234595988ff931d88c
ncaa_softball,698,#005596,#6391b5,1132382ebfa0366b30b03ef0134ea48b0e9de4a9ae6ec570fbf96042c4ff4149
ncaa_softball,699,#003876,#ffd65a,1ef4fc827301077406a5bd65caae9c6919682568f4f8162bce18fcd5ba166a63
ncaa_softball,700,#0d1d41,,a0be212f2633f4973325d0fb4c7bd4287ae0f378806cb89ecf3806b182ea686b
ncaa_softball,701,#133595,#5a84c0,94ab7f4add1330cc308f08cbc1c9fd0e3a3e6e4ec6e4d4fee89ccbd3a1081d82
ncaa_softball,702,#4a171f,,72de1b1babcae4b633342489a0dbaca0105715eb85b3063fb49561e0d6e1a8da
ncaa_softball,703,#166938,#ffffff,f844b98efad3ea95ba434826c6e9f1707487000a0c65c51412e3dc067971433c
ncaa_softball,704,#c41230,#000000,c11f8657322b3ee05d230694fd12d825216c69635ab939bc0ef7593554d29db1
ncaa_softball,705,#d0252e,#4f2124,3f3b0c12aa9d201f1fb082bc49e3226aed563fe73f799f30e58aa53834becb2a
ncaa_softball,706,#283349,#c6c6cc,b007679c678910e69c86c0df99ffff2510918558bbf423a52c257414eb4ad2cd
ncaa_softball,707,#fa9a29,#ba7526,a4845db1b8fc05b6a186f2fe8e2453757d949771b5bfcfad9b69316fd31ad84e
ncaa_softball,708,#7e072a,#3f0007,97f783ce6028f44491ef5309bbb5370c5af7254a7706ed8598b76561176902c1
ncaa_softball,709,#592c82,#9b81b4,db8cd040c9a4a3ad227a89e3b3e714b59564e1007d5ae6e7496f3810a517e499
ncaa_softball,710,#bb0000,#3b0707,75f90e615c5216f9315bcaaae3a1f3283f9284247d79c2e9524d927c11b8fdd1
ncaa_softball,711,#15284c,#697587,19125d5969a8c7204d90e2ec4cfdaae41b32b49182a75edbdb0b1b4c389a2dee
ncaa_softball,712,#0039a6,#6680c6,e8680ddd6596d15818a8fa489831f6e81605c59ba517eb10940f6eb31ba1a332
ncaa_softball,713,#f0b310,#a17e26,d12c2580ef152e4045dd4b121c8ba665f1d72b2e84a37399395c45c309cd2d03
ncaa_softball,714,#522297,,822f62011a5951301dae82af8c9029c378ee72fc9636a7c0ab33f0bbfb803cd5
ncaa_softball,715,#0d5640,,9f783c4a4245683b74e62dba88baee0256b406cffa92a082db1ae95e238f5dfb
ncaa_softball,716,#004aad,#3d6ebe,213e2492a0046f41f7aafede4f6b250583d812c12edf6c11387553825e2ccf9f
ncaa_softball,717,#a31f37,#feffff,4018648beaa1f1f51c97abb92ccf3d658dc976de28a27d069a28f1127e99c1d3
ncaa_softball,718,#263997,,0704cac05f631bf70b20b9ec30458c77fcc5f98ac3ab1a0e2223fa7bb23742fe
ncaa_softball,719,#004f9d,#ffc62f,d6e032491b0e6ca111de91d4ec09b7f3d15b53d8d2bdb9050ca079f43f7e4383
ncaa_softball,720,#662e91,#301646,027c38dcc223cca09181ac4b0e56e1a84573a6f121d080b3bac8eea614776d9a
ncaa_softball,721,#062f87,#ad6764,4e3ac57c808831ecd85cdb66f1b684447a062373120253fe7180708c7820fb5d
ncaa_softball,722,#0a253e,#6d828e,318ab52c35840aa523eaa36a023644cff8f7bafdb0b36962a4d55e54f6f9be20
ncaa_softball,723,#f3b519,#4b4337,90a5d108db490744199b4e1f2cc45d8b05ac06dd0e3f05b223e3a74ac01ec2a3
ncaa_softball,724,#f57a1f,#956441,9e7a357ba8c5a56848a2d2a70c5184b27a2e937272065771fadd6b10df939435
ncaa_softball,725,#d0333a,#462427,1fafa4479521073628f980490bd079510401291112f715726590514f4089196f
ncaa_softball,726,#712d3d,#c89261,c542d1e1e77df6ad8681009de6431dedd71d9c01d0b26d8745357f4dbe5e8247
ncaa_softball,727,#fece2f,#822433,8b490fe0621ea18538cf38e2b9c462beff54b26ee4707c54d024547e82e7cd63
ncaa_softball,728,#c9b99b,#000000,f879c92b3e9997cbc08e4b4a1dff8c45061a3d101a7195245eddeb0c44ba1281
ncaa_softball,729,#dc8a26,#c9b086,c19caf4f490a27ac009d30ef125d121bc536477594756d89c1a26da16ff332b1
ncaa_softball,730,#003355,#ffce00,93aeef5ea4915a2ca60ea1250ee928adba06ed539001ace61d7e42b1d7eb426a
ncaa_softball,731,#683919,#bf965c,4cf1c5d7c84cbe20d63d107cb26d3ec7200c723ea514b88b4dae789fab46edc9
ncaa_softball,732,#fdb813,#250858,472a680c2e49c54f606eefbbe63995e44a50106ac66a0a1f65aa2a49cd0f9923
ncaa_softball,733,#69b3e7,#cae4f6,0d8f90baa0b8222b6e605cbbb226fcb0e8baf7522672ebd9a9ba4f4d57d467ae
ncaa_softball,734,#031d43,#394761,fcc54746872bbd548a11130f48c3313dedfde6fd7f69a0b4b139d093ba7a7827
ncaa_softball,735,#fdb813,#551c1f,d1a49d30b3533c49f217aed9f6794472d524fe8a5633f6de02cc7b80f3744f5f
ncaa_softball,736,#006145,#0a0405,d6e091a2a62d8b592607becb349404a911d9263b95df15e2ebf4608e276f633d
ncaa_softball,737,#003366,#ffce02,5721cb1ac1a7fdc16b46d6a30636c17d8316bc4b72e286dfc66dd301cc3fbb9a
ncaa_softball,738,#00b140,#4fc675,1da7fba7069492d881b01a375a5ffde5632273d31118d4466d1b92db447daefb
ncaa_softball,739,#651d32,#888b8d,c90ebb16ec285271455c937ac21c5d55984cb675251d52fac115207376a7b83d
ncaa_softball,740,#881c1c,#8f6f6f,864546bd6d0bdf4432ae552d6e3ed405b6fc6e2a78a07f5654eec22e110789bb
ncaa_softball,741,#002e85,#ffcd00,17ece0f65637dc20ff08278060937cbe61920031aa2725bb0e6a382c0ca6c46d
ncaa_softball,742,#ef2c26,#007440,8d2b738644f5cf07a13c03802cd48929a6bc9c85c77a57f2d4e4d97ec2a77cf4
ncaa_softball,743,#5e001d,,d39daee1716e6e413c6203d54ac1962b89c90d3e8680a01d0efa9630bd54ffc2
ncaa_softball,744,#bc955c,#001b59,76d263dde9e7c6969d9da4ac4dd7d8be7086a7630dac2b9162d30be1cd84b856
ncaa_softball,745,#ffd51d,#084d9e,82879cb613d0b175c480704801c5ca229f73b8afd012b8ea484a7700ccdf220d
ncaa_softball,746,#004185,#e8c38e,e605c9fd3fed10411510a543f426fdcd5e9e2dc132f3bd8f6f8968c61feb75eb
ncaa_softball,747,#9a8f71,#0e2c52,fe70ca8537698c3d5dff46b741a07bf73a48995c35263556a5ebd9c7aad5be6e
ncaa_softball,748,#ffc607,#0c2140,76c3645565824ce0dd2235ca90b99a0e5f4fee8e797ebd80ad9c81dfa1a7db2c
ncaa_softball,749,#121f48,#83344a,39025bd72efa13181a4f5b2b982384e6b6ac70304115113726f6d1aa0f5e7324
ncaa_softball,750,#e51937,#231f20,3a6f092732988937e8ec930343afc66e82258defdc32879960518ba3b6d2e9a3
ncaa_softball,751,#00275d,#3b557d,c02c87cbe03eda2693fb900821178fa44f228c6d01ff4c5b92f2d3e34dbd816b
ncaa_softball,752,#342a7b,#000000,7d32280d89838a206a7fa6c94125856363cc416c423901a61665bf363d6912d1
ncaa_softball,753,#c41230,#8f6f76,f0b69c891db7cdeb097eec53f5c34bd57da711b6b014a4cbf3b2850d44bbad92
ncaa_softball,754,#feeaab,#93c3b8,881eb215cdc600aa14298d94e36e691dbad91585f231ebe5163753b46eaa8e5d
ncaa_softball,755,#014584,#fbb927,2f7c2ca1e483d7717d33cb9beb73dbb5a5659fc00b1947510e80d640796a88d5
ncaa_softball,756,#89052c,#20171a,fe146d0d5314b112e6fecc1c116ef19e5e0de89cea60342e37956b50c9f23b6e
ncaa_softball,757,#009844,#ddf0e6,aa01210973a92384cd39a795dabfede0997369872207fb7c86293f9a2679b8de
ncaa_softball,758,#068f33,,5953d0a7dd1e44d82402467043f2cd63003d74a0dc3bff754cb467ab93104436
ncaa_softball,759,#e50000,#010101,ed4f66035766590085072c968f69b8064ad6cfdbf7f69e6fd85e0f3c5d2b5ab3
ncaa_softball,760,#f4b600,#06205c,10f81c2897a6c87d6f569a2b8f89483758f8d666c3fca8600ef581030394f12e
ncaa_softball,761,#fcbf25,#032e5a,57bab56fc7d34ad78167f71bc9ed46298d26a3cfda9788900468821b7f469279
ncaa_softball,762,#c8102e,#36292b,8eaec08b517c299e9104ceec51d9fd92cdb1c5a8fdc029f605071b518ba94c1d
ncaa_softball,763,#4a116e,#ffcc00,d34bf2280ad87249efc7f64b99331f21b0be591e74c6f13697701eb954385d77
ncaa_softball,764,#ffc82e,#6e6232,08ae1961b45853dc00a9b2f45a970be7a14a77507fdb94486a9dfa8081155189
ncaa_softball,765,#492f92,#9687c0,d447850b4a4d514fb7692fec4cda3e4fe7268c9d664b53e93f0f8fd476b1e6d3
ncaa_softball,766,#bc955a,#41372d,594fba75726c9697baa25ebee41d4f030e215f6dab84d1ca9e04de10f581362f
ncaa_softball,767,#df6425,#864728,3b546b38d6c6c52f953ded0e940b066c2e20765eb1783a2d60dcdb408e60fd1a
ncaa_softball,768,#061440,,0efa003a56ec95d664b71d799fabe5e927d2ddd23cea90d5bab42df971abd080
ncaa_softball,769,#011f5b,#86030a,292db72f7dc3153119e8848fcaedd542b49074a6adf3e097db366cf07b55455d
ncaa_softball,770,#330072,#8061a7,683cd74fd53879a481d19f5b9b74139ab175cc7081ab487f08f640ec353281fa
ncaa_softball,771,#154733,#a8bbb3,39f24819ad2c5b6fb1c08ef337c195759a53742cdfeba031dc78aafb2e406fd7
ncaa_softball,772,#0061aa,#a3052f,c0dd8c21bda9272fe5e7ae245ec1c90f0fa6b054981a13b23e0f1ef0add11c11
ncaa_softball,773,#000000,#2d2d2e,46a87678b2132dfba03307d09c306e823465bb88aff1689dbe4b2e15349d382c
ncaa_softball,774,#111b2c,#f3b035,05602aa11ffd7ebf21bf2830a6216475b512e6bcad6222b7db02a573accd43a0
ncaa_softball,775,#c1011a,#813655,98edce0b13a5fa6cb0a8276ea24b35de05d7d3ea75de35e6a58b6d39d836aa87
ncaa_softball,776,#091f3d,#6aa8db,d804c465f9394c66e84b317106dfe4e40c35c422b93b5ce97879d091c649bc0a
ncaa_softball,777,#ab2941,#363435,ed7f9e888ca8f916c55baa7c7ede308d75a96aa84adedf7a2f6b1ae6eb95ca85
ncaa_softball,778,#0d1d41,#d1122b,6a0c84b7020b728e347680adbc87daf7435c2767cb803d89a81353a17d650c14
ncaa_softball,779,#a90533,#390211,cf4544fce3119dbd71d39f48389eff18704136a58282f0a29704381e263c8403
ncaa_softball,780,#0c2340,#b40731,f66412643b9b890e482f386dc7307cd2619b774f201a611e81c8d9e45056cf8c
ncaa_softball,781,#792439,#a8b2b7,b3ce9ea4dcd431c1fffbb928a0d771b539485082745dbcb41304b6a9f8119073
ncaa_softball,782,#aa0000,#000000,75105d688e00e83e3be805f5143ccf0b32b5d3f5df5b30f0546f379c04b07baa
ncaa_softball,783,#d1ad83,#e5182d,1c2cd3a6dc3a006ac815ac9e6f81363595175978fecb67f04192e3541e0ef581
ncaa_softball,784,#900028,#034293,f7284bb62fc664c97e9d70e92723045f4efa2f56cc180a92738bb594ef627bbf
ncaa_softball,785,#d21533,#947377,cd0a3318987c5254d2cec818a4676e4108949e114dc966d8368a6c5a6d1302be
ncaa_softball,786,#6f263d,#996676,b67e5afaad47a604f385ab3e7677568d9f282b8f49420c66719438898ea56ab2
ncaa_softball,787,#a80000,,1dbe095805cd1636fc5aac2918eedf81b4dad43329a8c1e665616ee1d79840a7
ncaa_softball,788,#c82026,#000000,010f875b4d755e88008ed65e13598ecc01fd7d4e5f02f061a9061082b7ebe15d
ncaa_softball,789,#253c90,#cc2243,58ddc78a46c31abe6a81aa712a2e9e7b12aed64e92822846773032e9d5daf3d1
ncaa_softball,790,#be1f26,#c15a5e,e6f66f2539a153fe713cb9669c7baf7bfeea4183b7b176ba3c43d529504afb0c
ncaa_softball,791,#003c71,#698cab,51e9faf663b109fae2688eb5b8efc982494f0bc3b508caea17f076a8e1a4c8bd
ncaa_softball,792,#5f259f,#936dbf,1237d32216c8a5cc1ebe022983a18606f47f99e9b0454f1fb26d96f61bb8b9c2
ncaa_softball,793,#ff431b,#000c58,cc978bd06e84d85870429294fd9a2f4908ec9c43635bd83ef3eee94387cfd100
ncaa_softball,794,#2c328c,#8386bb,ab607bdb2e5bbb0d6b793e97a1455b3a41f283ac33821b073281b6f65f20e1a5
ncaa_softball,795,#ffd200,#582c83,cde0e5859d093f528bb61413081fbcafa8edc94cefbe3fc23bade25ca1e51a2f
ncaa_softball,796,#002a5c,#5d6877,b480bc0e014a150ef8efaf1f99bf9a22973cc86dbfa97326da42eb2a33d9a15a
ncaa_softball,797,#007ac2,#00853e,9e99adce9b4c61f979a5eb09fd31fe809ed6e70770a75a81effbb8bef177182f
ncaa_softball,798,#fc8804,#021b3c,0236c0464b299284dbca6be0716d7c3fbc1785af0d4754edd611aa5f98b4ca9c
ncaa_softball,799,#ffcd00,#0b2240,64a7bd6719c228709bd83551956fa1d28b0e4728dadc9dd14ed4c0fab3a0b0bb
ncaa_softball,800,#103595,#cf152d,0c131f5faf86ec1bf70679af3a7f13248aa5f9e764aeb0c927fc6f753ea85e73
ncaa_softball,801,#1b5732,#ea0133,905b2e96ff5a391a789276d4b211134ca295a91bc352d1ba5668c79fbfcc0bbb
ncaa_softball,802,#0f2c52,,f30b549c6c0fea64b65100f480b2092b80fb845c2d63304b451e04f1db968aa8
ncaa_softball,803,#0067b1,#cf1f2f,56a83d99d9608b20776842be7ea2e26f0f8777d7889460d01ac703be492dce4d
ncaa_softball,804,#b08806,#ffdc63,83dc24899e9ebb12b250fa399c09d67a1b0b21614758e7658df3690a4410c8ca
ncaa_softball,805,#004a87,#3a7bc8,8cdd71f1ab57d69d808ff64532b818e0b96ea4fc21b4b2a2218405031a327221
ncaa_softball,806,#0259a6,#253a51,9a0d45f5be18a15fdc4fa8c71dea53237e18182e7b6e239e879e23e40c595441
ncaa_softball,807,#008545,#1a1416,046eb165af7d60b50ae08c3c6cd8ae1649e16f7086fb469432869fa21bda3a7e
ncaa_softball,808,#0f2439,,d2cb5546e8f39a2cffebd99ddbb06be2bb4b4b634414a6e628573ad4bd04f1f2
ncaa_softball,809,#1e5c37,#518164,0027556333ab8f5920adc3801888f33b9957f979e7510a925699508dd7a428b8
ncaa_softball,810,#0d1d41,#f6811b,28406bdc850b40361bdaf2be3b0337b7a538368abc61e81d70ebe0d79434c5cd
ncaa_softball,811,#a06816,#00502f,b0799eec3b2a49ae92be57b962f8fb3d3353537d0782defc3b893fbd7b84294f
ncaa_softball,812,#061f5c,#32b7e5,710a12532521705923b4022b571e7832eb01265aa34fa66a650fb784b7730128
ncaa_softball,813,#ab1a2d,#ffd911,892ba041e37c0630af961e9113695835b38c84598be1f8bbabd3ce57382e1bc4
ncaa_softball,814,#00483a,#4a786f,c256af3ed07b32a9df7af3685b550add941d834878af809c71462215f2dafa00
ncaa_softball,815,#42246f,#281f2d,13398176a38b167728c4ba1c3bc3b4900d05feb0c6a63f1bd95996bcd2b8ef61
ncaa_softball,816,#ffcc00,#663399,2b245a4ddba23d0259bda9a093eea759527f70c0f941f25c0e19c3abe544b5a4
ncaa_softball,817,#511b00,#f8e143,ef109dce0c75f0e11715f9f08bc2b3bd8b5b60fce7d15b5bc19a1c8702f4ed2e
ncaa_softball,818,#a00000,#000000,36a5c3e0fae73171c91f10ceb170ea820f4f46c4899ee8a66e900a60b597ee98
ncaa_softball,819,#4a2f24,#fdc927,05bba88a8466751ad257c493aa035ac284f98772115faa19a5aedd330eb63447
ncaa_softball,820,#0a2340,#89909f,38a3a325babea1036d6849eb7c87d6d63dbed97aa1c0bd5a03aa2d4b9bf86b07
ncaa_softball,855,#8a2432,#310e12,e5ebbc54908a8a7daca107cd023cfed5b2e9e74d59e4b58c6d27db005bf4c9d4
ncaa_softball,857,#004d86,#b4cbdb,473c0a352dac9612136714eeb78a71ad07d9b685e48f17cd3e2f5f165a3a222b
ncaa_softball,860,#0058a4,#7ba0bd,10839e4f3c37feabfbf23c20b2817e62d2858f9de64b116cd5a10ea68ec0ecda
ncaa_softball,861,#eaab00,#35538f,525a2bc0c771e744edf8798651b6d661c8d795d0be1a5b581b63466cf781e2b3
ncaa_softball,863,#b20838,#fdb814,f0c18d088b95712704fbdf568946daa17c2a06afc1100140ef1d52801ff1b92b
ncaa_softball,864,#215732,#528535,bd36912424c44b3f415c37b1f1d75acad1aeeb034173a2c8d222502e8296f1e4
ncaa_softball,865,#fcd309,#3d1950,f72c82b478b38a595b1e1bc42680d2908df9d05a9de5e25e2ddd4dda02467b4d
ncaa_softball,866,#613394,,d78a5763c1c7266133202fcedddf65f81bf10c19b17c6d93e46b7e6b25b99f23
ncaa_softball,868,#003e7e,#000000,c9b1312da47229432d7527b0736ebf7ac3830af9f8ebf185f2d9cce0a22fca9c
ncaa_softball,870,#083150,#4d5051,5730a72bf02fdd9abf8d2b27afd5f5bf931bf8fc019cee7a03601c9247344a35
ncaa_softball,873,#f5d116,#f5ebb6,12ec0bd50ba1a5b4a09d683c101a6d53e3dae359c8230eea1a59ed761e41a485
ncaa_softball,875,#52131c,#cd2c23,e7250b4698d21cab27f5d8a6bab57832b97c400630738f53a39261b7dca59e36
ncaa_softball,876,#ad141a,#8e4f53,6b227d7a681eccae6d6ca74bd02bab974fe95fbcc1950cc024a1d13993322ef6
ncaa_softball,877,#231f20,#dbd5c6,9988a5e91acbbf538165f806b9bf7ca81fa45437f081122078d2f1bff412a7e4
ncaa_softball,880,#00753e,#67a185,5a0d1b507a30d120028700f0521f3e9570a83f44873b4d53ebd643b9ece740f3
ncaa_softball,881,#ba1c21,#003058,8a12a10bf06517543a9ffe45f44a62bf36da6b3d3d20dd6cb62e8e924e5da2ea
ncaa_softball,882,#1235c5,#7888ce,520758bb358b51fc25643a88620cc8d33f375ea71a302d798e6ee98be6fe3c84
ncaa_softball,883,#16243a,#264390,31110f97b760f0dddeb3914b8647db062a34477f0fef7e3804073fce47faaeb3
ncaa_softball,886,#000000,,2075551ff2e5981ddac085111016c8fd77527a1252b4c9d8e13f9673026e0dc2
ncaa_softball,887,#ffcf06,#006838,c733f3522f2ce071344629dc489896433661d0f412121478414b477a34ac0a11
ncaa_softball,888,#edef2e,#233265,f3f37d4f3329800d8e17c708455f5a3d982c9d07c0f5fb3e42509bf1fabfc236
ncaa_softball,889,#1b3667,#f1682a,07b316ad835df84427a6505e74e1e679ac6807db7a0c47f6473cdc885c28bf1a
ncaa_softball,893,#580d69,#e3d100,57cc100004103f0c50d5b849030c4c268c33f79ef52c4fc0736f256f34a81ae8
ncaa_softball,894,#480059,#fbea00,410fd63d6498474eba6b7ee9f820000139a74840104c01097a39a8b12798e2ba
ncaa_softball,895,#f0dbaa,#005030,f5a1c1db8ae00c2a63ee1185ad492cd72c10dc88e18ec62712d4e1bba420574c
ncaa_softball,896,#fab615,#4c3c1e,9cb13d5a0d9e1851b174e6931b88b63bea2d0890bf6adf2b5794061b47e79f65
ncaa_softball,898,#255f2b,#000000,cc71b1ca5bcf20d6feaefc674f7321658e6b90e034352c8a5c48927ff8f4b183
ncaa_softball,899,#b9b190,#151211,10a9bc069542b2b321f28557e6719b6fd44b24e4f9aaecd9f5219c8ab24c7402
ncaa_softball,901,#542989,#f6cd55,6fd0bd36260daa89c822b2ef00ef3c07f38335e8960f5d73bdfd62227d617924
ncaa_softball,904,#00245e,#f57d2f,1975f735017b4a2cb4158b8d09e7c432dcc15063a91b136d160d964175386b27
ncaa_softball,905,#dd1e36,#ffffff,cfff7ad9a8a8671f89699f9cf52b4d23fb2fbdf1205a06b740d285025ae89209
ncaa_softball,907,#492f91,#8f7fbc,a7852e92da3db2c40bcbdefcc774bab5abb54aa219db0bc5301d8eec0d5e71ac
ncaa_softball,911,#401a64,#a08db2,97ab19d2702e8a2bc6ec04aaf776e4c93b8dd6f7a488777b07c69d65cc88ddd4
ncaa_softball,913,#060040,#c69935,3006b6bcde52555cf8238e471ea52970c2524411f6ca3750c5ef56ed58f8d29c
ncaa_softball,915,#e05e15,,f6ce9516e0864735f04e465f24220ae1f8dd298e01bc2bade68beac038ef743d
ncaa_softball,916,#2d1a46,#635276,d529b25c224d6232706a8509cfba6049ab6c35793382b954062405a1151d5d9d
ncaa_softball,917,#850928,#ad5f6f,45acaee5fe403e6e55392703acd69c298efe437d7ea61d1eef4c3edc90249194
ncaa_softball,919,#72171a,#261e1f,06722bce08f1d30462885cccd71ae2cc901e32adcca6035cdd44e3615227da7c
ncaa_softball,921,#00457c,#ffd203,c17ca91dcf4f9ff3d378e1e2a31c5fb41eee693bf0cf46d4833ab4d50aa4bfdb
ncaa_softball,922,#c8102e,#4f0713,b743da5fc837de30454b1788c2d643db4fa1f8e66b68960352ffa5e21ecac10c
ncaa_softball,923,#cd1041,#936c74,602778cbdb621625f414ee8a249099559051807cfb06c9d7fd39399654bee868
ncaa_whockey,103,#8c2232,#bba38d,fa59bb32e732327db77cef6c70e32db5f0faf0d1b35a02abc482d1bc187c6036
ncaa_whockey,104,#cc2127,#2f1d1e,2d94917986379265b51b65dab2f96bd759acd006c819cbb33d57a863f105cd91
ncaa_whockey,107,#662e91,#301646,027c38dcc223cca09181ac4b0e56e1a84573a6f121d080b3bac8eea614776d9a
ncaa_whockey,108,#a31f37,#feffff,4018648beaa1f1f51c97abb92ccf3d658dc976de28a27d069a28f1127e99c1d3
ncaa_whockey,111,#e50000,#010101,ed4f66035766590085072c968f69b8064ad6cfdbf7f69e6fd85e0f3c5d2b5ab3
ncaa_whockey,121934,#6f1931,#2f1b20,5c31c047f5c8c6ede803a9cf02a0d26f03bbe9eec6f936f31bd694ffe3797862
ncaa_whockey,127962,#005795,#407faf,2b407ef45ab4f123217dedf10a9ecd4d8801c5cd4df69b3d24a0e85ebc311e6a
ncaa_whockey,127963,#c1b38d,#502e85,8f92bed0ff4681d7ddb03eab03e86e0a6a9fcaea0ee03c8f885044603657534a
ncaa_whockey,132,#d3af7e,#005745,6afb08ebba88c9b70ceb7deff2833b9b5f44b938e0e42eb4f6476e0669da7f2d
ncaa_whockey,134,#fec050,#7e683c,6ae885cb15b54556922f7123f1125da9da0545788659df81345084238f158133
ncaa_whockey,135,#5e0a2f,#ffbf1b,cb58131490de1f8724f1d53224aa7383671514e3a84df1d136c6f3e4429c302d
ncaa_whockey,155,#009844,#ddf0e6,aa01210973a92384cd39a795dabfede0997369872207fb7c86293f9a2679b8de
ncaa_whockey,159,#005e2e,#000000,66a6b917e25b486a32a645f3973e86e0b8a9350ddfe6efb41f59b3e5f5f58372
ncaa_whockey,160,#00275d,#3b557d,c02c87cbe03eda2693fb900821178fa44f228c6d01ff4c5b92f2d3e34dbd816b
ncaa_whockey,163,#fc671a,#a54b1d,1ba19c1ecc721cb6fd92327b967c54d2efc4181f77fc6f18afd84e4a2f3c644b
ncaa_whockey,172,#b22025,#d17a7d,7388cfee9a0bbe5dfa237159b6a56a52869815edfa72a2878b9823709ff02a19
ncaa_whockey,178,#f18000,#9a6329,1a490b84f2adb85e0fc705696b48d4b3687325e93bca1b810b07494b2bb09b55
ncaa_whockey,183,#ff431b,#000c58,cc978bd06e84d85870429294fd9a2f4908ec9c43635bd83ef3eee94387cfd100
ncaa_whockey,194,#ba0c2f,#000000,6dbe512c1b9b4e8c0ebcfcb4b3620b6229a05619e8bf70b3051a8e6c4964240d
ncaa_whockey,213,#061440,,0efa003a56ec95d664b71d799fabe5e927d2ddd23cea90d5bab42df971abd080
ncaa_whockey,2137,#064d44,#ffce09,6c76c1dfbcf747d3270b6d0805c4895b021a2e250a64683540461008f7cce589
ncaa_whockey,2142,#821019,,3157909cb9b5614c89413b90f4ddf88555b3bbf3f7455aedf26405a519f3d9b5
ncaa_whockey,225,#4e3629,#c00404,e77048fdc059fa47441bc03ca6cf2ac8e66bf0e0d817ff6c1c7d82f4bc47a0cb
ncaa_whockey,2341,#69b3e7,#cae4f6,0d8f90baa0b8222b6e605cbbb226fcb0e8baf7522672ebd9a9ba4f4d57d467ae
ncaa_whockey,2364,#480059,#fbea00,410fd63d6498474eba6b7ee9f820000139a74840104c01097a39a8b12798e2ba
ncaa_whockey,2385,#036857,#66979b,4012419ebceecc2d19813038e331a1bb3b97c6976b4f48d1a670cf38e53b60e4
ncaa_whockey,2507,#000000,#2d2d2e,46a87678b2132dfba03307d09c306e823465bb88aff1689dbe4b2e15349d382c
ncaa_whockey,2514,#111b2c,#f3b035,05602aa11ffd7ebf21bf2830a6216475b512e6bcad6222b7db02a573accd43a0
ncaa_whockey,2523,#0d1d41,#d1122b,6a0c84b7020b728e347680adbc87daf7435c2767cb803d89a81353a17d650c14
ncaa_whockey,2528,#ed3023,#330a08,13e94befcedb5404c1d678fd785a4fef21e048da01ae7c0470bcc77ec5bb1a0b
ncaa_whockey,2529,#ce1141,#e993a8,71dd8f23377d56fa5a95e8c3ab4ccd6230d005d32691090b74d44d66e0be4b97
ncaa_whockey,2594,#cd1041,#ab808b,9be513a2696ca53956339e2f859c2fc4b678c067ccebe59494d546e26ec3c725
ncaa_whockey,260,#661c78,#c2b88d,4ea8123b96073697862e3f62e486ff6f46bfbdd1198236ad5474c2958b752df4
ncaa_whockey,261,#a06816,#00502f,b0799eec3b2a49ae92be57b962f8fb3d3353537d0782defc3b893fbd7b84294f
ncaa_whockey,275,#a00000,#000000,36a5c3e0fae73171c91f10ceb170ea820f4f46c4899ee8a66e900a60b597ee98
ncaa_whockey,2771,#01356d,#5c7890,50145f8c623bddbaa1e5890b49a12dc4cdbf078467aa459e23c1be2afc517f3c
ncaa_whockey,2779,#663a2b,#ac1f2d,42c7210529ba11477cd206b8545cc2ee60f1bc345682102ad492814206c2e981
ncaa_whockey,2785,#7d122a,#000000,02655590471fb84b5a828e9b71ab7846960fb76b5c20a45919cd10bf414ec827
ncaa_whockey,2815,#b3a068,#6c6146,e563c230bae64bcdc7e899c221f1a851a97a8b2fb863439d17e6e501bf98a187
ncaa_whockey,2830,#0c233f,#5b6a78,c7d0aba6077d297531882305ec10aa9f2961e7f441b646ccbfa70fd11dbb28dd
ncaa_whockey,284,#342a7b,#746f95,db01008fd8577b962aa597f7a64ed7e2f863b6d9e488ffe814f71091eaa54ca6
ncaa_whockey,2900,#512873,#7b5b95,0919ae81afb2cb501fd2eb65c9ed9a2006b5d75b489a3e46916c4925567b7424
ncaa_whockey,311,#7abeea,#810d2e,7de3ab29e9a6a7cbeab35fa14383b643539c9f52b804785981ccec095e4cfeef
ncaa_whockey,315,#342a7b,#000000,7d32280d89838a206a7fa6c94125856363cc416c423901a61665bf363d6912d1
ncaa_whockey,41,#0c2340,#455268,3ff5b782c09c76a90568f2d8434ca70efbecc7a4f65ab0cb66d5c00b1e384ad2
ncaa_whockey,43,#0a2340,#89909f,38a3a325babea1036d6849eb7c87d6d63dbed97aa1c0bd5a03aa2d4b9bf86b07
ncaa_whockey,430,#642f51,#c99783,38a98393f92bf6e7d9f712ae62fa85d7571ea024c9e2ce211140711e169f5972
nfl,1,#c9132e,#000000,fe566e9da6f7986b2bac321571bd751247ff93af15c51ae555486fb1bee90c91
nfl,10,#4495d2,#d70a0a,27cf283fca5b2e9e1c5e995a465a54223424c157d2013b603a6491f99333cf45
nfl,11,#00306b,#b2bccf,f1f5222a876f810956aa8d4e75d4e6b47bcb3a6d11f876642b674010233c8a97
nfl,12,#ff1135,#431c22,3d77958dc6373768919bb2681cbe1b143f56c07a1f013460def665a5026a7f3d
nfl,13,#000000,#a4aeb1,25fbb03e972ae872fa024026b73c7b63ef9f23c2f2c51f87d1614d800dcee6e7
nfl,14,#003594,,e289b738a5e1259cccea921bee02eec881d35b4241761a8c4e12fe5964cab75c
nfl,15,#008f99,#ff4401,b9631269a82abda39bd748afc82390679ca67bfc167bc3581665e237407de8e0
nfl,16,#ffc62f,#341f40,72759956b149bc1c9496ea6ebb9a6ae34093dfed371cc6abb425c13f14f53448
nfl,17,#001d43,#e7062d,dac19aa9a573dcf9075e2422bee3e35a4955b9ab494bb3191ab3bacfd3609729
nfl,18,#dcbd8c,#000000,68ddfdf1d7ee8317f1af083a0c6d59142a11e8af4dad73c3c50bbafc338e0a94
nfl,19,#001d67,,62e361850e7ba3a50dfd09cbb38429e994d1c23b0f999c74421f10e37c7067e7
nfl,2,#003091,#e7042d,79b71e2f536ee29f9d23834e89828883af2d95bf6968cbd07a505444229cdd20
nfl,20,#00563c,,5de8d029f3602c97ffe02bd636eb2630e55d019d1a37cf819d3b9e39a219487b
nfl,21,#0e383f,#415d62,2875f50f8b756ed5ea3866105b4683f5c603aa542e2c7f7870287e1d3d006100
nfl,22,#b01e3e,#f2bd2f,f870b58b43585a5b7717d578dd433b0b1e0c462d64ef4bea2aeb8c03f4ae7854
nfl,23,#701228,#1a5990,806bcb72e75ed184a99bea34df458e6cd87145fc9a863945f3356b01122aeb6f
nfl,24,#ffc300,#007cc9,5400f85bd93129c056717a771da57a97225e15f39c0022107ce89ef993f15bb0
nfl,25,#c70000,#b89c67,82ae812f6c15718ce5abdd402863e8b4553fa9971e4baa5d45ff585c52948a45
nfl,26,#001d43,#a4aeb1,2546b1d4fe5cf6c2d75cda53d3fb56bbc4dd43c6b00200586dab5a85df8fa492
nfl,27,#c3122d,#280509,bcc5d267024650938c9f35558077fe00a31913b89c61768d4ebb63d1ea31fbfd
nfl,28,#690c0c,#ffb700,2f67805ef9e385a4c67adb0a9320706bd481a52e3aa0e0faea995dad2b501112
nfl,29,#0086d2,#0a3046,2cebc1bbdcfd89f28c1578b397f440d229d93fa9a30bfa1193cc286482c82298
nfl,3,#ff3f00,#571f1a,fd7b5a207b9ad443f950b384d43dba6cb367c5737ad50a51a15e3893fa31753b
nfl,30,#af7c1e,#eaa40d,15cb9a1c77ebfaea885d0d3a34f33dabc4e6a00eb7d5462148fceed641d49397
nfl,33,#a57506,#260b5f,67796023c172c9aeab5bcdac9204823d3590097246ad1cb92971134b5f26dcc0
nfl,34,#ff0024,#000711,54b0fe559761860e4953851c197d995b2f9c0c4e278164edda7b608ffd64f39b
nfl,4,#ff4e02,#000000,8e549c0ecac92453140370b2aef3e4a140139b50d16e92507532e8ee49930d4e
nfl,5,#ff3900,#341805,9b286fc4286dc39b1b5a6a08aab042b456ba5fdce99e45e49a4d1e2672411fa2
nfl,6,#001d43,#677187,f4ea9a2ec7d7d500f08db94c8c6f1b23f75361ffe39c4d4b480a684a511ce61e
nfl,7,#011e43,#ff4b00,c98bec2be32e27b19f79f5da86ac6ef133c78d75ab78aadb28ef36696c3213e8
nfl,8,#0077ba,#5ea3cf,9776b567ebab0bd3640165e915d948d8e736e35967dfc19ce62b967cfe7b4eb1
nfl,9,#03342d,#ebb923,7ea8154cdbff5db84d248f235c1f1c78a1a8b4cb8c14335b5886ec10ee20b00e
nhl,1,#fdb71a,#231f20,70f79a2352abcf9ea24bcab9e4863ddfcf1a4d329c9edecb3b64bfbda24409ed
nhl,10,#c4102f,#00115f,2ab02cb9e6c668e8b981f2b23174be1eb94554b8c3a86dfc5df4f6fb377a8560
nhl,11,#ee0000,#000000,9a10cdba30197130eb999bd19e9f40fb34be153599f09e98e6c7f472e41ef242
nhl,12,#00448e,#ff6916,e6bfc0d1b6d437d6fa09028ac465691ac64154cf396584f1d174bbe32be17921
nhl,124292,#34a2b9,#6fd9d9,35208c3044f129338b22b3b4de0ca0bf384a2919468fe4077183ef5bcca87fcf
nhl,129764,#7eb6e5,#1e282e,260a50b0164256131df4675b558f03a748525f8c0b138c23f54f37f63c0958d8
nhl,13,#004a98,#d31f38,7a43515a4551cc0708140f89d2f54d57259dde1498001c29ec28cc5b1d96fa7f
nhl,14,#e9072b,#c69955,05bddfd77b0f30e13cd4a81708e41cc72cfad5b9d136a11f35eb01016b27c849
nhl,15,#f04101,#000000,0411764d10618e764c58e5c9b7e88d9b0dc7c77ebe9813095c338cd485e2dd04
nhl,16,#ffb900,#736948,1b4dc90de4cb2eef301c0d2f9ffefd5cef2e0de1a8ad7d863e96ef686986e00f
nhl,17,#a11f2f,#005f96,01dcc259d7d40935c487a1db0b464d933ebc120db6808bf3d845a2e902d55059
nhl,18,#00778a,#594e3a,23c8bb973fc6e9e57c9f63b74fbf7b1a4e325515371e952579d0e0df13d33a5b
nhl,19,#0071b9,#d4ad31,af4f35bdd196d566c9caa33e42dc0cd5284053631cb4a8ef190fb107f9e071b8
nhl,2,#002c8b,#ffbd00,c5ff4ae23f112f73eca9569801e9f5b82366fafaa9f1f3dae535f9cafd673148
nhl,20,#001a5c,,3f46ba7991bb86ecd35112b65136b507325d023fc43d42e3d8015354363a62b3
nhl,21,#001a5c,#344276,2c7646270d2e07f5ea16b277d9ebf916ee8ee0718f3049d123402e38f930e9ba
nhl,22,#001a5c,#3d486c,306e860f33a92794782c0a365006627d12a73b750e1350afb24592a60b36506c
nhl,23,#041e42,#cb102f,5987a4f5511e6bd443042757522b040d1b7a258a4bc488693a250b658cf43a6d
nhl,25,#b6926d,#7b4027,3b94f09309431a7fbaee2947bf07b99df9c0aac8d61eaba3634e2078a13c5cdc
nhl,26,#001841,#c69857,68f45d7aa38031ec83bd985058f943d54274ad890ebf112f4971388ad87d1d4f
nhl,27,#f6bd3e,#002b62,4d2e7def5af8332185bcfeb59fc9633f4fb30417262aa05e68095d93e4e12c2d
nhl,28,#001841,#604c54,45d1d6176f1753f419671c1a45bf832042e339a8e47163abfff06337933ded8f
nhl,29,#001841,#ec072b,a140e93fa031bae0464306c52fa24aef3821fa9d17e92cf66939efb6b0d2a957
nhl,3,#e9072b,#ffc83b,8e1638154eaae178588702673410e00938831f0a9b05512a0c8727c6e45e76a6
nhl,30,#00422c,#c9132b,b1d7a8e3e887381d590649665080184cacfc50050f767c0723fcc6524ef95188
nhl,37,#c69857,#000000,913da521af36370b9b9a3df6ca6b869c915b54732cc166d369865fbc24197e44
nhl,4,#e18b00,#fad82c,4e3260f13d674c1ec71e6ac7c08f9c6d4680fe4052a087814b66466ddaca15d9
nhl,5,#e80022,#f58c97,a634a4fcd294b2a439ccb16ab4e554227ec57aac2dfc198014f9f112a612c12d
nhl,6,#001a5c,#585b85,f8e95d487f02c85aeb65a200f226b795e7a8de95604df49664962ad473d57666
nhl,7,#e9072b,#a37278,8b28b34fbd7b4953c550fc9fde1656f68f1f402088f3d86922e3c6ba514330a0
nhl,8,#121212,#a2aaad,92c3b54fa5e296730885fb0ed63a5a8c062d50c827ae3ab1733c9529974733ff
nhl,9,#0e8940,#273c2f,58fcc157a3b553bd10c7231118623b1e8ef5303e6b93e490e357ab7f5ca6690d
ohl,1,#ba8748,#deb661,a0f27c6b206c4b16cbabb448076a511f6eccf9a230f9bfcc48e66b20a406c50f
ohl,10,#233e95,#ce202f,078d1bd1665eba79d035d8abaf746a95cb4b1ae0f4a0bbf119fdadb12e22aa24
ohl,11,#eec943,#74674c,047bf396d1ccb16fd8fcb962a8f12b16e6ecfb2da981320d0b405e89b4aaf1cb
ohl,12,#a63039,#a4aaad,81ff82f67f6ae25ee996d1cc8066e25524fe002243d57eeefe10edbec81dc3c5
ohl,13,#0d1d41,#c98c6c,9a6af39bd980095e315b3667af55939bdb0b2cc5dfcbb872b94da998c8818d79
ohl,14,#056b38,#b0be83,dae45a05e82da5487989fc09a4c4d4f8111d0457b1a59abfe010c129f6b25035
ohl,15,#fec526,#a89a6b,e73a0e5428cd1f7e3f82cddfc53c4a61ff094646801fde40af17bf3ddfee70dd
ohl,16,#e2383f,#ef9498,7a03e9931fbba7260736f7cebb49b1260344855ea0a5ab9375d101da5b0b555d
ohl,17,#01274c,#922b3c,fe10fdf6b9e756bc1cdf138b8a44bcda565f0c337960a6b108f7a202dc0177c5
ohl,18,#002768,#374d7f,984472b8db7fcccbf3a491bf43eaa12305cfe8d2ac4ab588a704b2afbcd39f36
ohl,19,#fbac56,#89811a,8ab29447a912a84d5bebaf62fa800a671b5b8c76389904e2326c3443e2d52849
ohl,2,#a77d2a,#baa479,a028f9c714292e2b44b54ca0793ac22eba1425952eac1024ae86dc0707be37ce
ohl,20,#e51937,#544d3e,cea419d92afce09993ab6548db88363eb0963c783da5de1894f815fbed389a9e
ohl,23,#6b77b6,#233d97,987e9ec758b425665204b814c72f47631704ea979f87a9b71bb42595f281cf74
ohl,24,#6b77b6,#233d97,987e9ec758b425665204b814c72f47631704ea979f87a9b71bb42595f281cf74
ohl,25,#6b77b6,#233d97,987e9ec758b425665204b814c72f47631704ea979f87a9b71bb42595f281cf74
ohl,26,#6b77b6,#233d97,987e9ec758b425665204b814c72f47631704ea979f87a9b71bb42595f281cf74
ohl,27,#6b77b6,#233d97,987e9ec758b425665204b814c72f47631704ea979f87a9b71bb42595f281cf74
ohl,28,#6b77b6,#233d97,987e9ec758b425665204b814c72f47631704ea979f87a9b71bb42595f281cf74
ohl,3,#dda93e,#efd189,929b50226b32579a628e0f5ccc3d5647112030de625aae367ca555ef561d0428
ohl,34,#c4112f,#003162,c80c657ed88c67299b74838890c718845e6dd2cf98b0b8244cc26b0a47fc9bf6
ohl,4,#05153a,#c11229,37f7439d59fd991707dae8a0f40192a32cc3d6dcec91bb0a5f2c2506de1b9489
ohl,5,#aa1f2e,#673539,0c3353cc9b08c20010dc1295eec4664919227439c5b3efaa641587d0c89497f4
ohl,6,#73263e,,4b18d2e05cd855a07ef9d5832c57d3aeb22dd9564147ad7d906dea46cc122366
ohl,7,#fcb721,#1e242f,0aa679b0ef7ac2e724303c410f787761b9a48367fc6549779ec6b73b889817db
ohl,8,#fac436,#846550,27551140a4b905121fb9d32a2154e6a32eb32905cd0e1eb3601d35df02bbd3d5
ohl,9,#850628,#28241f,4c642ca06835e4dcc95e356c497235d98a516c876b54ab39dc51c4a9936643f5
phf,124984,#0e2039,#47485b,f0070a6a350f4551dc439d37a4350c0a53c5c8579e9c1c7f2be4f05ec5a3f5ad
phf,207478,#901b39,#a46d86,cb447e8c1bbc1e3ba14b259a1ec2ec2145bc4a88ea58b67ea9b239bc57d1f729
phf,61635,#7f7f7f,#000000,cacf3c1c989af45ee947eea0304a3fb3f9b632a8a9c0028afeee75bab5feef79
phf,61636,#f6dfa4,#00609c,e934e1421bf1aad308318e391195418bfc5d7b207e663b555cb7f088bb769410
phf,61637,#1a6492,#006f3c,b6417b2623d6c9d12e173efefc43fa85f3acaac5ef5761fdc2dd95f8004a1b82
phf,61638,#897d61,#bda87d,cf2e36cc271ca9af358ae5629aa48832098df389cc9c496d98edcde469c0003a
phf,61639,#1b449c,#7b91c1,b589e3a1705ded8554666ec4675bf78be889f7d4bd8f840c667d9f59640f0b4d
phf,79963,#ed2229,,099ff3ddfda22129777813def6c25a066ddffbfd34c26467d0fbd85c2794684d
pwhl,1,#081d2b,#769f99,3bd2dc150c80a412148e1f74ab2502ec2a1f0d598651b7deda3f5a87083561b0
pwhl,10,#c12e30,#8f6667,ce6e02698d335fcd95357cf3595fd4d9d33937c885ae4bfa96919147c46a9466
pwhl,11,#5c0a17,#e2a035,be52d27b8d57d95cc5a9ac9655e99f5d716672f1900cd2e8a68a703f6b952d3a
pwhl,12,#717237,#dfc287,17c15b98599063a9fd63d36bb2e4029bfbb0a7a02a13fefd0451188b3f6df9b9
pwhl,13,#f69245,#7a88a2,2147fa76c29a65c65f65290aafdc50e220c8a584642610d71cc20bad58b5bc65
pwhl,2,#9e7db8,#262161,cbf942375ad3b11560c2bb1c457bb520329faf18cc353bddd8d5c771bf4dcd39
pwhl,3,#872a36,#0a2041,a759c039a69f07aac2403b29f65851cdab0f160974ef8384f6bb2a7ccfa95f82
pwhl,4,#00b9b3,#081c3e,bf645a1dd0f9b6ac1ff8be88fc1f836b767f634612b2acdd5c23558dc4919d16
pwhl,5,#a51d30,#fbc657,42808d4a136e68c31e4bdc200f53298e07f8ef276aea53e907cd33615b7c3966
pwhl,6,#061838,#9c8023,8bda0153d8521618ecd71ec81b725b2c71786131565d018d45012e4b90b7a40b
pwhl,8,#8cb7c9,#0a5458,c7048ccd8b9c67a960d839c5e4677fb11151791788a5d352fe4816c1abd73525
pwhl,9,#10457f,#ca9351,c6eaba58b6ed8cedb4a3df06121cb485dd590be7fce0d27bb1ecbb4c7f450aa1
qmjhl,1,#fec23d,#7f6836,272241ba32771fbb4cf18335d8ed23147c8343542318e16eee21d62ee33eb849
qmjhl,10,#a2ddf9,#929ebd,811b09154927cf1808a0d521b44289c7bfbc9a0db5624dcea27bd060d91cdcb8
qmjhl,11,#8f141f,#6b4e51,1cae5d7152da03124295438feead23ded6415a423b452915521d28cd0f462f86
qmjhl,12,#221e1f,#7d838a,da6d3cc9a4608c8c9b5f3e2d6543cbe01ec292df497809fd10df88317b8a1056
qmjhl,13,#f2c749,#002759,c14943aa6fc7e24ad1130e9dd358b6f7b683da9bf6101091e0e3df64c21f8078
qmjhl,14,#df0000,#000000,419c0393e9d0df796af0c4022ab484d361d3fdd7338c00fb8a997649f469e2b9
qmjhl,15,#005941,#ddb208,0bab7817045daeb6c5c4afba266706418d9034bed6653d01a5ef7b6e7e53098a
qmjhl,16,#ec1c24,#281d19,44491249e7ebf0d1b061f176e297aa66d6351d0452f72d0a36a8898d23e22a51
qmjhl,17,#f2bf50,#a5784a,8c23397fe492997094be823f37878f90248f43e355951b660611b04c0c86ddb3
qmjhl,18,#002243,#53677d,b04aa3352dd16e3c2951045ca93e5e2293f1070a22e1c5e3751e84b6b5a36130
qmjhl,19,#1a171b,#e7e6e7,3e433e2ba305071df2edcf6f729e49e32216a11511556409c47e7b3759ecac1a
qmjhl,2,#0b2240,#8a2332,8e5a56271416e7ab33c3fbebed5d88ba89ec9dc7bde367ef3347455fb7c61238
qmjhl,3,#d4d3d4,#252829,ddd8c55835dc9bf41ca7f6dcd5bca12ef052b1935840de2ea7a3d089b18a034b
qmjhl,4,#374268,#9d7737,dcae61cf5a2a022f0229a95f8bcf379f11c2139ef80d6054813d4ed3a8b20f68
qmjhl,46,#976c98,#af2345,8bb78e0335f32250a71741723e889078f6c041cf851872d1327133d02da01749
qmjhl,47,#43427d,#8580a5,5b525c375dbe22cd42a6234fea53616a282127970d1308adea21c606587d4efc
qmjhl,48,#fdd11e,#efd973,4e57401bd60c1ff6a385023cf32cf31398a75acef3ecc7e5240c948ff84240c2
qmjhl,49,#4464b0,#f7bd12,70748eaccfaff9aeaa58bfe50c59ce241236b6921573c30aab0f5efed587bd24
qmjhl,5,#e6bb36,#174734,6586c6dbda19d8a1f0599538c4764871630c51bfbd1c9f9001a9d8546da73719
qmjhl,50,#fcd11a,#376cab,6034ed2bf01402fc5b15823b393790ff620ea12ab61a6df522e40ccaf768b83c
qmjhl,51,#f79244,#70833b,1922cdf140513e7ddce9691d1886d64f646c5b7dd3fc88a0b8261f282cc4eb5d
qmjhl,55,#a4423d,#251f23,2f576fe9ab6e6a08841fb4782152480deefdeee2d92d77e1143eb3f54521734a
qmjhl,56,#a4423d,#251f23,2f576fe9ab6e6a08841fb4782152480deefdeee2d92d77e1143eb3f54521734a
qmjhl,57,#a4423d,#251f23,2f576fe9ab6e6a08841fb4782152480deefdeee2d92d77e1143eb3f54521734a
qmjhl,60,#002d62,#879cb5,339a1f4dfaed78a47c41f2802ab9290a0db13cfc773a64424a987d2638f2e64c
qmjhl,64,#6cbf67,#df1a22,45266e9f5b2320d897164c689a8bd6391c2543029deb123f56d53ed09e192c63
qmjhl,66,#896834,#c39e47,a9a18008ac1a989c3fe3982a4bc48e35c30840ea952bb2b5fe9e6f723bc1af79
qmjhl,7,#8b6e4b,#231f20,bcc14e327a2026eb7753c538e00d4a9a151bcea8a7668b5c420f85f7a92a605c
qmjhl,8,#004c97,#000000,dc49f237c067bf31b2376b8e2ca5e18f0f9316abe63ade7987b749ee153ef1bb
qmjhl,9,#825f64,#69222c,6dde340802ad5380132b4679e9e19178572e706fb83c0a47f2a639d01c56d6c4
soccer,10,#ff0000,#ffc0c0,b9d704ee447cec387feb9fada78ffbf59c327659f5dea9d0e14d372fe472042e
soccer,10000,#017200,#cf0200,ec44859fe3d9b9f2ca505552080fecfdc055997a8ad971235c044d7c1c6e65ad
soccer,10052,#0092d2,#5fb2e0,2a2b886c555e8dda8279030c8b3796dd6204af8b864af91b8321357428d8c4d9
soccer,10054,#006600,#ffffff,96852bcabbc69ebc894ead3035fec809ad375c3156d0b2a09cd8bb77573922eb
soccer,10058,#009933,#90d2a5,a896d0d6e3d0223f681b9d53ef6efdcf63f3bf236b33fad822a55fcd83f925f9
soccer,10060,#e40613,#ec4e55,f213c4c61740d11497f60bad977148df61931f8c57809d49424e3d96e52d17bc
soccer,10064,#4a0466,#ffffff,fe1866f48957d7bcdfa6ac779f73c80fa7b66a649511a9197de21f49c7fb9878
soccer,1007,#994779,#afa7c6,fb1f15fdce258ce48b1c66949f67a6c0e61ead6e1a11015fe458547b0d872a61
soccer,10080,#00a650,#51c085,53132d7ac132475651388b163428a68212fad016f788e65247c138b32f0bb473
soccer,10094,#f7d401,#002859,4587cd91c3884c7af2131bdaf6283606a5949a992c0f7ac96a129ffbe59e2fb4
soccer,101,#e9ad11,#b86d46,66aee2a6712de83310002c53c7b361a816b0d325f3944bbf3b9d728d6ed04251
soccer,1010,#343537,#a2a3a3,02ca76aff3367cac1ac9d5835adf898aebd640b7b1a3fef959c63f391aea0a3a
soccer,10102,#e5e5e5,#0c0c0c,ba3b665cb112d0e54a10d8b454586870b09d8fef30b0283b9fa5c2c929e2c5eb
soccer,10103,#0000ff,#ffcc00,b2dc419a830fd188f617c8427c2ab02b843967b12c37532aa25131873e899dd6
soccer,10105,#008835,#e5e4e5,bcfb0b07a53ec3d4952ff0652b78ae518078cccc6b01a32e52ee3df9a5cfd202
soccer,10107,#00ccff,#b0efff,bb8b14633e4c8c2d405e9ac7704fad35f2d2cb139ae0993ed183844f216ccfb7
soccer,10109,#31338c,#9b9cc8,0fd172a281c1a5d156216b34c2221a46b5c79adbdbb01037bc2f5edbcb7ae02b
soccer,1011,#03458a,#ffd019,a022d56e3a930168fec08fd3626c5844fd6ba81cdbedee71077234df8a5e1cbe
soccer,10122,#790304,#e7e593,8f19458a4a8afb344fea3b26ac37152e31655055ea104073db6da1621ce4ef90
soccer,10124,#ffbe00,#00771e,c3033f962a9835ba94d56ef4c02fd22d686c302d94f790dbb28b4b5df468d55b
soccer,10125,#ed1c24,#2b1112,f6620faabc07ad6e539d88e7ef1a1dfb41c93b3900a2eec83fa193706c65af71
soccer,10129,#c5921b,#584722,a816cc21fd5ecb0254826de3fcd112b3c2e98b9307c8c68043560712c2c3694a
soccer,10131,#009cde,#263a41,66915326014c1e6708af5a6c5c6dc51fa2c35a32547a9b4fba2587b9718f92b5
soccer,10138,#ff221f,#19357d,fe8b2834deabf5aa1d631b4fbce0db509438e5989330a440c591eef42c5f6a2c
soccer,10139,#e50101,#f4a0a0,8a850e0afc0b78c782192c42653f0a8f1b98b940e41a83aa540a06f53199d668
soccer,10142,#0191e3,#8eb8d2,a72e1c80f0ab730fc0655e921203fe91327c5632f473efa8d5768ccc23cf4140
soccer,10143,#feed01,#5e5a1e,c427de02a265494225535ed4baa35989a7c1aac5392353fa984c9f3a4f86645c
soccer,10144,#0c6b31,#2c2568,7fecd2bccd1865dcbe2d9cde3b295234abd7653d48bdcfbdb66aa751804af81e
soccer,10145,#2d2d83,#787895,d92529241ececa2eac59c630603f349da00dc9165e9c9afc0e84a0b1980a0533
soccer,10146,#194189,#f8c300,73bef503702095f48b627e1d2731e987535bb17babfe8b6656e8b3f68a2bf23a
soccer,10147,#d20e26,#4fb4e8,103975585f071057eaaa2ae12bd80226cbc790770f3e9ed99b996ae4143bbabd
soccer,10149,#2a3182,#e51515,8107f64370d7bd9061f71dcb8af2d7150111c8c22dc3c5393a8b1dae3e8f8c8e
soccer,10151,#e40f13,#000000,f60e3bceb1a9637888e52aae61e142a9456a1842befc7d7d0549dcdedd27a16f
soccer,10152,#2a3182,#e41014,8366390d6cbe26bbfe077cc5970e23286f0f2dde53a5427a2ce01824ba0cf4af
soccer,10154,#e10012,#ea535c,ea306cd855d1b14da2f6e9e79c75eb8bf936cec76684004e954adc9dcbac0724
soccer,10156,#ffea01,#928801,145cac2c648f7c7c9e4358d10ef2adca9beb5d5da00674c8cbbb3736097dfde1
soccer,10157,#2b2865,#00a7f2,d5e6c71882fbc7e9b528058b5f89c6c087ddf153354934a7cae5df438158c273
soccer,10158,#07a74f,#52c283,4349dded0624133ed16942c5ccec14f400e71bc16797b0910ee644d6f4839b9d
soccer,10161,#ca0c16,#e9a1a4,8da41f78b6525a4fce000ce9457c54ef2be2c27e1c46c14a8a651b4cb5290ac0
soccer,10162,#2fbced,#98def6,8c2ae73c555081bc8a5a273717d457763de8a4f2d17091f0f95901d790e8ebd8
soccer,10163,#2c156d,#7c6ea5,2e24cb9f354dc9184c0dddfbfc9e2315e9034d7beb74b883dca3619e4a2cfc8c
soccer,102,#005187,#e90406,69c1768ac26ad66621c5133c1ad5788cec94fc3ab7ad5645c23db16c37617539
soccer,10207,#c92639,#cda922,ab9bfe5ccdaf4dbd31c6dccec8dd39c0fab2b9d28659a5dcb628ab9b1feb45ce
soccer,10265,#e2001a,#f05a5f,a90cab0be68df5e0529c673a658a136d6b1b6d9e58f39c5e71c1a08d300d897b
soccer,10266,#3a5c4c,#7b9388,fc5fb946208103e02258ba947b98ac5f3acb1a4d6e07c8b21671029162ae3914
soccer,10281,#ee2d24,#966866,849f7e92c54f2640acc81335ef99c35c9d47ebf4cd5e5e01ce1580e23d50eda7
soccer,10296,#0038a8,#d52b1e,d8071e565b817e77ae5dc79768d941a4055f64ad507cd6be50803941f23b119d
soccer,103,#e4002b,#551023,32f172036837a0a4a7ef3aadd67f2f3d5cb9f697b698ff6c7722b42faa8ae42e
soccer,10307,#0156a7,#ff000a,0c5b0bad182523d26f74efbc58e0334d87c5d08eceaa8c8cb7076c4b0c805c3f
soccer,10309,#118102,#6e0000,2742a995e34c78e687603039b37e9379c22e8056a4dc84817feead8dfd537e71
soccer,10311,#cc0001,#5f4545,0b715d63028f705d87e13e38aff02f75a45cf8790dbfd670ef4870b0a96c7726
soccer,10318,#f2a042,#ff0927,87133e70a197d7502a678bb8760340e095f74a4ad4f43888a69e08bb983193d3
soccer,1032,#3b3a26,#959363,c61f7f8c1bfe0b7850ad4fec507d70f7837eca356b9fd246a835fb6d2ceabf71
soccer,10343,#24923c,#ed1c2e,3353eac2f0e3116bbabd30fe8c3fe40d1b1ec796fa76f5dbd776d23449891508
soccer,10357,#ff1c09,#d3b7a4,65df697fd8f6c68529549b21a70e9949a9f82d883dad774e39a101bd9cb56fac
soccer,10374,#c91113,#050505,9711987433b45e31ba64245b652c5688f85e86b6e7f8a9ffa4fb6d207ed5dde8
soccer,10376,#ec008c,#ef4da1,15a3486ffedf71d51f88538b45f6919e667a493c939b55b497b38773ca805c71
soccer,1038,#f9e032,#348b42,9c299e635ac807b0934f0cbb2c39841b1a3b179d7e0ae9923950241dc95ce974
soccer,10382,#0068b2,#8ab2d9,e230ceccba56d8101a7564ae085ec5a41ae03f44d6f25acd605870d9e8a07849
soccer,10388,#dcc791,#000000,8b6d58b3602555fb90065e7cf22b7ebae555363a9549ec060400e44e8c058d9b
soccer,104,#990a2c,#ffba00,5c8d62dad1ad929922adbb87877f582d8eb0d18c2b76e40facedc2eee65e9a2f
soccer,10414,#c77d04,#1e0a7c,6bc92e4e352622263962317785e0a8e57693a9522705f62550709d66d5018947
soccer,105,#0072bc,#4990bf,d3626b9d4f0fd313cc101ab5013c4d872713786d1ece24361329059ea37134f6
soccer,10525,#fce12d,#ca4d2a,f3b269a3c0607f80d5cb34693246fb62135341edcb9287089e6f890ddcac94fd
soccer,10528,#003082,#289728,e95acd5c522b8ae63e94661ce56a4e0709ea3988709544cf7f4abc4557b1ae89
soccer,10529,#012d6a,#cd1230,ce3ab8b5284466ca6dd0191820b1726686dd1d2134f326e35ab28049de129431
soccer,10532,#002395,#ed2939,fe4b47ac0674e167ac349739ba08e33c9f6dceea8a55cdf25d814bcbe67e7cae
soccer,10596,#002395,#ed2939,09e743d2f0857e75acb3b8512cfeab8dbf34ef1611d6a9a60c87363b7a0bde11
soccer,10597,#696969,#d9dada,60696ec63ecdcd6d3107e2c5825dbf7082e1f51f2deb7e65767d066dfb9f5013
soccer,10606,#2a2d7c,#ef3a3b,c4d816d8f0390f2383154372498c8e0ee89e0a2b319fef72dd2bf92dc17184bb
soccer,10615,#ce1126,#000000,596be052fc9074e1360595fee2a38a99547d990d6534fe2475d59510826ef123
soccer,10618,#022a68,#ce242b,7dbc44a00cb403d664aca009d681f2565ad714757a2752e3eedc47a40eea8cbd
soccer,10629,#e2001e,#b27f5a,db82e3a1c886d8c398269a7ec1390bfd7db7e74a1a4578427c1a4c9a74197ca7
soccer,10678,#0070b1,#f7d761,d572a4b57e2497737425c7cb860b613ea8fbe12b4e8f85ca04259ac94bd4b71d
soccer,1068,#282a6f,#e8151e,00e98bfb76fe09a385afc20f73ae0f9ac076f9a22cc559d32cee30fd492f0f10
soccer,10691,#f11e25,#8e605d,fcf6c0104ea9db595e6eceb950e74285731b5c99aca77c125f127f7f6a47770d
soccer,107,#0d2335,#b51f34,b7e9f6c4b3bec908c40315995fcf54dcc2d61997dd1daa2cc1263259f3aa231e
soccer,10739,#051c2c,#e0d0a6,449dfbd357a02be56428f0ed2eb1ebce602fde824e1f4a0bb46c945196905017
soccer,10743,#99d9e8,#ffffff,39e4b530e51c74e53806545dd69e47c21a2f2b9aaf60de985775847d4d9f05c6
soccer,10834,#bb7e02,#dec71e,be100c5891a4e4411781aa734d38919fa7662915d2ce6f3056f207f35439a0a2
soccer,109,#80327d,#ed1d25,df0a545d8a7a51b6a8f7377c9fee771aea608ca0a98cad5fda114c2043a36b85
soccer,11,#ed1c24,#231f20,e4fdec1eb1b7fd6e7c7f69fb7d6ebd67d23879dd19953c039063492c12d525b5
soccer,110,#00239c,#000000,3020e0fba5c9391d6e8fa119ad67b93f1ad2fa77a2939a5dd42320495fd477a4
soccer,11017,#ff0000,#ffffff,81745166106fa6fa32ded97152c2f96af6589e4db2bfaca18a2ebbb58c41eb74
soccer,111,#000000,,6c190f73f8913b8d0c040e5773c377517a2e1e2e76b8145c87d73c3d2a9a87d3
soccer,111140,#036857,#66979b,4012419ebceecc2d19813038e331a1bb3b97c6976b4f48d1a670cf38e53b60e4
soccer,11121,#171e6c,#fed601,ec50d12f4e6068e59cea54b57ed8961c069ff7ce7ed91286fe6c17e63d7897b5
soccer,11124,#002e47,#63c0e7,11c4b214ead68a2a4df3978580e7129717bf3c7cba09b4177b9fa04be66aa63a
soccer,11126,#d01f25,#2c0a0b,f5749c3c26201e8e2941a6dc569fafed564e0455c4f355bc0492cc77dd0f20aa
soccer,11137,#9ed1f0,#c2b188,082ec7ffdc103f0ad8e1a8fe0a5643e53492ef39a8b2503764c83b6bc73aa28e
soccer,11139,#ce272c,#6a393b,243bd4a82e3b7ca378ff0633d24d7eb1e9f0c0ba6f782553e553eb09f607d73a
soccer,11143,#6daad9,#1d3567,037bc3f3491b4f982e4bc10dc475d7ac9d820198f0e57df3fe7443e3d393c6e0
soccer,11170,#f9a139,#231f20,42bea9ed7e85f614838c4212e85f09bd6a59a44da4df6cdd1c80d4eeb579be2a
soccer,112,#d9bc73,#15375c,774df8a00d798e0647dd8198ab0bdc27fda7daf3ca5ffbea0870f2b653d3cfe1
soccer,11268,#ffcb02,#776b39,efa87179bc21ab1977005fdbe19dacec316b5dfcf8f12f73249c48e1ae6d3f37
soccer,113,#1d204f,#e5b56b,17e9596761336c277f9f78253ae7b0ac2cdc324715a61ed53d12650b123bf8a6
soccer,11336,#007336,#78a68d,a29de742e54838d57a5b62a6811cc9f985ecf8a1193df21b7a3808c707a5ef8b
soccer,11337,#fbd632,#21418c,455e4b26c34f5c9ced748b63f8de0b82e5b5c77a02b123f13d54c70664d14e04
soccer,11399,#005293,#d21034,2e5a7d7f96b61555d428877cb870a4045d6ff335d82f77c6adf7962e7fe5af9a
soccer,114,#135e89,#0099da,e871ac8b6d9cf7acd850bfcf8e22e20d6258f55a45cf97023d937c5bdb515b4f
soccer,11420,#00153e,#dc033d,0734f241fe3b1a5c94bd4beb659c186cbb6fcf01592ac00ecbfb2d5bd29ab0c3
soccer,11429,#ff0019,#e99ea2,a798c453ae3eb970cab9fcf915971a651de3de624918689aa804dfa78c2ffda7
soccer,11431,#0864b1,#c8a365,265865e362e565ae4ea8deafa921af9bfb57109df372db272b7d9146c2ec3d21
soccer,11485,#da2128,#eec84a,cf4605771811214f3433a715caed38ffca26bf41433604eb7a47e69e7b294dd7
soccer,11487,#2a4a73,#e30320,c3903526a340ac7fc16eb2da744f4a2fe12b30f43e3d8a9cd9c7ffaf009c7875
soccer,115,#ffc215,#035192,844f97f605c596103b56b9734b5c932b2f1598b82bd2023e1d50e721a34cb744
soccer,11505,#f4e544,#cc262d,af9a6d36b39c41a07e92c2b2c27e68af200b3782a6b4304e25a03e4f81a908ab
soccer,11550,#005493,#4681b0,51cde14533da4567c15a159ad9390eeceff64cc33b98aea8dd3c9212388e59fd
soccer,11553,#fad000,#9e8922,e505ce3c0a86c5180fa5f099820b58d1b09325c6262408627c51805019a5d3ea
soccer,11627,#003da5,#ec2f00,43c610c6d9377e57ca662c86a761ac29fdfdc67bf13dd8082423b2d2f38e4a0b
soccer,11653,#009530,#004316,8efc5a541b055012f67c4cbfc2dd8240181e48794d3d9508faff680ddff49d4e
soccer,11669,#ef3340,#ffe533,57c869a3f900735a950a166961b56d7170608636c4ceadac2b1a1185638f5653
soccer,11676,#ce2c23,#002f79,e7f1a617ed094d5d41352388e15dc6e6c791919d96621c6ff6e8c4752195542a
soccer,11677,#e52f2f,#5a9991,b4700b4d4b82b54335e7c176223011a726d7d34453d4254c77ebefd43f422f6e
soccer,11678,#002b7f,#f9e814,c1ee12b8b5e67f2dd3b75c450b1eb58660802c2fc56c749a212d82470e4f6610
soccer,11692,#da291c,#006600,8f3107904e8ecc3d934f819b011896d3ab3a97ad1e07b3bedd052fcaa02e1f96
soccer,117,#841230,#b57e53,32bc8a834c5de4d6d0e146bdb1568b10e3e8373003160fb6a99c13b9db9502b7
soccer,11706,#c20015,#0000b2,61ccfe28584506c4b082d25d5c4ef77f26f183bcaf858a4da17fcd61ed0cc621
soccer,11766,#d10525,#0542c7,a2a3e839804e0214d2904d6d1c5084794a68c68cfc4783f254355f72310118a8
soccer,118,#a2943b,#605a32,f9acfd56f4ffb566c583319cd9e2cfd0d66d2c77fa5a8cbfd96f1301b4a29ce7
soccer,11808,#12ad2b,#ffce00,dd372283455ade5cff0081ba80ce18819b1f2778326cd3d37b1ca58d89d0576b
soccer,11884,#005637,#a00015,dcb3d88a52a4266c13a426be6929351b84febf4aa7008bf5dc0c6cfee6c96feb
soccer,11895,#0a629e,#1891d0,f256af6acad48ca2a52facd08707b30feaf1eab6e1f7e136c93cfd2592118075
soccer,119,#002f6c,,24513d6df4b5b4d56aa1fe9d1a5ccd0ab706b107e9bbd6fb6eb14f797204d433
soccer,11913,#ff0000,#000066,6d219266d5b8f1cc2bda1afbdb48fd896f6cbea19494f528f720937d82da6f9e
soccer,11963,#000000,#ffffff,9e93a75191cb1e98bb2e3b89ae21314878b9b44e54d0f7b1664fba317c525e5d
soccer,11972,#231f20,#979596,78e07c780e02335af558f18539f40b29c0590d54796f0e51b4f76507a366d0e0
soccer,11978,#fe0000,#000000,bb4784e70b2fbeb4a08fdfb7f2f5041e5cf6dc0767ce81249af38b5aa3a3302c
soccer,11989,#000000,#d8d8d8,89ce0627e66e132afd16e00650fbfbcd1e29d6cec24bfab1fec637d709eab66b
soccer,11990,#ffcb01,#30260d,a6dfcd299e0f36ce15d1f230ace70d5046901c396f2893e84c5995b67b3802a0
soccer,11991,#2f9f44,#71c083,aad42453c1467e9548759c6645c1777faf77ffd2defbba0e88e20fe346c66133
soccer,11993,#000000,#ffffff,e11eab282c8f79a7a31956bb36930343cdee9e07def07c0920f3477aa370fa06
soccer,11995,#be9a5d,#5e5138,d08a6be1e77c7d707e2156a4f8d4c335798dd178abaa1ea464be2eef5a84b06e
soccer,12,#9f2b55,#ddb4c3,4b659b7267fbd6025bae8556c2de3d90ca768df64d8160c86d58b0948a6d533f
soccer,120,#ee3123,#f7958e,b4f4ca3170cff39932ce80bdad4f4f814fdbfc110a7ec90708efbf64ee6ca294
soccer,12011,#61259e,#f1d281,9a9535bc6c822cfd76a65026320c860350bd6b0a3016fa45bd280dd4a9ec7a1b
soccer,12030,#0071ce,#b0d2ef,768b99e3ffe5d13325337a7729f68d0057f3813aad382c69cef53a168f692d6b
soccer,12062,#ce2c23,#002f79,e7f1a617ed094d5d41352388e15dc6e6c791919d96621c6ff6e8c4752195542a
soccer,121,#005ca9,#a9c7e1,3422cac299b9fb76879a708233320dbae8564007122a168674e72d46c13192dc
soccer,12124,#0095a6,#ffc200,78437a0f9847b345fc45ee7a012a08b4fca7294562e8549e89440798b6aec6d7
soccer,12146,#018240,#62ae81,6626c429afcb0c844db12e26acf36a084f2fe8d4fc6e36d48c6e84dcfcfddc81
soccer,122,#e41e26,#8a5053,180137781f4086f4f459f99ab4672d4b8904d4e997327f3fd640349d182ee058
soccer,12215,#cf282b,#2f536e,b45cb7c8ef0061f415c035a1ef171ae63116f4682e0ae46e498b8224b815ec39
soccer,12216,#0095d8,#fded02,a23064baf93843a0d9a5ccff9377c557bc727e79586505d4a50ab4032f5af38e
soccer,122813,#d0333a,#462427,1fafa4479521073628f980490bd079510401291112f715726590514f4089196f
soccer,123,#e61c02,#fff55a,2e88ad0fdc31d4192ed0425c731c45f9e34ccec9eb500f1e69c1635d1b576316
soccer,124,#ffd900,#9e8900,bd11d3d9f17caf5352cb44234961b89b8794a453b2fa9c355586b68a828facd8
soccer,124510,#512873,#7b5b95,0919ae81afb2cb501fd2eb65c9ed9a2006b5d75b489a3e46916c4925567b7424
soccer,12498,#ff0d00,#865250,b25b0b2296398cac498bfd45f76a517cefd4b009f8b746330873602e73db6adf
soccer,125,#d8252c,#ea8b8f,8ed093c2fc6ef46b7cc8e8ac58b0dd7f8fccbae719cba7514dffe7c40507f16c
soccer,12587,#014596,#e52a28,fdd116ddcfcb43dee2c13a30bc035976cb10fd8b98b8e87a98025c46df74f2f0
soccer,12594,#0f427a,#e7ab1b,b713fab4d0ea19cf9b2855594b1f6acd39222bb628d24594c7b0a2b142142ab5
soccer,12597,#81ac5a,#dad071,17d5f69a4ec6226b12c80b96f756a290705debff90ccfa2598fb6cb5a342807f
soccer,126,#050708,#565758,53e64e30e43ff3c4a7a2f8c8802e439572afae543cf42d5ab70d0b694dfdf95b
soccer,12633,#010080,#00001b,21c85bf3878dd2982083f46e8b9ede484b0c7b1e6d3bc8595d34d3693d914958
soccer,12634,#00ab39,#c71233,8ed638af060cafae61514f04dcb3a1e5e0898b0ce990c36cf25300ba14fde9e3
soccer,126595,#b3a068,#6c6146,e563c230bae64bcdc7e899c221f1a851a97a8b2fb863439d17e6e501bf98a187
soccer,126601,#002c5b,#a52a45,acfae037466dec5151aff92ef05f955416cc29c805f05773a9734f02b122aa9e
soccer,126699,#342a7b,#746f95,db01008fd8577b962aa597f7a64ed7e2f863b6d9e488ffe814f71091eaa54ca6
soccer,12698,#fdce03,#19355a,fbc40d2ea5efbf25dc8d23762bcd09adc77b8396b3d7376bcbe2e561b51dcda3
soccer,127,#124b98,#4d73a7,39f948aa09e784443c3546f2248c19dfb1c15c19ecef3e588efc3128faa00a07
soccer,12705,#003c80,#f8e911,e0b83b16cf8c4b10ed0dc04ae51a28ca9a822c8a502b3669f936ceb5e0058b1a
soccer,12706,#13a040,#ffee04,03a1046b20748e0d5bad50c96b81253ead9699ede3dba5e50ddff2aa91170b08
soccer,127922,#00402a,#99b183,8be69e155599980edba9e257d10f6d9d4a903ca0d081185560f7d92a5d9e404d
soccer,128,#0069b5,#e64226,1e18705bb2f255cc06e8adcd9acc4737d48579cb15b5ff44abad45b316ec2981
soccer,128250,#621b7b,#f9b118,f5f90f73bd83487bb37655b282aeaac6ca5e5078a8034348e08a0545c2df87b9
soccer,129,#004d9e,#6d85a3,e9bf77b96189cfbb852fe9cbd66cd804d05c493990943803273604f1f8947393
soccer,13,#ed2227,#f58a8d,af11fbea6cc9000095e9b1c60aa63bf11000ba501c26122d220e1f5340f15e52
soccer,130,#e1001a,#ffffff,69e266584be8b7864ee35a818c8d69dd5913335f0ae15e48adef5d94a95ef2e3
soccer,13018,#00642d,#3e584a,2efef7f8937534ad2c7eba934224e5766a14aba63addec714da3914a9bb371f4
soccer,13033,#349b5b,#86b875,e429e3de308ded3d945daab3013ba673e75bafa7c4b318a6b53a2be96f406f8b
soccer,13061,#ebe9bc,#fef419,2ba4a15209a4e42c49433aaddef3f3805e1429c9ce9a897db670dd869a519a56
soccer,13083,#d30229,#e28380,8e557c40c80fb6bc7fae46d88e4eeeffe3c1b2ec1a9649e37c531c8c598e1811
soccer,130875,#0b1a30,#b08c0c,8e781e2858a8f03970ce5d38ab0ba11dcb8851d9e6ad041b77ade73a137efebe
soccer,130883,#72123d,#ffffff,dc12b9facd0b3cdee7ff6e01bbaf15c4163e970c20642d31da9b3b86dd27e1d2
soccer,130885,#51b5e0,#191131,3db5bb1343c5b3429160dc8f155a82299b13062d5f30805388e4659284b7b768
soccer,130886,#ce1126,#000000,596be052fc9074e1360595fee2a38a99547d990d6534fe2475d59510826ef123
soccer,130889,#009530,#004316,8efc5a541b055012f67c4cbfc2dd8240181e48794d3d9508faff680ddff49d4e
soccer,130890,#ffe700,#de3909,9422ae2f00e61ccca72ad2e2fa9f8800cdd3f21278d4b8bf5259f761b5acca1d
soccer,130891,#049a64,#f58241,be9a2497af4479bd66f9b3277322412b384bbf3a22ed770119fefb686ca6b341
soccer,130894,#051e42,#e2bd48,67febef85a4d3ae01e273bc89c89ada13621dd5f6a431807946d71bf189e8122
soccer,130895,#051e42,#e2bd48,67febef85a4d3ae01e273bc89c89ada13621dd5f6a431807946d71bf189e8122
soccer,130896,#df2027,,3894f089603ffddd6aec24a9c2841e0302b80d5608265465c0d5f6adf1a2a48f
soccer,130897,#009959,#0033ab,7bee92005bb15a0205087a5f445d4275d5e4ce961035179f1895ce5650292ee5
soccer,130899,#2b788f,#8ec8ca,6438465fae19f889e6809380a8bae52e04b67676034799e8fbdb2c1681733b5b
soccer,130906,#ef2b2d,#002868,a3a5665b88adbb41ee627fd8b13b140fcbd77d478d20ddfb153214808c7e6356
soccer,130909,#d72008,#323788,d65ac5dbe1a045da75cd7bc2672d00b86e1f456f6454b7d5b1361994b8bd410a
soccer,130910,#401a64,#a08db2,97ab19d2702e8a2bc6ec04aaf776e4c93b8dd6f7a488777b07c69d65cc88ddd4
soccer,130913,#1a719e,#73b3c9,9497dffa3e4ac1aaf858b448409893b990cb4263beb81b55c46809c165544c55
soccer,130916,#ce142c,#231f20,c5e208f80c21b98aa35afbc0d49ee9eab3f5e83fa315c93afc9d66fcbec8fc6f
soccer,130919,#0033a1,#dc1b21,64ef85a9bccd3137efa376d27e95dd95d35ec880991238cb53187ee8c13113e3
soccer,131,#ff0000,#ffff00,e0be43c3d770332d031309e661f127e22bc8202a1211993c467193444481cb4b
soccer,131209,#104076,#edac09,bd87facb863e974e42a43147e12281f5976be88c252f6590e296d106ab7976d5
soccer,131213,#fab231,#094577,2d0ab562bf09f51196405adccf565abe1038888e26cd4b3e2758ab665bed03e0
soccer,131216,#ec324a,#373536,c4edacddc160be7f16ab1468d01ee075cf8e78b468425047a6c57434c0745b37
soccer,131217,#fbbf16,#61512c,7ad000b8aad2a7557a9780da8aa6ef7b60b8463c315677085b430f5bc1c1cfe9
soccer,131220,#d8a914,#231f20,8292cdbafbce0b95c5fcd73438c312b7bc9f09dad5c29195060bc5e0e6a72fcd
soccer,131235,#00865a,#85c4af,de561b1ac830c3488067aaccafd7c547b3569317e0094b0f9ce34a568c7bd371
soccer,131239,#0d0c0c,,4a02b4072676ec9faa665f1edc4eb20c4b0db13a3fd3e26fba99e89b64dcb263
soccer,131245,#321e18,#d2c308,e7951e3324322aed239fc7855e111f8d8f909ffff72c12786ed3fa23ef1bb26b
soccer,131247,#075930,#e79d37,ceeba7f0d6488f85c54243e4431923acf24825459c736cea73b6463bf73edac9
soccer,131256,#ddcd91,#7ea793,20fd88ea6603d76b5d1372e15f25ab66410cf6302fe4e0dd8afaae8d9623ce0d
soccer,131257,#ff0028,#300047,b6b8fe54f6a1afad95edf3d9c8fc5199c09ef252f978c19a68b05127ad7cf609
soccer,131258,#49121d,#ea3325,76e71d6e4fdcf1f042df588dfb3d4cbb8c899a43be254c5803279ed840a2e1ab
soccer,131259,#647dff,#545174,5295c40844dd32f7806ab437ea3e77c80e396bd255c8234151c2908930536e04
soccer,131260,#201d2f,#4d777e,71318a212b84a122da9e47c8902a633ccf38ea43fb21dad240761715e4bb78c6
soccer,131261,#55cee6,#152029,3e723c84fc53c7ce8934e75378049ef9a93554fee971c9cc4de0a9d960071178
soccer,131266,#ffd457,#005999,3965f3adb1f00f678f1456133d8b9f23c6ad3646445b41971a2473a6427e0f20
soccer,131273,#8b2332,,900cb49bee0349c8a8d98471e908d2d21e7944184e3febb40709b1c55d192d3e
soccer,131275,#6e1d39,#ffffff,c5d1eec7f3226c1f4c652a7472a08b93346e60ed6f9324da4bfbe9aa4f9a5865
soccer,131277,#d82239,#fffffe,269674df2b9ce76f1d1748b6cb134987ecad1e88994ecd56420b4958774174d4
soccer,131279,#0058a6,#003057,eaec40f92251672337ea2a730cfa8be723ddf7ddabf648860889aa0eb8499053
soccer,131282,#224474,#26a0d6,87334edb98e75c5437a37ed24e3f0f471fbbfcd08d53c4c0edf00773d57436e6
soccer,131284,#3e1a62,#c9b093,2398e2e7d12a00ec7735da51fbe30fd09700c9eb782f19e34006a9e74a61e2df
soccer,131285,#1b4a83,#f5cc28,3aa7e6957d422f9935cf4be31f740fbced16038f147cc10b719c97701fdeaf29
soccer,131288,#a76709,#e36721,457568e1bc33795449dcc269133f5f820723916dbe7797a433877fcf957fe272
soccer,131291,#2b338e,#f9d915,e871ad25e8e7e81dad335ad28510e5cd112c02a26ee1989f38144f4ef5674b73
soccer,131295,#fd87a1,#c66b80,0d0106319d5ec2db3a5d6d0c43d41e29c998f490dbc5acbd377b7946c3598977
soccer,131300,#041e42,#0072cf,46a358c29ed3e7ba1355225c649dc9b614a5b3eb253794e049d4ee6b3a0e325f
soccer,131303,#003da5,#981b1e,bcec02a733d94a27f7e3c24fdac3c742d334c578d35dac5e425d40867db6c267
soccer,131307,#154743,#bdbcbc,16c58dc1728d16b31a9be1bdb4d2fc678747a405894e0ee4e8612d9afd9d5fe3
soccer,131311,#a76709,#e36721,457568e1bc33795449dcc269133f5f820723916dbe7797a433877fcf957fe272
soccer,131317,#002341,#b6bdc4,45d6201312e7e6e28b5abc4612b46f268be75bad4f8e97918f9e4f1354abdaad
soccer,131322,#a38732,#000000,3f5353e76fddd083b9f076b8d04c815a930cbd60ee6457d040a9c8d15bf9788a
soccer,131327,#25346d,#94a1ac,79f0cb300bd984833410eafb835aa3a6b5df15ed763ff2ba27b5589c95d5ded8
soccer,131335,#ce0f3e,#231f20,c4009d9aadf6db8d9f64f4c36ee8cbd9743332d449335dbf9fc2a204a2711200
soccer,131339,#e21837,#000000,0ee67460cd1770453945fd7a89501659e0940584bbc0ccdfab68ddfb51945b8d
soccer,131361,#0c7837,#98c7ac,415b005bada47bd79536ef2daeb17f622dcf8f35516b0de8968b777891f3672d
soccer,131393,#2d3997,#daa340,d89febb3c6fc2985acf362a7cb00976d7df03e9520d7a833d4fbae2245a77791
soccer,131397,#15355c,,248ca165eea9371b070cf48a5e9b382298f06de4b0609c51390e62d3b5d44945
soccer,131423,#e51b20,#4bae32,8c3b014acc1e9341176777b0e57c5553374a7b19b39f0e70195f589aeb0315f5
soccer,131428,#0082ca,#b0d7ee,6eca69508e7f09f49b88aa57e4aeb273690a5e3dbc53a6a2d86e0815d5cbf636
soccer,13143,#ed3237,#ba8384,15579798081658166243ff4287686aeb32bd7637a40389ca6cf7a5db39290e42
soccer,131447,#54052b,#b39262,61eead24f5d971f917276172ce6d46df968f9ed5e999fe63e44fa0270c72fa9a
soccer,131449,#003087,#a7e6d7,a04ed8bf95e94111cbc548ad96ece11b69da8f4b6af69d2c423a022a0f7b5435
soccer,131450,#167bd9,#7ba9d4,f29f7c43e4205e633b94bea750f91e06af88506e9efc94af8595387816d50f03
soccer,131451,#003a0e,#00ff1e,cb7ddb3a7859a3b459fd519829e7124ad8e926487e1cf7ec592aaafb82f1f619
soccer,131452,#c8c3b2,#161717,8c04a777275a4edcaad7582986a437d6b04e4fd33ae80230a01886eb7c955062
soccer,131453,#00aef3,#72d1f8,dbaff2049c8dde264e0cdcdc60b40b236e9fbe3e4dc82faa13ecda5e7ecfbe73
soccer,131454,#002256,#fa9601,b560ef63ceba4fdf5a3c6035ee10048a7cdc649436db10cb1f35cb3083f75ce4
soccer,131455,#041e42,#fbe049,cfb42fbc5c23e6a59427de1c0681cda9f09320841deea32d86ab9eb0f6712559
soccer,131494,#002b58,#526c8b,78a2d4bf28438f302e46b6cda05ce6aaacb4d168bd196183004afff4c78da33d
soccer,13150,#30699b,#00bdf4,cc8454b7a131acd0aa066d9484bcb670028716aab28d709a20144c24f289b4f0
soccer,131552,#222d60,#940c23,462c1c4d62f7006e3d3c1187d8b7a4b0e6ede43ad323a078273a7dfc9e7aabff
soccer,131553,#213065,#bf2033,958e68d95a65902d04add54a5f40248c0d8fbb0bd532aab594415193f2f37234
soccer,131561,#006600,#ba0001,1bfedf8cee12677ec5211d040c35d350bc26b1bf2a060ccf9e724d7285ddfc17
soccer,131562,#00ec76,#143323,f9a32a1b7cf45989e426eb8ed0a0dea87c8c018ae59f996110c5e7ee6e4d9707
soccer,131563,#01624d,#d0452e,0b2b47998486d2b4483a1ecea461ed767a5ebee112872311ba08832261efc1da
soccer,131578,#00aef3,#75d1f4,92fcf7cae5a7a21f91685d8829d2d155d53976354fa187ae6d85d21676950d93
soccer,131579,#c8c3b2,#161717,d8a6893a4cb194829ca8722b5c4f5cdd2dd2234bd71e36563f7111132e5c07ac
soccer,131580,#eb9a32,#9b6521,a22d3fdee4b4dc558f82f34bf9213cf3ec0a8bf0093b58f034aa24960e152ae2
soccer,131581,#1e8e44,#27362d,14409084acd75d32dfc8b86b452ce9d5deb9c83bd7979f0257a21272ae0ce1cf
soccer,131582,#011d4b,#4abcce,b1911f34e4826cc22842318165e194b1cada580265f9f77c6112cf7c7c092a62
soccer,131635,#00239c,#3650b0,b06c3808d939b9e7d996490bd8abfca0327680f5a45974bdb1ba88ef2c181e07
soccer,131643,#463d8c,#a4a0c7,bf22546d852fd23d28e73f7f496a648e6e5278116209be75d11eea3bd929779c
soccer,131654,#cea839,#56461c,73f6c054d15811629af35ea5e0d6b02ad0e1b12b87c0d39c714778346f546d30
soccer,131655,#001f9a,#e8bb46,bee110a112a6035f699660a9dc529c89d4c0f46b9755e69732c31baaf2541e29
soccer,131657,#dc0302,#006600,8ad09117cc8cd6f92fcb589e61f6d3e265dfa3bfde4ac28307aae61ea85ce6ad
soccer,131688,#e00000,#013f94,12419f978fe1325f869263a5cafa40504ce0462005cbeef331e457ed4e53515b
soccer,131701,#312783,#005a9e,8f44fd206abd183843eaae6f305616c3f5080f35507f531ee6af933f7e87bf88
soccer,131702,#e30917,#5b413b,f2fd4ef3228bf3371081759fc080ff7f02d95850ffcbd9be9bd60a71cef32ca8
soccer,131704,#cc9e48,#143563,d4a3632c82a8e83265248a44c23a3e323f4966449e7ad81074454d5262165a63
soccer,131705,#c51b1d,#e4cd79,e55598859f034fb7354bd0660ecb54fed0dbe67eeed8e0d5a84332d7bb98615a
soccer,131718,#7b132b,,d7a4aedcbfb8a0618b55844b0a2d8cd4267a7d6ddbe8e5181338ea538c7bc0cb
soccer,131719,#008350,#231f20,e98121f5e289334a43226079bf01766520e92e30972623e025feaedb27e06e08
soccer,131723,#00ab39,#c71233,8ed638af060cafae61514f04dcb3a1e5e0898b0ce990c36cf25300ba14fde9e3
soccer,131734,#038a3e,#e90a02,1b626048ef6442886d10412ca36a477cde33cfa676f307e7d04831b63315a661
soccer,131735,#dd342c,,adc92738a6aee1c65a732fdf7c033b4aba615c6d6becce65105ec43eba700b3c
soccer,131736,#0000cc,#cc0000,d33f20bae399e3003a1689b3adf2df58cda4d9e7b69c4d0f9d3a8afb50f2b741
soccer,131737,#295da8,#a2b8d9,e96530adbd35298a4418586343c81e9570d52576c0bc22a145a1d457aa4b24d5
soccer,131738,#f9e032,#348b42,9c299e635ac807b0934f0cbb2c39841b1a3b179d7e0ae9923950241dc95ce974
soccer,131739,#c50009,#d3ad3b,4b6aaf1e9005731034b0a382231d58e8b60fcbbb15aa28bc4308f87c19d9fb7e
soccer,131740,#c70021,#f7d21f,1656973561bf1fbc912701929a02f0c2455e2e55bb5bf5c093207bb4fdcc1e39
soccer,131741,#c6363c,#0d4077,a10d04432facb8650c624dc976e352df9d052065fdfce2f710cba720a4ab25e0
soccer,131742,#1eb53a,#00a3dd,b0145f8cfe9a6e1568676a87a080375a8e9c8b41814a6aa4a8803db1c7e1f3dc
soccer,131743,#fb0802,#f9f400,135d3bd58ae714b7a8b5a270f14663cbbcbdf25ed7c4ce03c088493dc2d1a398
soccer,131744,#d02a3e,#282f2f,a2c081bc1712cd908a5e7eae6b72472ebc351778c005e6a7c42ca8fe896ebb35
soccer,131745,#fce100,#007168,db7065ee5f26249dfb0a4b8c62fd3b7acceeb66faa1cb2026d784ce683ea9b52
soccer,131746,#d8b595,,b9910431f1ff4ed909fdd26fb6d8157b1e307cb47d37d80ba701732bb2aa0651
soccer,131749,#d10525,#0542c7,0487a15adc2419ca2957997969c0562e6bd5c7926bfa8f80f0a6f4701243226b
soccer,131750,#74acdf,#2b2c2d,bd248be4adbae650cebaed580ff6aebe8a85798a0de0b3bb9aa89805d564174b
soccer,131751,#2a2d7c,#ef3a3b,c4d816d8f0390f2383154372498c8e0ee89e0a2b319fef72dd2bf92dc17184bb
soccer,131752,#cf142b,#ffcc00,d319c17eeb3cddff6a255c8e1c0b7fb3a0335e79da1609417203d40a58e1c93f
soccer,131753,#041e42,#0072cf,46a358c29ed3e7ba1355225c649dc9b614a5b3eb253794e049d4ee6b3a0e325f
soccer,131762,#51b5e0,#191131,3db5bb1343c5b3429160dc8f155a82299b13062d5f30805388e4659284b7b768
soccer,131784,#009959,#0033ab,7bee92005bb15a0205087a5f445d4275d5e4ce961035179f1895ce5650292ee5
soccer,131790,#6b4c29,#302515,8edd8937aba96854f5a56c23d91c99e533cca9c33331950409b82284d609c3a7
soccer,131835,#be0e34,#e1d95c,79d3050165c14522cdd2b0425f71757c59615e55b51d774e28a22462c1cc2039
soccer,131840,#c02435,#74212a,1a60c563acf197d3641b9e136117b982bc92aa9a8a36d69ad8e46ecf39cfd418
soccer,131858,#d50032,#6aabe4,86e39e9a62c8b5b78a43d87f3ca89b8914bdd1bb9aecedfec1255603c459b015
soccer,131859,#aa1835,#231f20,892dc6d889b7c224a1c83784428649f908d1f4fcf5eaa238e81bd0b8a61b1393
soccer,131878,#93c749,#016052,3b94037e2a5d14cca2bf83357e03fa58ca7ad9f9049b972be5885a9cf411897d
soccer,131879,#bc141b,#000000,8272f54433207a5029a533bcf6ff249f647fdf267281c0e4cb133f1acf487e17
soccer,131882,#512884,#fbce28,2735598effd9827904070c41cee2104bd52a6de365e7033f009842ace499bb51
soccer,131975,#8e0a26,#deddde,63950b2baee48127cca45f41f21924749c4cca6ffb31f1d18a414ad8a9e8f7f9
soccer,132,#dc052d,#0066b3,97d9c68c3fbc44834e836b6b82afab725e450d0a7c5f5d6a328f4888297511ed
soccer,132330,#37a2e1,#a7d1ea,4ca5dfc629eba7134065e21ec6dafb8f4c934e4f455f26ac5c893bb39aaa1015
soccer,132334,#bb3438,#d69799,5a19a305441426994fff9b11700862bd52bc4a988faa64b0f7c82aad3b847e1a
soccer,132362,#ce0e2d,#000000,1580e411d9ac797b7b4a74a8ea3e46122995377f25f2448d7e493106af2d0bde
soccer,132374,#1c3765,#640e0d,6e40ab857c2cfa6b1e910c8e5bb6b3d2f75b90de9787f8a9ebd9193b8c5a49c5
soccer,132376,#ce2931,#166c48,c8554383513f7bbedceadafea1baf71e255929d524162ac2426bea57469aa291
soccer,13238,#231f20,#bfd2e6,dc35a4c4566e1912fa6557a4b05efad3ae6208cd76b74eff2cc1ff4100681df1
soccer,132404,#0c2950,#f2541b,8219c90b8b99cce1f349a7e3e317f42d943980536ab80fcfa7551fc07348a8e1
soccer,132429,#d4b46e,#000000,d466ba4262e364acf002214b890cc1e8c3f1e8143acda872c5b811c963037a9b
soccer,132441,#e51636,#a09d9e,ea8725e7831ba16658028e3fcff99afeca181764eddd4e94cac14be7a1d7c0a8
soccer,132447,#f3d718,#004694,bec8a6a5f836b054d76160283fc7e7c1be5b4120102799c819b2b8474fe4e62e
soccer,132448,#bd0101,#ad2f30,b56dbe0b6430ed2ac757a8f3d0b8eebf0c343ee55a0a0cca20d3681f1213847b
soccer,132449,#b63226,#142c5f,f6eb8dfd6195d24935f64d89e4ea3690caf65f81ae7690e69f584b23e24efee4
soccer,132477,#2d7ac8,#fbbf15,7471946bb152a0399808fa9d1cb21da52c6dfdeab24e48e0a34ad119582b2972
soccer,132480,#fbc90c,#1b52a5,1f9f5089b884ab78fb503a76634b575e7ca711751c759df839f91da46468e1e8
soccer,132481,#fbc01c,#4c5055,0e78e34b12a08d8dfe97776ffb3f91ee3d18b97e6ac67e4029101cf577996f27
soccer,132485,#16243a,#c21b32,447d7c8b26f9a1184e825ad91c014481da54d4f65ea50f42e845e5ca83425aec
soccer,132510,#006444,#8db9ab,825b8f78b7adb4b207fb2de8158383b06a77d7e7de154b527dc6789f1691eba5
soccer,132552,#00457c,#98012e,99ac7ce1aff159bc9004eb34e6ea728644e9f46f86fea7c8920228d4e4ea76f4
soccer,132553,#206833,#293982,c7ae9c19505e7429cfe4d7466c2bf8c10b2da2939f86dabd13d6374d5b7107fe
soccer,132614,#4f267d,#ffffff,0cfff8268ef9604cdf0b27d9a1f5979d09c1940630ff2281903ba54891e8da68
soccer,132648,#26573e,#d89718,411b62d5c6202d12817ffd5801d4d9e4a3eb9decafbf2a2eb269b66d430bb53a
soccer,132652,#633917,#ada157,c0d100ad7dcf8390c860c410544757108f939a19d3f4f1f46ffd6eec232385b2
soccer,132653,#facf07,#231f20,47fe890b0d0a2b07a782d108163ea156b70f1bd401a3c185d0abce27ca4a881f
soccer,132655,#0c2950,#c6ad7b,2eb2ab9b4bd2256856552b024d8fe286e889e44dd1ae44952eae377e28970b4c
soccer,132657,#f58025,#000000,598fceeaf66f0fcfabd99e49bac1cae3add4e859551383103e490482374fbd8a
soccer,132658,#84401d,#030403,c4f5a17d10dbd2cdf8ad801daf90969264ce7da6cf51c5e7cd8772a2f19f2dfd
soccer,132659,#f36532,#231f20,97d361db25034546e9ddda276172e7d0b31ad6400d987a7736f62585f69af1b0
soccer,132660,#e51636,#231f20,d34a46c8cfe71ba4b052326015db411e81fc1ec2d35239adf1f64345ba5e0533
soccer,132661,#8c2232,,1c3fe64d7b8cd4a7b533433dc0f4cd7fae362683a2e4d297c07c72bcfb0dee71
soccer,132664,#006f4e,#d4d6d2,244f390e5614b4b4a2a95c54ac06ecc05df0bfabcc9933560eb87bc2decdbfc9
soccer,132669,#0d2240,#38939b,61d07bffb678cf0aab49fbab879ec846575af3fa9cafe8e6f1321099d1384bec
soccer,132670,#fbbf16,#181b3e,0d258d5dc5294c763269b25ae79c0fb12898bd94b1e8a5ee25b2e2fe18622ff1
soccer,132771,#b21938,#ecaf0e,7677d82a950406fcd0a4ce1dd98e8e55649e4df98fde2193bf1f30cdf4bbb16c
soccer,132898,#401a64,#a08db2,97ab19d2702e8a2bc6ec04aaf776e4c93b8dd6f7a488777b07c69d65cc88ddd4
soccer,132921,#03204d,#cc6d58,90ed0ed5f99457fa854b783a9bf944da7c2e3d8005511335f8823faca867ff96
soccer,13294,#398860,#853236,937cd20255123c6c8751893805a3497c37aa94c7211eb69e8cfe417cc1f35576
soccer,133,#0b59a4,,f938aab67187c8f154ad5da75cd41867bc92b5b4c0fbd9de0ac758df42d560a1
soccer,13310,#197b63,#fbd632,7d1c3be3b97d927b8a1c9b047f7d4a7baa2de907d41912f005fb520bef9e8e87
soccer,13313,#087d5a,#2b3382,b299090503dab754be2601889295b5d43c0e62cfd4e7a3a423d258395a1c1bbe
soccer,13317,#0202e8,#fbdc30,3c0d7e97265fb81db8a030f17ab9fbe763f37d89b7157f1e6378bbd48f155337
soccer,133875,#00883e,#dd0000,d60dc1653e2c713844d82d063ef6474ba68b9ee803e497be085b67dbb325fdee
soccer,133876,#339933,#3333ff,8305b1d9cf0c1a2fdb3254b20c0415020f7093d4bf158c92e32a17824095cc21
soccer,133877,#009e5e,#003f8a,1121efb1478ee46c886e3dfd536fdbd91429da9cbacb2e1f68727efa9603f327
soccer,133983,#e1001e,#ed707f,d718eb1237905c8d6b78b2a81dd770fe3b077c05efe7e627196311e0d593b8a2
soccer,133990,#ec1c24,#231f20,a5571f20a50078c3d6ab1a6cb82a14431740f971ea9acb1312add5a686e74910
soccer,133992,#1c2e64,#ef3732,3fa729f7cd645224f8844a4e67b3fc8756ebed2634402e56aec4cb81fb16bc12
soccer,134,#f9d83b,#d30723,8a32c1caf1e7ebbd41e52ad28d3781002a789ab12826479b6abbbe78ec77c86b
soccer,13450,#e4cb4c,#14467d,747b76df3b7c026c8c7c915f2e144d683270703e9de5d686beb80c15f9f46560
soccer,13481,#3c2d53,#080609,721f65d25725a1e2a15f40f2c6585a9df108f8b9206d1b83de7737cbe4d2c062
soccer,135,#000000,#dfdfdf,70825613bf4451b77ec1ef767b187da2ec5bcf21dd75b9f70712a6fe01d91b16
soccer,13582,#006b3f,#d31b2f,ef2903aad85f62d937a9839cd4b1b5a21a6540073180279e57900825587d1c35
soccer,13584,#fcd116,#009e60,d1bd24d3fc92d08d895fb1c9cc19ef0390a32fe06393b94c228203818620c824
soccer,13696,#d01f3d,#ce7f81,57d8f16763f75a35af90c7cfb0ed3279225f420590a0421ddcf956754bb7acfa
soccer,137,#169254,#7fc4a1,54937bfaf99876aef4942503e6131368294f32ad01ec6d04e1b8ac08ec9f91fe
soccer,13783,#46b1e0,#567f91,291a4ec72c4f916a9aa58d045862ce949c529f475407ece4b64f6bf108b26f55
soccer,138,#41a639,#ffffff,3b1fa2d287ae714fa460760596f14467b458c9d9748ce08bc5c813ff77443cf0
soccer,1382,#463d8c,#a4a0c7,fb4528ff6b175a10c767d623a9ccd2317d2907786cd02f8b6aab2cd142be7978
soccer,13884,#ee3124,#003b7c,ffc70049ec87ef352ae54bc48a45f6f522e1c99305f3f79024560b226a178a97
soccer,139,#696969,#d9dad9,cc0f6f96fafba7ca9f451f67727f9395ee8141112e4fef37b231b99763d38d27
soccer,13913,#15a858,#ed3537,f00e4af954a57b0e1544b7bf359e0b8baa63bc67a9fb08606535f0965ddaf104
soccer,14,#dd040d,#010101,6a79d5cd54302c8bb1fa952e59b9199b8c6c0a48d636902f7856cc1b5994afdf
soccer,140,#ce2027,#000000,241b04b8bb4bd8407f99c01c1fa526d5f819d75053f1ca1acd4aa564ed7646cf
soccer,14074,#ffff00,#5d5c0d,5f7e05d8a178f2c98cdc04aadfde9afd004a1b8a7f0364138cf6d2063574f766
soccer,14075,#1046b0,#da131a,66884b06fedad894095837bec41c2d3797c86d3fa9ae32cc98e22b7c58fba467
soccer,141,#ffdd00,#0d0016,3320a922f09ae822c1fceee9ad6df4a28ddf7708560bb7a9d7cf51a437ae97bb
soccer,142,#b09b63,#e2001a,d5d8fe372eb2d09045881a7e4bd802dcd727bb312ca060c97bf943ef0a9d9beb
soccer,1423,#ffde00,#514928,e2f3222fc7d802ed2626ff911fd818adf7ec55555f4907dfc2d1e9d9851cccb4
soccer,14253,#ef2b2d,#002868,a3a5665b88adbb41ee627fd8b13b140fcbd77d478d20ddfb153214808c7e6356
soccer,14269,#2030a6,#dc0013,ab1ede8eb5457c78f9b00aa79418d5b64f12f6ce3c1e8df35cb4799b9b1414e6
soccer,14290,#2f4fa2,#28292a,31d271d162edab9767033e348d6a47e57cced277fff6cde8df3da87ebe4d6709
soccer,143,#277155,#fce933,0fae198905cb7e25af670a14032575d64bc0be9bdb5498270c2ce57d8ee87b32
soccer,144,#0082ca,#afd6ee,202f7cef2fc04f4348f05c7b91ad8adf9b4b9fd50793d7d1497c7538ee988c33
soccer,145,#009b67,#b4e1d2,2c64202333f9384e23073a2bf99d33fb3a25d0ef32ae24873faec7980f5d2aab
soccer,14561,#fe0000,#000095,4f62e8eeb7eb971f64234c61c5421806e7bb9a717c0ba33ba341d730a02095f0
soccer,146,#004f9f,#d70d1d,f9c6ecafe8a5e5848d2ab5597e51966057b71466fd334057c7d8aa50a7ff24b7
soccer,147,#fa0102,#348565,3a2cc8e602f2544c105c4c95fe71042b38c1528fbf6f42bd034f90e13ae88e5c
soccer,148,#c51d23,#b09344,ea19561d9ae97eb761ab39f5b400b3ce5f64db43f934a595183e4208030f2d0b
soccer,149,#ffd61e,#7a6e1c,6023abead803e8eeec997db2c9eabae236ee03486868015c05713de869359087
soccer,15,#029cdc,#ffffff,47d565be5fee7838990bcc5c806082e6176a9d417c79291a9ce9d4d3fd6a4e65
soccer,151,#b7835d,#dfdad4,1a54dad491e18231b3235e74598e2eddc48a9bcdfcc1108ec6060fee246e17ee
soccer,15106,#b8131a,#cc9b9d,99411291293df421597cbec880b0b2e2f61304c33c051196f7047911305cfd97
soccer,15114,#0000cc,#cc0000,ca6397f05a066c2017282a84323582e66ffb7db7a1f3bd7441f38d1fda5ff15a
soccer,152,#dd052b,#ec8b9a,8fca71492fa5e02c31ece3f4b1f84b4022b15a76b8fb202f8effb8bf7bdd4c7b
soccer,153,#e40622,#5d3b3e,14bbbbe40b098db024a700048150b3e0e7dfca1cf995b8c1e7bec97b11b07fa6
soccer,15360,#102b45,#42b3e4,2544601df9bc55e91f01c5cd1f05971f1a971de3d2b6ef4ed29a3984875ebddf
soccer,15362,#96262c,#d5a9ab,84d93b236694405fbd3a658d79c61bebdc0dfe8044ee5704347cd2d3b81de3bf
soccer,15363,#292431,#a58662,0d06d606b330645a1266b464a1938a45bc08f3084875c8abb63d2756cfccf8c7
soccer,15364,#a9f1fd,#6b999f,dedf8bd1c01221e407394e9131c8759edfafde1edbba2e386dd60a4981446d51
soccer,15365,#1f272f,#bbbcbc,76498a078f02724d5c6de90478292ae81b3298f595e5b04626497a42a8cfe249
soccer,15366,#00416b,#b6a46b,aee2cc2324ee339e9eb05068f72bd8980c4caf3bafcf7cd3f9dcea8e68f94259
soccer,1538,#c6ae5b,#c70b46,2e50213517306c537d11929055c7bd01eb8d809854a63f78e0a29a0d09ae8de8
soccer,154,#ffd503,#413b2d,61b02c33ade555f9f315df8fccdd13928ed153e8250adc837aeb76bac7be74f2
soccer,15424,#3575b3,#b5c4c5,6b1fe9e4980531c0380c76519a5922e8cfbc6f5c7c7cfdca0b6979c8bf82be16
soccer,155,#fff200,#006bb7,b03c7ed61e907d94fb3a559f1906560d0c7c6e289b70bbb3546f02f085641f8e
soccer,15515,#a61d21,#e91d24,67cb0f2eaab52f4eb38f85f9322c5e93874111e9caf91e4e7e0d0e9db6a3ffef
soccer,15582,#f48120,#925e29,915d50a4d6db8a13a258bf5dfac99e2c14b27a1190d1c00cd9656e9b692c843b
soccer,156,#d29e26,#3b2f4a,1d693c20e28ab2b275d7e57635588e3784fad782f68429a11ca4d3c9136fa683
soccer,15713,#06295f,#404e68,51b29a3ccc6099acbe022f4d8164dcdc9fa90ed690a61b1cd3c892f5fd8067b4
soccer,15720,#21275b,#cd3724,ec9213b409206214445d86a8835963df4828b8af5af3dd88af41112112bc0063
soccer,15784,#5d7e8d,#094d99,b6035af2568a9c2a51a38fef01c6d457f527ff51a44e6d7aa7df7554187b279b
soccer,159,#142b72,#a28a63,4c5f7b52060d02581c019ed9c6116ae1b8fc96e80545ac4835107602c1024915
soccer,16,#df001d,#563232,59e5e95f73887ab084125015cf10c900f1c5187e36973f0688f3f18b5b805ac6
soccer,160,#005596,#de3e47,d3c4321f76c2475d10dd76757e623367ab7549a9a55cdee7ced09cf6327d4f5b
soccer,162,#24923c,#ed1c2e,3353eac2f0e3116bbabd30fe8c3fe40d1b1ec796fa76f5dbd776d23449891508
soccer,16218,#24923c,#ed1c2e,3353eac2f0e3116bbabd30fe8c3fe40d1b1ec796fa76f5dbd776d23449891508
soccer,16287,#171796,#ff0000,b3e2f9b51d71ca6937926a520aa1bd73f90f0e7d7cd1d3a2f3093944bcbfc49a
soccer,16295,#df2027,,3894f089603ffddd6aec24a9c2841e0302b80d5608265465c0d5f6adf1a2a48f
soccer,16301,#4a9400,#087bce,0b9cf32f0ecc0f7e2eff85d8fd3c03161b518e421b790a12f0794b3006df0755
soccer,16306,#cf142b,#ffcc00,d319c17eeb3cddff6a255c8e1c0b7fb3a0335e79da1609417203d40a58e1c93f
soccer,164,#c60b1e,#ffc400,8eb3b92ab4ae3ad632345922f4d6cac69e7c9ff0f3338feacd9d708920287bfa
soccer,16445,#0038a8,#5469a2,0082a9b88e770bcc003db79465759836c1b8445fa8277089968b45194c8d46b5
soccer,165,#ffdc00,#00a558,3c88182d0c5c80be69504de2f9a68b1c84f80612a1112e91a4a0a294dfc70501
soccer,166,#1e266b,#e72901,95e0ee084cb4f8cd14407aa8a75e0db932d4f0558cd3a1dfac72f293cca86e69
soccer,167,#083f88,#d19d51,8d19c1378008637e0f7a75c4a56bd82610c719ae3bfdcb7c1305edfe81710bcf
soccer,16721,#da000c,#940008,d523e0225ec2209e6b8a184a6db1fd90a6b7f00b695eccadc3e6cede77cffc69
soccer,16728,#1a8c77,#6fc5b5,ff172e990284d2846f035e6ab4e432b5f2a1a3444b630b6fd0c3da240c73b885
soccer,169,#e23227,#f8c954,899d5d3df75bc0dba315d1bc81dcbf5b637dec04153f2491483fb4ba30412abc
soccer,17,#05426a,#fad737,ffa4db6803a77f59acdaa78aa5d34572f5d1fb8627d866e99b5ae6ebc97c0000
soccer,170,#1263a8,#c59e30,34049d3fb98cc26bde433a4f28a0ebfb584a8e3b8d770eb6bc03f2cef06e08ad
soccer,17086,#948164,#0d0506,ed732afcef83129cb654685a7f792b7d9a907dd527b66df83ed7c665c9039007
soccer,17090,#36378a,#fd8120,ddc65a00cb2046080d008821e76f84a706b1c462624a85321b90702a84a41bec
soccer,171,#ed1c24,#973b3f,e4d46f09a7476fab31f2e9e6e11f13b8d87c5ed7d2722f06cc66ada6f9bc336f
soccer,17131,#7f2144,#0077be,e8b88066676187225ebecc77b3bcf47c52342541bea23736e1a2efee5c54049f
soccer,17176,#13722b,#4ab446,0a7bf3ea4ca4ffdcf9a5117b90f3622f30f72dfad06dfb036212d9e444c8972b
soccer,172,#3f87c0,#9fc3e0,115f93bf5d37e2a845997ea3be547c1860a4436c9aab5024f009f46b0bb82b5a
soccer,17233,#534940,#917f6d,fa4b76d9f80b36e6abce2e6c28891f417911bb0ce6cb5e90678ab872d0fa00c5
soccer,173,#03549f,#06070a,dcbf6da81d6edeae581277f0a9eda232ddcfc1067d24f15f6fd8b7a7dc6287c0
soccer,17313,#087b45,#fede01,a024266d0ca6cd9208eb477c2ff242429b8af7e6d106e719782fc9288d7dafa9
soccer,17317,#fe1108,#000000,0bcef2006120d3f7a171a52b65bf0282fdcd8a1098b65d732ef9e76aefdbd5bf
soccer,17325,#173e7d,#7d93b6,9681bfff12b3e7b1961c8982c016262f486d4b8cdbc4a706645b8402589fae73
soccer,17333,#1b93d1,#039f4d,7ee337df1f44c25b036028c42abc3755bca75f05660e8716adbc4368daa595b4
soccer,17339,#ea4639,#f18077,8c6aae94982115bef86b654ad12b63c41da397da1ebaa51c681453b315b043c1
soccer,17346,#bbd4ef,#724f39,bb31c053ebf88f40889388f420c9c6fba88f782286bdea1ff030fe8d8438eb3d
soccer,17352,#201e1e,#d9d8d8,9d7f5c73d9a008cdc6cf5cd140e69c3ecedd112a987b3c530e210b9add01f3fa
soccer,17360,#002a5c,#a30731,aae243860bf4dec600d8d8a8cafe38ca27acf306d7f0022e0721a4024b318b1a
soccer,17361,#419639,,fb422dbc0b3c6fbe69d8e72c574f5cbf19d0ff0ce76421ea24595397f4e1daaa
soccer,17362,#8ec9eb,#231f20,a3e9a44beb8b98670b163d8426300cb4b0a9d942dbaedbb2333da039e95a6ced
soccer,17363,#2d78bc,#f2c21f,1e355fc1f899e91a1c91b1c3cff45cdce210754eb3317fed55d99df7febd09ad
soccer,17365,#ff0206,#f8ec00,f9bc5a45e25b40a394e2e5efdfafc2cab21bff6ebce8a9bf36597b1348bbe1e0
soccer,17370,#bc9f50,#1d1928,95b2241de9c65fedf8f92c2dd87d94be2299efc0981dc9df07fdec5747fdda82
soccer,17371,#e2001a,#ffe100,f426e6ca23aac36ec721ab8b8db1bb7e8524216254b4f78129a2f138fa19ebf6
soccer,17372,#1b2151,#f6da36,72b1ed21a751cdfed4c11d9b1ac8b686d3394d309815568596268d03e2c42806
soccer,17373,#9c0009,#fdf21c,2bc2dadc500691a4cc0985416ee0db14d6c65f728dfe9ce5e8ddf3d6a67c4b0c
soccer,17374,#e11e22,#380978,a0af2be78d7627056d6261996d472bc0c753f6f2af95df93ea06f71717b52930
soccer,17380,#a69575,#413c32,cd25eaf4ba461869ea71a864530f1df22669f6f8b7d43c8dc2342429a03b5dda
soccer,17386,#002d62,#ffc423,57b9ce10573e6772658c3682139f309d37558b7c13348ee42c57d6c4fbc80da2
soccer,17390,#135387,#029569,b7c86f7b465a91ff69e53c378913381d7a258da84835a19d6eb47c10a9d80997
soccer,17392,#062f87,#ad6764,4e3ac57c808831ecd85cdb66f1b684447a062373120253fe7180708c7820fb5d
soccer,17393,#0a253e,#6d828e,318ab52c35840aa523eaa36a023644cff8f7bafdb0b36962a4d55e54f6f9be20
soccer,174,#d6a929,#d32027,bd23a74bdca89df5ed4876567478e5f08e82a4d6576e0252f16968f266300d64
soccer,17407,#e51937,#231f20,3a6f092732988937e8ec930343afc66e82258defdc32879960518ba3b6d2e9a3
soccer,17409,#0061aa,#a3052f,c0dd8c21bda9272fe5e7ae245ec1c90f0fa6b054981a13b23e0f1ef0add11c11
soccer,17411,#aa0000,#000000,75105d688e00e83e3be805f5143ccf0b32b5d3f5df5b30f0546f379c04b07baa
soccer,17412,#d1ad83,#e5182d,1c2cd3a6dc3a006ac815ac9e6f81363595175978fecb67f04192e3541e0ef581
soccer,17425,#1e5c37,#518164,0027556333ab8f5920adc3801888f33b9957f979e7510a925699508dd7a428b8
soccer,17483,#e02a24,#f5ee31,237bafa9af8baf677b091c575bc2ae23c5efc7604d46c376a42f60e9e675b5fc
soccer,17491,#da251d,#ee9793,1df12de8d0987188259d0cba52e2eb972d3efb1b5c4e682676a35801e90ec6b4
soccer,17495,#fdcf08,#ed2027,01aa94afee433ef4d11ed1aa8d5a41bbca790a2d8fd7e339b19cbe80f786e7ea
soccer,175,#ec1c23,#fff100,4f4ba6f0e63826c16f62a4753e0874e54cc30077c62b8c19790cd4f4d01e0e20
soccer,17514,#be2735,#cf7e87,4ff71e5fddd5251286c757a1fa24f9a3cf5f0822794c798b499c42bb8464bf39
soccer,17516,#004c1b,#fcf505,a3d0a8acbd42dd90e765184aa9f1073bf849678590e01c3ddcb9e35b9007f6c2
soccer,17520,#d20028,#ca9ba1,5e6660fb836c920d66bcd728dc2d8d25c9c12530ea76ba373c8c5822d72d57c9
soccer,17530,#a08c55,#006937,0607a31c4b325feb0f07ae7b6067c4bcccb902643141f026f3626b539ea99b7a
soccer,17534,#085f12,#c99101,f97dbb40f29d42dbf48558467852ad16c20c375446185f1ccf464080172c5e0f
soccer,17544,#ee2e2f,#ee9fa0,1dd6836671719b6b2a708f5058db3f54ea5d9477670c4ca03a1d7693df6f152b
soccer,17545,#db0632,#4b3259,65d103225a1392bd701f001ad8fd790052684b4af77e86b1e8d9004dc1be626a
soccer,17579,#007ac2,#00853e,9e99adce9b4c61f979a5eb09fd31fe809ed6e70770a75a81effbb8bef177182f
soccer,17590,#592d82,#9480a8,48df2780bed969034239b91b28dbdd3a10b10f3b92da118235a0682d3e0c0d28
soccer,176,#0d61ab,#5c95c6,55fde2ea6f3e0524ae9226ccbf9240cf1cc6f49f6a402ed444b147558040428e
soccer,17606,#000229,#9fd2ff,df7836507d3a70537ea11964d614f19193a2cbc4dcf7c8476c22382e7122b9ed
soccer,17637,#ffdd00,#034ea2,7030425afae60e435e723c1b1729ffc1c885f7a0d503c8b979a7d49bfd6af6fc
soccer,17639,#003f87,#ce1227,54ea6ae4e0de9fc35f4c2c1f6baed5929af5fd95b772e57eb6e6b6a8db0ee061
soccer,17640,#c60b1e,#ffc400,8eb3b92ab4ae3ad632345922f4d6cac69e7c9ff0f3338feacd9d708920287bfa
soccer,17641,#d72b2c,#ffffff,f1f3a7a853e83c61813e4d9d692bccbbb3d75809768b4bf1b589519cf9705264
soccer,17642,#273476,#dd2c33,5b5e636438de49975ae47b24b054b55c05cc1a4154d5d01c370eb371c45bd097
soccer,17671,#e40321,#d46267,5fbb83edf47bba75a2745d4081a8df459fc6a80f81cf82ce28f56209612cd3fc
soccer,17689,#061f5c,#844759,74dd070256581ef6347126e91c66a4c6ac36f71f97b5c52a72f07646f9243343
soccer,17692,#29166f,#5e5482,fe6b40a3dd0a2402eb5cb1db7392a9edc8d0d9519f601acffa5e44bfd944737b
soccer,17693,#0099fe,#77c5f2,468b24ec73747b5a730d531473618fd8e76ed52289c6574c6f6b554d4d834456
soccer,17695,#076633,#40875f,ee0cbbe8432379b83dd7de205cd38d8b46e9250bd726d41adb659ef77a9ff415
soccer,17697,#15aee8,#69cbee,59a0b54f3ae86a74a9d184cae5abd967b284b9093b6d00aa9e85d4a46f0b4068
soccer,177,#731013,,fc06a53af406740de1ba0103dfb5b90cba705a0feb281367211b959656c9082b
soccer,17700,#1285bb,#49b8ec,9d28bef13bea57a31c5e97ad014e72f8497694f95df02cb91d2b4f891e69cfaa
soccer,17702,#000000,#d9d9d9,b94bc2417bb0433e60883908ec57bfef8ae60cd6484022d2f681d7dcf285ce40
soccer,17703,#07a851,#ed2024,a3dcb2f88446f5c97e52c8e83ec3fd90c8c6caaee1c283177636d60244f7e067
soccer,17704,#2a1771,#594a90,bc03faa259f9ad4404e2722990e5b3b3a93c0132280b66181cd2c9eea1a5c991
soccer,17705,#ac3343,#c2bbbe,b21d006a327491c1fdaabe67be1b144b00a01da9296bdcd4a742488888edf38b
soccer,17706,#191f6c,#cc3838,2ba47dc11371f0844e2a7b76ac79798948d1ab90cc1c87ac66fb935db58215ec
soccer,17733,#ccbd89,#65583d,096780ceffa25daceab7c9bbbb5b5d8dc1280ba9d8ecd3dd7e916a4692832bce
soccer,17757,#2b6c9c,#001e69,7e0be953a7597a52d1b1048a25ec800efad9b4ac6fa32e7d4b1c7a3d2390d4c2
soccer,17760,#e37d2e,#342011,fb8ee1aa5fb38974964945004859d3bba04ffbe1365e2dc39e87bcd26f10d583
soccer,17796,#fbf309,#84c493,bab3f7878a13d9bac78829fadef8fa9e8f5a660d37e5336081c0b750faa5feb1
soccer,17797,#d30501,#bd5056,afed3ef6a4184c9446aae1d4ac579fd8f3c1b22ecddb5cc12f86ba236f06ce07
soccer,178,#36ac58,#008f45,41be9b059d21849f32a69f824d46e972f9ed41b240a3c186821f624316b8e98d
soccer,17807,#426091,#bfa165,109a5b10053b8a16dc795508b708b6508e1543321703b0ebf0366a3041c4c8dd
soccer,17814,#bf241d,#da7d79,c2a0200024093dc7888dbd7f398635b39faea481125f3fe80fdd57314b4ef8b6
soccer,17815,#fb0802,#f9f400,135d3bd58ae714b7a8b5a270f14663cbbcbdf25ed7c4ce03c088493dc2d1a398
soccer,17826,#dfcaa3,#052440,fde1bfbf66a80d851e1b0b1f1708cfe0701dcf2d5a625d124a345b603e90fffe
soccer,17827,#fecc33,#50431d,479e868ff7a99e4fe17e4afdf096ddcc0c7b459660b43503e4245e0ba3527322
soccer,17828,#e8d3a2,#532301,3442bf7892a2506c80bcb0ec649532ff7a8f4babfbf67378fa18d4a27a2d17c9
soccer,17830,#00aeef,#2f444c,e81dbdbebbfa49d1dddbe62204d55dd76373dcee60d9cd6ab99b2af8f8615dfc
soccer,17832,#400079,#9883b1,05c40eb7f484ba560ed2ff1150ebe9c877a831a5f5fca001597836c0ca1fdf88
soccer,17850,#d7262f,#bb9f67,f602097f5e979865371f432b8199c8909716c745ad5c879e09c5125022e7ffec
soccer,17851,#78bd44,#333022,24f1cba679b905df650e825814ad58c8fe4e1ba0b856bf3f32e4046e3cf1574d
soccer,17855,#f30000,#8b692f,1de0e390fdcec9c371beb79788347aa4d6865528122e549273856aa160e981c9
soccer,17856,#be0303,#d47372,4e220ae2da3252be9dafa52699d1b7664bbd53fc9ac56ed910f930da4f78b637
soccer,17858,#563881,#8b7ca4,e4b45c12b2c35c5621eb11ca722ee411edaacb9959d3918047016699b25b0f73
soccer,179,#38284f,#8e6181,53782a7e221353360a53eef230873478ffe5454eb5afe771b1163376fbc5614f
soccer,17939,#11973e,#f6f28f,363136f1722f0b36ab5e6bb37e1898ca858ca068c3a6174db970208d2c220941
soccer,17972,#2a2d7c,#ef3a3b,c4d816d8f0390f2383154372498c8e0ee89e0a2b319fef72dd2bf92dc17184bb
soccer,17973,#ffdd00,#034ea2,7030425afae60e435e723c1b1729ffc1c885f7a0d503c8b979a7d49bfd6af6fc
soccer,17974,#ce1126,#1eb53a,40da7e24ad16916cd2ae5ac7fd4bd80a40b9a2207b8cf9f3dcd1ee39a6bbce39
soccer,17975,#213065,#bf2033,958e68d95a65902d04add54a5f40248c0d8fbb0bd532aab594415193f2f37234
soccer,17976,#d3362a,#23449c,2fff4db0db4bcb466788d76bfcce2b5b0db8485a4abe5d9f43077934019bbcf7
soccer,17982,#022750,#586c88,bb0f23c7cae833e22ccea1079effe02e8a8a41e8ac0d6f835bcb720d459a4fef
soccer,17992,#004688,#8baccb,863e7652ceaaef75aeaf4248ef5dd69a4e327591624082efe35617b726eb6499
soccer,17997,#003ca6,#fcf348,7681c3e7059a3f4a3d7c3445863c2701da14fc56bb49f7552b76175378a94b5d
soccer,17998,#212051,#fe2726,f3ac1b425b0a6071f04cfe7c244bf09d1b6d825c949a962cf0d91d24acecdd0c
soccer,18,#e13035,#133654,aad54d31906d7916b162f228c5c98a67cfc57ef4a1f2e73471935d9b739dcef8
soccer,180,#00adef,#da2128,6ea9bb62bce52eddea2d274f60924b9d08641287fb13d2845b7b5b3d30ac814f
soccer,18000,#ffc810,#225ba5,e1d4705e4fb12d0fb82677b85bf78cd4c32c77f405c1ada57e0c291eb25af96f
soccer,18002,#01195d,#55648b,fad61964896fda2e8b09b65c49b35fe4548c4fe23acaa4da1f29a15546410ba4
soccer,18003,#ff7300,#060e57,4a007071d4cd046652de0cce77ca8a6e5ebb2a5acdbaba857ca8e82a2d911295
soccer,18004,#ef2227,#5c4849,28815b09fb2d259ef7f912e2606cae244edb0248609298ee1d502b18efe00722
soccer,18009,#ffb81a,#0038a8,b786de17b998fa272d6e02d193d2a84db93b4339975301d825af770d3b2ede5a
soccer,18010,#522297,,822f62011a5951301dae82af8c9029c378ee72fc9636a7c0ab33f0bbfb803cd5
soccer,18018,#980a2b,#aa6552,0517721ba23860aac4a9c6fd510f27f639d0cdf31f7270436a2bacdf886aea62
soccer,18023,#fc8804,#021b3c,0236c0464b299284dbca6be0716d7c3fbc1785af0d4754edd611aa5f98b4ca9c
soccer,18032,#d0333a,#462427,1fafa4479521073628f980490bd079510401291112f715726590514f4089196f
soccer,18035,#ffe600,#2e406d,cf9dd335268c0c800c2a771d41b8d300a0bd75340f6a501273fbe91ad5b8edfe
soccer,18066,#e30613,#f6b1b3,e18eea524e7741847d9d63388a26d0e616cd42e3ed9f2c9bca6bafbbe986a6aa
soccer,18127,#fff500,#555140,8d77d616e5394d8f43d48cca3beeb73c4f960e25cd7e67bfa1fb3f41af87d0a7
soccer,18134,#0a9752,#fdd504,f946da20b97fe039dc5d085a2d62b63e0202d0ef2e0c979985b82d4ea280b248
soccer,18153,#079e5b,#532c96,996656a8dc33f41c4b19f4e87c44f9ebbd51d99d6ee9e020703698feced74f30
soccer,18156,#271e6c,#b6a560,166cc76f83bfe1e674444ef3204b903d3568e5c82497f30bd81bee695cc89107
soccer,18159,#0018a8,#fb4f14,caaa43740f00ba820497460358d0ef14b41e2a674de975b8d8d12272f0c17536
soccer,18187,#131516,#8f8f90,f2eee694f834752d642379f3efed65833fe518d3d63d70268e468fd71bf5e5de
soccer,18191,#fff112,#2b9566,6ec761cc4fe5293e57dd3c1e897d171811e2de86f6f1ebb8d9dbdea9ad9e17ca
soccer,182,#7bcdee,#0d1241,b6c149b5cb0699cb5995cec3cb6cf9592222606091834ddad05e42d37f3e8a84
soccer,18203,#00462c,#c7ab69,562e12242365b33f96565e956008b28842e4489b5e0f8c673cd697e3e1c4c3e9
soccer,18206,#61259e,#6b8ad7,f1bdbc9ac9fe21560426cf0b7a32bc1fa3308e520a61894e816f3d5da2933bca
soccer,18210,#ce1126,#002b7f,5b01c98b0f96790e7a0d30c1eaaf7860edc2b660dc1de80c6789b70eb14bc9f9
soccer,18212,#009c37,#fee000,4de357558b67c31d60fa47d82fc8e64838e55e156068186417267cb977b9c0c7
soccer,18214,#ed1c24,#595c5d,801cfd81f4810683040858ff9fc3ccb53f60095ff9182eb22fa24dd5605c4c73
soccer,18216,#ce1126,#000000,596be052fc9074e1360595fee2a38a99547d990d6534fe2475d59510826ef123
soccer,18220,#c60b1e,#ffc400,8eb3b92ab4ae3ad632345922f4d6cac69e7c9ff0f3338feacd9d708920287bfa
soccer,18221,#df2027,,3894f089603ffddd6aec24a9c2841e0302b80d5608265465c0d5f6adf1a2a48f
soccer,18224,#273476,#ed2426,48a07cf5f77377bd9230355817bc1231124d9ca6ada0905beb6c0b7139610283
soccer,18227,#ce1127,#91524c,1e209fd43d014a7cfcdf890ffc063837c42d796d9c1e49be067350cf3ab243c1
soccer,18232,#74acdf,#2b2c2d,bd248be4adbae650cebaed580ff6aebe8a85798a0de0b3bb9aa89805d564174b
soccer,18243,#012a87,#dc171d,0e90dc40278039a9bac4de2017c5918f15f7ff3a4c3ed95bdfb14747edeb2879
soccer,18260,#fdca00,#927a00,724be892f0bf8326800a5a8b76b8f9de3b3bc8224ea25ab42d968b8c09b0e70c
soccer,18264,#f43f32,#562420,47c75dd3f57e15ec18049813ad4ae2ace16171d4cf6e1c3a655689f03edba459
soccer,18265,#742434,#000000,3247ed9779abe2c8a87f816626a8b1aa15bd02771043698831e0b36e5193e431
soccer,18267,#fe5000,#013087,fb8309060d250fb14ec2b96bee86437c730e12bb9ad7b20d99352cb5c7a19c1b
soccer,18268,#002d56,#aed4eb,c0c06a0317b763d3f3f186592fa468c3c57494db0b1be4c08b34b315e25615d2
soccer,18272,#244aa5,#d0a650,681ad998004cdfb5da21166607c0d021940445bcdaf2d506f08536dcff77e6ef
soccer,18278,#ed1a2f,#823d44,8ff3d9064e9b8f731b0c22935335f6b07f86769e2890f13092d4518de33874cb
soccer,18283,#2c8c5a,#720b21,1239013e80dbb3d68bdb56ae15abda094e73ed8a230c718db0fd5e0e8b204690
soccer,18284,#003399,#ff0000,6e1c0d5016bb08b06b359b2570ec6bcd942248d270e2429e062403ee4f2f2d36
soccer,18285,#034e92,#ccd8e4,2ca6e3ecb945f7ccda9609f8eadcc6733e5ec4cd89929fefe1f4216c0372be08
soccer,183,#ffe300,#464016,bf45239688c9d69144f0d0c3efef4de38f3a0db2c0a2b3a32df054330f707664
soccer,18305,#db2c32,#fed733,769ccaebf31bbce1cb07172951b8f38ca9405aa395684083dc9b2867beaff451
soccer,18357,#330a57,,93f3e366a88ec89bfa8ed8d1cc2ce16cfdc17a736bcd1831b908241296b11e39
soccer,18358,#ffc82e,#6e6232,08ae1961b45853dc00a9b2f45a970be7a14a77507fdb94486a9dfa8081155189
soccer,18377,#f3732e,#735a4c,9968f84f0308bbc407193fd1a56982210723e7f5e15a4683adc7c32a19303f07
soccer,18390,#0067b1,#cf1f2f,56a83d99d9608b20776842be7ea2e26f0f8777d7889460d01ac703be492dce4d
soccer,18391,#008545,#1a1416,046eb165af7d60b50ae08c3c6cd8ae1649e16f7086fb469432869fa21bda3a7e
soccer,18395,#c70021,#f7d21f,1656973561bf1fbc912701929a02f0c2455e2e55bb5bf5c093207bb4fdcc1e39
soccer,18396,#000000,#717171,b12c306aadae0b6844daf57d108174219b66bfec12cd40f29a57324e3e7a2032
soccer,18399,#28156e,#6c4b7d,1f6bc6cd84d04b376f32542fb321890841171c52a55ea0dd5a889b3085ac3342
soccer,184,#98012e,#9dc2e5,4b3350d57155d81d2ac711eb1dd5729c24dc80ce8ab1aa13c473cd2ddb31235e
soccer,18406,#e89000,#01892d,d8378960e6ff168442b240bbac6da0e521f94c3e7ec78b8addbe00e87394ac1a
soccer,18413,#ff0000,#ffff00,7a5057207c80d5e569e79de37f4d1586940e7b9052b7847bb5720ee147e68d51
soccer,18414,#dc143c,#2b2c2d,9bec0055ca32a9e7ab603904aed89a9fa28c6fb2a08b24cffe81b6946a809a1a
soccer,18415,#ce1126,#0038a8,4baebc3844f0600570998c3464adeb7e93c7b8292b2d490e9fb9af2f7a314aa0
soccer,18418,#6e5f37,#a42035,b6a887b8d5432f94efe26f7b972b8c501871f67dc8eac941540fb74c6d5ae975
soccer,18424,#ed3236,#cb8183,e56e700c7e44dd89d22cc63e237781a29bb2a26cb6c1fb7619dd2b90ecede50a
soccer,18439,#009ada,#352f64,1d80cb9a05305e23c8bc68b265dcfad2fd6078d689d93abe92e7f74d0eafa9e2
soccer,18444,#d72b2c,#2b2c2d,8d68cf0ccd8bdd16960b78510ce86ac2094216c2a6ddfda49b88268a344e883f
soccer,18446,#c59b56,#e9d9bf,faf663876c9b837344bdc58a149e588440ec8690c904c620471fa7266ec18a9e
soccer,18455,#da5a4c,#000000,8d2515b047773df86a8a2e2c777159e60e8a1ccdd01be6531d4d737695952d65
soccer,18459,#00256d,#58673b,58e4027bb1beecd0e22fa6dd24e8cdfcb6eb903b721d547f7c9202a827f3eeda
soccer,185,#001f5b,#c6093b,16d36edbbfcb1bfcf252901b8d29386d07557e73e28b596dfbb5236d41c25603
soccer,18597,#0079af,#f7e500,5a88a212143a007cbcef335f0a56199553fb62d20d4c732ba83bee83df324875
soccer,186,#0a2240,#adc8eb,21edfde914c500ae1d3ed2b2fdeb8e08131c4e8ce22a20bd88ed7da0f298e446
soccer,18601,#210b6b,#486592,3efc47a93ec7d4032498cd345fbb1fa2bc9b1f13c71ea578b5ce9006d6a57fcf
soccer,18615,#b1872d,#dfceaa,463387f46f91d3ef738c2d78540cce1df52fb7f1429e5aa80848308987d42227
soccer,18662,#04611e,#91b79c,3be66c611ca2566b742d90bf6fc50aaeab3be4d6c11109df9b2aa27b44e98e87
soccer,18699,#85af76,#000000,bba15b8d8aa4c15b5cd21147db7676686d1657234173f142e02453b0cd31fcf3
soccer,187,#00235d,#ffd303,e0418f5d80a7c1f28d2ea234084d22006c8293131165d848869959b1be5f0d04
soccer,18716,#204399,#93a3c1,1bf899fdc28e5472a7727bff1ec9101a077bf8617ec6b01f87a73c67c161baf8
soccer,18736,#ef3340,#ffe533,57c869a3f900735a950a166961b56d7170608636c4ceadac2b1a1185638f5653
soccer,18738,#001465,#39407e,c0abc6fb28417bc1a77a175c4cb84f7c5dcb2d796dbb7a8eec4428f54e637a15
soccer,18741,#004f9e,#ffdc00,3036834e22abd75437396870e8d9728aba73c8fa17bd2f6c36c078c4b351020b
soccer,18748,#d31145,#62182c,4e5ce52518a6de2da98e0ef27c2f53a021a0d06448f9740260257f52e3cec4b4
soccer,18765,#009959,#0033ab,7bee92005bb15a0205087a5f445d4275d5e4ce961035179f1895ce5650292ee5
soccer,18767,#c60b1e,#ffc400,8eb3b92ab4ae3ad632345922f4d6cac69e7c9ff0f3338feacd9d708920287bfa
soccer,18768,#fbd632,#21418c,455e4b26c34f5c9ced748b63f8de0b82e5b5c77a02b123f13d54c70664d14e04
soccer,18772,#007930,#e5250a,809c4134a231bc32360c0c4b511565a524e7bd5444d226bbba51df8efa059905
soccer,18774,#005aab,#232021,aee14a4547160c0f1b6cdf9f05c09f0d2ccb60608e1b95156dd5aaedd1156d28
soccer,18775,#144992,#b29562,6f14d86b5e35074e91462c7ede6e822f6a6c9f6cb723cd04ea6b8d36f2fa5392
soccer,18776,#0c4c8e,#afc4db,5f0e95c1b63b42cc06cfd3955b61e94846876b07d4e411e58fdcb3c331394e67
soccer,18777,#ef3d43,#3f1618,b9148eac6e2150c0498eca2924e755ae710d04d3fce66993050cf45942ca4a19
soccer,18779,#00245c,#609ecf,dd9ddfd567757f5976317b33354f9f43d604a6e98528728220558b843f7ab5ce
soccer,18781,#26b6eb,#967941,231304660d83909dab49cc19dfbf22ee6aa680defc181cdeb934e64f72288408
soccer,18785,#ee1a2e,#ab9751,aee718a79be592a8bb36ab68b0960a1dbb5763692f4d91c3f4249f95edbf19af
soccer,18787,#1f274b,,ec1b3a02c8d5805a6006ed1570ed6250d73381440da0c48f49dbf66e05eb2703
soccer,18794,#05a74b,#3f5146,cb7159254767223c23aa5d62f4384cf6da7bf6752484d07097abda783c246be2
soccer,18809,#f19225,#1b4587,f23a6393e1461a54b6b8ed87a3122c4b7fac447650324b2bc7c0e141ce61d559
soccer,18825,#262a57,#659ace,9163622c1e6c007dba9990f3bcfbb82ea98a8df5b41c97ad6028eb1ef731245e
soccer,18834,#fc8804,#021b3c,0236c0464b299284dbca6be0716d7c3fbc1785af0d4754edd611aa5f98b4ca9c
soccer,18835,#f6c604,#0f2458,723458fb0c045a017f876e4903b8af75a71cb53d90f3043ec39ab37ed29eb02c
soccer,18836,#24539d,#7793c0,93d12562608a4dfda174081b3ea6a3c3844466243736117e269f86a2bcf828b3
soccer,18844,#252122,#d0d0d0,95f591492c626e54e7d123635aba9ea2c74c9bfdb11cfdd8a7e5101fb487c8d6
soccer,18848,#d42e12,#0035ad,676758246507b07088dc94babf8616c0ac14719b40779d5b90d355bcddd7bff9
soccer,18849,#001e60,#db002f,b56fa02fe05dc73837411d21ab15e1233a3fdced02e31c6736bee77930f30bda
soccer,18851,#29479e,#8b96c5,2cf86e6652cf8505c431e94103a008a0a37f047155e521418c10d08c374df03c
soccer,18885,#650000,#722f2f,903ba942bfc12b49e4f8737bfe73b2367504569e8c6c15169dc404f4dffd3052
soccer,18889,#171796,#ff0000,b3e2f9b51d71ca6937926a520aa1bd73f90f0e7d7cd1d3a2f3093944bcbfc49a
soccer,18894,#a53726,#d6bfa1,38c1dc9e61ac08303c936f7d975c44b291ddf422125fd468d42a7f48e48b887e
soccer,189,#0a2240,#d40d2c,a51f73cd32f2d68d342c497e98319665c99f9cd99e88095ebcf6be6d82998f83
soccer,1895,#cd1f25,#6b5152,db0c94a0952442560303bf859347ec8628b9dc1f3aa4c8fb63392266518d94b2
soccer,18959,#00a650,#375042,5d3ccc0b1a95445123ed2b425b7b682b08072ff321330fe66dbeccc5c04c563f
soccer,18966,#c39d6c,#635137,1433adb2ec11c30bbcd306fce3674f2d253372ae2fd4492e210b222d7d24439f
soccer,18986,#ece737,#120335,2e94271db907c688336a869e40548158b1e5e5d625affd16e1188c4753e1aae5
soccer,18987,#0e85b7,#2b2520,4878aed7321c3fd5d98f76289e86eda9a36cc5985f1154f4ec86fe12d3fa6a57
soccer,18990,#479602,#85af64,1a287522515d1fa78cc2fcde27bd0c82629e054ff15d88ef129778779e2daf59
soccer,18995,#001e6e,#fd4a01,72a161235f5dbf16a5976f6aa56b60006e42af101b9097f4ca39e95229ce7b49
soccer,19,#3f3281,#e0deeb,526070a0bdb0f075d37da0673a640660e60f08c637922d23c4f8507de860218c
soccer,190,#b91f31,#25355c,84b94381a47ab86bc72cd9ee9def55c94163b0d9ba162dcbc54ddb56f4e464f8
soccer,19001,#0166ad,#f19330,ebb7f45c7497591cdbd13da6ef24f925289fe05482bad893353b793685016fda
soccer,19002,#6daee0,#011d57,e95fa5dc76de88565fd68e06ac049aecfb33281c0bf42768e0a0c665f66f5fa1
soccer,191,#003daa,#1a2949,b1504d5ddd5799a073634a712a3d0fbb1ad7c2e7a1f22f8a87c475ea46b6c54b
soccer,19139,#004da4,#718ec3,9c33c3417a3ccb47d552e266f5e5845bac76819840029bd0474735afd6662ca1
soccer,19141,#0e1735,#fcb81a,e49cc6903557b5333bdffddc83564f024c154c57d5326bb1d26ec358cc001890
soccer,19145,#00a1df,#52bee9,e845fe80dd2efd32482bec98ea9ae0285735d5bd2452111f1c79cb397fcb2125
soccer,19156,#770000,#ffffff,5ba7edf371fc7d1386f2e7c5c441a5408c5dc264b846c10bc29dbbf3c1ad4596
soccer,19179,#c69a2d,#431211,d509fbe9e3fe3d9b2af2e03faff76bce8e89376752ca00bca7fb7fdd8f5f7700
soccer,19181,#0d1d41,#bb0555,bd13acf5c4e60479d9f82455a4567be9cb15187d241fbb1f70ec7bc42989cf19
soccer,19195,#e30000,#efb562,d3d2e5a767935e76687e0c3f0b34fb8100ec3fffb7a8b50b2c286089f9e2e636
soccer,19197,#0053a8,#94bcdd,e8fe55d04dbcf5c5b367648c9b49305efe8703a75e0d347b5a75f8212a64d260
soccer,19198,#8c0101,#43382a,4809845e3270556dff5b931358593dc30195cca5f1e8a282715aa9f69a3ce49f
soccer,19208,#e22d34,#ffffff,0430dedddc3af45cd7207d22507b1e120de8f673e67c9351d227fba8670ae2a2
soccer,19213,#010080,#00001b,21c85bf3878dd2982083f46e8b9ede484b0c7b1e6d3bc8595d34d3693d914958
soccer,19243,#6164ad,#2e3192,ef2e18464323a6d187e9112271e8690d8033b80f60846feb6d8e6ffaf7a763a9
soccer,19244,#008e39,#000000,ff5437d92fcaf276afeb2eb35be35f811ef098a647495afb49c709672e9738e9
soccer,19246,#1c3456,#717c8d,5e41ffcde7fd9643246b35e7824587c6e44848a094987e6f26196a5e1f9bc071
soccer,19250,#424a7a,#065b30,31511cf34e89f68ca902b877a575e4fcf6d08b37c5029142492d41ff6489630f
soccer,19256,#e4202d,#f3a945,ccff97cc7627131bc4e6345f37767f5f2ea5e2252499036d22bb2b4101438b69
soccer,19257,#00245c,#609ecf,dd9ddfd567757f5976317b33354f9f43d604a6e98528728220558b843f7ab5ce
soccer,19258,#005596,#de3e47,d3c4321f76c2475d10dd76757e623367ab7549a9a55cdee7ced09cf6327d4f5b
soccer,19262,#f2de47,#918a5f,d7e7a5f77e63099d1f48a7770c962509994f0ef79067b443554f489e18197e2f
soccer,19267,#1f3569,#1c85c8,64d51808bff1247157258ac929c5e4a3e1d65152444532f72fadd111de05c6b0
soccer,1928,#fc0204,#790102,9cff7985aa2675db08f280dd826840eccbf8180663edd7d7306d24bfb3a2cab5
soccer,19286,#592b82,#8a6aa7,1c395ee6c1ddd58ee58f1497114e17cc570bcf50ef4bcc3f26885fb8ceb34913
soccer,1929,#fdc021,#474222,14458f14b5e115bfe8ed5540dd2ece5433bd9c1a6c645f83c9a7ea1f882b426e
soccer,19298,#e82344,#46272d,7032186845a080972a3fdb407c8863889305b00b54135fef702de1c368fa312e
soccer,19299,#ab744e,#ec2028,3c5316653245802ef40066f5cf469b20d7d58e0b0b353e686db6992a979af47a
soccer,193,#ee1c2d,#000000,4dec9599aed2944426c02d87d2d17ad7f3aad054bf9c0b1359272a97419e66f1
soccer,19313,#b7a66f,#231f20,58a4cdc5aa7e07760c3942a1ddfe8963bd8ccf25e390693327da0f67f47ed8e5
soccer,19314,#012a87,#f9d90f,3df04c9aeb76c9c6f64e37b1c31a4e4d94883edd406cd673064a949d14313e26
soccer,19321,#fd7c1a,#473324,7b5de8f05a55a799cd2910a6b2fd52967124cc51aad32e61913711014dc92bd2
soccer,19333,#002453,#b08721,d106ea15b05550165fab8e91f39a8fe9edc69e47bb6e59a697b2b6c4ddd30122
soccer,19340,#d2b129,#000000,c02b0ab38b9f6ea53fb3331c09e21fbfdb7096b55945b2df1736c5b952e222fc
soccer,19344,#b22025,#d17a7d,7388cfee9a0bbe5dfa237159b6a56a52869815edfa72a2878b9823709ff02a19
soccer,19345,#dc143c,#2b2c2d,9bec0055ca32a9e7ab603904aed89a9fa28c6fb2a08b24cffe81b6946a809a1a
soccer,19348,#171796,#ff0000,b3e2f9b51d71ca6937926a520aa1bd73f90f0e7d7cd1d3a2f3093944bcbfc49a
soccer,19349,#c70021,#f7d21f,1656973561bf1fbc912701929a02f0c2455e2e55bb5bf5c093207bb4fdcc1e39
soccer,19350,#d72b2c,#2b2c2d,8d68cf0ccd8bdd16960b78510ce86ac2094216c2a6ddfda49b88268a344e883f
soccer,1936,#e4050f,#f0757a,62e65071c93a7307ed2c5669f4fe5a1297d405c058b532a6294de780df09cfe7
soccer,19405,#9f8a5a,#050708,f6328981c0d96f23e98de511cf38f6098b0648b7095d943537e563d0b37967f1
soccer,19407,#091f40,#7da3a6,29f53dd05a5e9f1e5dc9d96c9bca1f42a27ca06d899ad42b11fc4d0a54d76b2a
soccer,19408,#fff100,#6e6815,7f0808774757af32bb2bbb93c2fadb9a17a0e53475c3dc30c50ee6e6722cc6bf
soccer,1941,#ed1c24,#e9888c,b06383a6f83d396fb9bcb025782ed018b87c9f3739f5f43ff178b7b1b5d97550
soccer,19410,#ed1c2c,#000000,71f7f569284ed0c66b082411b20ce413b1c966013694ace6d690ecdd578ee3ef
soccer,19411,#24356f,#29a062,d3e6811661725af3e94270b35c82b764113422b48a000bf60f00b3769ad31ac2
soccer,19425,#ec1d27,#a27374,6a5b54f6247aa6154391b7765a4afa52d289cdff7433249a45bc3bf6006c5f10
soccer,1963,#d41521,#eec506,8a186a62857f24093d20491c83cefb19efc9d74294cb0f140cfd8d3ed7004069
soccer,19685,#008bd0,#436271,b0b8e1fa85a1f92cfdab95b0304eec0168d420f2952d2eb6acdd16380786c906
soccer,19960,#0038a8,#919584,792e0a29fba797ff35754bfcae1cbf41f2b60516195e8de446a24576dc04806c
soccer,19964,#0e2d52,#62ac4c,b63dff3add4d4f28b80e5c8d516309fca147e3f3bbda85f28338626301fc550f
soccer,19966,#ef2b2d,#002868,a3a5665b88adbb41ee627fd8b13b140fcbd77d478d20ddfb153214808c7e6356
soccer,19968,#161542,#3c4a88,ecc59811759168ccda5a9853dca083276cc7c55c80bf644cc645506fdae5668b
soccer,19970,#144992,#b29562,c41ba456c72cbd9f63b1c48bd041edd63f3b0b40af9c2f2184d79f63bafdfd01
soccer,19971,#dc0714,,9f2c56faf3631eb32fb5cccd84d31827ba38fcd9dd3280f597b221711a8797de
soccer,19972,#0c4c8e,#afc4db,59705dd1bf8bb1c5b55b5f9d370dd29b81ef9f7d013a58472bd8de04e1083343
soccer,19973,#ab744e,#ec2028,3c5316653245802ef40066f5cf469b20d7d58e0b0b353e686db6992a979af47a
soccer,19974,#e21a23,#b55558,0bcc879e9a8597913b5dba73c85a379f33747b1487acff44da3ded02b69dd480
soccer,19975,#7d2c3b,#f6d741,a63d8140772bf0b701077c99e9a4cd65282c36d9a167a22a31e79f4967bae503
soccer,19976,#005aab,#232021,581fa30848441c5461db21f02682e5ccab3d454a83fa8a1811dd3adde385ba17
soccer,19985,#f12227,#391415,eaf6a3bc3d77e3a1fde6f74d2e680998b480410c0b39d4e3856ec004d293cf10
soccer,19987,#a6262c,#571114,ef9c1b45a255529bdb50b656039f5aba0f60b92c87fd50a8ca7744fe644e45bf
soccer,19995,#76c9f1,#193b61,137ddda2e63d2a9aa93127386996684a800582e8f2f3a52a9ca3320a5fbdac3e
soccer,19999,#1a1819,#cacaca,204936dbf7887af257dc720791be70af1ae74204a1bbb80efe0c8c6b893cb217
soccer,2,#7f94c0,#191514,77e27767f231c2903d738c90a461b52cd00e8f87747e2fd29bbab9e5e8e970be
soccer,20,#df0813,#ef9498,a0eae71cc92316f3bcbf3183d56e1ef7a25ce07b6560d7640f09ed238fd615b4
soccer,20000,#740a11,#884d4f,2c252f3911b95c67c2868c13875b29033464b51bed93deb3fec1648306780819
soccer,20003,#049a64,#f58241,be9a2497af4479bd66f9b3277322412b384bbf3a22ed770119fefb686ca6b341
soccer,20024,#000000,#ffffff,c685db9a8d743becce59cde0c0e35dcebfa37fa3d1b3ccad02f06e550f965b57
soccer,20025,#ad0017,#66000b,2b13927b2818f2ad894b127ecbb9ab533f74d17c66db02dae5d855a932d68505
soccer,20028,#00803f,#fb8332,ffedb0d605dace814bb206a7a14d5101631500a6b7ccf45e7b104a335d86361a
soccer,20036,#0079d2,#3f3322,705c16e20be00c7c510599f1d97e0f3408dd42d92632229a8279dce4394b4b3f
soccer,20039,#cc1e1e,#e27f7f,ee020f293b6d6986ec81848ac645229f0e24f404c7fa5cded1ac8cbb8426d857
soccer,20041,#cc0000,#1d8617,de9a6fe0061b56163f40e349faabc9c04733ef8495d725a357a84ff429182d27
soccer,20043,#ce0002,#091876,d0760fa54da26db974e8221d5b9483958fe30036e3afb27d6836f17dbcf5804d
soccer,20061,#e11f26,#f6a917,03486cf5cf90d580d6132ab115cc747be7b2e3519fd6e08be56675cf5897f0b7
soccer,20062,#1f274b,,ec1b3a02c8d5805a6006ed1570ed6250d73381440da0c48f49dbf66e05eb2703
soccer,20063,#003691,#de0023,17506cad3a3476f0dd95060b4323c3a1ec02277477b309dd19e06725481dc2f9
soccer,20064,#e31b23,#00853f,248b06e7069d7e7394233bfa05311ce8555989415e603e9f95f450b660524854
soccer,20066,#197b63,#fbd632,7d1c3be3b97d927b8a1c9b047f7d4a7baa2de907d41912f005fb520bef9e8e87
soccer,20070,#e3182a,#8c1721,6cd8d0c021e8d72ee37c3bbe8c8ee472bf0825843b81d43098da1022dccc444e
soccer,20075,#95bde4,#fde905,851ce770a9a69341a86fe0c477aa65cf329cf8d7926ecc4528c8b0924d413846
soccer,20088,#01356d,#5c7890,50145f8c623bddbaa1e5890b49a12dc4cdbf078467aa459e23c1be2afc517f3c
soccer,20091,#e21d38,#04549f,9987e9acd8f542f74402f5a62ac2bcbb350c5ed2bf38831779d56a375ae76eb9
soccer,20092,#231f20,,1023784877a7a64648fb422f431086d532e56432df5029ab0f2561c61ae4326a
soccer,20093,#282a6f,#e8151e,a1b6939f1a18aeafae81a18742f1cc2ff792a753b3d29de3c181661a0f419de0
soccer,20096,#393996,#ffff16,379dfb29e96f8cffcaba17ecf8fd5a25d27db1ec9d17bf069e7e7a6faefe5102
soccer,20103,#df1c43,#0b59a8,39a31c4fb6e58e739c3ec73e6bd0d8176c1b9b503506f28085726427d7d91cbe
soccer,20107,#51af47,,65735ab24dd652f00d17f362282f04bb78f543a1c89cbd398f5a61791a3c74b7
soccer,20112,#006a53,#e53828,0e1dac7c1f28ebdff2e096f194d04baee77b39b978d6cbd6b9aaf6f86f0bbdd6
soccer,20114,#e30621,#ed8996,78c7c740029e8726d7a34de47912d33fd9e6e73a76c2801f0bb048b12fa2bfdd
soccer,20115,#085da4,#ffed00,daa3d45cae08545dfe736d07239b81b1b73d474b40a6415429184e5c7b9ff2bc
soccer,20179,#0000a9,#ce1126,a0c461b9188c08a1f3446a4ff870cd1b45908f2d73f081efc14133aec50d0a60
soccer,202,#74acdf,#2b2c2d,bd248be4adbae650cebaed580ff6aebe8a85798a0de0b3bb9aa89805d564174b
soccer,20210,#0038a8,#d52b1e,d8071e565b817e77ae5dc79768d941a4055f64ad507cd6be50803941f23b119d
soccer,2022,#0067ac,#92bedb,83ea69b941b800c4f32774798e1194ed3b1025acb935e0deade5d4416d59b1a2
soccer,20229,#7fc8ef,#3283c2,1dd93122bf19490dc2430b996cb1668c666a655a5d63e88aa57de5b159df7eff
soccer,20232,#202221,#ac8c98,a1ea4f53629ee3849d72d928d4c54dadb1c3e4e57dc842aba4dbba59c08d12f4
soccer,2026,#fe0000,#000000,6524cadabce3d5ce640d96ffa3cdc5906e13999e8abd722a684d588277e5c59d
soccer,20280,#6daad9,#1d3567,0728229a36d59ecd5ae1d0b8632e92dba4a35dfcec0ddda28236dfe78204c067
soccer,20281,#f96815,#934f26,1bfafb6049ea5d2edb20c6e0fb7ae9f928fda075f1a22616a8baf29b5d0d96b9
soccer,20282,#f38a24,#5d2881,e23f3330c90f8db8b9b20364d2f258899179bc4a052ffa6a51e57f604f51181f
soccer,20283,#d01f3d,#ce7f81,91fcc3ba59bebec5ff93e33da2e67ef28d9ffc044f79f19f3ea912001753f38e
soccer,20284,#002d62,#7c899b,f88f4d1098424a3f7b16d1a54d05be6b379ccd757c1f186dff5123ae6a2c37ec
soccer,20285,#162d4e,#85b4e0,bfda013be858f8869a85864475a336550ce6e79ff92518396c5749b9bc24ce73
soccer,20286,#002f5e,#677e9c,a3cda1261c31b743e168d0db47893c9152ad6cb6e268d04669b1fbe919aac7f6
soccer,20287,#005196,#bf2a31,9c3dedb7ce3ce1ff7488569c3f91dcbb9b1c73e3ddbd634c7f66b865eb33feb6
soccer,20288,#94c745,#11a94f,243126f2f7b45b7469a8bc37cbb5aea48cb07f7cb88efe29fbb6c324cb684ac9
soccer,2029,#006437,#8bb6a1,c6dd22b07be603cadbe9924acaf568edb614d26aa6b2b5a6a6ef4f8653f87c7d
soccer,20293,#f40f14,#fff400,6518c33d21d3cb3c03d6af58511d26535b27d59d3736a13ebbb6c1034021e218
soccer,20297,#d60707,#fbbe00,7f76054ad80916cec499d5fba773dda402fa151d7f10d1bd52bb271c1f06baa1
soccer,203,#006847,#ce1126,77fded17f4c3d6295635b2d6a1bea68940ae8b689f90c9a9073853def51702b4
soccer,20301,#ffd400,#887711,dbbf9c7bdcb2da559e1fb6c30f542a1c4f9c8fbc9b34e0ae20c6ef3f5a0ebc00
soccer,20303,#0038a8,#d52b1e,d8071e565b817e77ae5dc79768d941a4055f64ad507cd6be50803941f23b119d
soccer,20307,#cf142b,#ffcc00,d319c17eeb3cddff6a255c8e1c0b7fb3a0335e79da1609417203d40a58e1c93f
soccer,20309,#970310,,0dfc3e06f6e158d96df2b9729de6b1cd6a5a5756ec365cd0b998aa6ecb45aa66
soccer,20310,#a00000,#000000,36a5c3e0fae73171c91f10ceb170ea820f4f46c4899ee8a66e900a60b597ee98
soccer,20311,#000139,#493b64,99898d07dfe294d50d29bfc8fcb57d94e6036201f43e48e7f96604487f822843
soccer,20312,#792439,#a8b2b7,b3ce9ea4dcd431c1fffbb928a0d771b539485082745dbcb41304b6a9f8119073
soccer,20313,#2774ae,,5145c6eb67719f52cdf51c92ef6b30486c9a585ca129624d6c7837e369321a23
soccer,20314,#00275d,#2d97d2,97c7a4757694704ce5e975686d1429808cc381fb6475ae72b8e4f467a42d1d24
soccer,20315,#283349,#c6c6cc,b007679c678910e69c86c0df99ffff2510918558bbf423a52c257414eb4ad2cd
soccer,20316,#8c2232,#bba38d,fa59bb32e732327db77cef6c70e32db5f0faf0d1b35a02abc482d1bc187c6036
soccer,20317,#00539b,,5b614bdf00364d325be332b63dafb5f95d25e0f59e63a3e152faa43124c57112
soccer,20318,#69b3e7,#cae4f6,0d8f90baa0b8222b6e605cbbb226fcb0e8baf7522672ebd9a9ba4f4d57d467ae
soccer,20319,#103595,#cf152d,0c131f5faf86ec1bf70679af3a7f13248aa5f9e764aeb0c927fc6f753ea85e73
soccer,20320,#091f40,#a28d30,6e5e48e6e1f322795d5b5fbbfdb6e9e45729b1c9a9ff8f9540b7028f18b7d191
soccer,20321,#c71937,#6c2e39,2d0fe74447bda664c751ef06faee17350920a5c40ee2a695ab0c9d161b9ecd5b
soccer,20322,#061440,,0efa003a56ec95d664b71d799fabe5e927d2ddd23cea90d5bab42df971abd080
soccer,20323,#492f92,#9687c0,d447850b4a4d514fb7692fec4cda3e4fe7268c9d664b53e93f0f8fd476b1e6d3
soccer,20324,#e13a3e,#781f21,4bb5d1cbe2d259b953977bce4f72c66dacd5a0e5afdd5a240ff3fe41c2daab17
soccer,20325,#c41e3a,#430a14,59994170779f3450adc0ba499de3b9d606bcdeedfb0d3dc959c4a9a9b951c6b9
soccer,20326,#662e91,#301646,027c38dcc223cca09181ac4b0e56e1a84573a6f121d080b3bac8eea614776d9a
soccer,20327,#a80000,,1dbe095805cd1636fc5aac2918eedf81b4dad43329a8c1e665616ee1d79840a7
soccer,20328,#062340,#c89600,5c0412f57d3fdf05789d255595ce014bbed36c6468f8ec3d8471450efe5f9f10
soccer,20329,#0c2340,#455268,3ff5b782c09c76a90568f2d8434ca70efbecc7a4f65ab0cb66d5c00b1e384ad2
soccer,20330,#003c71,#698cab,51e9faf663b109fae2688eb5b8efc982494f0bc3b508caea17f076a8e1a4c8bd
soccer,20331,#ba0c2f,#000000,6dbe512c1b9b4e8c0ebcfcb4b3620b6229a05619e8bf70b3051a8e6c4964240d
soccer,20332,#003366,#ffce02,5721cb1ac1a7fdc16b46d6a30636c17d8316bc4b72e286dfc66dd301cc3fbb9a
soccer,20333,#f5ab24,#79623e,74d890b5a19c17d1b4f73136596490307d43c257583326504dee7d9ccee76d7d
soccer,20334,#7bafd4,#12294b,c51339a92ebf5e7dbdbcb6c32dc2cc63f9e2f3dc0e5d47f60fd59fa22ceb32ec
soccer,20335,#003ca6,#ffb91a,9478adb494b57c7c27b6f94c3b6ca08570d30cad47666edcd56dc9f77061d7a6
soccer,20336,#232d4b,#f94d1d,d35c8362ad7a6f03b32e30bc0745cb481da320da96010c7327f3c78359ac9fe5
soccer,20337,#000000,,e307401dc8adf24492175e57a95f242b8943fe0fb3121ca84757095e6825d17a
soccer,20338,#330072,#8061a7,683cd74fd53879a481d19f5b9b74139ab175cc7081ab487f08f640ec353281fa
soccer,20339,#00245d,#035eaa,bf81cbc4ae23e4b6846c4bafac1e3a59884c11a3ee952181624cf9afdf528781
soccer,20340,#ff671f,#002539,b753b82d57c80bd2cbd08d54c73cb6a8c5118bc7c819c70183cfb178e0cd8f9a
soccer,20341,#ce1126,#f6dc41,9b1951d140a87972ecf1e0564c190db1755f46997c4393813281194e62c83d45
soccer,20342,#1d1060,#04020c,6004224904edc66cc06f9446098f232cc3aa6aa00fe7478706259c5d9479feac
soccer,20343,#a6192e,#000000,7b084aa3cbb580cc26253ef38134dc1f52c3605f66f0dc6542b2abcc0fdf1dcc
soccer,20344,#0037a4,#7c95c5,ddea9ad72ca26b15b1e53a9a1beba04be0685cecb1eded27857f484a2403f3d6
soccer,20345,#002c5d,,e6901ec451f612cc83d717f7c2f26d83db1572e67352855d944aa55f995f4c82
soccer,20347,#1b355e,#d4d6d9,ee23b8503f7f49162b5d4c1e813e7003fe45b5ab8d0fc3a259f9b71c1ebb98a1
soccer,20348,#cc2127,#2f1d1e,2d94917986379265b51b65dab2f96bd759acd006c819cbb33d57a863f105cd91
soccer,20350,#004a87,#3a7bc8,8cdd71f1ab57d69d808ff64532b818e0b96ea4fc21b4b2a2218405031a327221
soccer,20351,#0f2043,#f3af1e,588f71abed45457ee30155088e60cfaf715405657535cd1b051af4ae6a5c8a20
soccer,20352,#005035,,96a23e7c40183c7731402eae581979de7a704893cfd46be206f198a24bf948da
soccer,20353,#f56600,,20abd84754733106d0b91337456ab631597c159620f9fa3db259da526d5b656d
soccer,20354,#031d43,#394761,fcc54746872bbd548a11130f48c3313dedfde6fd7f69a0b4b139d093ba7a7827
soccer,20355,#0061aa,#a8b1b7,5260d23c6b78ce4ec335db4ca06e5392dc2a5310aed9c9f9ea3d7a9d338afbce
soccer,20356,#f7bf08,#371610,5805ded03c27cb399264791b3bbc6fe46dc67732858ffd784eb22eb48ded9ae1
soccer,20357,#111b2c,#f3b035,05602aa11ffd7ebf21bf2830a6216475b512e6bcad6222b7db02a573accd43a0
soccer,20358,#036142,#5f887a,a0da1cf1aa1f95984fb0f33b5a72a6241bd487903916869bc2b47223a1037417
soccer,20359,#a90533,#390211,cf4544fce3119dbd71d39f48389eff18704136a58282f0a29704381e263c8403
soccer,20360,#33006f,#e6d2a1,d1b99c2ea2a3336916b6906c38470338b07bd1e66c09c4433080b0d7017709b2
soccer,20361,#185640,#f3b120,5e22af23b7ca50663afaf78342eae31ec635b9708d5f537bf61927a2afc5c1da
soccer,20362,#a06816,#00502f,b0799eec3b2a49ae92be57b962f8fb3d3353537d0782defc3b893fbd7b84294f
soccer,20363,#d3bc8d,#9f8e6d,bbe36252ce70f54489fbd0a0c0ec27bfdbd4f84d2789fc9906bda5ccd93c7aab
soccer,20364,#041e42,#ccbd87,09739fb3e78ccaf6b6f468f252181a169984e325595126130ed7abf6e9683efa
soccer,20365,#daa973,#e9cfb3,9f09cd79f530bdae31eb7bc49643af61dc1d5562f8a92bd626c8fa4a8aec896f
soccer,20366,#d10000,#714a4a,ee51da26e5cdf389cc787c58478f10bb03503832e35f862b4f208d273819d8ec
soccer,20367,#215732,#ffc72c,d0b9cbcc10781062c416159d610fff1e6c9e243e6b2dd81b451acdeea2a5f473
soccer,20368,#74000a,#340003,c9e93c5450038047b77651cc3713964b83147bfd8df1a96d299f1e190aad002c
soccer,20369,#15284c,#697587,19125d5969a8c7204d90e2ec4cfdaae41b32b49182a75edbdb0b1b4c389a2dee
soccer,20370,#cfae70,#8f7a54,cdb3df344d224cae8b03a9f23f6e15424267095644cc211e0e0278c6e53986c4
soccer,20372,#006747,#d0c492,a74207f69d800eba006138acef12a1436166c868ba14c94e1578190358dd0d14
soccer,20373,#7a2531,#a18b5d,6db771a1d4840a7ae2d92b0ce8cb077f29c340f4808c2a1b0c38af9493288f79
soccer,20374,#ce0e2d,#000000,5e75a7a68f9a6403f950f7ddf9c656698fcebcaa5fa16f0890135f2098c18686
soccer,20375,#5e0009,#90696b,46d36761e7c210f650db2499b48da428f5e5aa652e1ef9430868a932e3db88bf
soccer,20377,#cf0a2c,#5f0514,3699f4337084b482b8b698fbecb4bdfdbced4370937be37a42842d96555b6df2
soccer,20378,#0d1d41,,a0be212f2633f4973325d0fb4c7bd4287ae0f378806cb89ecf3806b182ea686b
soccer,20379,#fdb813,#551c1f,d1a49d30b3533c49f217aed9f6794472d524fe8a5633f6de02cc7b80f3744f5f
soccer,20380,#e50000,#010101,ed4f66035766590085072c968f69b8064ad6cfdbf7f69e6fd85e0f3c5d2b5ab3
soccer,20381,#ffc10e,#005936,fa6b84aa1d1366cad56c87b0038fbd7ebe23abae006d2a40605964669fff01d7
soccer,20382,#002855,,5d80b2a5a79d7c5b8dfbb270f0140bd7353b87b6fcd8dc43a60ccff9a72baa29
soccer,20383,#003768,#9cbacf,d7715a34978cfdb27bdb863a6c0de3d7a4c122e80de0c72397b8a23aa3d10fa7
soccer,20384,#4e3227,#beb6b0,78ab812333b922c1c06ed37cac69177e9dfb5113a3189aceae135573c5e1ca44
soccer,20386,#46512b,#efe1b9,a0e87d892ccee9a3871048e62cf8856cfec820973afc20f5f26357756a268394
soccer,20387,#ab1d38,#0076ab,973ba9244bf3eabe69bcb43ba992cf1476e773b563839109ca566c63d939edf3
soccer,20388,#d12030,#482125,d2fe9d8e77bc677e641b5b7b5e3cffd1124fb5c3f3f0983561a87a9666d76f33
soccer,20389,#73000a,#ba9f5a,5d5fa97d320857596e6aeb659e67012a4d0db24b0f7d10489d6a4f9dc8286d36
soccer,20390,#006145,#0a0405,d6e091a2a62d8b592607becb349404a911d9263b95df15e2ebf4608e276f633d
soccer,20391,#0d223f,#fec52e,701c22e1218d950a63b7cf1a722ef4f345028c78a42711eae26bcda7a47fdb67
soccer,20392,#e00122,#000000,2fd50a6f605fb9c0976541ceea04a6dca78de56fed0ea0186473da9fc39c651c
soccer,20393,#fc671a,#a54b1d,1ba19c1ecc721cb6fd92327b967c54d2efc4181f77fc6f18afd84e4a2f3c644b
soccer,20394,#00498f,#4871a2,e56cb7d0d332907b4f0e7fe4f70e98c1841b06f12334811f5054734cb3da27ea
soccer,20395,#1b5732,#ea0133,905b2e96ff5a391a789276d4b211134ca295a91bc352d1ba5668c79fbfcc0bbb
soccer,20396,#8c1515,#a95353,a25c3474889c6c9d966245814fdd29c51dd79b02ae9e7780965cf52aad1ee22b
soccer,20397,#c9b99b,#000000,f879c92b3e9997cbc08e4b4a1dff8c45061a3d101a7195245eddeb0c44ba1281
soccer,20398,#dc4405,#842903,64105e5b2d9a14525ecad678731eb6899ef6126165d1a37ec8ff4dfeb61b9a92
soccer,20399,#683919,#bf965c,4cf1c5d7c84cbe20d63d107cb26d3ec7200c723ea514b88b4dae789fab46edc9
soccer,204,#007b31,#de1818,b33b9f4497aa0c01e348751a81d187b5929db4f374dd9b6907ddc6e90995ef05
soccer,20400,#ff431b,#000c58,cc978bd06e84d85870429294fd9a2f4908ec9c43635bd83ef3eee94387cfd100
soccer,20401,#f5822a,#936747,63f3261ef6e17ebfaffddad1ae274f0c0d08d5c9ce9f6499112798a147914dbf
soccer,20402,#0051b8,#ce1124,ecccb90d360d46b4aeaf6cc44a5b7af61653e7cb599a86882bdd43810e03a914
soccer,20403,#005596,#6391b5,1132382ebfa0366b30b03ef0134ea48b0e9de4a9ae6ec570fbf96042c4ff4149
soccer,20405,#c9001f,#fdb913,7c5e06bfb990c80176ef56e171bfb2de264355db54c592462d5f8a02404412e8
soccer,20406,#fe981e,#371461,f28a9e7a1c89bf1b02e40ab5add09fc28baf32ac4f9203ad8838d07055f6440f
soccer,20408,#bb0000,#3b0707,75f90e615c5216f9315bcaaae3a1f3283f9284247d79c2e9524d927c11b8fdd1
soccer,20409,#6a2c3e,#cc3b15,56dbddcf5acd291817b559a31b6d8aabc91fe1ef1d27f47a527d353dc706cd7a
soccer,20410,#00275d,#3b557d,c02c87cbe03eda2693fb900821178fa44f228c6d01ff4c5b92f2d3e34dbd816b
soccer,20411,#881c1c,#8f6f6f,864546bd6d0bdf4432ae552d6e3ed405b6fc6e2a78a07f5654eec22e110789bb
soccer,20412,#00205c,#00665e,a1f01256c68f9dc9bb6befd23fa93f82af596c92ef37bab80a76a808ad635edb
soccer,20413,#4f2c1d,#fd5000,39ecb7e2c79c967dcb27fee95b298fda3034d6617c69253336e61decc830bfd2
soccer,20414,#dd0330,,ac22ea5eeed3dd880e992f854122a86b11e554f47b8fbac125eec542d46d8e5d
soccer,20415,#091f3f,#c3993f,454d8b98c02065b3ca16b6b64c9f71478b32dda5dbc5495670b79d202e1017b7
soccer,20416,#61162d,#b5949c,760a1da29e415c515d986eaebeb520a41c0fd50affd37a814018eb948225cc9d
soccer,20417,#46156b,#6e5183,8f775693e211515deb77394a0e8ba895962a139dc3f04923956afa178fa08ff7
soccer,20418,#361717,#c4bdb5,44609f1d0c34284c7cb8149b7c67d1dcdcab15503214bfb9578d285dd8eb2ea4
soccer,20419,#ff4713,#2e1811,e43f2825a58f41df2f8f3c27b5f13aeb16b3c41a1d1481d7a73d9bbe1227779d
soccer,20420,#a41e35,,2a7cb32da0408fbd277fa184f3eee42ce983ebab70c8e819abb2865ac440717c
soccer,20421,#bc955a,#41372d,594fba75726c9697baa25ebee41d4f030e215f6dab84d1ca9e04de10f581362f
soccer,20422,#183863,#7ba4db,17998aa6c72a205aa2f1daa999effcfa2e69b1f325d7d21017908fa43ad7329b
soccer,20423,#334475,#e6374f,3a22fb0af906e64618a9da195facf14e0df490a844494b08b6c456c6064690a0
soccer,20424,#061f5c,#32b7e5,710a12532521705923b4022b571e7832eb01265aa34fa66a650fb784b7730128
soccer,20425,#173f35,,9e3005c55a99e3bfc69da7df2d7a66b4851c9710e33c2f328ed471bf37638474
soccer,20426,#000000,#2d2d2e,46a87678b2132dfba03307d09c306e823465bb88aff1689dbe4b2e15349d382c
soccer,20427,#0033a0,#6a81c4,6f5dec8dea23de372677085b6ecc0d8f49420e3d0a0a5336e7165c94160f5015
soccer,20428,#011f5b,#86030a,292db72f7dc3153119e8848fcaedd542b49074a6adf3e097db366cf07b55455d
soccer,20429,#003366,#8c1224,2e799d7929cc276364cd90a4dc47903ec780b4f114c689a65d7e70a269316fc8
soccer,20430,#041e42,,e77c7a116c09151929c126691922a76de34689b273f0cf8748097fcbbde087a5
soccer,20431,#00703c,#67a989,823624fca83f87b9762d05e24cf985190537ed71a1dd5d3808d798a9da652655
soccer,20432,#e96024,#00214d,605ea8a4fe58cb5bb88385aa4cba7d608500d7a532454b4b4d51ac131f832cd6
soccer,20433,#ce1141,#e993a8,71dd8f23377d56fa5a95e8c3ab4ccd6230d005d32691090b74d44d66e0be4b97
soccer,20434,#9a8f71,#0e2c52,fe70ca8537698c3d5dff46b741a07bf73a48995c35263556a5ebd9c7aad5be6e
soccer,20435,#0a2340,#89909f,38a3a325babea1036d6849eb7c87d6d63dbed97aa1c0bd5a03aa2d4b9bf86b07
soccer,20436,#21304e,#9fa2a4,4bf21f691cc97b49e985dd492badd330ace93b91a068e08c8ca37c005d47c826
soccer,20437,#ffb81a,#0038a8,b786de17b998fa272d6e02d193d2a84db93b4339975301d825af770d3b2ede5a
soccer,20438,#7abeea,#810d2e,7de3ab29e9a6a7cbeab35fa14383b643539c9f52b804785981ccec095e4cfeef
soccer,20439,#d0252e,#4f2124,3f3b0c12aa9d201f1fb082bc49e3226aed563fe73f799f30e58aa53834becb2a
soccer,20440,#051e41,#a5acaf,70309e48c4248f1eafe5cb07f266fe8210f46f6dfcd58590febd7f9b2f616eb9
soccer,20442,#003594,,42d26e1bf89ec01fcd54caf37e52abb4b8fd8b25da97199c0766cbd5dfa04171
soccer,20443,#0039a6,#6680c6,e8680ddd6596d15818a8fa489831f6e81605c59ba517eb10940f6eb31ba1a332
soccer,20444,#dc8a26,#c9b086,c19caf4f490a27ac009d30ef125d121bc536477594756d89c1a26da16ff332b1
soccer,20445,#0c2340,#b40731,f66412643b9b890e482f386dc7307cd2619b774f201a611e81c8d9e45056cf8c
soccer,20446,#ffcb00,#f5e9b3,487c6f3fbe9c41cf532b6de285f1d35585ee7ca9510e5aa45000d97a1f597e5d
soccer,20449,#005bbb,,491bd78fc49a2d70fa934807beab1a0b3b1497f8ce93e7d98e94fcfe371353b3
soccer,20450,#00539f,#ffd507,89e021f5f9b67d3024a17b83347dbb76d77a2b08fc67e8ac49411317228c7964
soccer,20451,#004f9d,#ffc62f,d6e032491b0e6ca111de91d4ec09b7f3d15b53d8d2bdb9050ca079f43f7e4383
soccer,20452,#fdba31,#918267,6d8fd528d556e620761fcbcdee982a68c66be5de1c2e4cbb498ce8b5847a2fbb
soccer,20453,#b08806,#ffdc63,83dc24899e9ebb12b250fa399c09d67a1b0b21614758e7658df3690a4410c8ca
soccer,20454,#143d8d,#c71330,f483de6840f38848bffe6ae94dfbc0781cc3583f242a13aa39fc664f939e6f5e
soccer,20455,#133595,#5a84c0,94ab7f4add1330cc308f08cbc1c9fd0e3a3e6e4ec6e4d4fee89ccbd3a1081d82
soccer,20456,#ba0c2f,#987757,bb04345a71b3ff31f55d35b4586dcaf7435a4ac07d1fb53cd58710ea5a070500
soccer,20457,#0d1d41,#d1122b,6a0c84b7020b728e347680adbc87daf7435c2767cb803d89a81353a17d650c14
soccer,20458,#003876,#ffd65a,1ef4fc827301077406a5bd65caae9c6919682568f4f8162bce18fcd5ba166a63
soccer,20459,#ffcb05,#002051,910dbf467c9b442f1b493280bbc027ba5a1f91e2ce314fae099d637aade7d42b
soccer,20460,#ffcc00,#663399,2b245a4ddba23d0259bda9a093eea759527f70c0f941f25c0e19c3abe544b5a4
soccer,20461,#005e2e,#000000,66a6b917e25b486a32a645f3973e86e0b8a9350ddfe6efb41f59b3e5f5f58372
soccer,20463,#592c82,#9b81b4,db8cd040c9a4a3ad227a89e3b3e714b59564e1007d5ae6e7496f3810a517e499
soccer,20464,#c8102e,#36292b,8eaec08b517c299e9104ceec51d9fd92cdb1c5a8fdc029f605071b518ba94c1d
soccer,20465,#511b00,#f8e143,ef109dce0c75f0e11715f9f08bc2b3bd8b5b60fce7d15b5bc19a1c8702f4ed2e
soccer,20466,#00573d,#b5995b,4384290d93eaceb6978916329a11fe5ee635b729c799339c65164721bb2c8afd
soccer,20467,#006f71,#a07752,16b25eaa685f36feaa1fa315a91d58c83349fe7401eed3bd6e396552006a7f93
soccer,20468,#003594,#ffba1a,c283722b1c9f4b47b7361d7d959422225de4ad4682b0eadcd66f707c015506f3
soccer,20469,#0f2c52,,f30b549c6c0fea64b65100f480b2092b80fb845c2d63304b451e04f1db968aa8
soccer,20470,#091f3d,#6aa8db,d804c465f9394c66e84b317106dfe4e40c35c422b93b5ce97879d091c649bc0a
soccer,20472,#000033,#60607e,1edb35518df7859303ecf1506cee70aa8770fd45870a188c7a00cc44812f8405
soccer,20473,#4e3629,#c00404,e77048fdc059fa47441bc03ca6cf2ac8e66bf0e0d817ff6c1c7d82f4bc47a0cb
soccer,20474,#0a254e,#b72025,2309e841473bc8b4297e83a1bbab7581d296189a20f904aa578c67f2327c2184
soccer,20475,#ffeebc,#004812,023b7b31a3b24e726aa09bda81e34db631fe50cf102bb3a5da2c259b2d8b950e
soccer,20476,#263997,,0704cac05f631bf70b20b9ec30458c77fcc5f98ac3ab1a0e2223fa7bb23742fe
soccer,20477,#c1011a,#813655,98edce0b13a5fa6cb0a8276ea24b35de05d7d3ea75de35e6a58b6d39d836aa87
soccer,20479,#582c83,#fdcb2d,0ae06f5e6518c5065c93cde42d17853ddc6c6abe56502ef2bbcbf3bd52f9adb5
soccer,20480,#003355,#ffce00,93aeef5ea4915a2ca60ea1250ee928adba06ed539001ace61d7e42b1d7eb426a
soccer,20481,#342a7b,#000000,7d32280d89838a206a7fa6c94125856363cc416c423901a61665bf363d6912d1
soccer,20482,#896e4b,#000000,1565f7727ba51d229056693594498b351b126ed4588c8157dec171ca230cffb1
soccer,20483,#092147,#f0b200,aee47a103aadbbd258fb724a439eb06536cf3ade006d408e246c6fd1e961510e
soccer,20484,#e8d2a0,#102c61,2219686e2c524497678c6c62d417371115fe7a249036491f962d5ff4b327b2d6
soccer,20486,#e51937,#9e6b69,0a470f49288914de6d94f5b130c8249738a2fdef48388178ca98b4114e264b0c
soccer,20487,#056749,#ffc62c,1fb9a4df31a1afb009ae2282dafba8168f936d73bfe816326b0895269b6c9d7d
soccer,20488,#0d5640,#b0c8bd,818808ae1985f007f57581a3df7360b49979dc8fe4794d0f18be6ede8013c551
soccer,20489,#910029,#322124,87a3bd409adeb4cef6066713023bf95ddcc23fc8d3e96ea04406db1f1e534f45
soccer,20490,#990000,,19f8f9a3254b9c85ffacf42de7b4d00e1186fbb0b55effdabe9c6d0a3f487ddf
soccer,20491,#500000,,0da7ac07d04adcd38707b88a4198e988b830ed49a0ab6c9378cfb4cfb980aa08
soccer,20492,#ff8200,#489fdf,6b834efa358195223b016559b6ae78f3c38c00c0dd5b77c0075297ae8c09e130
soccer,20493,#a60f2d,,13774f9131a5b477a7be0b6def39516c9a4c5752a7add4d0a4eb259a174db289
soccer,20494,#ffc82d,#0051ba,e1daa000b25e45917bfaa93464b8725980c8e3c1a859f1fb51174e9d37aee08b
soccer,20495,#a32136,#50101b,16e44ba49923991c70b824707a4c541327834a308472ca471f0001805a6a8d91
soccer,20496,#5e001d,,d39daee1716e6e413c6203d54ac1962b89c90d3e8680a01d0efa9630bd54ffc2
soccer,20497,#ff5f05,#13294b,62c3b65a1ab3e8cad05832d76dd7b3fb695c8220c07f0fe5aa44ef12abcda56c
soccer,20498,#e31937,#ef5e73,c09e5b394cfa5be2f2369c5e63210a12e25943b904d077c6469714ca9f8285e2
soccer,20499,#22884c,#fa4615,2e70460ca7c02a03d238ec4d9dce163a22401bfaa9842cbbf2f1ac1a991d6d50
soccer,205,#009c37,#fee000,4de357558b67c31d60fa47d82fc8e64838e55e156068186417267cb977b9c0c7
soccer,20500,#df6425,#864728,3b546b38d6c6c52f953ded0e940b066c2e20765eb1783a2d60dcdb408e60fd1a
soccer,20501,#fe5c00,#792f00,3d5ebde2aa002198a95ef2449a139270278cffd31419060b755616b7614697d1
soccer,20502,#f47423,#035131,55800e4867c87bf38281043628d2c0dfadd0bf44632b27a9ab20af27a9a728fb
soccer,20503,#06143d,#c00417,f01db22fd85d00eaf8f9b5952bc8e7c0b458beae33753c312cb54c5515f7c967
soccer,20504,#b4a169,#000000,4fdf8855a3d5842e5cb897277f93cad7422774b42d6d426e019591a0c596bf2c
soccer,20505,#782f40,#d1bc8f,2b8ccabe8c063ef5f2fbd4c21b489179d94782ca4ea6c14dd3e5d1728afa61a3
soccer,20506,#144734,#57786a,2fbdfa08adebb0be79d920a92b46e7e153e6dff49a4335b93b86a527525f836b
soccer,20507,#fcb426,#a68134,e56de03706796ca3e1c411a75732b1a9ec91452f7b1221c6deb550d7f0291902
soccer,20508,#00215f,,3648d62f626f88f864e4c629cf50c92f50dcbccc9622e87eeb3210429383afdd
soccer,20509,#cf142b,,61988dd6fb46c4c5dad612e7ef14eeee56b63ada3a0758b30ccf418213ecd826
soccer,20510,#c41230,#000000,cbc0ca1a53c76c0944315867f07facfbb31bfaa29b738038f50668b8b229d33e
soccer,20511,#9d2235,#ffca2c,abd4a69d1efca7bd1c944acf8a5a77b5bce41602da970e9779f0bf6079489c1a
soccer,20512,#821019,,3157909cb9b5614c89413b90f4ddf88555b3bbf3f7455aedf26405a519f3d9b5
soccer,20513,#001440,#f77f22,1003f17b9c2e77530710c261c907fac4925711e6c24fabeb45310b467690d6ca
soccer,20514,#a31f37,#feffff,4018648beaa1f1f51c97abb92ccf3d658dc976de28a27d069a28f1127e99c1d3
soccer,20515,#b1102b,#10264b,523302ba48abe65ce9d778912c43f72fb7322a2d5815d8ac324f89772a261d14
soccer,20516,#0047ba,#ffffff,4c49b759151574b979556fb10f1e245ec8cb03b4b3b80d4d352b5f909293976d
soccer,20517,#af5c37,,12d69bb78c3443bdbcc5a7659f288840a7a3862d70043eda3d8868a229eb7696
soccer,20518,#4d1979,,864561cb4ebf372171438c038fcf52eac3342a2c1d751e605901e144c70afda0
soccer,20519,#ceb888,#000000,4278337c6eb6dc808cbb8ff5e8fa0cb068db59aa75def6324a27f773201455cc
soccer,2052,#f0e911,#0e723b,2a761252948c8c28a058562bb0451866014930bccd915a93dfada242a948cf56
soccer,20520,#be0000,,54d1837e37240cb37dcbea2b2dfd518bdf8531344e5f5397ff02a1d2111b5b43
soccer,20521,#00529b,#d1d5d8,429d8e596ad8561520208e0d14d50d74814ded4ed2c3e135ef736f26149aa740
soccer,20522,#154734,,0346c816dfe728010a42fc416ddb48ceb052126fd0675bbb8fc30a6df5fe8e8c
soccer,20523,#f2b92d,#a3883b,bb4a26eac90ad2ca3557f18180dc0f1cbdf88ba013c15c3293071701a3f43b53
soccer,20524,#9e1b32,,bb55649cd4257a7d13b58db3f6cc85af8672b43f6eb215b6e729c7916ba5e4b8
soccer,20525,#000000,,865b23c1e68385b0c0f2bbdd69a662382db1e9aa66310d3af5110b246b2ec472
soccer,20526,#c41230,#000000,c11f8657322b3ee05d230694fd12d825216c69635ab939bc0ef7593554d29db1
soccer,20527,#0b2341,#e86100,80b9ba2db8d91211dc4f1a57ea855d34f6ef1796795e60d5545f91a49af8bf39
soccer,20528,#cfb87c,#877853,69f6e383b017d6494ff7e0456e90211ca41e4c746aa0532cf762256651aaf192
soccer,20529,#ffca1c,#7b0430,12740d7f76563f339392d50d215e173925114d2ad48d576263165f3b31052998
soccer,20530,#005737,#b7b7b7,0333c0f1e6c941c9207f9aee9088d7fbe952fc9eba1fc8ea5a075bea92ac92f4
soccer,20531,#0033a0,#d5430b,0fe810a62f4c54b85bc0ab652c5acec912c7abcad5b8b2068827ac5f3385fccb
soccer,20532,#bd0b2f,#000000,fa5c7fb14d5ffa38eaddfeb80161835e60a3d496b57db5e0ebda5e6475226d8a
soccer,20533,#154733,#a8bbb3,39f24819ad2c5b6fb1c08ef337c195759a53742cdfeba031dc78aafb2e406fd7
soccer,20534,#040707,,2da1db5ce777595eaa0a54f2580a2c195c6b258fb6a651739ccaf582dae7fe08
soccer,20535,#fece2f,#822433,8b490fe0621ea18538cf38e2b9c462beff54b26ee4707c54d024547e82e7cd63
soccer,20536,#461d76,#b28b44,d02e29a9f8824740d848b4a83c574b1c1942ba1cdee61b3ee08611634cc86b46
soccer,20537,#5d1725,#94757c,1854b6d52609c4db7daacc59ce122017c3eabd2e70b9c66deeec297183d4d46b
soccer,20538,#00934b,,57dca8a00b01bebcfb1e0c7ceafe0b046e175c47ec7225713b3930e7fcb7cd05
soccer,20539,#4a2f24,#fdc927,05bba88a8466751ad257c493aa035ac284f98772115faa19a5aedd330eb63447
soccer,20540,#c8102e,#810a1e,be16f2f868f97ef01961fe3332252aa767be3a860438b9f0da054bf7205b66e4
soccer,20541,#7badd3,#002856,a7a20e9f20f8f544d87e65f9838f213c5d447bff8a167ff538f575f82f97022f
soccer,20542,#5e0a2f,#ffbf1b,cb58131490de1f8724f1d53224aa7383671514e3a84df1d136c6f3e4429c302d
soccer,20543,#b6a77c,#021d5b,82eb45dc0f8186430a637f42fc3746ae07fff74ca04fe6ea2099da720864f51d
soccer,20544,#42246f,#281f2d,13398176a38b167728c4ba1c3bc3b4900d05feb0c6a63f1bd95996bcd2b8ef61
soccer,20545,#5b2e87,#c0a173,57fa1e36a7b0865127f294795970c28f908fc8596848a3e7903437fcd6bce8c6
soccer,20546,#068f33,,5953d0a7dd1e44d82402467043f2cd63003d74a0dc3bff754cb467ab93104436
soccer,20547,#0d1d41,#f6811b,28406bdc850b40361bdaf2be3b0337b7a538368abc61e81d70ebe0d79434c5cd
soccer,20548,#5b3106,#ffdc04,5091e2749a9f848861c959a422d474c27afb57652a961cd959f226feb1e22893
soccer,20550,#112748,#495c74,7ece3411e3481fc392fc9185ae64216d0a33039607bb657a56e9782699cf2f16
soccer,20551,#492f91,#d5865f,3bef00fc8ed7fd0510580cadd48e93c67b617692bc0732a43d9553e6875677ff
soccer,20552,#0b4d43,#b8ae7d,08549f76c5529261f0771fdc8ac96bd6014f275e322cc3209b650c7b3f9dbce1
soccer,20553,#f3b519,#4b4337,90a5d108db490744199b4e1f2cc45d8b05ac06dd0e3f05b223e3a74ac01ec2a3
soccer,20554,#7e072a,#3f0007,97f783ce6028f44491ef5309bbb5370c5af7254a7706ed8598b76561176902c1
soccer,20555,#fdbb30,#695a32,b2697f1cc59faf361dfb9022c0e1a10af9803f9ee70b0ace29ce2abde3cd6618
soccer,20556,#cbb677,#440084,585459126d87e56750ae902d78b198f63e44b8a6cac5c25b1a6c9483366229f5
soccer,20557,#0c2340,#d1623b,37004059b144d56653764501b977eaa58463a70e10a83f7512e91c8b87530f17
soccer,20558,#0f2439,,d2cb5546e8f39a2cffebd99ddbb06be2bb4b4b634414a6e628573ad4bd04f1f2
soccer,20559,#d3181e,#2b0607,504a8c3ff5469e6c367e3925e573324e8efd0c0e42a034658e1609a62f1b1ed3
soccer,20562,#0259a6,#253a51,9a0d45f5be18a15fdc4fa8c71dea53237e18182e7b6e239e879e23e40c595441
soccer,20563,#036eb7,#4f7898,19b89c81e4b60f93b8cd496163324c375baeb9a2df627477a2cbcfd029639505
soccer,20564,#4f2684,#241f22,44ad647305b4207b2d97a5177dc8d7009c4cb43039ba43e110b49e50cc07ff02
soccer,20565,#c41230,#8f6f76,f0b69c891db7cdeb097eec53f5c34bd57da711b6b014a4cbf3b2850d44bbad92
soccer,20566,#00b140,#4fc675,1da7fba7069492d881b01a375a5ffde5632273d31118d4466d1b92db447daefb
soccer,20567,#f56423,,ce2765d5ba86d0c61b0fd7baff4aaffd8dc12a0e1e76c8f75699ab403cf0982c
soccer,20568,#712d3d,#c89261,c542d1e1e77df6ad8681009de6431dedd71d9c01d0b26d8745357f4dbe5e8247
soccer,20569,#ab1a2d,#ffd911,892ba041e37c0630af961e9113695835b38c84598be1f8bbabd3ce57382e1bc4
soccer,2057,#ed1c24,#361f20,c3cabd373a9b606eac1abdacfd237a8057bc9809e13f31466e0ac03fbb99a0d0
soccer,20570,#0a2343,#991b1e,8e0243b81d1dd5564b7e49042fb2370a38496345b0d3e690db7431c6ba1620bc
soccer,20571,#ae0a3b,#0c2b68,340315182e0921301b74201004830cc6fe3cbaf6f33364234595988ff931d88c
soccer,20572,#cd3b4d,#2f1214,84323b5afbdd4e49b7bb96c118d253f61a65b5898cf0d0c55646c7f1c7b8cc3d
soccer,20573,#f4b600,#06205c,10f81c2897a6c87d6f569a2b8f89483758f8d666c3fca8600ef581030394f12e
soccer,20574,#fdb728,#a80532,e88e51c14e23f4d19bd9a7db02983a9e13a4bc444b8b513e1d226390122510df
soccer,20575,#ab2941,#363435,ed7f9e888ca8f916c55baa7c7ede308d75a96aa84adedf7a2f6b1ae6eb95ca85
soccer,20576,#001a49,#3f4e71,8b1d0d0584f651f2054eec264a7813f43f6296a93f5c1d1c32bdc9d112484d39
soccer,20577,#ffc607,#0c2140,76c3645565824ce0dd2235ca90b99a0e5f4fee8e797ebd80ad9c81dfa1a7db2c
soccer,20578,#ffc72c,#937b1f,4a210457f8f078c29cb143f9bd8b1ae666420e8973edd12c5ad5ce4fdc3f5945
soccer,20580,#f57a1f,#956441,9e7a357ba8c5a56848a2d2a70c5184b27a2e937272065771fadd6b10df939435
soccer,20581,#002e85,#ffcd00,17ece0f65637dc20ff08278060937cbe61920031aa2725bb0e6a382c0ca6c46d
soccer,20582,#da1a32,#710d1a,bfaba7f269cda5ea8606cb4adf8016405383d9b3ffc6c2b8deb427684c640cbc
soccer,20583,#f0b310,#a17e26,d12c2580ef152e4045dd4b121c8ba665f1d72b2e84a37399395c45c309cd2d03
soccer,20584,#ffcd00,#0b2240,64a7bd6719c228709bd83551956fa1d28b0e4728dadc9dd14ed4c0fab3a0b0bb
soccer,20585,#041e42,,3b6335aec4a77d221c64d9b1ddf01c06f2847704ee6e6d3d930517e1b9665433
soccer,20586,#f3bf32,#1b4388,87dbbd4b33f670367916cc885509000df22de386f7ac7a597ad31b01a7b2395d
soccer,20587,#cc092f,#480311,86231f0ce7486f40023e31609b666659c1538a6c2e4d8d3673a0eeab99cd05ba
soccer,20589,#840029,#de9218,ccf675e2c704d23dc35eec58217202e2f50eb124275e6cd212df739326081e72
soccer,20590,#862633,#aa757d,d993ecfbd487072931fa99eb42b7c525768630a4a10884c7b7a1b6a2fc78bfe5
soccer,20591,#0d5640,,9f783c4a4245683b74e62dba88baee0256b406cffa92a082db1ae95e238f5dfb
soccer,20592,#ffd51d,#084d9e,82879cb613d0b175c480704801c5ca229f73b8afd012b8ea484a7700ccdf220d
soccer,20593,#5f259f,#936dbf,1237d32216c8a5cc1ebe022983a18606f47f99e9b0454f1fb26d96f61bb8b9c2
soccer,20594,#fdb813,#250858,472a680c2e49c54f606eefbbe63995e44a50106ac66a0a1f65aa2a49cd0f9923
soccer,20595,#dbbd5d,#423e34,91553f6c8d337485538c1c14c7d7bf4b419e5ca4a5d1e579836ae1ebe5a8773c
soccer,20596,#512d6d,#cc8a00,b3130b7fff93307620e7ed4010e27ece3bb10841042c4572b77095e918322819
soccer,20597,#f0b410,#b88b0f,bed1a9ce812071cb9f8d1c19b7eb89f578fa5dd56abf4a4f33cc9643d82e7b00
soccer,20598,#c50e2e,#000000,cff68efc792f9f87312946a231b63f07f549100cc1a1e8f18531ee9911c6eb37
soccer,20599,#ba0c2f,#5e4549,543e3498d12ae3bcda1cf108af528755c3720dd730a32999ed48ad836d2996cb
soccer,206,#ed2224,#4d2a2b,850d38260be74adc240d0dbc7c38ab70bd271d531b2e09e6f66900fee10bb08a
soccer,20600,#a69575,#413c32,cd25eaf4ba461869ea71a864530f1df22669f6f8b7d43c8dc2342429a03b5dda
soccer,20601,#4c0027,#ffb119,481cc74842d3688df1330548476ecda4ccca9aa4d7c0d8235bfc4a51c4e51bd6
soccer,20602,#002857,#a99767,52e688e83e2b7ef3cbb8e0156dd3d0b1505b9000237e8ff93c842482bf1caa92
soccer,20603,#fcb733,#0d2b4f,afbecd3f9a308a966108334c7bf9878d495822519e7356cc8c80d9ca6a0052e3
soccer,20604,#004c23,#8da47b,356212f740fd77198672d89b67e66d91c514c8892123f77cd2c63071ce6c8706
soccer,20605,#dd1c29,#126485,e20fdc57353b984d76c1ecf9a0ce4761ae4b1888fa6797f70301c20e74981314
soccer,20606,#002d62,#ffc423,57b9ce10573e6772658c3682139f309d37558b7c13348ee42c57d6c4fbc80da2
soccer,20607,#4a171f,,72de1b1babcae4b633342489a0dbaca0105715eb85b3063fb49561e0d6e1a8da
soccer,20608,#166938,#ffffff,f844b98efad3ea95ba434826c6e9f1707487000a0c65c51412e3dc067971433c
soccer,20609,#135387,#029569,b7c86f7b465a91ff69e53c378913381d7a258da84835a19d6eb47c10a9d80997
soccer,20610,#c8102e,#e695a0,d8984a3cc57ea50d3002bb08515942af2be523c4fa404a670515da041261980d
soccer,20611,#062f87,#ad6764,4e3ac57c808831ecd85cdb66f1b684447a062373120253fe7180708c7820fb5d
soccer,20612,#0a253e,#6d828e,318ab52c35840aa523eaa36a023644cff8f7bafdb0b36962a4d55e54f6f9be20
soccer,20613,#0c4c91,#4171a5,89cbb62dedc9c6a745c55dce2129c869f96f87e497d84a49cca4265633c429e5
soccer,20614,#08213d,#607082,722aed88e1b0bb084ee0dda52fc765cf2adc2eb2ee5e4937dd9a2f8da165f900
soccer,20615,#cc0000,#610000,ea8258009ea1024de674a785b6ab4229fbe55e3453e7931ebbaf61fe01f8c2d9
soccer,20616,#002664,#ebac01,e99c6598ff920716bf12c731a4b52039c2350d373d2a86d98df4dd592c491d4d
soccer,20617,#ed1944,#5a3d43,c22fc67e93cf22f78207ed6750c9d625e162e5b6441365af56c7073ddcbfbd5c
soccer,20618,#003087,#cb333b,7623ee59943d7b5bd86839cc947791b42b407690366c5ce6106992f2510a46c7
soccer,20619,#7e141b,#000000,e234e9b2d83ced87b58490b109ca1929ea3e97565e934de9f90a86ab51de64aa
soccer,20620,#009844,#ddf0e6,aa01210973a92384cd39a795dabfede0997369872207fb7c86293f9a2679b8de
soccer,20621,#00563c,#fdbb25,a807289822ded61aec1f3d412e0246464154c2af329002ac810a9bb5ca268228
soccer,20622,#fcbf25,#032e5a,57bab56fc7d34ad78167f71bc9ed46298d26a3cfda9788900468821b7f469279
soccer,20623,#4a116e,#ffcc00,d34bf2280ad87249efc7f64b99331f21b0be591e74c6f13697701eb954385d77
soccer,20624,#e51937,#231f20,3a6f092732988937e8ec930343afc66e82258defdc32879960518ba3b6d2e9a3
soccer,20625,#4f2682,#ffc82e,480496b0cc068a4cf3431419fd4c494ad2666d530a08fdf23ec3b5b498cdad10
soccer,20626,#0061aa,#a3052f,c0dd8c21bda9272fe5e7ae245ec1c90f0fa6b054981a13b23e0f1ef0add11c11
soccer,20627,#1a5632,#ffc629,ace0e2d4f5c9e0b0bbcda80182d99bdd136d593484d124df3b2ef76efd5bd3b3
soccer,20628,#aa0000,#000000,75105d688e00e83e3be805f5143ccf0b32b5d3f5df5b30f0546f379c04b07baa
soccer,20629,#d1ad83,#e5182d,1c2cd3a6dc3a006ac815ac9e6f81363595175978fecb67f04192e3541e0ef581
soccer,20630,#22346a,#b51b45,178ada0fb7df8fbf295d6001a992835876f2cbde64225d35ff0ca7dfdb374c2c
soccer,20631,#900028,#034293,f7284bb62fc664c97e9d70e92723045f4efa2f56cc180a92738bb594ef627bbf
soccer,20632,#008545,#1a1416,046eb165af7d60b50ae08c3c6cd8ae1649e16f7086fb469432869fa21bda3a7e
soccer,20633,#d21533,#947377,cd0a3318987c5254d2cec818a4676e4108949e114dc966d8368a6c5a6d1302be
soccer,20634,#002da2,#c9a016,6962bbe537c5b06bd306af1b003588e899dfa16d14be86c4a14d0e5c92ef0cff
soccer,20635,#5fafe1,#ffd356,a98850fcf1127da1c604c617c62ce3fb35cca124f93f22610aaf16eb751d4892
soccer,20636,#c82026,#000000,010f875b4d755e88008ed65e13598ecc01fd7d4e5f02f061a9061082b7ebe15d
soccer,20637,#ffd200,#582c83,cde0e5859d093f528bb61413081fbcafa8edc94cefbe3fc23bade25ca1e51a2f
soccer,20638,#002a5c,#5d6877,b480bc0e014a150ef8efaf1f99bf9a22973cc86dbfa97326da42eb2a33d9a15a
soccer,20639,#860235,#a25e7c,3da07ee44e2790de2be4110638bcc4316cff5cfaf196f45582b6bdfbec13067b
soccer,20640,#6e2639,,b3850e4595c80a50a0031c0da7064f639cac7d7f26822cdc90ec54ffd9d95bd7
soccer,20641,#1e5c37,#518164,0027556333ab8f5920adc3801888f33b9957f979e7510a925699508dd7a428b8
soccer,20642,#00483a,#4a786f,c256af3ed07b32a9df7af3685b550add941d834878af809c71462215f2dafa00
soccer,20643,#e51937,#c2959c,c0dcf0098c73268d27abfed0588322c6631bcb0b4d01258dda84b500f924d3bc
soccer,20644,#501214,#6a5638,0e81afbb4d334e48237c83fd2cea6239871e2f8167def9ce9a836b1e2a325366
soccer,20646,#522297,,822f62011a5951301dae82af8c9029c378ee72fc9636a7c0ab33f0bbfb803cd5
soccer,20647,#ffc82e,#6e6232,08ae1961b45853dc00a9b2f45a970be7a14a77507fdb94486a9dfa8081155189
soccer,20648,#0067b1,#cf1f2f,56a83d99d9608b20776842be7ea2e26f0f8777d7889460d01ac703be492dce4d
soccer,20649,#01356d,#5c7890,50145f8c623bddbaa1e5890b49a12dc4cdbf078467aa459e23c1be2afc517f3c
soccer,20651,#ce1127,#002d62,22611cec2ded84ccf1370b2aaeabfc6d3ec92dc01417e04c22331856e1a8e7a0
soccer,20671,#a51c15,#1b4768,37a6e1d5b51e4564dbffddef131e56c3f3170e332c50740936d2c2885ded2c8e
soccer,20684,#000000,#545452,083048960db72ed2465f5e7155055dbf31488164eaba17570f95f2ad06d944d4
soccer,20687,#62b0b2,#1e2c2a,fd85d9d479720a81ce3fea21b68210020f9781fe32160693c53b8a78076f9d21
soccer,20695,#009237,#ffe90b,bcab6c70e7839972e98ee90051b94c15f6e87a8a1da65ebb923611e8c3f03da9
soccer,20698,#2274b9,#000000,85e8317c795135c8094b471563cb37110cc22fa4fe15398e2c31c03690c2b9a9
soccer,207,#d3362a,#23449c,2fff4db0db4bcb466788d76bfcce2b5b0db8485a4abe5d9f43077934019bbcf7
soccer,20703,#0028d7,#2f375f,06a69d6b613a273ed9caddee22c42ceb94749c5f85c10d81e7a948b9b83701a5
soccer,20704,#01a0e4,#005389,1bbd58a8fca889f0d34af52b2c3af03fa52f82113ff1e0a6e09037015a9b220e
soccer,20705,#000000,#a8a8a8,eb5f502427e8bcda58f0582c743f148a318d23c573969ec0f39b71f1ee7118d5
soccer,20707,#94bee5,#ffe601,bacb713418dd3faaa1dd3b6226e844bf30b47c245c2c950aa93902cba3248bec
soccer,20710,#294996,#ca9147,9c036abde81f45891a5a6395a347e49a809dc370aa8dcd18076868cb09bc73e9
soccer,20712,#000000,#b6b6b6,a41037805c23668054b4678dd84e55a9f9db264dda4556c9c6324439181a5688
soccer,20721,#00093d,#ff0000,a13d625d3ec2711180d4ba75291813af4dcaeee82d75cd6fc7609905e81c4e74
soccer,20722,#811818,#2c8a42,ba6dc477ad4511c8f1227817655414e1b1658767acf858a5280c33947440a387
soccer,20728,#4a579a,#a08d2b,69d5d4251e740fc8d525c3c967e817575b0ac2e2af7be03f23e40d494c383790
soccer,20729,#605092,#e8d431,ff023ae5164301352825cba30a72a0a13f18a105ae8e476af0ae5b48f55c91dd
soccer,20738,#b58161,#dfdad2,1e989ca41e2b03fd93f38c4ed4fd46a8649075674a5d8b4d5423e91c0f24b811
soccer,20740,#64baca,#fac50e,1d2265f2e9a34c6adb5a388c6941a53e9203e37d0b182cb1441e35b8912257bf
soccer,20747,#295f9b,#d8aa3f,7505ce77e7f56234e4c6b5c07d9ee668e3f28aa0b044289b3dc30dd027dcf234
soccer,20769,#fce900,#fe2213,138aba9b604289ba474fc76473e519c27fa52b8ac79109aafb6283c0a6a29983
soccer,20774,#02562e,#b02c28,3cb606df89dd509b0eeeffb5a8b54023f079c1b4bce685ac73a9d3146a3ed186
soccer,20795,#198a00,#df2010,765403b52f3be255a94d4fff6bc1b70c8b2c7251d5a4a633b752637cf6284138
soccer,20796,#696969,#d9dad9,df15d8ad97ce65dc7751266cfec6200be8d096989d7fe67a4d9894b57f3b387d
soccer,20797,#77bee8,#0154a2,3d24db5d34f344717ab6ad0932d7a05820dc7cfd76ed9d2aecb23ccc8556e1e3
soccer,20798,#008c44,#ffe500,fb2aa47fc818ece71b7b30219f4b575d60e14186f439de6a07e0a95a9ba0ea86
soccer,20799,#e2001a,#000000,15126cb4ba18525b74908955c66dbe116ab71544ef378263fb691fad378be5d0
soccer,208,#fbd632,#21418c,455e4b26c34f5c9ced748b63f8de0b82e5b5c77a02b123f13d54c70664d14e04
soccer,20800,#004f9f,#d60d1d,264c09787ebfc773375b7193c02f292039a02e05e5fea89d0b399f6d90522b98
soccer,20802,#c51d23,#b09344,ea19561d9ae97eb761ab39f5b400b3ce5f64db43f934a595183e4208030f2d0b
soccer,20814,#8f3034,#a35b5f,fd6424ed6608bdcbaf3b86b7acd698e3fb246e10509a56660d20cffae87448e7
soccer,20830,#fdc021,#474222,14458f14b5e115bfe8ed5540dd2ece5433bd9c1a6c645f83c9a7ea1f882b426e
soccer,20835,#7a303d,#ae8088,0ae28e48359e29aef609506e934edc8bb07c25c04598b95c2190f67d3cec89b2
soccer,20836,#0c4da2,#9591b7,88dd3c40d1c03dc10da25b0e4ce5251df7b9c081d0767eafa17b8dfa49392c98
soccer,20843,#ce1126,#008751,8d2a777cb0f9cde919aaab04c91b561f861f2c96bb1c227d960e6b5a56f38c77
soccer,20844,#cb0100,#0200ae,cbdf3c2b3157e1c2b4076e157513448315bb014803020029ba73bbf3d820d9ba
soccer,20851,#020103,#2a292a,69212385e3ce35c4552740e85208cbe7c00e91641299696690697caa711c2cf0
soccer,20856,#f7140d,#b79d15,166637f28433ac4440d56767ad245fed1f8daa2ae00491b424613487ce7ff897
soccer,20864,#cf142b,#ffffff,a4116449f802b11895298686068c2a2c6ec78d56aeb0658014415f7edbaf5c68
soccer,20865,#cf142b,#a96d68,3158ac4e6803d83cf0871e520dab309fb9fe28abf2619acef7669655d6322c19
soccer,20883,#ce1126,#0038a8,346aac475c309199dcb36e8472ea808cfce102e4740037ee185f313820d382eb
soccer,20884,#c6363c,#0d4077,a10d04432facb8650c624dc976e352df9d052065fdfce2f710cba720a4ab25e0
soccer,20885,#1e8943,#f89939,14dddf4eec9c778e0e494ab7a24f0ace0647f733a5bf3d366d867b8b429822f0
soccer,20886,#005bbb,#ffd500,5c269f92a7da5f8124c32671f25478203ad34cb55a69c1e523832d3691327eda
soccer,20889,#ff0016,#fe5357,ced400bd5c572f369bf27c9747f3ded371065f659f970d38b591cd93d6b56aa2
soccer,20890,#077f26,#883c2a,1d77a0e83b873df432d3686cada2069a7f7083611ecd614f5c9bc6e272f81780
soccer,209,#ffdd00,#034ea2,7030425afae60e435e723c1b1729ffc1c885f7a0d503c8b979a7d49bfd6af6fc
soccer,20903,#7a303f,#8f6972,5ef0cd7d15eed73287693dafb83be8b652327ce00d3194722d811e5c51712f27
soccer,20905,#c8b3f6,#100029,350be850d703a5f7a6385093e149aa129c3cc79dcec1b8c83a6252a4ef0154c0
soccer,20906,#00b240,#007129,887db8b0ca64f2dbb360ce0f42900a29432d24e6038f054402e923642955979c
soccer,20907,#0e1f2c,#63c7c7,b6872359b2c55f367ee4ca72d8d165160fc0725732a8f2c6e124de57e7a8a212
soccer,20908,#489100,#007ecf,003646cbbd90d8d0fb784c44b8c8ab622e09f492acbb23308a83ccb77a5d42c4
soccer,20909,#dd1209,#107b00,8111b1c1520d3d8bb71648d73088ed30227e8f50c4f903d9e47565feda1dfc7a
soccer,20910,#ba1c21,#003058,8a12a10bf06517543a9ffe45f44a62bf36da6b3d3d20dd6cb62e8e924e5da2ea
soccer,20914,#fe0000,#ffff00,1ae54fa9d41bd8d9ce0188dacc6cf71642925a1f4a611a435ef7d5f0aeede2e9
soccer,20916,#75aadb,#000000,a7927bfe35f42a5f14d5a5f6f7dfe6f40426cf1c5ca069997843dce940c855ba
soccer,20919,#ce1126,#008751,8d2a777cb0f9cde919aaab04c91b561f861f2c96bb1c227d960e6b5a56f38c77
soccer,20920,#000099,#ffcc00,99718f00dfc5a13558d571dfaf9bd58344e9268cd261415bad3d45517e5ba35d
soccer,20921,#cb0100,#0200ae,cbdf3c2b3157e1c2b4076e157513448315bb014803020029ba73bbf3d820d9ba
soccer,20922,#102e77,#e10920,ad73685fa6f641890cac465b6113d661fe58b3f5da05baba3f7297165e5c7ca4
soccer,20923,#00ab39,#c71233,8ed638af060cafae61514f04dcb3a1e5e0898b0ce990c36cf25300ba14fde9e3
soccer,20924,#da000c,#940008,d523e0225ec2209e6b8a184a6db1fd90a6b7f00b695eccadc3e6cede77cffc69
soccer,20925,#da251c,#570f0b,ac9866e2f75d59940309098931528f3d67b6927a03ef637626c7ab3e5c71b5f4
soccer,20926,#244aa5,#d0a650,681ad998004cdfb5da21166607c0d021940445bcdaf2d506f08536dcff77e6ef
soccer,20927,#f7991d,#ffffff,3185ceded9ad221444f357f88f0fbf6abfd0b9f952fd4760fc424f8beab38d95
soccer,20928,#d62612,#00966e,ff8db39f260d067c8b49c26962a1c7c32f9649a4abc5400f58bc7f2d7b7fcaef
soccer,20929,#295da8,#a2b8d9,e96530adbd35298a4418586343c81e9570d52576c0bc22a145a1d457aa4b24d5
soccer,20930,#00abc2,#fded2a,c5e3f8e60b41a6d8a7e025935b105edca5fd7086c9e896454f374eb401f55594
soccer,20931,#c50009,#d3ad3b,4b6aaf1e9005731034b0a382231d58e8b60fcbbb15aa28bc4308f87c19d9fb7e
soccer,20932,#fb1e04,#0099ff,8378b286b210cba675524bd9e36bf6211329cddb8e4cd235b64e63881677b06f
soccer,20933,#003580,#222324,e4a3f7baae718bfb83c2f2eaa0e448d862720f63b276346b32077fdb08294bdc
soccer,20934,#2274b9,#000000,85e8317c795135c8094b471563cb37110cc22fa4fe15398e2c31c03690c2b9a9
soccer,20935,#cc092f,#0046ae,ad1d2cc73fa8f1182600a1e6381f08c96d21987387df9bc36c4616a69b989eba
soccer,20936,#2fb457,#0094c2,1e6b69551e573c8ed4fdb3ea5e18d46051e8ad342224168920e89cae0585f562
soccer,20937,#ff0000,#0000d6,2d71cd78856bc5ee8b575190b5e44a6ba9ac363ed13454f9f595e51726455f9d
soccer,20938,#770000,#ffffff,5ba7edf371fc7d1386f2e7c5c441a5408c5dc264b846c10bc29dbbf3c1ad4596
soccer,20939,#cf142b,#ffffff,a4116449f802b11895298686068c2a2c6ec78d56aeb0658014415f7edbaf5c68
soccer,20940,#e6050c,#03720b,a779ceee4e51e28dae7b4435a661f486dca07d681b303e8684b9bd0f429bfdae
soccer,20941,#cf142b,#a96d68,3158ac4e6803d83cf0871e520dab309fb9fe28abf2619acef7669655d6322c19
soccer,20943,#0082d1,#4e8473,d87f12cbc30e43994847651e2671c58aef4a5fd44ede744d7c121f0c8428fdea
soccer,20944,#ef2b2d,#0072c6,0baf599e1cabaaa847145961f17d83f4b1280dbc641b48f4ff5ceea537eb2258
soccer,20945,#000099,#ffcc00,99718f00dfc5a13558d571dfaf9bd58344e9268cd261415bad3d45517e5ba35d
soccer,20946,#b7a23a,#df130a,1c5ad45d1b855bb681fde4a7793365567e70479929c9a2b1d7d12be0554d53f1
soccer,20947,#ce2c23,#002f79,e7f1a617ed094d5d41352388e15dc6e6c791919d96621c6ff6e8c4752195542a
soccer,20956,#e72e3f,#2d2e2f,3494e9b292e009a5b51346f9b7302e6afd09e303aecb9f80f1ed8e9278dcf86a
soccer,20965,#4997d0,#2c2c2c,bbaea662b339b66939933593dfdebcac2c507d8b2204d83fc7d05bd2db12ab7d
soccer,20967,#fb1e04,#0099ff,8378b286b210cba675524bd9e36bf6211329cddb8e4cd235b64e63881677b06f
soccer,20971,#e72e3f,#2d2e2f,3494e9b292e009a5b51346f9b7302e6afd09e303aecb9f80f1ed8e9278dcf86a
soccer,20972,#2fb457,#0094c2,1e6b69551e573c8ed4fdb3ea5e18d46051e8ad342224168920e89cae0585f562
soccer,20973,#e22d34,#ffffff,0430dedddc3af45cd7207d22507b1e120de8f673e67c9351d227fba8670ae2a2
soccer,20974,#d62612,#00966e,ff8db39f260d067c8b49c26962a1c7c32f9649a4abc5400f58bc7f2d7b7fcaef
soccer,20983,#143c8b,#e6a514,f8911f7f4bb59bab3b2d19d650ee60985c02146343ca09b429357a8b20be936c
soccer,20984,#e9190d,#b59c63,882a02420db3948a2c3bdca3038ab227166e9e8decbc2ff5c136b0084d897fc0
soccer,20995,#012774,#0f55a0,8961c3916754b952c40bcaef32607e66becc6d42364d3aa8bb9b9fd92a4d28a7
soccer,20996,#e1352f,#000000,8b8a0cc796f6d5e64ef9f243eefab2b4863a40f8fc6df27ce318f6fd10a9a5a5
soccer,21,#253d8c,#8b8fa7,6928c86c5e7cbd575d9e9d01ad0296f18deb1fd7cd5238b88244225e48e549a7
soccer,210,#0038a8,#d52b1e,d8071e565b817e77ae5dc79768d941a4055f64ad507cd6be50803941f23b119d
soccer,21005,#0046ab,#f0000e,741590f5e624e7475a0dffe7c6cda660349fd0078d16f3f0d9ac3b401ce1847e
soccer,21030,#da251c,#570f0b,ac9866e2f75d59940309098931528f3d67b6927a03ef637626c7ab3e5c71b5f4
soccer,21033,#1b458f,#94a4c1,96b9919ff2393ec4c4b0c515a71d2ca1886e5d6beadf49f53641939bb4689091
soccer,21035,#f30e25,#242a2f,dc27ecad398b132ac057da6b930603f3b73acd7a79507080d381a161f74142c6
soccer,21036,#0d3986,#728bb8,ae620a0b0c7c091bdbf33c30f3ede5bc16bf548103489c745e05b30e745a8b74
soccer,21037,#0055a6,#8bb0d3,20a7c2d848783f6a15cdaf76fb7595676b000347090244aa05cd7699431f67e8
soccer,21038,#ed2127,#c68a86,8022abe015092baee37ffce6f524e7561ab60b4f3e77990f7e7b69e1087e0bce
soccer,21039,#da2027,#83b57d,09b41343b46d3941a946ce5c2696550ec654d54614b7dbd22cef0cde91970335
soccer,21042,#fdb913,#fade99,592747f03b25b5f92f8473997e1b1016a021849f39e6e5e24bde3f61c69bdb4e
soccer,21048,#8bd3f5,#fff217,87c86c21128694716b0a52f5f4a71cea2d924abbe7145dea0bb190531be5fb7b
soccer,21053,#00a4c2,#63c3d8,ad4e97c37cdc6577573712c455eda81d9eac52789e378eeec3f022c0996fe41f
soccer,21060,#ee1a2e,#ab9751,aee718a79be592a8bb36ab68b0960a1dbb5763692f4d91c3f4249f95edbf19af
soccer,21068,#1263a8,#ec2a31,e253aeaf39ff7c9d19f91ce78464de947b275fdbea4bf595e602d42367cea1b7
soccer,21070,#e21a2c,,abad328d352eac3fa4a1406fab438ebbb87fd9930db67836da7f1c31bb55efd7
soccer,21076,#26b6eb,#967941,231304660d83909dab49cc19dfbf22ee6aa680defc181cdeb934e64f72288408
soccer,21092,#fcce14,#92742b,727f3beafe9c2cd0548304c23e289aaa5af5764e41eee26aadd1093de5045094
soccer,211,#d2021a,#a7b886,741586cfa65450038cb6855af30b98f6c88e291cd8e8e2bca403c7be0fa1a7a8
soccer,21101,#6f263d,#996676,b67e5afaad47a604f385ab3e7677568d9f282b8f49420c66719438898ea56ab2
soccer,21102,#121f48,#83344a,39025bd72efa13181a4f5b2b982384e6b6ac70304115113726f6d1aa0f5e7324
soccer,21110,#13284b,#fccf07,18319494d430abf8eb1cca0ac5d6961c36c923941ba6d8e74caba5f1f818c363
soccer,21123,#005a1c,#fe0000,b5e72523378066e09370fd57ea64ef521de3023c5f9ed98dbf05cd9a1a3f0dcb
soccer,21124,#fef608,#aa9748,596179bac1f7adcd9a819b2d57166bff2c416f07c3a8e3ff8712557da67794ae
soccer,21127,#0077c0,#1d3d54,faed65bf7f010b48094e059e9b3ec1e1f99876984f53d9ff19993e459d7185eb
soccer,21128,#0051a0,#fdbd10,acdcaaf2c60c3cc65a270dac1bd59f3a2b52911b8c45510d4e7f86d47ed714ba
soccer,21129,#ce1126,#1eb53a,40da7e24ad16916cd2ae5ac7fd4bd80a40b9a2207b8cf9f3dcd1ee39a6bbce39
soccer,21130,#d81810,#740b06,e03e97943137560249151231b692e8164dfbb12dc3a11999b6d29b7a13fd34c7
soccer,21133,#ffde00,#716515,b14bd5a3062446fb838feea81185756c7c4943a084910f65f0ce89e6205f21df
soccer,21137,#c09103,#235d9a,49c428e3d8e259c5e4a6e71bc8c07adbd98e5a1da4f0e080eecc5225f8548d8e
soccer,21140,#eb2127,#f2575b,764bc1c607692cc333784b9d14d37cf1c85ec5cefc7b25137f2a6466f71ed37f
soccer,21145,#a08255,#802981,fca2eac41395ad16549122b18182b69ac76088780c00e36043762eadfc2ce9eb
soccer,21149,#000000,#666666,2631d899022b768c136b8a4e61d5d342b32608b0a2756bbaa2825e87d7d12498
soccer,21154,#e92325,#f4ce31,6d4645d0308f26daddb718b73e85bd2d24aefb427a22fd966aa0b2a8c6c430e6
soccer,21165,#00693a,#000000,808e57a846beb22ee430c00e5b1fe58e8c975acea9ffc8a989ff9f42510c55bc
soccer,21175,#7c2629,#ceb4b4,71c1c21a84ac3ba32c164c5d00656744d3c3273dc3f705a47fcbebb3ff88fcec
soccer,21181,#ce1127,#002d62,22611cec2ded84ccf1370b2aaeabfc6d3ec92dc01417e04c22331856e1a8e7a0
soccer,212,#0038a8,#5469a2,0082a9b88e770bcc003db79465759836c1b8445fa8277089968b45194c8d46b5
soccer,213,#cf142b,#ffcc00,d319c17eeb3cddff6a255c8e1c0b7fb3a0335e79da1609417203d40a58e1c93f
soccer,21300,#0085ca,#316886,1cc47a339c50dd3351302b60ee73912e2a6eb166b5f2d490d6f280b7d7e2aeea
soccer,21302,#038a3e,#e90a02,1b626048ef6442886d10412ca36a477cde33cfa676f307e7d04831b63315a661
soccer,21313,#305dab,#8ba5d0,05aef662821e9ffd4b26dca7a1bfb737bc4364951d725beefd3f0b56b2db8282
soccer,21314,#0ab2fe,#fcce04,42a9c3f3a39347c459f62d2442c34b8bb8ed4f44413ca93844f45a140b1f599b
soccer,21316,#ba1615,#c39797,74d67b7e3a2dc890c7f659107226314da68b19a78d8a9cf0c8dacbf403c01174
soccer,21355,#af1e23,#340304,1e5de44ab7ec9b2cc28f758edd76fd906d3ff346794714d0e7d2e566cce81b68
soccer,21361,#e30030,#750069,fb4df5f81e003b19a86f225cca015a5a6a1cc05460672218910575992b7f675c
soccer,21370,#03fff7,#00133f,a63d9add60af0f630175a0ee00dbf0cb403e0deab565c187588da406ee973da9
soccer,21371,#005187,#e90406,e2c3375b65a60a8e6ee3443b617f5c916115194481225111e036a315e03a6375
soccer,21372,#ed1c23,#9d7770,b9fb520911909a63944aeab0d1e3c48c645ca2d1389ee4ec0361050fd636bfcc
soccer,21373,#009d56,#67962d,68aef10c67647d9fb0bee5c014eb41494909153c2908121e7709683577689dbf
soccer,21374,#ee3923,#ffdf1b,1dcd3cb8785402115253a64d8229ce5d382c355a10621996e060f15dc2938d75
soccer,21376,#a95831,#004083,c82bedbd9999255cc819bc5a8467e3e49c1781e52a07c0f44b703fcc8c2a6df3
soccer,21377,#0030ff,#d89521,06929074a0c2dafaf2be7846478dc24536964b3b132c010c87033a3282e49d53
soccer,21378,#11339f,#697bc0,6b8fa27edca6e178c82c065aa5ba5278321eebfe4064114dff84496dc5d51bfe
soccer,21379,#191919,#d6d1c9,219752bcd900286668f40c3f286f9a1bacaa6a163aacc6d64cace9a7b76864f2
soccer,21380,#1e9745,#8ac99f,ff25927a3d68ed28c476ad6e82c2362d9193735096976d8789d59fc6acf1ea98
soccer,21395,#ef2b2d,#0072c6,0baf599e1cabaaa847145961f17d83f4b1280dbc641b48f4ff5ceea537eb2258
soccer,214,#ce1126,#002b7f,5b01c98b0f96790e7a0d30c1eaaf7860edc2b660dc1de80c6789b70eb14bc9f9
soccer,21403,#bf292e,#00306d,16bede173bed7c9730a9ec656f8bc0fba5866d537a1cf098ba59123bc6cfee91
soccer,21416,#96835e,#e0d6b1,7b4a13e96a1b7263422691d44bb542c1fe9dd4a2cab5ed3063a40f9e969d047e
soccer,21422,#e2aca2,#a8857f,e32cb3b1bea628988d4134857a059f0d4071913387c0a2c8aa24c67f4a95f1ff
soccer,21423,#e81f76,#032e62,8b5d1092680f288464d17a0430330c2802fa7660711f7929cfac1c72211551e5
soccer,21424,#c38b20,#de2131,8a730023291b719ac68e6648ca1172cc842dea07ce46f3376572e70ec3f1b7c5
soccer,21425,#df4d8b,#0a0b0b,ccc2fc11d1745c72b35c9665c2c2cf31cff6c47ce61d8ba327311ffd3eb456cd
soccer,21426,#c6ae5b,#c70b46,b0bb12fd93c9f5617b4a039adb4bc8e515ec19feed8f47c4f0ab1e2166ba3575
soccer,21428,#e8a713,#2a2a85,dc1a1cbcac843acfae9147b222c09afaa5bfa695244deb2cb003de312c04bc33
soccer,21476,#0d18ae,#060b4b,c35a52cb63d59ed4c049f767d7ce0b434386ead4d5754303b71e0126fd5f84e5
soccer,21478,#ff0000,#0000d6,2d71cd78856bc5ee8b575190b5e44a6ba9ac363ed13454f9f595e51726455f9d
soccer,21479,#244aa5,#d0a650,681ad998004cdfb5da21166607c0d021940445bcdaf2d506f08536dcff77e6ef
soccer,21480,#c50009,#d3ad3b,4b6aaf1e9005731034b0a382231d58e8b60fcbbb15aa28bc4308f87c19d9fb7e
soccer,21481,#f7991d,#ffffff,3185ceded9ad221444f357f88f0fbf6abfd0b9f952fd4760fc424f8beab38d95
soccer,21482,#cc092f,#0046ae,ad1d2cc73fa8f1182600a1e6381f08c96d21987387df9bc36c4616a69b989eba
soccer,21483,#e6050c,#03720b,a779ceee4e51e28dae7b4435a661f486dca07d681b303e8684b9bd0f429bfdae
soccer,21484,#ff0000,#ffff00,9d4a7f5d25fc35bb4943e734f24d82c569f84ea590189620e5d547bdf250026b
soccer,21485,#00abc2,#fded2a,c5e3f8e60b41a6d8a7e025935b105edca5fd7086c9e896454f374eb401f55594
soccer,21486,#2f4fa2,#28292a,31d271d162edab9767033e348d6a47e57cced277fff6cde8df3da87ebe4d6709
soccer,215,#0705a6,#ffffff,0a6b48a0e984acbcefe697894f6e1bd2619ccf563ccfbd50f9c1d260846d4777
soccer,21506,#202579,#8a8cb2,a31ddf0f968995902378be66bc532996294c08d2b397c990e7d2cb275c3e6c23
soccer,21518,#c6363c,#0d4077,a10d04432facb8650c624dc976e352df9d052065fdfce2f710cba720a4ab25e0
soccer,21526,#6c6ab1,#fffd07,98b052aaa60dc64752d931e40c73182bfc82f17e8cf95089eee812a66db11c8c
soccer,21530,#478b54,#dae7dc,d66ca0e46022b0aa12917897a496875b28bf8c130996924ddeeef8fb16452494
soccer,21533,#caa063,#655134,0b544dc79032e0896a5c9d0a0fa999da9dce28b2d22f6cd1b5d04e220f0c032e
soccer,21537,#052340,#334760,2e044b9ff88bdaa660d76a1f73b26c6e3f489ac8fbd82fc9ebc156413eb6e7db
soccer,21538,#017937,#7eb996,c2020313b626b3ce759c2effc81a6460495e180ed2e0baed870b804bdd56b950
soccer,21539,#0047b1,#89a7d9,c17135006861f010b11c630a96831510e712a353d6817eea4e29896ad96109b5
soccer,21540,#d7b91d,#2d3d23,9e8324f1f70e76cc87ebbb9567e621e33950d0c8a284457f133a34a23117c978
soccer,21542,#20209c,#cb2d35,358940e1e8b7bfa3cf93e2d0d5517be4ba275f4a5e086cec01bd07305f9b32fe
soccer,21546,#1f449b,#ce2931,9cddbca4592e3e24e83c979a0612489b714ca1491f3a8a149c5a555bcdbd204a
soccer,21548,#004aad,#3d6ebe,213e2492a0046f41f7aafede4f6b250583d812c12edf6c11387553825e2ccf9f
soccer,21551,#002453,#b08721,d106ea15b05550165fab8e91f39a8fe9edc69e47bb6e59a697b2b6c4ddd30122
soccer,21555,#7a303f,#8f6972,5ef0cd7d15eed73287693dafb83be8b652327ce00d3194722d811e5c51712f27
soccer,21556,#00693a,#000000,808e57a846beb22ee430c00e5b1fe58e8c975acea9ffc8a989ff9f42510c55bc
soccer,21557,#102e77,#e10920,ad73685fa6f641890cac465b6113d661fe58b3f5da05baba3f7297165e5c7ca4
soccer,21558,#d42e12,#0035ad,676758246507b07088dc94babf8616c0ac14719b40779d5b90d355bcddd7bff9
soccer,21559,#273476,#ed2426,48a07cf5f77377bd9230355817bc1231124d9ca6ada0905beb6c0b7139610283
soccer,21560,#df2027,,770b7c3b1bdc265af00ec5932c486ccc5028b2ceba0e962dc82e37f20697667a
soccer,21561,#009c37,#fee000,4de357558b67c31d60fa47d82fc8e64838e55e156068186417267cb977b9c0c7
soccer,21562,#ffff01,#fd0100,65c56b68c8eb6ec90c5e6186abc1f09478dd086ea17e1d9861ef2bf702048191
soccer,21563,#008751,#2b2c2d,1028dc7e32bcfb455b9d4d75f8fee98dac391e2d1f6a9ce120ec36c8780f7e0b
soccer,21565,#213065,#bf2033,958e68d95a65902d04add54a5f40248c0d8fbb0bd532aab594415193f2f37234
soccer,21566,#ff0000,#ffffff,3a19527853f8e10126fe2822316c31cf513beb518d312b690531231c1fb0d0a3
soccer,21567,#de0027,#002f79,fb5d72c6d541d11e340d887f8b62828ceca838e2c819770b2651211a619cfd38
soccer,21568,#006847,#ce1126,77fded17f4c3d6295635b2d6a1bea68940ae8b689f90c9a9073853def51702b4
soccer,21569,#fe0000,,8b936216a3d29122b2ac4407da06a559cffb7e2778cd6c63d0aa23a1a0e72338
soccer,21570,#ed1c24,#595c5d,801cfd81f4810683040858ff9fc3ccb53f60095ff9182eb22fa24dd5605c4c73
soccer,21572,#c60b1e,#ffc400,8eb3b92ab4ae3ad632345922f4d6cac69e7c9ff0f3338feacd9d708920287bfa
soccer,21581,#cb3f33,#000000,bdec35d924a62ecadbc99e1c99aa06be79e5efe395912f3873005b6d1e6fa272
soccer,21582,#1e3884,#e50922,25f474894929f339ca03b629f0c1171072dfb595e9e988c7767728f0bafde725
soccer,21583,#235d8b,#86c33b,bb85b295c14846d6adca2317d655c792a2392d4a85ace2f4a70b71cec4e3d5fd
soccer,21593,#06205c,,6a1521ca37669f7eb3901a7c67c36b1cbfa11265a7ac94129de55022aa52348b
soccer,216,#e10a21,#111212,966bb5f237e6599cb67288d404c5a2f231b3ecf840874429d58025279cb3794b
soccer,21607,#000000,#606060,42851864bba1eca0fc5749cd23b0c4ff402580a783dd0bf4741506f29587aea4
soccer,21610,#ffc339,#ca3d2c,c0347734a7a83e3bd70c51bf09cdcef4d50808e3c095823609808d024a01dcc2
soccer,21613,#f5ee3b,#daae27,7ffcf6fb866fc7daf7470d6ca1a84d64a6a3b8a1c602258e769dfe4399125319
soccer,21615,#776d57,#0e446f,95e073ef5827797d7d6db571ea23935790ce90759bdc34ae14d3214330ef1856
soccer,21635,#1f315c,#8cc2e9,2b72a61c2e7dd50c25b5ce931371f04db58b198c6def81ab5de454100a3c859f
soccer,21637,#9e0204,#644648,98e126b2f1dff38c160868530353e9cc97a2d10c14d87ffcae75e1f05103f3d6
soccer,21638,#f36f21,#005ca7,0c8fe82897a285bff6ff5920e1018786dc230e3eebf03888cfe7965aa9624a52
soccer,21640,#09002f,#16a3de,b134635afe235d822675a77dcabb5fe927da06315a6439a151a42d32afb57f8e
soccer,21653,#b3a068,#6c6146,e563c230bae64bcdc7e899c221f1a851a97a8b2fb863439d17e6e501bf98a187
soccer,21654,#ffc333,#00386c,fa46556eac9485dd574440779b1951f968ce2a2977959dd9be1b8a3f5c051974
soccer,21667,#06205c,,6a1521ca37669f7eb3901a7c67c36b1cbfa11265a7ac94129de55022aa52348b
soccer,21685,#ffb800,#3b2f23,33900c72bb7559d443e9c79ade84f2a4a774e8c442eafb38a610095286124a85
soccer,21705,#512873,#7b5b95,0919ae81afb2cb501fd2eb65c9ed9a2006b5d75b489a3e46916c4925567b7424
soccer,21706,#ce1127,#012b7f,6cb54837aa5a1fca1113cd73a88de45394393e8704b2d885db4277c051311e89
soccer,21707,#ce1126,#000000,596be052fc9074e1360595fee2a38a99547d990d6534fe2475d59510826ef123
soccer,21712,#002c5b,#a52a45,acfae037466dec5151aff92ef05f955416cc29c805f05773a9734f02b122aa9e
soccer,21764,#da0000,#229f40,65f43455badd85ecee975bb659aeb52f91c51637dc13b4902ce7d3ac8226a77a
soccer,21799,#000bff,#5258ff,dfc22fed18ed336a85421f2c9d6e49bb02cf8e404c30520ae9f6165d94245d30
soccer,218,#071f60,#de1e3e,abc2fdc76e3f7635c1a9dbb376e494610731fc0ae489561702db5ee7bd300105
soccer,21812,#001544,#ec1458,b2459c995f0be4c96ed622c21c795b1d53764ea58bb82a3e386ce6b9fb0a3a02
soccer,21815,#13284b,#fccf07,18319494d430abf8eb1cca0ac5d6961c36c923941ba6d8e74caba5f1f818c363
soccer,21816,#ba1c21,#003058,8a12a10bf06517543a9ffe45f44a62bf36da6b3d3d20dd6cb62e8e924e5da2ea
soccer,21819,#da2b1a,#e67167,c73b8ae3f1ecc9cff99d47671d158223cbdac3426b108a6b2a34b81d4086e07b
soccer,21821,#1f396b,#eb624e,5423ebdd667022ecd0fe17eeb3d751af6bb7cc51c449a33f12d5d6bbebbccc9a
soccer,21822,#003a0e,#00ff1e,df0f5a2d4047fa07b6fbac0100db27f0bc57c6e4675a654e2acf95cef537099f
soccer,21823,#e31b23,#00853f,248b06e7069d7e7394233bfa05311ce8555989415e603e9f95f450b660524854
soccer,21824,#dc1e00,#ffd900,caeefb8804d4aa1000fa0038e8e404eb4ab0963c9348702f78f9f98cffb6da2a
soccer,21827,#243478,#fe7303,1ed652d9a3a204779d2fb503ea0371dd0b3700d46c06a183ae4065966ad427e7
soccer,21828,#950805,#d8644c,b8fa71563e563f5a1b5258f6ee825b96a5b5535c8df34134a9ed0457eca0306c
soccer,21829,#134d30,#e5db71,38fab06c4da28fb92a33086e82f089a0f463c5c0499f42504b9e29a9cd988fc1
soccer,21831,#a5a9ac,#cecfd0,01afaa1f79cd5bb25f90bd14dca562bc68da75a327f6a5234c6b814f588c1eee
soccer,21833,#004077,#536f94,f1c394034192931b89b5387b3afb0732804137d44206a7e9ad62f909e681a569
soccer,21834,#b61918,#b08b89,9df03ddc32cc8f60100862673abf09b184d42d3792f7fe3cc51072cf428b470d
soccer,21835,#d2272f,#caae80,f27938643a7797c8ae5e8b009161bcd155f5ad3efe7199b3feade3a5ccab8322
soccer,21843,#f0b54a,#f2d790,6a2867564a234dba46912464ca1a70df4a6adc0f103edff1afe0493678753906
soccer,21846,#ce1417,#dc5557,5455d64a68322febb215ff9d11cf5b0c3ca1cb25854b98563b6522fc2af46d1d
soccer,21850,#0030a4,#ffdc29,2cbab40d925302ef0b20a5ba565ed85bea5685305e2c9597aa40b646d5e0affa
soccer,21888,#f8c105,#937e10,04972b7dc34314d90453c3651a8bd2a8f735a60fb8125d2cce15a33f137e84c5
soccer,219,#324867,#f1cb50,8d32be1ed6606a0d51597dd5f939661867978549130b40934a103dfdb56416eb
soccer,21910,#28166f,#fe9902,7e7321ef533e1f5904a9e5816adcf86b79654e808a3b193196762ba163422245
soccer,21911,#1eb53a,#00a3dd,b0145f8cfe9a6e1568676a87a080375a8e9c8b41814a6aa4a8803db1c7e1f3dc
soccer,21922,#e055a0,#793459,da8be4bf65f591463dd892aaf3e6761925a77b4f33b90010c20636e47b98b9c4
soccer,21926,#d09e5d,#ff151b,8f53191b50e806440490cacf41d4ef452fe0c68f0e40868c3470abb574f82678
soccer,21927,#133c5d,#496982,3e9bc5d879e7699ad8d7dc6f0b894d5846ff9a08e8fcbe98c60242e505393907
soccer,21931,#df2027,,3894f089603ffddd6aec24a9c2841e0302b80d5608265465c0d5f6adf1a2a48f
soccer,21943,#142a1d,#2e9a45,ba8e081e2ea540b7e7b060f2925b8b24350ecd77d9bceea15d646e047823caa0
soccer,21949,#04539e,#819fbc,8f2b7135e05144469e6bc8690e1147a47febd4e8e10a6c5703f2c7ec9e4a58de
soccer,21950,#014493,#bfcfe3,004495db576b14b1b4466314f401ecb6cdc53c3edadbfc6546879ab66f890f7e
soccer,21964,#fab800,,466fdb7972eb12a4ffadf1237bbe5c338695af6c673f37ccf25acbfdfdda39ed
soccer,21965,#e52520,#4c3938,d7a00ab2d6ac31a3ddcf83b94ba573f34fe2d2991c6566918fe7452fa73a134c
soccer,21966,#0097d4,#21363f,304fbc3513ad398cd8511ce580672b1d0545072b4247def63923da4b9b7f52a3
soccer,21967,#508e61,#d83a3e,5a0389069aed7cd804742b42eb910aabd8a4262716cdf5929e2fc4478a512b96
soccer,21969,#3b4f91,#cad0e1,0ac083274e67d2ef19d5a9a8e3d60dd16e4583174a65052cc1f883442bad9815
soccer,21976,#342a7b,#746f95,db01008fd8577b962aa597f7a64ed7e2f863b6d9e488ffe814f71091eaa54ca6
soccer,21977,#ce2027,#000000,3818b4ae0f110402b28131a9e2df506af077ae0dbb0d6c57de2abed2bed85802
soccer,21978,#e40622,#5d3b3e,10fe6adcbb89a98dbe13a7191a6a9525548db9a04ccebde4fb1c468ea21c1077
soccer,21979,#c8102e,,efd58fd27fce851914e84f82e42aa36984426887422eaf5a9e3664726a7c7e4c
soccer,21981,#592b82,#9578af,7b585d3bc104c647f0a9aac425515b9287fa33481960e830a4a5680216c5b92f
soccer,21987,#fffb09,#061a79,094acf88b83c215485d1c413c15224177e5cb41b086de4923b9b4e5c87510bfb
soccer,21990,#0000c1,#171652,ba27fef0ea82135f58f42a370c97be76c26908a4fdba514a909a7cc4d3ca2dcd
soccer,220,#0b2240,#626d81,324c25e802c474cd21d445cbc116b7c211a432cc243a25224851dc8ac5e08ebe
soccer,22022,#ee0000,#fff000,95e0c7468ccc8522cbf8a6c5648d49c26010488a949f66d1869282c5f8a8ef22
soccer,22023,#146633,#4fb870,7cb08944ab71904e21b5a08b10c4a4cae3c68fa6c948cb8c1938cd821fbd905e
soccer,22028,#8f002a,#fcdbb4,d3212785a45dc13fb1d84adc67fd7cf37ed780ab47dc385b17b704c32bb23680
soccer,22029,#005f77,#ffe101,d3c9e3c8298dbb31135441cf3b7bb66fbabcf80f762c197d433f1998f43d44af
soccer,22060,#f80201,#058f04,b9b82b72fe860b9b70a91733353488f2db63f954c85bfd9c6c540d1133984cf2
soccer,22064,#ad1c22,#ebab70,e0b7681b2b543ea0f2ffe66e862d8189d5a91c880ce3399fd4c3d1ce9ab0a45d
soccer,221,#ee2e24,#fff9ae,82be7b83d818314a72836028e13d697e0e636dc87518c86f014e929c1cfa04aa
soccer,22130,#0d96b6,#000000,d84fa9cc1ca271a91c8376bc3df788563ff356b314b2c8eb608d8fa3b40f6c16
soccer,22137,#5fa20a,#094fae,179f759bd349b5a781a0f97965b2567a1aad9b5b4dbd7897844120072e76d273
soccer,22163,#007948,#92c6b1,d4defcc8d3e8a051a5164c69addd57c1674e570fa5085577c597f1ac9d525d0b
soccer,22164,#ffa500,#001d40,879ace76c3ecd1ee3ffbeafba7bcfd622b46e9d80ffeb54556161a3745e94ce6
soccer,22165,#d91c23,#1f69b7,aee7d0ad6d71eff2f8f1684b6dd5272922611157cc26ae81d01380e11adc6a18
soccer,22167,#0153aa,#001c6f,e76a1c61746208c8fa8d0ae32a6618c016ae746a2e8d5fa266f49f6fa105017e
soccer,22168,#8a1712,#f2e557,f1c600e798afbc5e653f27ea540f4800ccd03e67c5f3c0c74afbb0a44ca0bd41
soccer,22174,#023958,#778799,fd229bea9a8f0d5628fa6e2f7cf13a97d9e0e278d6f61723535a40cb3683033a
soccer,22184,#d2f600,#567f2c,41bbc83d1a8a1c4632c0725211b755c85038da47d39ef59265c46dd224d076f3
soccer,22187,#0c2032,#dfdede,127e59018dd1aa019c1fe599b923589b1a695b23cef80c4bd33ab76bc1978b4f
soccer,22198,#cd9a25,#e70012,e23683ba104df76e5d6201440df53d618c1b851ce988689690728c1b6302c526
soccer,22199,#002859,#618c9b,ccde37b9784418a84c387d7f6ff2a295a84789bbad38d0558ae7be5446fa01c4
soccer,222,#4d5fab,#231f20,4dead88e52f790fe78d414f9831666682d392b435cfe4efad0c9c5189b49783b
soccer,22210,#d10525,#0542c7,0487a15adc2419ca2957997969c0562e6bd5c7926bfa8f80f0a6f4701243226b
soccer,22239,#ce1126,#1eb53a,40da7e24ad16916cd2ae5ac7fd4bd80a40b9a2207b8cf9f3dcd1ee39a6bbce39
soccer,22240,#005bbb,#ffd500,5c269f92a7da5f8124c32671f25478203ad34cb55a69c1e523832d3691327eda
soccer,22241,#2f4fa2,#28292a,31d271d162edab9767033e348d6a47e57cced277fff6cde8df3da87ebe4d6709
soccer,22257,#d02a3e,#282f2f,a2c081bc1712cd908a5e7eae6b72472ebc351778c005e6a7c42ca8fe896ebb35
soccer,22266,#4a9400,#087bce,0b9cf32f0ecc0f7e2eff85d8fd3c03161b518e421b790a12f0794b3006df0755
soccer,22267,#ffff00,#e02011,df05ccce5a40e1418270df8ef008a8af60f440b357dec4c72c92a6445b8b147b
soccer,22269,#005d3e,#6aa465,e5ba4d8422f19e57c0f9a96ac05c34a91648e9a9363f582753bcc34a98ac53ce
soccer,22271,#fe0000,,69fdd84b9ac595913da30135f8c1db7ec694e0abdccdcff83ae4b3d8002f576b
soccer,22281,#053961,#ffd613,f3ca808c41d6eba2f3482434baa953e3be5b268836c4e5add265736a4a2529c4
soccer,223,#cf152d,#131546,76a0770c2c9336fbdbf99121da48dd6b4d1562782e83b50aae01df0b8bd28be0
soccer,22300,#0062b1,#80add6,13b90c00e5761764a1e34875a572ea8a74ee3168563db29043815016a7c8b226
soccer,22303,#ec0000,#003591,e24bbc50a301e92c036aa52fe7f42fc698f7babea4cc43bc633f7cc7cbbac0b9
soccer,22306,#198a00,#df2010,765403b52f3be255a94d4fff6bc1b70c8b2c7251d5a4a633b752637cf6284138
soccer,22307,#006600,#ba0001,1bfedf8cee12677ec5211d040c35d350bc26b1bf2a060ccf9e724d7285ddfc17
soccer,22309,#dc143c,#2b2c2d,9bec0055ca32a9e7ab603904aed89a9fa28c6fb2a08b24cffe81b6946a809a1a
soccer,22313,#036857,#66979b,4012419ebceecc2d19813038e331a1bb3b97c6976b4f48d1a670cf38e53b60e4
soccer,22319,#00402a,#99b183,8be69e155599980edba9e257d10f6d9d4a903ca0d081185560f7d92a5d9e404d
soccer,22330,#0027fd,#00c301,62dad8bc9047aa9407e2848cb4e98f4a35a17356cc5ded046e1a565326f47b25
soccer,22344,#0900ff,#0600b8,bcaf95c4e0af20110a95b4d7ee12fd97ba1846511785f2ac55f796f6dfa42149
soccer,22348,#279ed6,#ffffff,fe2d700f6c88463f1c1fd7b1c84b08b11edd2408205db89409ce6acc0bd129e9
soccer,22350,#1c71b6,#72a6d0,a75e88a099235609d5050f4d66f753282c029a605413568c2ceaf74ba460c937
soccer,22408,#f6d200,#007b42,d1b79deee539117f782632a48da76634fa9093567752c8f55137f557c0d75f0d
soccer,22414,#2b2e91,#9394c7,9feb99427681ebba433448f686ef2347192f782553576bcecc3ef7927aad38c9
soccer,22415,#fff100,#00163f,f4b4a3de001f109f60ce87367737f45f062d8cbc079f165586468de5bd49a4c4
soccer,22488,#da000c,#940008,d523e0225ec2209e6b8a184a6db1fd90a6b7f00b695eccadc3e6cede77cffc69
soccer,225,#008445,#ffc130,a72e7e1f1f927fb6db73ee7e4a0384d35d9eca016c7268468a1915bf789d6b91
soccer,2250,#008863,#97cfbf,86fe536a68f5f6aecf29bd039af1319562fbb7a9b574b64c1269ac28449626bb
soccer,22517,#a4782d,#ccab5b,ad0af2ab638f851b6697ac32d788b8acc3bfbefad379275d09201195efed8b46
soccer,22522,#1c2469,#b7003d,60f4a85b8ee03a897e789ac74cd22f55e30f2301df0695f2fdbfca07cd15c0cc
soccer,22523,#c00911,#f8c71d,df8055580771392d7e37715a3791a68f0c8baabdccc7f51bb827c8a6fbfb47da
soccer,22524,#012dd0,#ffc707,f34812fdcfb0d17be93ad29282ba864a86313f1d8045f5e7fb22c290ddbf962e
soccer,22525,#203e65,#8f8869,076dbe07db1389aa600f52acb0162cc36ab10b476eb2c85a3eaae4e57a222c38
soccer,22526,#1a4037,#c6beb1,e0dfef46c72e8017ae1350aeb536798fa9774949cad4d18e74e0ac49f0136c58
soccer,22528,#15242f,#dcd7cd,efd402b15d2185d3733aa3c1920c9602ba5fb474f674348dde1d2ad6701230f4
soccer,22529,#04162c,#416074,97143b0d99103544e189654d23c2341896ec90900db809af149de47b6dfc9227
soccer,22530,#26973a,#253726,5f85475c17e2c3ccf28f98a6abcc348a77a2bcd23f2453b4a1a878ea425e31e1
soccer,22534,#00c2f3,#2e0677,e7a546bd85744460f83b190f830a53796f6ce58d5c6656ba8a2071d904b3d991
soccer,22536,#002c71,#ff8401,1415164a11c6131156d244f0ba3174321a8d614c343df3321bb4d7cb85b35293
soccer,22537,#0e4d8f,#8c9cba,9b87f151b29872d84b769ab9f59a0b92c52e491d9ab6781c9d72a8ecb533c687
soccer,22538,#ffdd00,#0d0016,2b667567947d6d0ac45354c429fa3d8a405a0b43f79681006945c87a475babfb
soccer,22542,#1c1f2a,#cf4d53,9f2f51fa88d7f829950e5757a93137cc38f616a5ebd3dc62d807fb46f38d8ae8
soccer,226,#5a0000,#111331,99981d86d1cefdb189b74feb2200d98b23b14dbd9213ac40e84febc825ee4ebd
soccer,227,#fff100,#00163f,f4b4a3de001f109f60ce87367737f45f062d8cbc079f165586468de5bd49a4c4
soccer,2276,#fdf100,#291f1d,4c62ad03bc1a651bb88eb63a72adb69f307c1cdc39c8dcce43a71f28c963a364
soccer,228,#fac844,#087955,5b694c72ac48f172a1ac2c6815ec828fdca783491a140f9fb8f48e655df863cc
soccer,229,#ea0029,#f7a1af,ba607eb2f8d410c2657d8957fe1050c3d1fe6b5cc0a60b3332bd2f140aa7785b
soccer,2290,#ce000c,#d3a76d,f3528e4a1dbf3d1b565416a6c4d3180e1daa0f5340084301ab05f510f754bb32
soccer,231,#223c6e,#8691af,7e6a3bc9d3607f3a91d0794bdad82257412c07b4e15f59ba90ebebcb9bb6c584
soccer,232,#00559e,#e6b437,ac9bc74d013bdfa0d93cdd4d9a091a8a98b3d517e950970e5daa13117e2e0a3a
soccer,233,#191e47,#988b46,772c6a93b570c9a7f25d0cdacef475376dea13a14d312ec1dce335c332599435
soccer,2339,#ffde00,#0066b3,d43c26b412fdb6478074f15b68b9ca5b5394ac60dd8fbbd79ad0f622c0a0f2cf
soccer,234,#2b2e91,#9394c7,9feb99427681ebba433448f686ef2347192f782553576bcecc3ef7927aad38c9
soccer,235,#00a651,#de9926,aa52f5a446efcd1edb9b9238c1d2c2f4d4416245cb0589a9e99304318bc8a348
soccer,236,#179546,#568a69,ea1446c2aeaab2e640e56dfe87a949043c99a9b62f37564a6d71d9093af9d96b
soccer,239,#7b1d22,#e2b34d,24bacdd110ee8a4a3599c120e81db8b002c375c5c08c95cd3d7bd41e93f84046
soccer,2405,#23449c,#dc2727,692eb4689c151c6e3ef0f6955e594a3a0cf015495f673db699d4786878c831bb
soccer,2428,#129f48,#050708,c7ca927ecf3e110f3300423d4605e6d829e6d26b79e1697861f49861d7f3cb7a
soccer,243,#c38b20,#de2131,992624b39a65ae153e9754ba302596d234faafe95062ca5d9b3095ac56211988
soccer,244,#009d56,#67962d,8a2e9a3db45280f3aa8be1737e140333493828c94c98283a5bcad458529369a6
soccer,245,#e3bb63,#17369d,3f9e86bef748f78ec623a084b7bca127375dfa04eeee10f6c2207d8e9e79629a
soccer,247,#110f10,#787878,d875ef184d58764db94a44de0122dd1284af90237f90964f46ae70c595f5348b
soccer,248,#164398,#2e2b46,2ac45748a7fd0eae93df44a715255b25337761fb5f978b76883be1799c85989b
soccer,249,#252f6e,#d72e2f,0955834327804636066d3a0f2c20bf5a45e97025ca65eb0d657e2f1c4f774cef
soccer,2491,#0d5638,#f4e425,3a667bc6ff47aeb85b7aba33efbed7b76f3d297e4f381e84b98111345d6f302e
soccer,2493,#006fb9,#b59d62,3dbfcce8a4859e6e04ea44205b44184aa18d185ac2fd62ee3f138c72cd2b9b2c
soccer,2495,#f6d200,#007b42,4f2c5dd7b560cb0f46a6551209b4432b595ace167732db49390723e21418459f
soccer,2497,#f5bc21,#2e3a90,113db8cda44f9e7813e38f244fc09d142fd330a7a71684f22fe8a16d5a01b765
soccer,250,#ffe800,#7e3072,8eff555a2ade8bbdfc8ff066ed11bd15246f351479d894dfa3d9f852814fcfc9
soccer,2500,#da2128,#ea7c80,e6470e1d029dde19abf9b0d9514bff8d995b90bdcbd1889456e08503ee8886f2
soccer,2502,#c28639,#514134,4d799a2e63732e66bb9e447fa8f036440c48091621ca2e97c001c14eaa758fe8
soccer,2506,#004a93,#718ba5,52360030a36b1eb83347e45ea6c825afe39e9359e44464e87303658802f3999b
soccer,251,#00075b,#ed1921,68f5ce85590a4bb52ec325e1c517bc844314b97543bf96e7bb10a059924371d5
soccer,252,#62addb,#9f305b,d62d322888a8c531a6003e85b00ca75053984fb593293763e3688b541d711af3
soccer,2528,#ffd738,#9b8a24,b8f966ad9359b2e5f6adfea1215be536243049b3b953314c63d8c6a1bc244e1e
soccer,253,#b19554,#3a806e,2071f9fbb5ba3da6c7c289f70e549869add762ca73dcf2ffe00bad9ab8d1ba44
soccer,2533,#26a4ee,#d1b12b,b7ba2bf0c74170a19753baad739627c6e2324f6bd09d8f783735a9b3aca45c2b
soccer,2539,#1f77b4,#7cafd2,fd39671cc16122851fffc30010cd3c2fa348eab586d00dad312f41ccbd2da5bd
soccer,254,#000000,#979797,961d2425729aaf197a678f6d27fabf260bb2da0756ceb7b832d8d8a0112fdb29
soccer,2540,#00a651,#5f7f7a,156abc78f9de99a9867f25b03b95a6487307bbf2df79fd31af59814dc305c8e9
soccer,2547,#081e71,#8892bb,9870830e7d4679e0ae2e065c3a0342a33d87db0d6d766c4049f6cfca074b92b7
soccer,2550,#0055a5,#77a1cc,0d7267f7b0b8f6d84f93198641c7aa48579ee006174a3865bde402caca07006d
soccer,2551,#ffe600,#ff0000,00566885fa71579df703a1feabae7b2a934896851155f0742fdaebb93064134f
soccer,2552,#ee1c24,#491517,247f73860113e581409a8d472065f8281a1f90c1965a830a5bf04b0e736c1c64
soccer,2555,#eed275,#249986,3c7b1b1ba23cb93b3ec47538ea7ce77815926dd279282bac9ab6c4ae967969b2
soccer,2556,#006bb7,#ecc15d,850841a76c0b303b0b9437bf107f3106cdd56a7e168672b381c4a78d557855e5
soccer,256,#47935f,#8dbc9c,59bf2618f33a47d23d0094f1e282775d403652a728e50d4bc4174de7a623411e
soccer,2564,#188e3c,#4fa96b,294d6887c8c83b0b4a408b1eaf22b756008346f8a22bd2fabb6c425d532debff
soccer,2565,#77bee8,#0154a2,3d24db5d34f344717ab6ad0932d7a05820dc7cfd76ed9d2aecb23ccc8556e1e3
soccer,2566,#e2001a,#000000,d8aa6615acf15704d30007c566929e9f2a932e5945d0eb8f47dd5fa43121a18f
soccer,2567,#ffeb00,#635e18,e1aa39f877b41e815d328295de078405c713cb8768703283af821ccc9678b51b
soccer,257,#0c2577,#8491ba,1abf8b7ef05b0ff9fadbfd20bae0f6ba5b0a0447062eb042fe79371a33706e27
soccer,2570,#4a9400,#087bce,0b9cf32f0ecc0f7e2eff85d8fd3c03161b518e421b790a12f0794b3006df0755
soccer,2572,#114169,#507492,5dd64170e48010d6a4089175e4391a86e86d6479eb188e86d3442cf0ef14b08f
soccer,2573,#ffeb00,#00004b,c18b949ebfe15fbdbba5b13ba9feb0119f92cc7efbbb16f072283bc8c484cc76
soccer,2574,#00569c,#88afd0,5e6cbdb5f4ce6fedcaa39de3ad4e798a3b68dcdd7ed9a55730febc4dcc3c8ec1
soccer,2575,#027fc1,#446192,a9daea9ea8a740ce668d438d3f879ab1ccdef7f986bbc41f43f517e80a927597
soccer,258,#00753b,#67ad8a,6fc702e3288fe0f5b3616a2a10621b9eacb54206a024890b76f193c788074553
soccer,2583,#e64d2f,#a36735,a20a9464b87af86b0b8d351fd82af8a641cdb016c932391e5f4d7449ff640519
soccer,2588,#02468e,#fdcd22,5758bfdb7a99978225529243972a8305d988797fb1e792cc90aa4dff054904f7
soccer,259,#ffd404,#c8a814,7751d218b9219a2f64bcded6ac83188b8e967af28fd4b119afd6cf150d149f78
soccer,2594,#b8080d,#3c4155,4d3b4d7e4adc5eb783db0df49bdf0dd749e7fed2965510a39065281229ccdb02
soccer,2595,#000000,#acacac,6a6c11db4e090ea97b0fd0b98e511b0f32b351832b267023b672299c872d7286
soccer,2597,#20209c,#cb2d35,358940e1e8b7bfa3cf93e2d0d5517be4ba275f4a5e086cec01bd07305f9b32fe
soccer,260,#e68e2e,#8e7660,f110d2e1115964c7cf864220535a014c1b76add5198e2e8d7648197f24f5198c
soccer,261,#1a315b,#8e93a8,19bfacdbc77251a217ca1a732a4976a2bb6b2da6c7f3f23269c2193e1dc3873d
soccer,2613,#dd0713,#00410c,9531611016c7a44882762d4fc2b4e3a3a8c4a2ba359254ffaf027026e5474151
soccer,2619,#00abc2,#fded2a,c5e3f8e60b41a6d8a7e025935b105edca5fd7086c9e896454f374eb401f55594
soccer,262,#760018,#f48b2f,761523e131abea90fc7d33db624edf7a309cd3e3bbf61f546e35fa4862ac1141
soccer,2620,#ce1126,#000000,596be052fc9074e1360595fee2a38a99547d990d6534fe2475d59510826ef123
soccer,2621,#239e46,#e70013,a9d1a35d0d3206df3ce7edb7924bd6e5da92cd393a5f7e250261cd93657044a0
soccer,2627,#df0005,#000000,f22a24682ba520e4c50762eee8a60453f53182fd5cb019bcd163ea20a5a382b9
soccer,263,#e2001a,#f07d8a,2561d24c4f04e0272b4764eb1f62932fa9b47996a2700fea177691a5aa0d9a11
soccer,2635,#18add8,#fec758,cf0a170d32a6e8ffb5649199080138c9cd69245394ca619c064f03b0170d253c
soccer,2636,#ffcb08,#796b35,1dbcbade8d7e8d66d0ac5d6a4e079e20fedfe3cae8ff89c5ab3f95a74f556ad4
soccer,2637,#00267f,#ffc726,4bb99915eb960d05bcf231f3db9018b422788fbebe763ea66b726a1c22e13637
soccer,2638,#ce1126,#0072c6,a2c45487c208722a3661d960f081d1305f97acca16bd1c12f1970cd5eb50ab33
soccer,264,#f7941e,#916330,16c73097457c790fe8e4b53f0b73b63a03f7741ba6394ffe43ffbe637839307b
soccer,2640,#08ced6,#ffce08,05031eab22c65b9236491b64ddb6b7862cf83b92f841db5a10396b7c1243710b
soccer,2641,#0c004c,#be1101,0fdad04f8f64b3c62bc6bb353d6839631fce1f6c7587d40e141d4731c4981166
soccer,2642,#019fdc,#fff312,b52535a50cef3b757e8f8e5c2303d76175abc247e6c5b59d56fb541fc448ed31
soccer,2643,#cc0404,#0c0461,e2216a23be4c6ca13904105a2b1d0b5ed64adc14763b54a12ed7c97cb8d35af2
soccer,2644,#040464,#c50408,aee02242b642d69e67e7cfd6ca9a34633735b5e4c95a99fa67322690ba709ba0
soccer,2645,#eeeb04,#68a29b,f9e0d43a69f10df98e43080139aa5b0e6118bd02af1ffa8d16c4178fcba6d912
soccer,2646,#040464,#c70407,e8358a8176af9620e872f30767452a484def916a49e3d55b4c4ef5d0584e241b
soccer,2647,#0000cc,#cc0000,d33f20bae399e3003a1689b3adf2df58cda4d9e7b69c4d0f9d3a8afb50f2b741
soccer,2649,#ce1127,#002d62,22611cec2ded84ccf1370b2aaeabfc6d3ec92dc01417e04c22331856e1a8e7a0
soccer,265,#fefbb6,#1755a7,bc54f98ddbd5757810f75320fa009ca4c129dd56b24d9dbfaea120d57a2aaba5
soccer,2650,#0d18ae,#060b4b,c35a52cb63d59ed4c049f767d7ce0b434386ead4d5754303b71e0126fd5f84e5
soccer,2651,#d30525,#017a5d,39fca5433dda4cd0582a3648fce831755c474ee761e4585d70223883dd67a104
soccer,2652,#4997d0,#2c2c2c,bbaea662b339b66939933593dfdebcac2c507d8b2204d83fc7d05bd2db12ab7d
soccer,2653,#399408,#de2110,4c92f1b43f2d88f358643c90c4e1db9b7e338780dc03dfc6d5d963f2a68db3c7
soccer,2654,#003691,#de0023,17506cad3a3476f0dd95060b4323c3a1ec02277477b309dd19e06725481dc2f9
soccer,2655,#040464,#c10409,bd98ee8d9aad8deb84dcd1ea1570f07a0ed0ced5bbdb857ed203c4894617221f
soccer,2658,#314eaf,#16224c,3898bf4116be1a44c0abe26fa235edfcf8ae860d8252a18696758a426b9571e5
soccer,2659,#005293,#d21034,2e5a7d7f96b61555d428877cb870a4045d6ff335d82f77c6adf7962e7fe5af9a
soccer,266,#fdb813,#a72c36,d9b1ef625deb3b00210e0166f307e750b71e5ef1026906e1fa72c53a9a100901
soccer,2661,#0b51a1,#fcd116,55787d15b198782008b5e3eb881a13ac29ba19b88fff6ee2d0faafec41971784
soccer,2662,#ce1126,#009e49,568ff27d2de0ca6da1459f7e70e0e976579f368baf1621eb2f8c04393fe71ced
soccer,2664,#007229,#d21034,83ec9f5aa891657845317730844da27675b8e45c13c57cc175121e9e6b2c7730
soccer,2665,#040464,#c60407,476cf3b802e073354b457498298056f3c655e5a294fae28ecb63b8e4b80faaaa
soccer,2666,#273476,#ed2426,48a07cf5f77377bd9230355817bc1231124d9ca6ada0905beb6c0b7139610283
soccer,2668,#0047a4,#7995b9,28696db957fd22583481ea16b960da1c490e5314131a9ab6bf26453680d1c0b1
soccer,267,#0e60aa,#857452,661d3042413b4a79ea4eb7fef5278e63498abff781d51e3457ac50fce3b65b25
soccer,2670,#000000,#e3e3e3,c6381e34e05bb707075151da89cf78a3e4910669bfb7f676c9bba5c72f2b3d38
soccer,2671,#003e89,#ff0311,43eb724ef018faf8e24eab6e26361726194a247b580994ee2c6c7955d35e3876
soccer,2672,#058743,#8bc7a8,3e53ab98d29abf5fb963000b57712e237b8cea31cc98826d3517eb02a0a23d83
soccer,2673,#56c7ed,#ffec00,ebafffdd63500b257b2f04833ffbe6244c5b56308a6b06ac8cd2a1aa260438c5
soccer,2674,#000000,#ffffff,d6c5b41dfe8b3ab348ba85b265767c54d0618a7ed522b401da50874e92b6f2a8
soccer,2675,#000000,#9c9c9c,3913ce30410bcc98e99c78d07d5254af0890552451442347315ad63c3667d45b
soccer,2678,#f39200,#f3cf1e,c6a857a44030b8a88f2c9778a57cd48572b8cacee17853dfacf48886bdede5f4
soccer,268,#050708,#424444,6c25f5093b31fead98e8149f1aed4ce9d8c2f41fb19eaade48111bd17afa6a48
soccer,2680,#0d2747,#6e798c,d70efe03dba91bad9d3697b5e64dae42b541729a743da114e000170af494749f
soccer,2681,#8ed8f8,#00549a,c21dec64cb5cf32cd76011472442e979f69b2f586b7ae15381dc96537ac9405c
soccer,2682,#48753a,#779c60,535a0b5a2fe63dbb4371069f72939cf768f56f45911d52ed191f8ff40bbb42d3
soccer,2683,#ffcc00,#b29303,a7e979bcefed56e7a3173197c9310c8fc94f55123870c99e272b287d4c5f5aea
soccer,2684,#002f80,#be0c30,fe971f9ce1e8eb3327a85664e0003698884e3f4db9b49229a6b4f4824b9039dc
soccer,2685,#8c1619,#e1c2be,6032fa9b92a54ecdb718923d001f268d1b515f30d74f64aab0c9329f8792a55b
soccer,2686,#ff0e19,#fee600,7ed9609d0d056e59d2f200b6cfc5b928e9e5bb42d84dfed27adfb3e3326a7cc9
soccer,2687,#fed000,#67530e,a779bcb63926b05518ee0fc40e88daf14f6047fa88bc2ec77e224ba0c10f58a3
soccer,2688,#2966a2,#ce382d,744848f2ae1ed202ab429519307ef33664c484c5ac3e702070de56f59900868b
soccer,269,#e41e26,#f1888c,2944b15769d679123ef03568bd073e15880a2d2dcf520ef4eb72f2c13436ebe8
soccer,2690,#1d345c,#7e1a23,f651f2cb3f6870e6c390cc8b48e44bbbc17f729f4a0e1cb8245864811b10b591
soccer,2697,#cd041a,#bf7f18,de3e7ca04205bbdda86b44e1ab00f950b90975000d19e449330ce2ae7306258e
soccer,2698,#ed202a,#fdb42f,bc80ff2327adb971aabe41bfe7ea033dc8b34a7b04b23f3dab7813a213b7036a
soccer,270,#ec1b24,#c38184,d33d47f121c0dedcd4732e30abb89896b256af9459c059f805b84b943d652251
soccer,271,#188dc7,#abdcf2,8d196c085b1c8218bd994f98007015e35b989e312e21d6b0859dfdaeb3dd1052
soccer,2710,#f8d71e,#b09915,cfd0e93722341e74aea076b57d66b2bf9d6d5c21f8c3a5d08e1a62b9fa0e66d3
soccer,2712,#ee242a,#9e7b7b,d55796583577cad49e2cd2366add87f43479083d059ba7aefc07a4fae510e022
soccer,2715,#007ac3,#b5d8ee,2f763b505280442cc4c9ad374366e0e6d9c476532b697f9f5581b0918327803d
soccer,2716,#ee2e2b,#3751a3,f3158dc0d47e31b5ac8aafd3ccc3357cd6cb22a0bd820c9a0f2bd202168f3206
soccer,272,#1c2253,#f2d140,9dc31297ab884d481f22a826275aaccc530f09920cc319050168016a3a12b8c8
soccer,2720,#4fbfe4,#bfeaf7,12b9413a3cf50d51ac7b2af2d1ea8c3801d0015bea10678efd35ad13c7059d46
soccer,2722,#faca29,#7f6c34,4262c5095f78365c36f99bee7f0e461d7129486f1d678966baa310c3b6ff6212
soccer,2723,#2f4399,#dc1e33,9d4c7d5cf9a826f591baf806676ade36f59d20bfdde6b6c3cf440ce235b4023a
soccer,2726,#008c45,#ffe400,d2345a276eac5281222d4b9c2daad3a1b84d1a057eeb380c0a07fddef22f8362
soccer,2727,#f47920,#cc9d7b,9cc89b7109038624b329413fe7f79cfb0ffb9cf4ee9233c0a5a1c19acd604654
soccer,2728,#00a650,#ef1923,bcb62391caed4e53a94edf83323062edd0088f5b7a5a4fb4ce7e163136a172b6
soccer,273,#f36d21,#92502a,e9aad5b8eac3ee5cb87908729d39572dd0799824dcb17c41fea8df0102be731f
soccer,2731,#c02c19,#a59086,e1254e8d58e0a0617658fc93a0703e0a4a93e0c549b2f239c46380fa4a566919
soccer,2734,#008fd2,#8f4541,f2c29411659c4a3bf5a1aac0ff0cbac16b6842d6b1156e0846f45265d83d542e
soccer,2735,#949175,#524e3f,62cb628551b8528b9e32706ed0b80d95d56b16b46267feb63566d427f0a946b3
soccer,2737,#ddc7a6,#9d8b66,73f6703da1185e85313f88fe70e5fa373cf0da252c658ae971ee7376f16ce564
soccer,274,#f36f21,#005ca7,7a7586bc1cd733924df4e0bd80b5dbc90f988a296a5e8bdb7284fe0ba6915976
soccer,2741,#302b75,#8d8ab3,167a24fe46015d37e44f14e64dcb0a59ecdf9767e50a6352988adde82003188d
soccer,275,#ed161f,#283891,71215a33373b4e48c15835f8e07cb2e262597e67009eea2fab379645582d8662
soccer,2750,#74acdf,#2b2c2d,bd248be4adbae650cebaed580ff6aebe8a85798a0de0b3bb9aa89805d564174b
soccer,2751,#2a2d7c,#ef3a3b,c4d816d8f0390f2383154372498c8e0ee89e0a2b319fef72dd2bf92dc17184bb
soccer,2752,#009c37,#fee000,4de357558b67c31d60fa47d82fc8e64838e55e156068186417267cb977b9c0c7
soccer,2753,#ed2224,#4d2a2b,850d38260be74adc240d0dbc7c38ab70bd271d531b2e09e6f66900fee10bb08a
soccer,2754,#dd342c,,adc92738a6aee1c65a732fdf7c033b4aba615c6d6becce65105ec43eba700b3c
soccer,2755,#ce2c23,#002f79,e7f1a617ed094d5d41352388e15dc6e6c791919d96621c6ff6e8c4752195542a
soccer,2756,#db2c32,#fed733,769ccaebf31bbce1cb07172951b8f38ca9405aa395684083dc9b2867beaff451
soccer,2757,#ce2931,#166c48,c8554383513f7bbedceadafea1baf71e255929d524162ac2426bea57469aa291
soccer,2758,#ed1c24,#595c5d,801cfd81f4810683040858ff9fc3ccb53f60095ff9182eb22fa24dd5605c4c73
soccer,2759,#ec0000,#003591,e24bbc50a301e92c036aa52fe7f42fc698f7babea4cc43bc633f7cc7cbbac0b9
soccer,2761,#008751,#2b2c2d,1028dc7e32bcfb455b9d4d75f8fee98dac391e2d1f6a9ce120ec36c8780f7e0b
soccer,2762,#ef2b2d,#002868,a3a5665b88adbb41ee627fd8b13b140fcbd77d478d20ddfb153214808c7e6356
soccer,2763,#2030a6,#dc0013,ab1ede8eb5457c78f9b00aa79418d5b64f12f6ce3c1e8df35cb4799b9b1414e6
soccer,2764,#006aa7,#fecc00,991c38ea3794ae19b561a93e526356d57c21f00823c1dbb31d680e20fd2f74e2
soccer,2765,#213065,#bf2033,958e68d95a65902d04add54a5f40248c0d8fbb0bd532aab594415193f2f37234
soccer,278,#87050a,#cf1d2d,f370f7f72cfd01b14aba651d19abaddc9b22295a94897dee8b198c6d73615492
soccer,2789,#dc1921,#0c4da2,6557351e32db241eb23baebd18bbf254cc3b38f689f4e953f6ef6440b90881b6
soccer,279,#f5ca12,#6a5d1f,6e6aa49aed4e23b28848d9a6b00abaab961adc518c5412adf9d7592b43d00189
soccer,2790,#455384,#ed273b,eaed672066df1b7700127f0e85dc6863d78c1d81d3df6f7259d80dcd5f6a79c3
soccer,2791,#0c4da2,#9591b7,52c44d8cceaed31e830837535eda1a886dec81e160c5cf59060a0b79610dade6
soccer,2792,#24923c,#ed1c2e,3353eac2f0e3116bbabd30fe8c3fe40d1b1ec796fa76f5dbd776d23449891508
soccer,280,#00aa79,#27374b,7166b5523b90dd3a131f863f3b7bc86d388feca54aadef03df84fe84ed89f9e5
soccer,2812,#006847,#ce1126,77fded17f4c3d6295635b2d6a1bea68940ae8b689f90c9a9073853def51702b4
soccer,282,#c1d72e,#646647,3178bbd9c1d17b298db1d5c6bf312b1e96aae86d0ad184be6dcb4eb103be737b
soccer,2829,#213065,#bf2033,958e68d95a65902d04add54a5f40248c0d8fbb0bd532aab594415193f2f37234
soccer,2832,#e5c157,#5f5947,9077925efeeb7cf07891cd7aecaa5a513b8ff64fec53961ee61fe42aabbdda47
soccer,2833,#213065,#bf2033,958e68d95a65902d04add54a5f40248c0d8fbb0bd532aab594415193f2f37234
soccer,2836,#cf2028,#1e4384,f54edc175cee625ca10e0329a215a359d02ac93f05a747af7692439bfbc45801
soccer,284,#ffff00,#4fae26,14b5137d0702389fca40765ade650c3edd186d4492d061334c109289c6bb8141
soccer,2840,#74acdf,#2b2c2d,bd248be4adbae650cebaed580ff6aebe8a85798a0de0b3bb9aa89805d564174b
soccer,2841,#de0023,#009f3c,81f9a3577a4536f18b46cfec86ba72b5fc907f7bd5edbed42b53242ef08bb8e8
soccer,2844,#048550,#face14,96800ccb295cec9990832f8a88a5cab6b651912f0f8a75c7de0cbffe6a12028f
soccer,2845,#dc0302,#006600,8ad09117cc8cd6f92fcb589e61f6d3e265dfa3bfde4ac28307aae61ea85ce6ad
soccer,2847,#ffff00,#e02011,df05ccce5a40e1418270df8ef008a8af60f440b357dec4c72c92a6445b8b147b
soccer,2848,#006600,#ba0001,1bfedf8cee12677ec5211d040c35d350bc26b1bf2a060ccf9e724d7285ddfc17
soccer,2849,#ce1126,#1eb53a,40da7e24ad16916cd2ae5ac7fd4bd80a40b9a2207b8cf9f3dcd1ee39a6bbce39
soccer,285,#88813e,#fe3922,6118dc773f7967739402a5e3260041d4b978a11eb2363a6c875909d9a065a213
soccer,2850,#00a3dd,#ce1021,164e5bfe62c044838e6fd3f9d7c87836930c0c45a360b98c361ed35dd4bca91e
soccer,2851,#0084c9,#f9d616,68fe688e95f08e379de24470675c986dd407279edcf1290c09651d09b4d06057
soccer,2869,#df2027,,3894f089603ffddd6aec24a9c2841e0302b80d5608265465c0d5f6adf1a2a48f
soccer,2874,#005293,#d21034,2e5a7d7f96b61555d428877cb870a4045d6ff335d82f77c6adf7962e7fe5af9a
soccer,2888,#006847,#ce1126,77fded17f4c3d6295635b2d6a1bea68940ae8b689f90c9a9073853def51702b4
soccer,2891,#003691,#de0023,17506cad3a3476f0dd95060b4323c3a1ec02277477b309dd19e06725481dc2f9
soccer,2893,#f9e032,#348b42,9c299e635ac807b0934f0cbb2c39841b1a3b179d7e0ae9923950241dc95ce974
soccer,2894,#ce1126,#002b7f,5b01c98b0f96790e7a0d30c1eaaf7860edc2b660dc1de80c6789b70eb14bc9f9
soccer,2895,#005293,#d21034,2e5a7d7f96b61555d428877cb870a4045d6ff335d82f77c6adf7962e7fe5af9a
soccer,2896,#d02a3e,#282f2f,a2c081bc1712cd908a5e7eae6b72472ebc351778c005e6a7c42ca8fe896ebb35
soccer,290,#eb362c,#da9692,8d491dc1e8a21df17917adc1ddbf73c8ac7e276067e2dfb52c88dadde9e5e3ca
soccer,2917,#00994a,#df2027,5be02ba7bdad66128105ec51b67c47e24482d1be99561b70c073d9803eac4c35
soccer,2918,#009c37,#fee000,4de357558b67c31d60fa47d82fc8e64838e55e156068186417267cb977b9c0c7
soccer,2919,#ca0817,#292e6e,e7aab3dbee81b6fbfea4681f215160f8952a74e1c6af17e27f1dbeb67dbb29a0
soccer,292,#0057a3,#ffcc25,046e99574a1ab3b5bdd555d1a11784f8b0c7bc157b225824763c7e0a796329fa
soccer,2922,#223f89,#a5232c,537d665b5c446452b030414b9b214d6b501e95f12be3b19304da43735c9e9bdf
soccer,2923,#c5ad3a,#d7b77b,43a2d80a776cf985d618a8d2d461b4ae3a786bba5a0af173f93ac51e869e6786
soccer,2925,#b11f2b,#092342,29153286c972211ea64319d226a169774cd9f6f24692dbb6ee59015855a3accc
soccer,2926,#6b1a3b,#c1845a,58aa4fe8215a82ac5fadb971d233c466eea7ab6a4ba7e2c579c4762677b66101
soccer,293,#b7e3f8,#495a75,880402afc10d74b12ee7f2bf04bbc3f9951b1adc4c596bfc2b36dade89db1546
soccer,2936,#0c6ea9,#eacd6a,ed684bd3774d2c569cd431fcb78cd4a43d2638d859b0ae7b897e155543c31030
soccer,2950,#e41e26,#c5595e,49d8054439ee37df533c9c88b9409c72a23647fdb7a9912d8d743482e4faced9
soccer,2952,#d62612,#ccaa69,004b38871a716b31f518ae0efaf823db2861ac513c12907062deb4f028386dbc
soccer,2975,#eb1c2a,#242021,596e9b4a263e8c30d17bb429e6de5ec389376bd9f5fcf2dee813f54e7d8096db
soccer,2976,#295da8,#a2b8d9,e96530adbd35298a4418586343c81e9570d52576c0bc22a145a1d457aa4b24d5
soccer,2980,#f9dd00,#6d6500,0f1cbbe6cdcb0c3b670c806bc7e1b9f72f4ee00e0e89f9c4ce802600a6d4e6ae
soccer,2988,#1560aa,#fcd01b,6a203771397e973d127e6914036492ac6bd38fe3a9c1dee72ded6aad027a6e49
soccer,2990,#3c4783,#6e76a2,4e87dd49354f5f86c61ed4d6743381571acd86fa10628d416a47f6f4a98507c8
soccer,2991,#009047,#7dc8a4,11de0c486e0ebdcafc7ee313e495ace5b12ab208e6f0b90981c2d1e871ba4a45
soccer,2994,#d2232a,#4b4939,a3b002c9a4a5c6f4acfd43b206b70b5ae16771a8fac2ddedb73f999cd1da21ef
soccer,3,#eb2f33,#105ea5,662be7495ac6ea0ad420de90c9c4a3a556b3e89c5214f8cf232793cb03d94610
soccer,301,#01255b,#a78b66,bdb368111c1b51415d2b32798e79b11b7bc3c86923cb94356dd18bacb06c50a9
soccer,3010,#f6d32d,#2b6fb2,41d06152413ed595b0e76607413a7ee815fe17335deb277fd15ec23209793799
soccer,3017,#0058a2,#d1ad5c,8c8ab49c8001e939d927ec15f62015c954fb87518692f8d56b6eee503fbbde7a
soccer,3019,#1bbbed,#ffc826,a71e6611d0aa0c8383ac91cf42c3fdf4c7af2ac638c1aa650b80452c7b63878b
soccer,302,#203867,#caa23a,41ddb5b67d543c216dca192617d03cb8166598392a2ea62c4172bfef68e3bfdc
soccer,3024,#ed272d,#efc573,9e35c113f6526d4ec9a3fd0d2c2caf0e3b1164266d5670a6c46ef64001d44836
soccer,303,#005297,#5075a2,7d0339e25fd39673b6fb7e0bbcaddae0359e3dbdf622af8c052370caa4dd0655
soccer,3039,#d62027,#e1585e,23252d42d42482c39aca4eab5dbd6a6c8ff92f9b248b0211c10153ba45a4003c
soccer,304,#01538f,#fdb928,bd6f3dc45851ab4db00c4be7167f9407c3fa38f57e6985a07af870114bbe8be6
soccer,3052,#e41e26,#f0a64f,f59233a00a2b7f4b8a7649473bcff42b48a1e64ab1fbd93e309bae07b05daf62
soccer,306,#f9a13a,#3e301e,8147c0d4c418e56f133dcc79e38120cd742aab84e7ce72fa3c873f872100ab65
soccer,3067,#f6bb1d,#0e549c,28fe32f2ad768ce62473a5442f6ae5e9ec5305c20c9c54f2981ac437062a94f9
soccer,307,#004f3e,#5c887d,3656f5edc614d89d1c1527659c3a19f9290d434a116cc9f9f375a0fb965aa09f
soccer,3070,#1a5024,#089f40,93e957680cb59755487185dcbfc7271275d7c163f253304c1b45bb87217b1dc1
soccer,3076,#ed202a,#f9a6aa,5158b725b1788e65510af3cb02f8f814a87f32dda548b2fd7317424002690764
soccer,308,#004b95,#979e4a,62055dd14f63031327f5d7e4925fa2c90a9cddffdd5d50c3bd8134590392bfd0
soccer,309,#ef2028,#3f0d0f,7c8d87e4d27046d7b14ecadeb91c853b42452a8b73d1c756cfc8ff101dd60a35
soccer,310,#003980,#5a7fad,2d0e41b4c7782fb1b851ddf63b1dd8319547a7a88faf11be503afdddb3b15fe4
soccer,3101,#ffc20e,#a7023a,cfa9a6f3ebcaff9579a6927f9971759e223fa84fd3bf6bfd3166b34e4b18a416
soccer,311,#fff200,,570652ecb0ade2908cdc1d79bb761af24d33663904e6c45bd433cfea601796ae
soccer,3110,#f5a40b,#805916,908cae0106a506410e8d1db05a7958176c5beea1aa37b7f339ada42108956f9a
soccer,312,#245992,#1f2b3e,06876344a1b947028dc3472d8354cb1181d6b9a6890243a801aeef529b4ed26a
soccer,3129,#f80c09,#7d5252,03ba96fffde95aa0c4c3dff385da0fd7ccc26c951c6b6e84a3e62e482fc9c0ac
soccer,313,#a83249,#00aedf,33d3b19bf5f85975b25a7f7888107c448d057b57a2ea26bb82641319fff6adbc
soccer,3132,#0a236b,,72d0b0a397f71201957e01e46cba881fec5a0c930adad743ceebc9347830e61a
soccer,3138,#d3d3d3,#000000,1db77ed4c624c9226fd5a15b54b00b2f04b9fcbdc83accd424ba8a832f5dc364
soccer,314,#f9a6aa,#ec1f27,a266c2326fdf8c00c08a8b2d9dd4ef8f5c1bb85ee0f1a27f4c89cf17ea9fdeb6
soccer,315,#1a377b,#eb1b2f,dcd8085732340706ab8adb0cfab1d7b6391e08c3a9066bae244fde6cc92fafe5
soccer,3153,#008a57,#7cc2a7,b772f14d9b98f867d3194833d69dcab6cef22f0c700097c2963709d7c08e9416
soccer,3170,#cf1e2f,#820008,84aca41fbd074a0ff91774c460e671b969d3fa80d2e3d28cf692daa236abfd6d
soccer,3171,#002f67,#c30140,a388729a072928435f08e30c4222ee3de4b58f559eb88eb98a4ac1f211532c19
soccer,318,#090909,,5fcea5a909ca225a5389ea59b3f110c7826ac9449ba11e1fbf74d6433cae57aa
soccer,320,#de2129,#000000,0728f4b0a32944d9347f074e7c51067de3712dc1a68c955fdba084f4aa8d5018
soccer,321,#85addc,#0169b5,132eeecaf3b0e486824a849dfac779599de6a37b95c1aaf89bd131213513c186
soccer,322,#1e70b8,#ea192b,83eb73a5588e60b2a63885a8d2ca3092251fe9414d3c6f54a6a400e2c995e2f9
soccer,3226,#99ccff,#7a9fba,e207034023a7c124d6f0f5b928945117cc8c501739cf46bc34186f799439b7a0
soccer,323,#ee2028,#665c90,d2584a9a2284a5c68b23a375f96e5896faf36aac7cc2e5a1411f0c31bf028d48
soccer,3231,#0e1030,#aa8941,1121e1b2f861518c645cba1c0f1a5404c584e4ba607d595bbb41ac367db0524f
soccer,3236,#1f315c,#8cc2e9,fdf43253adc2da2dd1d542bcf229e4cebcbc82e816abaa5adc977868dd0598f5
soccer,324,#662b28,#290f0d,0831691cdfe0b56b15a729434a7fd04fc11dd26f7df9b4442aee6bb4d81b05e0
soccer,3240,#8d3e33,#f9ba21,de8fdb1085b39904d32493800c58bb11733d3923cb7a616eb0d8b361860f8fab
soccer,3243,#eb0000,,49d3506b05792934f16681abb6a7aacb152d8056d10fb2114f0f4e8cbe279c32
soccer,3257,#e73e34,#383f50,9b68e2f446d48cc035a4c970bc76f1680f048f775a249e75b6560978dde18d99
soccer,3258,#d2ac67,#ef1c24,e2e3e22e81d6c5bbe9f62b79cd85a4e1e3c8b67c6973fac9f059aa5b5532591c
soccer,3263,#e2383f,#00275d,a696eac5d0cb3de16effd38280997078876fd5a563b767838f88b983e70bcc27
soccer,3266,#ea5b0c,#ce825c,b5069cbf9f9e11769f3c778ab60ed126f626c145b0f688e07bf29fb388b9dc8e
soccer,3267,#ee2e24,#f58680,1c2f569de0652e9b6e55ee486a80e61ddddcff25ed042cd55ced00d0b2ca2955
soccer,3278,#007dc5,#f7931e,3b2fcbba0353d260ba781b1b4c1509ef20947d38ebbe63c8a9709d8a67805697
soccer,3279,#bf142e,#025191,6eaa124f3aec1d005d95e15047484242d25a1c2486ff50ee1f3323f9e0b32b17
soccer,3307,#0066b3,#92b6d2,2875d52faa8e27b811ffe2fa346231bb8006a5cc3f79c2360c26c253f67cb2ce
soccer,3308,#3c4e99,#7f8abc,4e5c136c879ce5b018f2b3fb950eb20fc47dc0782de102ad402a1da497d35f80
soccer,331,#005daa,#83afd6,b1a7041908644caca2c328a329aa8494d6c531cc32f4b11b7fceba43bc93e484
soccer,332,#005490,#dc242b,a135d618f3da328b88084b731433cd7fbb040822b45f8a702d545df7432b0451
soccer,333,#e21a23,#b55558,0bcc879e9a8597913b5dba73c85a379f33747b1487acff44da3ded02b69dd480
soccer,3335,#637682,#d1d1d1,a47d6ba5228f449b24405e9db83a367437611c7bf1561c9b5489be6aff2ba488
soccer,3337,#000000,#535353,5b0d963af28ab7dae3c955db5064195d370fe1a3b07671d685672929558c1861
soccer,334,#2555ad,,be48c68dbb1873af82f2523cae6bf0982179f3554706d0b3e40a42b4b001f67f
soccer,3345,#612e25,#7b635c,e260164d697f065a4c297a31b6efb664c2ae2056a3033b63514d1f4a8c1cacb5
soccer,3346,#e30817,#e9c785,e72ff6e293e4ab062a5289b13561814d3da86b2fb75421bb3255a21fcc2f3e64
soccer,335,#06477f,#718dae,978b626b36ede5d31a068f31f29fe53576a62f2456d686de47b91879148a3a49
soccer,336,#d6172e,#c37273,b02f23df8c991e3d0537f54746767f685029f766ffd72990c004f1c0f2aff8c2
soccer,3362,#3b84cd,#e3d439,21e5700bedae47f0367260d3092e1cb091e51f71bbfc61f8e91e698c65e919fe
soccer,337,#e30613,#d7b598,7104e162e0e5158336ac94dd895435c66f9c4cbf1a66719b6d1948eb11c2fbb3
soccer,3372,#1c1c5a,#eee1a2,c1348093098ef77e5aac7efc8adbd81a18aba3ef9f1c6d1864a1cfe1a55e28ad
soccer,338,#e6254b,#5b1e2b,976c806c745cc6ac2a9b76069b9850473c4142e6d3b01272cab74aed0857884c
soccer,3384,#26348b,#e6032d,313efffe691b569d291fb0c8e3b296cd0ecf12158c291c2bd6bf4fb5368fdd16
soccer,3385,#e4022e,#c3a692,eecf90d01a946c390539b6914f329922f93bf2e79b0cc9ba1a659fe24327aec3
soccer,339,#2191cc,#f2cc35,d5fbe4b41e25213cfdd975eb8ccfa804eef85640954d89e4f10c1d29fe6f03d7
soccer,3393,#ecbd38,#503433,a54e0faf9f6ecea9ee845f664ac162b49c0527baeffb5ca3f98af678df980a0e
soccer,3395,#00491e,#60896d,d503e457c3ca457ce91beb900252ef3de52979709e955399c2caefc4338475de
soccer,340,#a49150,#474136,a3ed338d0e99909ace83163cdfbce692688ede02a45a8ba4c73eb4ab2fb0eb3e
soccer,341,#b48905,#dc161b,6421fb772d3c48cd269a3faa91bb91406a5686e0f86b029e952ef07e140d50e4
soccer,342,#0067b4,#a8c7df,0ce90c0a8a2c5ca16dfdfe4057525a61e42011b465bb1ec298df1bc2c628adf8
soccer,343,#004891,#972e52,dcb4d7ff7ae4bfef3b8bfd9fe8ed62c1cc2e163dabf2bff6ea47fa5c19fb1050
soccer,3432,#b48000,#fac302,f48ed682d98eeb6eed5f4ed53c379497805e45f623a5bd0001dffcdada75ddc4
soccer,344,#003263,#3cb6e9,aadc54be77340617db59cb3ae8016a43cb9da2272b013984c6a5b9a6a0144126
soccer,3445,#086943,#9f022f,ef20f396606f8c0a6a5f30dd4fddc8ed899aa64326e11da216ef9b2674c7bfb3
soccer,3448,#157358,#99c2b6,aeb341c5a141276b21d94414d91dff8271070b3930593a7cc68b0c719efd3ebb
soccer,345,#004494,#97aed1,414101f6d36c38193d6caa99cbbdc4f249e858c264c9da19aa5319a4413891e3
soccer,3454,#5b3c34,#000000,043b229f28f9781c2e9cd5be9fbf76b6318c200d114c8def457eee05d8dd61be
soccer,3456,#00524b,#33726b,7b257bc9a11e9fc9af90062577a96dbb54bda7009d9d73b02a27cdcff124344a
soccer,3457,#ff1100,#c8a19e,89f2c151a0ad82525b3375dc897828632e61b9d154bebce719a9fdf41b1648f1
soccer,3458,#c8102e,#2d2926,a74511ad022b00409cf2fa3a36d8f17240865243cacb0fca14d2cc48f145bf43
soccer,3459,#000000,#ffffff,fecb12a929e759aab96f6cdccea1086db9713497f232a54e46f27418e834691b
soccer,346,#f79055,#5a4039,efe745b3833ea175c7e2aba54d69b3ce64120cfa0aea6578077bcf52189f479f
soccer,3461,#7cb192,#282828,6b943a7ccfb6d1089e1bc29c0ba5f04baee468012128739686c1960760eb8385
soccer,347,#1059a0,#6d94b6,128451f1d8302cc6a26d8f7b515a8826b330d43ea5f57b72c5dca9cca17db004
soccer,3472,#ffc423,#814197,f61630b416774b3e480d72fa380f49bc1989aae1f6b8883e4c2f0a8a8b93f04b
soccer,348,#ab9162,#645c4c,0cf24278753c843ea690de7a3b34b0de457f8fc23f0308b8d6b3419dbf593d17
soccer,349,#be1115,#a09380,0383002b303b31fd4672b7823672c472660be4f2175d84ac480a26e1a06e61bb
soccer,350,#0f5da2,#0e6947,dfb4e274658740cb0bcf847f262de4a88bb9b5c39863f261af31a28a7f6f2877
soccer,351,#f9b847,#353128,6ebfb8a9256a218d18f312a53cfc87b4ec1d45a443e661afb8e42ce02e730c90
soccer,352,#02563f,#e31b24,c9d74ed375ee12fef411e2a45e21270b13485afda419ca7f496648a199941b8c
soccer,353,#8b2842,#997d4e,fbdbe6205512016200b23d3aa0816c5c793340d8af6be109dfe734fc386ab727
soccer,354,#1f559f,#1f253c,1f009da98bba2144cfefec2052fca295775a123094700b1d52cfee8a92aba26c
soccer,3552,#0d7b48,#529d78,60022af2243f85037c7a53d6fba7b729166b83b5e1dcb976f7029e17d6c3dc45
soccer,357,#4a579a,#a08d2b,69d5d4251e740fc8d525c3c967e817575b0ac2e2af7be03f23e40d494c383790
soccer,358,#003876,#f34037,7367263148cc4e8ce4a40e9097cddfbbb7fa22031084443fed86f941ef80585d
soccer,3585,#ffde00,#524800,3770c879b89765d25d0998cfe9913114c87ec1557f0609c35ae997b7558724ce
soccer,359,#ab744e,#ec2028,92f1bb35662ff56dde09e1f8084221a458357a6df390bc97b2ed6495f6e39f53
soccer,360,#e11f26,#f6a917,03486cf5cf90d580d6132ab115cc747be7b2e3519fd6e08be56675cf5897f0b7
soccer,361,#00b8f4,#cebe99,5e926d9f8c18b1b20e2e86a830ad56d4a9094673f172c0f8fabf617917e1910d
soccer,3610,#009e45,#000000,ef93554e2f873c3fbe6e2aad912c969e0552403f2f6ce0c22d8a84d408c6a50e
soccer,3611,#004694,#5f8abc,be74422936d559e577e21069c4e2ed1117cbd67ce03ead8ac6694a11071da772
soccer,3616,#8c882a,#59572c,1de1da4c16983e572f39679022563bd24648856dfd7ea8076a1b5b01fed40589
soccer,362,#94bee5,#ffe601,aad2e636ade60b485855deacfe74f831c8dcae46de72079c7f521b06c1b5865b
soccer,363,#144992,#b29562,6f14d86b5e35074e91462c7ede6e822f6a6c9f6cb723cd04ea6b8d36f2fa5392
soccer,364,#dc0714,,9f2c56faf3631eb32fb5cccd84d31827ba38fcd9dd3280f597b221711a8797de
soccer,365,#00aff0,#34473a,c70d39df76cbf98ac21f77389ba416eeb648a937991927ed158df0fbcf1d9e35
soccer,366,#ee1a2e,#ab9751,aee718a79be592a8bb36ab68b0960a1dbb5763692f4d91c3f4249f95edbf19af
soccer,367,#132257,,f66f956414b0fd99df6a7e29bed0bd8a849f11d41bd749a1e08ff8d032570d35
soccer,368,#00019e,#b1b1e2,eaedbe5e3b18ddef08c09d07fdca62bcac65165b7bb9af4780acce36841aee20
soccer,3683,#003897,#d72828,4495f8ec7d2d8c71477fc606d6396ed76cc86a1f68f02a8c10df6ed09724f24b
soccer,369,#a32220,#c46666,493644c7f79c31692d7f82f2f15bb9db6fa63039474d5f49b30cd89005acf3f6
soccer,3696,#af9713,#176025,8265ac3f5a799977fd3d47303bd7aa3b7f85c058a2532f0366bf2c553b7b8378
soccer,3698,#000000,#8c8c8c,bbd0ce2723ab38a63232f4d4da70fcec81d8f67888649b21dc5fade06b0bd21a
soccer,3699,#043165,#bf2726,eb7da94fe6dd56da580a4a648011c22f5785ee268599fc0d4a9565fbb2ea9f17
soccer,370,#ef3d43,#3f1618,b9148eac6e2150c0498eca2924e755ae710d04d3fce66993050cf45942ca4a19
soccer,3706,#fcd804,#c32032,67d619721d17bb7a48dde252340c632432259a1077b08770300ae273263270d9
soccer,3707,#e63439,#ae936c,55337ad7a2d1d69989381bde666aa187dfac6214fb8fb3c732ee7369ceebee9f
soccer,3708,#6a808a,#000000,af12d0a218bd141c0fbbf57d30581488bfefedac42f63f4b6e359f7436dbc6f2
soccer,371,#7d2c3b,#f6d741,4e74106a88addf17a9f3f0af437cd9d85c28759e93e10da0f27dd00184c234b8
soccer,3712,#ee2e29,#231f20,1f3a55d8e4ba470782c404aa3b975b7bc75cf08e9c46a5e66656e495118e46cd
soccer,3713,#179c4e,#ea242b,519791b2b54e3e095a2aca1bf9cfb3aaba39c5ba2adef8587139b36fcf2c974a
soccer,3717,#140d75,#bd8a50,8905443496610d1011f8071add763807ca1c1e6a38ae1e54a89cde283c85d250
soccer,3719,#a19056,#423e27,54f22629d31e6e50aebd730c68777112181432bbdd1945f3e34ca55188711cfb
soccer,372,#f30e25,#242a2f,dc27ecad398b132ac057da6b930603f3b73acd7a79507080d381a161f74142c6
soccer,3728,#c80000,#e2c9b3,2231fa3adeb7397981e52c38abd83abf022b3b3ee85a71e2369a602f03e875af
soccer,373,#1263a8,#ec2a31,e253aeaf39ff7c9d19f91ce78464de947b275fdbea4bf595e602d42367cea1b7
soccer,3730,#ee3a43,#f3757b,0398629d73d0ded0571f3214a58503f592535224ee42fc3139c028d012444c1f
soccer,3731,#ffe716,#726826,8cc59cc4e564526448110970356c74915ce73409f8ac7b3046f4801fc419992f
soccer,3732,#0056a3,#5f7e85,4a6743e6c97c0f3a0af3f4d26ff2d0fec49dec9d77d96717c33d699ae568c3be
soccer,3735,#0076c0,#e31b23,57fec3c81aecd2efc56494b85031e43041533e1240a6abef0cf618abf2804d44
soccer,3736,#f4e628,#928253,a5942c7a0a2a69224286ce7ab4879f6b0bec1d80c8871bacd4edde42ec2ad50d
soccer,374,#be9b3f,#d8c9a1,a5a16cd7d49670bd4cdcd23d072b9e12bc15e257e0ebac566ccb04e4c7c7282e
soccer,3746,#08539b,#4f7fac,e489efb1d08ebdb6cf74500d9b026ef2c8854f97f4028e3672cf4bfe82afbedb
soccer,3747,#eb2127,#f2575b,9e7b33f21df60969607912b742ffb4757ae697dc739653ca95449af864dbea54
soccer,375,#243c89,#f7b516,a21568e549d0f9389f56469b75d0866281a39c1e32f37a4908c2727e0a53050f
soccer,3751,#fbbe20,#a98b60,2712d99239ae99768630326e29998ed57da381cc4e2c4acb25cde8d1d7299f8a
soccer,3752,#a95831,#004083,72f406ce5cb961a94b0f5540a82bfeb3e71d8bbf8df7378ae4eda21463f6a587
soccer,3759,#076d61,#608f89,6d7aee75c6109697dc48d0d1664c510a680fc58116333689d283d69f14d516a5
soccer,376,#da2027,#83b57d,09b41343b46d3941a946ce5c2696550ec654d54614b7dbd22cef0cde91970335
soccer,3769,#b6884c,#c4161c,2e1971592d079de06084120f9b844f39d545f78c5853e1d43f2b4360529c9966
soccer,3775,#ee3b33,#231f20,aca1d22785d9bbf3ff0de0a35ce33ce0282229d97278c38a6ebd242c8b3caf94
soccer,3788,#ed1c24,#deb306,4fecbd54531e221c40453b6450ca8ab43ac2ae08808755b9788f020d22ea71c9
soccer,379,#5f0041,#9e658c,2a42d8838bc00f812f779fe30eefbc2bb159ba9bfce107eb412e3e6450fb60c5
soccer,380,#fdb913,#fadc90,a1a06a97b433a7e1b32f9ec9ae5f9d60acdb95dc85f70794351df4dea31adfe4
soccer,3802,#88463e,#9e8974,313ceb02cc73d39d6a4a918f1791bb771845441491490d41bdc2a14f62c2dca2
soccer,3806,#a3987f,#7f352a,0b60b54471d398f2adf910aa337ccf1253e303c151fb0e2fb81386986a5cd5b7
soccer,381,#038c40,#fff200,d06b8b8d06c49ed01f36d4936052151c22b16ccaf27cae77dfd32c7df68b9451
soccer,3812,#00529c,#95b6d5,deb7bea3ebc026be2a8019e4d8fd9cc369c2a629895a8f448366b8147f592c0a
soccer,382,#00245c,#609ecf,70e005bdab0ada41a153760398b4a2ef99f956bf9e72954686caa70da8c30c0b
soccer,3822,#f68b1f,#749a7c,8a4f6205006664f6adbab012cfe4e6f49567138393a175b63c7fcf482a7e8fc4
soccer,3829,#ff0000,#fcfc22,d3d4455df8972b698a7955e100502b6a8cc1a25823e29d1ef2c3a633b27a8ee0
soccer,383,#20356b,#8c7a6f,52bd64391405c0b43683fd419a8182eeebd33cbece1fe556a12e3de5ec775220
soccer,384,#1b458f,#94a4c1,bc829f12cbd54aa1116888d68fda2cfe8bf4c16adea80033af748ca54a153920
soccer,3841,#b52c30,#e5b852,15defdc0576d2d60161d16b685c026e262de42f164a20cc8a191bfc685216581
soccer,3842,#0045a7,#fde607,7b1cfbdb46b46a73f127acce750c5656fb8a8d57d1ebddf6bc44fe9b99b354dc
soccer,3849,#5d3a85,#ebc200,5ef7d3d71bed1668e29f4ed0991e35c6cd4d1bd26c7848af9cce3f7db5184a32
soccer,385,#001388,#7378b9,f030a4c5beafabb21aa690e7a18c2b16585f145c9ac95ac24250b1e8bb948a4f
soccer,3850,#144c9f,#7596c7,2a8679c7d63e616dfbe34f4a2840b2fc47a7a69769bd0891a59053ab34bf8e9d
soccer,3851,#b52f52,#007f3c,049cf078d5b14dec571684ce4ae51c26205ec8a68e8e37c6c2d0d06af8a63a09
soccer,3852,#1967b2,#aac6dc,87564bf3ad76ac2da6b16c57be79de99001033efc04493f36ea977a6849e57ef
soccer,386,#8c2f30,#242021,a4f9154cdd50a14475f175faaeb88b5da9daf7f2d93eff1015afc59c2eee3f91
soccer,387,#f69b0a,#4b1425,977d279d78255b2a669671c2eb62194370f934c3dc01c50d930a1d48a15e35e8
soccer,388,#a27d31,#4a7061,6959102823b1b8e3bad688a23bc24efed5cc02c606ff65a66a10c6ec15aa9b57
soccer,3887,#d8af4e,#d22d1a,78baaa83c84a7918db80057a2bceacfad2fa4b7dfcba2f682aaa5b7d4c56d470
soccer,389,#1a5dad,#5677a1,e119ed71e53bb0dd9f2d5f44466f3052b786b8f4c128c0ad36e3ee6d0bdc74c7
soccer,3891,#e50000,#9e7d7d,c9645055b3dd6a92a2ab35ef3ea9caf7cc78e3a1f62c5cf5d34631b18a592a64
soccer,3897,#002c95,#687abc,bc3b8e8df76576c349e02712d8aa9a1fe9dc137f6a31ea5f166af4a7ef556679
soccer,390,#f2a42d,#ba6d35,a474e4c39222dcdcf3b34684b5147ac5ccb07382551eb747549177caedeef274
soccer,391,#083a81,#4d71a5,cbedaa4f2fccf52919ac813951fa693ef6cadfa5a7f93131692dcf8f64dd1cda
soccer,392,#161542,#3c4a88,92d78233c718f49cc2365dad6337a88f7671e17a5386c13bdea1a8853307e17b
soccer,3929,#ed1c24,#750c10,8d4e420c815af9dbcb128acc6f59e8e2899ec00a5f654ad5c9fa20467984883f
soccer,393,#c8102e,,766868d667069609a8904ba1ec6a66f09fccfe9fbad21300791bf778dd9ddaae
soccer,394,#1c9ad6,#a7d4ea,6d5ad6705de480b664a4e1f09479eb06fe4517fec8b34cea917ea283f0744a43
soccer,3943,#991648,#92c4e2,9d8c5d7a8423e631255e7c1beed52e4498a0fb489c942c10b101ad2f8282b793
soccer,395,#ed1c24,#fff200,d197bf6055579351059aa35603d60efeda1dd366463f3c7f9004bbf9e566c747
soccer,3952,#ed1b24,#e27276,dceeca8211d70600420e32a0745622d19ed6be984d0918e49aced48996bcd51c
soccer,3956,#0067b4,#34475b,047fbd136517a85fd4ab0b82681b1700ba6b5cf53fbd0b3a2b5c897e7738dc11
soccer,396,#1d2948,#f8d729,c3ddaaaabfc721b1b7b9beb05999bbef1ab0a10c9f98d2bb31f71428a8da55d8
soccer,397,#932517,#fefec7,5d4ec36703040bafd14a53abef5dfcb6e03d6cb919c31edf18967a8426d56d01
soccer,3975,#ffff01,#010165,e598517d5a0a450513e41b123280ad4a7d7f48ec5e9925feb63cf7f97e17a1c0
soccer,398,#ed2127,#c68a86,8022abe015092baee37ffce6f524e7561ab60b4f3e77990f7e7b69e1087e0bce
soccer,3988,#007ac2,#fff200,6a3d2477f72269a7d560f36742d149700815b3f671d0046824a784caade35d5e
soccer,399,#4a7fc1,#d1a933,24e02e4c8ca0e1bdd73578c5a899dbb1273d539787bbfc821d7d781a3bebec46
soccer,3991,#fe0000,#ffeb1e,944de7cb8e9b22f2c10e88363f19fd456f1ea345307cac6087adcd7e2de690cd
soccer,3997,#0fa653,#232e26,8b941afda4d138ffcc751c3cac8ac568c82430b7a880968dda0dc92b02428121
soccer,4,#16c1f3,#8be0f9,c55a2f28946ee89795d384312bb269712670f2aeeacbf84214de10b8acebb438
soccer,400,#194f90,#cfcbbd,e4552bd1c57d4c7c9ac891d66b5c64e504c7f20e55788a84aacd784e026b1ef0
soccer,4007,#e4022e,#ed6176,f7cf3e763787e4a3ca8d5d0dda906ec72f37adcfe2c28b23a5f751425b20ff00
soccer,401,#ed1a38,#a79561,8eb0b02aa0fd7e23f5a455fe252397ef669fc5dbce5155ca62b915721c17acf7
soccer,402,#ed202a,#73383b,bad21717c41b29c51f88c97bae4ac7623306b0ed6edf4b14a46a4b1fb10d99e0
soccer,403,#faa634,#6d563a,d37a2d1410449a2504381fbed772344c6365601ef1c72568eb356a228d6e15de
soccer,4039,#fff200,#1a8441,c107186e77cb56b24d4bfd2b415723fed2e939dde8c149b3d2f93e84011c24dc
soccer,405,#3d2c2c,#f29401,6155f5db664c19021acfbed30ce0300b13b7e48cc736d09f92f1b02a6763e62d
soccer,4050,#cf9c51,#ee1c24,674de01840edbc954bfa35cb75fe259ddc6f41c05d06036b190f892f62dd6df9
soccer,4055,#157b30,#7c7745,0c209a694db24ff36673f66479b7fb7717c654e5546eab2f875428fc369895bc
soccer,4057,#2e56a6,#a7c1de,2db80a1a58ec56eca422f861b1be12d1c6fc3f89da4a987f20aef6c048aeb669
soccer,4059,#e31523,#ffee01,e77716f2415e6a86434e5b82e1b9af856c81f5a640220e35367706148681621a
soccer,406,#283067,#7c81a1,2bde33a80fe8037398658330d551b798a701ac75cc963bc2dce56998eae61944
soccer,407,#006ab2,#629fce,7d2ab13d291a0b7617682d6b1221fba93980abd2f481b806e9c2268ffa39bcb3
soccer,408,#0f618c,#cadbe5,9407e6b01ae73c2f8f88dc6f921ea61164f29a8a2df25bae8ae1ed6df1fe0849
soccer,409,#cc383f,#d9696e,934f71168014d2a70ca2c25f5508d7c5a328c0826486b7ca8591b78d67cb042d
soccer,411,#3e9ac6,#fee303,284d5e8206eb4b2b54ebc7b18b8faeb81a29b92764405692fe8232e068e24b65
soccer,4128,#018031,#3d2d26,03f996c41d029de7081c7e39772e655f27b1bd89c766bf7661bce6af97371cee
soccer,4129,#1a3561,#fdc500,48d8798b26d827081c0290f534034a6a62683041d37e13a0f079f9b88420a754
soccer,4130,#e0211f,#de9473,eb8ce4cf661f89e655cdf6e26602e555b8b9fdf47fb25cdb2259dae6dfba3c14
soccer,4132,#faed0b,#89650f,2cb784d2929237f0635ecade98f18e4f3a13797b787191ddcd3056ec57564686
soccer,4133,#f07d00,#ffed00,d7e98042404b147e916d5107386759417e0577fdd8a14988497e6482ca266a07
soccer,4134,#0074bc,#cfcea0,a24b3763f6956be6e6dd4fc584bd5e602d7186f0dc2279e4200a84ae18a4497f
soccer,4135,#e51521,#ffed00,61659192453e7fa5164209cb09de6545806cfe4a29680a11722c5bf0c2e16169
soccer,4137,#005e00,#ff0000,8cbb966b3293c4876bfa31ac8a4c26071edfeb8265ee2534b6f17b76f06d77de
soccer,4138,#012d9a,#f5e400,3bece0116b97762989e8b9df4df5cdf05674b369a670fe1cdb94dede3d3bdbb9
soccer,4139,#263286,#de0c16,9bb0528b38123f225e6df825d59b7da087e6b44d8fa069946dcd78096599260d
soccer,414,#0f1e44,#d31f2c,cbcd2bc31f39afb2fee00b133bee5f46c735df3297c6476652ea4658b24c8f8c
soccer,415,#ffd300,#3a2612,85419eb638f23806b95d10cc1a12d69969138ca9ec370c7977fa60729aeaf649
soccer,4150,#ce1124,#2c2e2f,ebe2517e15785d61e23b4ba7ebf947f67539f0f715e7b10c5a9d2017c050521c
soccer,4153,#273476,#ed2426,48a07cf5f77377bd9230355817bc1231124d9ca6ada0905beb6c0b7139610283
soccer,416,#234084,#117fc2,2a5dc6a19d9d5473223387c4466885061846e91d2f2a39b5454b998f2e134c5a
soccer,417,#f12431,#f25f68,2ad12adf8580675b99e8c319d6641c9aaa9e5eb168914e427aee00fac3c20fca
soccer,4178,#049a64,#f58241,be9a2497af4479bd66f9b3277322412b384bbf3a22ed770119fefb686ca6b341
soccer,418,#eb5720,#523327,41660a6a3cb8c4c2cd82c4825db5d64f8c8718d05a05af69f12c4d2920c54aca
soccer,420,#d80a23,#ffea00,285549a99db35f1d452e7ca898aca418aedd677728d48ccba03893b0a079dc71
soccer,4205,#c00a32,#002768,6c442e47cf4d215d05784e3f416b61cc86c6cb49102a72c8cb45eba1c476d144
soccer,4207,#005bbb,#ffd500,5c269f92a7da5f8124c32671f25478203ad34cb55a69c1e523832d3691327eda
soccer,4209,#dd1209,#107b00,8111b1c1520d3d8bb71648d73088ed30227e8f50c4f903d9e47565feda1dfc7a
soccer,421,#fbda00,#172982,8d46cb4f0bce8352aca6813c3db393b4fe7af3ebbfffd928b54453ff6e9f3ef4
soccer,4211,#ffe700,#de3909,9422ae2f00e61ccca72ad2e2fa9f8800cdd3f21278d4b8bf5259f761b5acca1d
soccer,4214,#ffd500,#ff0000,aaf0619b417c41606451c4b4ebe28fcba0d03970749ccf969510c3f89ed19796
soccer,422,#c4012c,#43262c,d58181ce6a73227bfbea4daacbe570609d911191012f3f3748fa36236c7b79c6
soccer,4231,#3a75c4,#009e60,101d90bdd48d7a88dbf792597a66527a9e756456dc55966eabc0a613b372efa5
soccer,4236,#66403b,#dcd082,44799a402ffd75de631f2573794a0016515c68ecf882f7dec733f3e9b6528e41
soccer,4245,#75aadb,#000000,a7927bfe35f42a5f14d5a5f6f7dfe6f40426cf1c5ca069997843dce940c855ba
soccer,4257,#d72b2c,#ffffff,f1f3a7a853e83c61813e4d9d692bccbbb3d75809768b4bf1b589519cf9705264
soccer,4276,#f9241b,#008d3a,07fd7a776eb757f86c7305cf1767109d175c3c522605231b72530da9cd6e4d50
soccer,4277,#198a00,#df2010,765403b52f3be255a94d4fff6bc1b70c8b2c7251d5a4a633b752637cf6284138
soccer,4282,#003897,#d72828,4495f8ec7d2d8c71477fc606d6396ed76cc86a1f68f02a8c10df6ed09724f24b
soccer,4319,#e30000,#009700,704ec4d1823cca15246993460aa11a7c5231dd0e3dd296e9e0c6980a667d60e1
soccer,432,#91092d,#fd9b02,603385608cc9ec22d3e1557f075c935ad14752e0d75aa40869cf27e77fb92c3b
soccer,4325,#f80201,#058f04,b9b82b72fe860b9b70a91733353488f2db63f954c85bfd9c6c540d1133984cf2
soccer,433,#d0ae57,#000000,2a5939038bfc18af14c545d7685563f2def769b5551e75feea77f6246ac4e16d
soccer,435,#ed1c24,,d644407d34986696dd3525f7c2bfec09bfb9a8104b88810a032993d52d7b18ab
soccer,4356,#018c19,#ffff00,fafe8ab667f292a417b2090e4b99db0b235691a60f73144bd359b5f92cd12a1f
soccer,436,#1f3b59,#ffed00,a623d5d01f6edb1319536be793617ac6d7d4a9a2aa37acf3f3428afb9e6d5fa4
soccer,4365,#0956ae,#f8c700,f0cb29b272028b35d1089453c2c077418fbe4ffa68cc49ab87efb03058d3de74
soccer,4366,#d02a3e,#282f2f,a2c081bc1712cd908a5e7eae6b72472ebc351778c005e6a7c42ca8fe896ebb35
soccer,437,#007bbf,#c15132,a53d1181c5130a74c97c82518e855bda7893ce85d15d575ec51a712df8976368
soccer,4371,#c60b1e,#ffc400,8eb3b92ab4ae3ad632345922f4d6cac69e7c9ff0f3338feacd9d708920287bfa
soccer,4375,#ce1127,#91524c,1e209fd43d014a7cfcdf890ffc063837c42d796d9c1e49be067350cf3ab243c1
soccer,4379,#db2c32,#fed733,769ccaebf31bbce1cb07172951b8f38ca9405aa395684083dc9b2867beaff451
soccer,438,#b79b5a,#000000,41dff235c16355b06e6c632ceb1bdf3928d4aa7bbaa5ba6f4c9e1c7bdb528df3
soccer,4380,#007c39,#f0102c,6cb308c03af6637f31c1644ebbe8bea79041324404ffb787f723656230cb14c9
soccer,4381,#fe0806,#ffffff,f52a77dfebf57dd67988b475a9a38371a07b36689e4bbf59fcf49315ff0adb5c
soccer,4384,#ed2939,#292c2d,6b99391af8679b0081b666fa8dcb9bf2aa9c2336903e2c4b06a67a62c962a986
soccer,4385,#1e8943,#f89939,14dddf4eec9c778e0e494ab7a24f0ace0647f733a5bf3d366d867b8b429822f0
soccer,4388,#d32329,#007520,3ec69d89f2ab5b20a325177e5010543874114a9af0a4debb59f6e659858d27e6
soccer,4390,#e82221,#009c40,4a7b335fc19cd636d4f80eddb91a51199e918f7192384309cde6aab5b9ea379c
soccer,4396,#273476,#dd2c33,5b5e636438de49975ae47b24b054b55c05cc1a4154d5d01c370eb371c45bd097
soccer,4397,#009900,#d60001,d0d1cae016c2f2cc2f8d9723400f7eb60c352eccb66581446214e2eb81f6f7de
soccer,4398,#72123d,#ffffff,dc12b9facd0b3cdee7ff6e01bbaf15c4163e970c20642d31da9b3b86dd27e1d2
soccer,440,#166ec1,#5785b1,a086ecc3b5b9e88f372ba80b2895b34ac44c2e85835b608214e23688a078a861
soccer,4405,#e9cd2a,#787140,110b6fd74ecf2a1e8b6b4920b70aa338ffa2f1a8a14b6d0b33107faebc67311d
soccer,441,#393996,#ffff16,379dfb29e96f8cffcaba17ecf8fd5a25d27db1ec9d17bf069e7e7a6faefe5102
soccer,4411,#000000,#d6d6d6,c828f6585ea31fbe024a7e9e6038b77fec71e9280e02749fd62eb841a18517c0
soccer,442,#d71921,#00984a,fbe01ab79b1a6c6d48b4016c1e270e7e58b7cc76c196a1c796ea7c1cb535a22b
soccer,4422,#008252,#e41b13,a28ebebdd5846710ec80d36d33e26e26a39b309a9dc90ab8b8c6284967949ca2
soccer,4423,#4e9c40,#2d5396,aae3b63270790252ef1e499e0681024eafa0ff557c467c39fc70ed4ae3117206
soccer,4426,#d22128,#694648,b0000a4c4a894d3d20fec045b448f22002fd1ba01af49b426c7aad6a6b2f80e1
soccer,443,#228153,#61a584,c5d373a8086250a51fd3cb7c077cbcbe4da96119b340699c4e4a41c8c2ca14a9
soccer,4438,#f44128,#3c3568,3da29816bc3e8a72b7af83c8c3a82894f016e5e24a5515833db70bc74a8da3cf
soccer,444,#2274b9,#000000,85e8317c795135c8094b471563cb37110cc22fa4fe15398e2c31c03690c2b9a9
soccer,445,#f7991d,#ffffff,3185ceded9ad221444f357f88f0fbf6abfd0b9f952fd4760fc424f8beab38d95
soccer,4469,#ce2931,#166c48,c8554383513f7bbedceadafea1baf71e255929d524162ac2426bea57469aa291
soccer,447,#ef2b2d,#0072c6,0baf599e1cabaaa847145961f17d83f4b1280dbc641b48f4ff5ceea537eb2258
soccer,4471,#003798,#8d9fce,42a8625087845c5ca208f50bac1d3aed6859425f075c8f9db0c62a905457901d
soccer,448,#ce1124,#2c2e2f,ebe2517e15785d61e23b4ba7ebf947f67539f0f715e7b10c5a9d2017c050521c
soccer,449,#003da5,#ec2f00,43c610c6d9377e57ca662c86a761ac29fdfdc67bf13dd8082423b2d2f38e4a0b
soccer,4492,#cd292b,#f1d766,d7d4f2252abe3e5146aa56e9c966ffcf3c30c9d970b5ff1807d43d5c5c8307e6
soccer,450,#d7141a,#11457e,9332b75a23a86dccdfdb19d2c0f97b16ad23baf4f94a967038e7e280dc159821
soccer,451,#003f87,#ce1227,54ea6ae4e0de9fc35f4c2c1f6baed5929af5fd95b772e57eb6e6b6a8db0ee061
soccer,4515,#291c1e,#dc011e,a5418990cabe647d88c2ee2e2484b8f1fac908469134057ac590318b6b4fc619
soccer,452,#000099,#ffcc00,99718f00dfc5a13558d571dfaf9bd58344e9268cd261415bad3d45517e5ba35d
soccer,453,#cf142b,#ffffff,a4116449f802b11895298686068c2a2c6ec78d56aeb0658014415f7edbaf5c68
soccer,454,#2030a6,#dc0013,ab1ede8eb5457c78f9b00aa79418d5b64f12f6ce3c1e8df35cb4799b9b1414e6
soccer,455,#295da8,#a2b8d9,e96530adbd35298a4418586343c81e9570d52576c0bc22a145a1d457aa4b24d5
soccer,456,#770000,#ffffff,5ba7edf371fc7d1386f2e7c5c441a5408c5dc264b846c10bc29dbbf3c1ad4596
soccer,457,#005bbb,#ffd500,5c269f92a7da5f8124c32671f25478203ad34cb55a69c1e523832d3691327eda
soccer,458,#003580,#222324,e4a3f7baae718bfb83c2f2eaa0e448d862720f63b276346b32077fdb08294bdc
soccer,459,#ef3340,#ffe533,57c869a3f900735a950a166961b56d7170608636c4ceadac2b1a1185638f5653
soccer,460,#e6050c,#03720b,a779ceee4e51e28dae7b4435a661f486dca07d681b303e8684b9bd0f429bfdae
soccer,461,#2f4fa2,#28292a,31d271d162edab9767033e348d6a47e57cced277fff6cde8df3da87ebe4d6709
soccer,462,#d62612,#00966e,ff8db39f260d067c8b49c26962a1c7c32f9649a4abc5400f58bc7f2d7b7fcaef
soccer,463,#ff0000,#ffff00,9d4a7f5d25fc35bb4943e734f24d82c569f84ea590189620e5d547bdf250026b
soccer,464,#ef2b2d,#002868,a3a5665b88adbb41ee627fd8b13b140fcbd77d478d20ddfb153214808c7e6356
soccer,465,#e22d34,#ffffff,0430dedddc3af45cd7207d22507b1e120de8f673e67c9351d227fba8670ae2a2
soccer,466,#006aa7,#fecc00,991c38ea3794ae19b561a93e526356d57c21f00823c1dbb31d680e20fd2f74e2
soccer,467,#087d5a,#2b3382,b299090503dab754be2601889295b5d43c0e62cfd4e7a3a423d258395a1c1bbe
soccer,468,#ce1126,#0038a8,346aac475c309199dcb36e8472ea808cfce102e4740037ee185f313820d382eb
soccer,4689,#000000,#b8b8b8,71e5160fcbb203ea7f709197307c910f3b31d52dd0a540d243b1dad9ea03e8f9
soccer,469,#da0000,#229f40,65f43455badd85ecee975bb659aeb52f91c51637dc13b4902ce7d3ac8226a77a
soccer,4691,#fff2c3,#e3104f,e820f0c9087a2d76886050db627b920e462a017540b8bd62d50f1c7b13c0babe
soccer,470,#003897,#d72828,4495f8ec7d2d8c71477fc606d6396ed76cc86a1f68f02a8c10df6ed09724f24b
soccer,4703,#ff0101,#000000,3e5f50fe8a5bac5b15bc98607c0f28734354f2e94441ecb7f64971b8bc0a773c
soccer,471,#dc143c,#2b2c2d,9bec0055ca32a9e7ab603904aed89a9fa28c6fb2a08b24cffe81b6946a809a1a
soccer,472,#cb0100,#0200ae,cbdf3c2b3157e1c2b4076e157513448315bb014803020029ba73bbf3d820d9ba
soccer,473,#c70021,#f7d21f,1656973561bf1fbc912701929a02f0c2455e2e55bb5bf5c093207bb4fdcc1e39
soccer,474,#d72b2c,#2b2c2d,8d68cf0ccd8bdd16960b78510ce86ac2094216c2a6ddfda49b88268a344e883f
soccer,475,#d72b2c,#ffffff,f1f3a7a853e83c61813e4d9d692bccbbb3d75809768b4bf1b589519cf9705264
soccer,476,#049a64,#f58241,be9a2497af4479bd66f9b3277322412b384bbf3a22ed770119fefb686ca6b341
soccer,477,#171796,#ff0000,b3e2f9b51d71ca6937926a520aa1bd73f90f0e7d7cd1d3a2f3093944bcbfc49a
soccer,4771,#101d61,#781d41,dc4210e86d165c280edbd1cb80959ac2f47999e153a344a1b3e3e5d30157aade
soccer,4773,#0f773e,#e31e27,35f6bf327843c88e7ba0d1aa7110922f63b738c5df8b006ffc4b09b8c867d7b5
soccer,478,#ce2c23,#002f79,e7f1a617ed094d5d41352388e15dc6e6c791919d96621c6ff6e8c4752195542a
soccer,4786,#13007c,#ffe315,3e5b44447b521d153cfaf5f34fc99f5c0efb31c92633f67d291d45894a45df4b
soccer,4789,#e89000,#01892d,d8378960e6ff168442b240bbac6da0e521f94c3e7ec78b8addbe00e87394ac1a
soccer,479,#d02a3e,#282f2f,a2c081bc1712cd908a5e7eae6b72472ebc351778c005e6a7c42ca8fe896ebb35
soccer,480,#ce1126,#008751,8d2a777cb0f9cde919aaab04c91b561f861f2c96bb1c227d960e6b5a56f38c77
soccer,4806,#ffcb5c,#000000,10ed5e9f36c72519baef236bbe0b9bba9ea38cc7cdb21ef78d6e01c7fa8cb2fc
soccer,481,#db2c32,#fed733,769ccaebf31bbce1cb07172951b8f38ca9405aa395684083dc9b2867beaff451
soccer,4811,#e30613,#0c3056,277d616cf3cebf1be5870a1a1091c832edbff9384a6c1640a6f0a76169c1bb9a
soccer,4812,#007c0c,#ffbe0d,8caf876440c4cadcda0176644a42fb576f6f6a3d50f87401e705906394fabeb6
soccer,4815,#ee2e24,#2e3192,cef12aead671b5e63c0dd63acf9aefb63aaed1b4382bdcb7be25b2f054f2f931
soccer,4816,#362e64,#9b2723,de89a7f48685fed296692a540829360f832060eb626ed8fdc922b3080e861fe4
soccer,4817,#000000,#ffffff,2f2cd2b0b4222245d434a2ce948e7ae90124b52b60254cfab461f5860b4e7bee
soccer,4818,#f4d800,#403911,9ab6332c42131acccb508a9f3bb776f6b4fe237744de0f63da431adc44f374a1
soccer,482,#da291c,#006600,8f3107904e8ecc3d934f819b011896d3ab3a97ad1e07b3bedd052fcaa02e1f96
soccer,483,#cc092f,#0046ae,ad1d2cc73fa8f1182600a1e6381f08c96d21987387df9bc36c4616a69b989eba
soccer,484,#162c53,#dc2627,7aceced57eb28e1a0546086bc6175340257c77411e0b8408010fca654ea7e2dd
soccer,4860,#ec0000,#003591,e24bbc50a301e92c036aa52fe7f42fc698f7babea4cc43bc633f7cc7cbbac0b9
soccer,4861,#339933,#3333ff,8305b1d9cf0c1a2fdb3254b20c0415020f7093d4bf158c92e32a17824095cc21
soccer,4862,#51b5e0,#191131,3db5bb1343c5b3429160dc8f155a82299b13062d5f30805388e4659284b7b768
soccer,4863,#ce1126,#c49465,545cd2d7a6dd6d46faad302d6671ff33c53cb6bf8e994d6e8f56033fe6963bc5
soccer,4864,#00883e,#dd0000,d60dc1653e2c713844d82d063ef6474ba68b9ee803e497be085b67dbb325fdee
soccer,4875,#21538c,#b8b7a9,9889c36a9b1ec6a8b3bb25804effe71ef3ead13628d2d69f79fe28089696c79f
soccer,488,#f3be10,#ed1c24,ab87ab4c5d16948105125fcb5e3f48779a517b87d8b9b1c0153c429c35ec0e96
soccer,4883,#dc0000,#ffffff,0462ed75f61e681d34712d5a549b9a076c4b5fd0e9cd4d41c73425c26db856f4
soccer,4884,#02227e,#d2172b,9aad83bb4ad74a9fff4ee2519704c2dc2fae0e8e408d820d5fc724da266045a1
soccer,4885,#dc1e00,#ffd900,caeefb8804d4aa1000fa0038e8e404eb4ab0963c9348702f78f9f98cffb6da2a
soccer,4886,#000066,#bf0e1e,d2bf016580986ec7bb2080a531eca7964ece8a321d6088fa20bcef62d2b2f8ca
soccer,4887,#d72008,#323788,d65ac5dbe1a045da75cd7bc2672d00b86e1f456f6454b7d5b1361994b8bd410a
soccer,4888,#009959,#0033ab,7bee92005bb15a0205087a5f445d4275d5e4ce961035179f1895ce5650292ee5
soccer,489,#1c4695,#ed1c24,c6ce98e0c89db89035101737f3ddf11bb146f78d887ab4a6021e2879f31d3995
soccer,4895,#fe0000,#ffffff,8288b9ed65f164bf9d8903b7509e83b7a66d16d8fc0090001db0d7f733caa92d
soccer,490,#105bab,#abc6e2,7b844e2b7d69b8fcc4adb1238c9b81121d53ca28edb5d887ce907a8dd051cadc
soccer,4909,#383965,#9b9db3,20f7c627b4125acf716402602ad5b44cfba66fd2afb6b02c8d19ab0fec3bb27c
soccer,492,#8db5d6,#1c68b3,67fbcfdc7a7cd79db039f7f188214f8f9d16ba744aacd38e7be8412254a04b55
soccer,4928,#0f1d40,#b40a33,1607518ed2bafb0f931aa8fffb3604954ef21abdb6107f253580656a66437603
soccer,4929,#fe0000,#936060,d7796af8af186c044d3c0224e0455c404249ecbf43b7610bf67752bfcf46d437
soccer,493,#f36f21,#c0947a,9107eb55861559eee0b065d7727bb3b712ee182122c6f1924845229190ed1949
soccer,4935,#2b9650,#c0dc8b,42299e503356309e056daf18fb5903055b3948e71db8513926ebda972c01a9f0
soccer,4936,#0d121e,#aeb0b4,8320c75dd2d17c07603e0f417008da5065be24b93e22dddc475dc540cc137e53
soccer,4939,#d7141a,#11457e,9332b75a23a86dccdfdb19d2c0f97b16ad23baf4f94a967038e7e280dc159821
soccer,494,#ec1c24,#ee7a7c,dc1eb295167a7704e021ea0a6e120ab7d5fe19dfda6c8f5825608d5bca4030e4
soccer,4956,#ce1126,#002b7f,5b01c98b0f96790e7a0d30c1eaaf7860edc2b660dc1de80c6789b70eb14bc9f9
soccer,497,#1f89c4,#f9c520,86746ceef93174102c292a51afc076aea4225f193286c10b20c97beaa3fcff78
soccer,498,#0094da,#1e014b,aaba0b4ea9868eed3437b6561cbcefd719e5c9c025b63c9a5d1cefde624609e9
soccer,5,#103f79,#f3b229,4540739c0129ca15533448f40dc85350117c87c5b724555747cd662a5b4e9cce
soccer,500,#0e8f43,#67a96c,ba3e37abb9240fc211f29e518a4b37539539bfd66794ad6e810dc12e72df06dd
soccer,5002,#2c5c98,#21344c,45c200d82cdd85e28d897339fe1fb849a324eddf0d500f01c958144aec7315c0
soccer,502,#2e3192,#6568af,4d468269d7f37bae07e2ea5e95af715964eedf1fe37cb9bab6312c7c92765bc2
soccer,504,#000000,#ffffff,9745da3848aab31d91c3a2bc213a5a8bced68b856e0e555740e4738693c8ecd5
soccer,5043,#b11a29,#3d1115,1ecc33007d9e5068784937c12014f5aa3a0b9ee8841d864c19683dba8acbccb1
soccer,510,#ee3a43,#f77e2b,6326c43acbf2af6d4ecb19e7e15165cef0210b36dc6811f1844c3e9932638cf5
soccer,5159,#ce1124,#2c2e2f,ebe2517e15785d61e23b4ba7ebf947f67539f0f715e7b10c5a9d2017c050521c
soccer,5171,#ed1c24,#595c5d,801cfd81f4810683040858ff9fc3ccb53f60095ff9182eb22fa24dd5605c4c73
soccer,5172,#006847,#ce1126,77fded17f4c3d6295635b2d6a1bea68940ae8b689f90c9a9073853def51702b4
soccer,519,#065b89,#5f5402,ddd7e21cb621b1d40c5b2fda95afcc201112dd23590b95e72fec0e2a6fb75613
soccer,5194,#005bbb,#ffd500,5c269f92a7da5f8124c32671f25478203ad34cb55a69c1e523832d3691327eda
soccer,5195,#005293,#d21034,2e5a7d7f96b61555d428877cb870a4045d6ff335d82f77c6adf7962e7fe5af9a
soccer,5203,#d3362a,#23449c,2fff4db0db4bcb466788d76bfcce2b5b0db8485a4abe5d9f43077934019bbcf7
soccer,5204,#c60b1e,#ffc400,8eb3b92ab4ae3ad632345922f4d6cac69e7c9ff0f3338feacd9d708920287bfa
soccer,5209,#fbd632,#21418c,455e4b26c34f5c9ced748b63f8de0b82e5b5c77a02b123f13d54c70664d14e04
soccer,521,#ee2e24,#2cb1e6,7f56b2dc3d801914d94bbe30bf310a31e7fdae76505714fc0b386f8e24c2db2d
soccer,5210,#24923c,#ed1c2e,3353eac2f0e3116bbabd30fe8c3fe40d1b1ec796fa76f5dbd776d23449891508
soccer,5212,#008751,#2b2c2d,1028dc7e32bcfb455b9d4d75f8fee98dac391e2d1f6a9ce120ec36c8780f7e0b
soccer,5218,#ffff01,#7b7b0e,6f9bc9ca7ee0b2511ebbdeb1e6f742c19ef308c4320daa82d009315a2f93d597
soccer,523,#0b4d26,#769a84,e5b322c56ad353bbbf6b327a428ce7925a42928f23b27a854990a13f31f3ad7e
soccer,5238,#ee2e24,#eb9e9a,bc1424452ce10d24d338aabfb7f5fa5baca03a796a694b1080eed6fe20dbe875
soccer,5239,#2957a5,#ed393e,29b2d8a6e4ede0939242421a7ef7c5547b98ce14ec8518b22de9d3acce46d496
soccer,524,#19438c,#ffd503,6b656624967af8b050010953ad42a173d3a781e7058b8bf0d2346e678e0d2198
soccer,525,#201a55,#736e96,c3c17d2c39bb9fcd95371ccfdafa6a7daa295b0ca717179f052895037b130c18
soccer,526,#0c4da2,#f02b23,b57eb09ce52882cc67f0331af48317e7f1bb5f3c727226980caa08f66b941daf
soccer,5260,#8b2642,#341f25,0bb4aabe95acd16801c4e5875ce10d7be9a94a7dec324c551a97a874ea5add7a
soccer,5263,#25a0e1,#316784,edd004130b7abc4c1df0dca24c329789603c1bc26e65023c00e2414653c4e28a
soccer,5264,#00ad53,#92dcb5,07aece62e3aedabd75ba3a7e8a285f12bac697a826bf2a37c6ea000878159258
soccer,5267,#202862,#afb0b9,843caa569c32302e6f3195ac24fda309ed003261c205157881a4ee49d3a221e1
soccer,5268,#f6d900,#b13510,a3c4fc1ec394ab7d6da4a0992b18ab311158edeec5f684197c7c4f1c76b17faf
soccer,5270,#ffca0c,#ee1c24,088ec2148d6f5c7b0eb98358e9c593cfd83a167791ec9a09249b338c94e0c862
soccer,5276,#089ed8,#89c288,91d102c6a7a31cc1793c421257e5086dee8d2d3513ae07d26281b013e85f2c31
soccer,529,#febe10,#836519,c571d7bacf0839e1a6c444938d826a26328e17948bb11d3d586e793a7f885850
soccer,5291,#e3001b,#e83543,dadf9ebb0373842ba7cb4f30e5d328bdd3190e7e611e21ea5ae5ee98044dc21f
soccer,5308,#f0df57,#39392b,860737d4497c3640badf88c48289b91a4a206efed34a88c030e3af8b0a903cdb
soccer,5309,#231f20,#c1c0c0,8699c1b9bba8936bc6e8b83314bdd739f42365423bf86a67abacc9fca3aef260
soccer,5321,#002f5e,#677e9c,9dfa3444727ac7d305c099b4ff761a8a77341f8418755d7199e6df8046077cf6
soccer,5322,#f38a24,#5d2881,22570c76a4b4f3363cb193330160928fd80870c750378d3d2594814701fe4b8e
soccer,5323,#ba2334,#004e95,be42e62a2c1dcddcad8d081fcbb3d6e7a164661682ed7a12e077b049aaf6f99f
soccer,5325,#ffca38,#00305e,a53a2f0a8bed0742a83c520ba5e26cc1b813e642990c7348b2621b3f7929fa31
soccer,5326,#f26522,#81492e,04e542deca7555ab3ee78d5e764769dfe83644fc018b6d674ea64e5f9ac7809a
soccer,5327,#162d4e,#85b4e0,9335c4df9d148f4f9ce251c54eb7eb77423996a00b84f3b16783831af65a7fb3
soccer,5328,#002d62,#7c899b,46193a03f9221f71b1561312267fa907e156ed59b08c0f075c0ae67a6c35088c
soccer,5351,#e89000,#01892d,d8378960e6ff168442b240bbac6da0e521f94c3e7ec78b8addbe00e87394ac1a
soccer,5362,#fce500,#0e4194,d6743ed0fa23a0d329416c6ecb42523a1fbb7dbd58162170c78570b5508a301a
soccer,5377,#009c37,#fee000,4de357558b67c31d60fa47d82fc8e64838e55e156068186417267cb977b9c0c7
soccer,5379,#006847,#ce1126,77fded17f4c3d6295635b2d6a1bea68940ae8b689f90c9a9073853def51702b4
soccer,5404,#a3892f,#ff0000,7082f6facefd0a6b9932d5fe895905c5a138c1299e94c0aec9678404e90f30d9
soccer,541,#b75e44,#4a4748,2f331076e6d1836ef15fd3395924ad5c69eb505eae9be27c95d4b1c724f40c87
soccer,5413,#29244f,#a2192e,f6b0582afc8da4c15cc41fbe96a5a7ae3821bb4880e4f4b4ec737e5edda224e5
soccer,5419,#ec0000,#ffff06,bf4a9e74e9e867af3b67110603d4316f1fb2225723b8761673df3ffca8ea5408
soccer,542,#f6d52b,#e2363a,a529fbd814cba219ae0953858dbffa441b6933bade6ed114956f3b218fe3c2f9
soccer,545,#9f5f56,#a9a8aa,558627662f083cb8561fd2dcbf2a2637205b4d452b17d57dd9fd920a609c0af4
soccer,5463,#b38c0b,#0e7ea9,8e3226c664c367647e8856bfa45db08c20fedd075649fbf653c9caf532557832
soccer,5479,#dbbb88,#ab161c,9eff9427f77af96c70438b8e6114167a60ad58d4878b0751d755b383ba8e38b4
soccer,5480,#f47c3d,#47416f,3389572d70c4d368ca66e85cd17296fbef37cdab6d12d4a315fea588589410aa
soccer,5481,#e7511c,#027a2e,d2b9c6db2e9bca6f3e87171f9d1d0437a8eba594d768f819896fa4bea00104a0
soccer,5484,#003772,#768baa,e7a8949bc9ee21b7f4bcc449614ccd1e98e50af766b03e62c34c58a49d1733ab
soccer,5485,#29176f,#ba2825,0495ffd4c26459c51774fd3a4198011497222f2992cc20daaa3e2f4c286703d1
soccer,5486,#f9ef39,#cc1f23,6b50cdfc0b37c35e079cdedd2cd381845c1f10bce9a88c1a17ad6045175703f6
soccer,5487,#368f61,#7a614e,801242cedd1182c46ff8830ca23d8cff936fc92dd440afda46bff0c5d03b7312
soccer,5488,#c13236,#e4a5a7,fb90cd72bdad8013d18239501736dcb3d77fe3b7bf31e414bc7cf3cc0947406f
soccer,5489,#eba736,#8d0215,4a304b4e64f7f832f0ee01e110bd6ed4977606a644250ce8fd101e7150e9e0fe
soccer,5490,#0193de,#a6c9db,a22da3a77840b0e20041674b260e922792d8b8fdb02454035a0247502e61dca0
soccer,5492,#1d3886,#189d54,8ca788f309f4ba7c59726f5c65d81fd260997c6ae8c49d19d90a19a4e94f8885
soccer,5501,#685251,#d7bd83,e7519c7813f1d12553ac094b46bf162a13f1115a9856407c6468dfca82c76d61
soccer,551,#720f10,#8b3a3b,cfc822e399ae716e884bab3366c741f589fb794143f06bb0c6465e4feb12d01b
soccer,5518,#000099,#cc0000,f5b50803fe4a659d087a049fa729ccc780ef672001d82a3f5871333faf30c62d
soccer,552,#00793f,#db0017,72eeb71587468660c6fefb6d9d1bdd9a61b61de7ec14fa7e1b3a7b4bbb7988a9
soccer,5533,#ed1c2e,#00ab67,82d5bde646de590af0bfa96d3c0624dde91e23baad074c767d0af315155f19a8
soccer,5534,#0f9846,#003399,eca503ea8c90a36156044d5e71470fb82e617200e4fe5727d07f3064e3a03fa5
soccer,557,#48ac55,#b8d6bb,628d8bbca1aaf701a4f97f749711e4bf8d3b0ef19259d997830d27cba370c672
soccer,5570,#ffadcc,#47333d,ad1858fc43948aea94c8d5ea30bd8a37156b8fc290448acc2563254ac4223893
soccer,5579,#e51b20,#4bae32,8c3b014acc1e9341176777b0e57c5553374a7b19b39f0e70195f589aeb0315f5
soccer,5583,#005aab,#fff200,e867d78023b75ca9703828398b728e13a42ca244c243a83ec2929a12443b8369
soccer,5584,#20409a,#ed1c24,28466cb380610d7b3270d810ccfcda068fd6c267408ecf51a185a7c3a295871c
soccer,5585,#970310,,0dfc3e06f6e158d96df2b9729de6b1cd6a5a5756ec365cd0b998aa6ecb45aa66
soccer,5586,#a00000,#000000,36a5c3e0fae73171c91f10ceb170ea820f4f46c4899ee8a66e900a60b597ee98
soccer,5587,#000139,#493b64,99898d07dfe294d50d29bfc8fcb57d94e6036201f43e48e7f96604487f822843
soccer,5588,#792439,#a8b2b7,b3ce9ea4dcd431c1fffbb928a0d771b539485082745dbcb41304b6a9f8119073
soccer,5589,#2774ae,,5145c6eb67719f52cdf51c92ef6b30486c9a585ca129624d6c7837e369321a23
soccer,559,#ffd304,#8e761b,99dd88f1f061f35f308954cdd1003cdb375a7e66bdd72d731c660477914770e4
soccer,5590,#00275d,#2d97d2,97c7a4757694704ce5e975686d1429808cc381fb6475ae72b8e4f467a42d1d24
soccer,5591,#283349,#c6c6cc,b007679c678910e69c86c0df99ffff2510918558bbf423a52c257414eb4ad2cd
soccer,5592,#8c2232,#bba38d,fa59bb32e732327db77cef6c70e32db5f0faf0d1b35a02abc482d1bc187c6036
soccer,5593,#00539b,,5b614bdf00364d325be332b63dafb5f95d25e0f59e63a3e152faa43124c57112
soccer,5594,#69b3e7,#cae4f6,0d8f90baa0b8222b6e605cbbb226fcb0e8baf7522672ebd9a9ba4f4d57d467ae
soccer,5595,#103595,#cf152d,0c131f5faf86ec1bf70679af3a7f13248aa5f9e764aeb0c927fc6f753ea85e73
soccer,5596,#091f40,#a28d30,6e5e48e6e1f322795d5b5fbbfdb6e9e45729b1c9a9ff8f9540b7028f18b7d191
soccer,5598,#061440,,0efa003a56ec95d664b71d799fabe5e927d2ddd23cea90d5bab42df971abd080
soccer,5599,#492f92,#9687c0,d447850b4a4d514fb7692fec4cda3e4fe7268c9d664b53e93f0f8fd476b1e6d3
soccer,560,#a18722,#fe0c00,19f4ca6a08a454a9499af6e918f14860b0453a580e13dd83c4bd3c2ecd2cccee
soccer,5601,#c41e3a,#430a14,59994170779f3450adc0ba499de3b9d606bcdeedfb0d3dc959c4a9a9b951c6b9
soccer,5602,#662e91,#301646,027c38dcc223cca09181ac4b0e56e1a84573a6f121d080b3bac8eea614776d9a
soccer,5603,#a80000,,1dbe095805cd1636fc5aac2918eedf81b4dad43329a8c1e665616ee1d79840a7
soccer,5604,#062340,#c89600,5c0412f57d3fdf05789d255595ce014bbed36c6468f8ec3d8471450efe5f9f10
soccer,5605,#0c2340,#455268,3ff5b782c09c76a90568f2d8434ca70efbecc7a4f65ab0cb66d5c00b1e384ad2
soccer,5606,#003c71,#698cab,51e9faf663b109fae2688eb5b8efc982494f0bc3b508caea17f076a8e1a4c8bd
soccer,5607,#ba0c2f,#000000,6dbe512c1b9b4e8c0ebcfcb4b3620b6229a05619e8bf70b3051a8e6c4964240d
soccer,5608,#003366,#ffce02,5721cb1ac1a7fdc16b46d6a30636c17d8316bc4b72e286dfc66dd301cc3fbb9a
soccer,5609,#f5ab24,#79623e,74d890b5a19c17d1b4f73136596490307d43c257583326504dee7d9ccee76d7d
soccer,561,#f2f03e,#2e3192,c33c3284a051a3ca05bdfeaf58cbae42b77ea8651f422fe47df47ef04b0848a2
soccer,5610,#7bafd4,#12294b,c51339a92ebf5e7dbdbcb6c32dc2cc63f9e2f3dc0e5d47f60fd59fa22ceb32ec
soccer,5611,#003ca6,#ffb91a,9478adb494b57c7c27b6f94c3b6ca08570d30cad47666edcd56dc9f77061d7a6
soccer,5612,#232d4b,#f94d1d,d35c8362ad7a6f03b32e30bc0745cb481da320da96010c7327f3c78359ac9fe5
soccer,5613,#000000,,e307401dc8adf24492175e57a95f242b8943fe0fb3121ca84757095e6825d17a
soccer,5614,#330072,#8061a7,683cd74fd53879a481d19f5b9b74139ab175cc7081ab487f08f640ec353281fa
soccer,5615,#00245d,#035eaa,bf81cbc4ae23e4b6846c4bafac1e3a59884c11a3ee952181624cf9afdf528781
soccer,5616,#ff671f,#002539,b753b82d57c80bd2cbd08d54c73cb6a8c5118bc7c819c70183cfb178e0cd8f9a
soccer,5617,#ce1126,#f6dc41,9b1951d140a87972ecf1e0564c190db1755f46997c4393813281194e62c83d45
soccer,5618,#1d1060,#04020c,6004224904edc66cc06f9446098f232cc3aa6aa00fe7478706259c5d9479feac
soccer,5619,#a6192e,#000000,7b084aa3cbb580cc26253ef38134dc1f52c3605f66f0dc6542b2abcc0fdf1dcc
soccer,562,#d71a38,#d59ca5,8cacb754267afc2ad6411ef0af264bc138b321729b339ada9f00cfc169416405
soccer,5620,#0037a4,#7c95c5,ddea9ad72ca26b15b1e53a9a1beba04be0685cecb1eded27857f484a2403f3d6
soccer,5623,#1b355e,#d4d6d9,ee23b8503f7f49162b5d4c1e813e7003fe45b5ab8d0fc3a259f9b71c1ebb98a1
soccer,5624,#cc2127,#2f1d1e,2d94917986379265b51b65dab2f96bd759acd006c819cbb33d57a863f105cd91
soccer,5626,#004a87,#3a7bc8,8cdd71f1ab57d69d808ff64532b818e0b96ea4fc21b4b2a2218405031a327221
soccer,5627,#0f2043,#f3af1e,588f71abed45457ee30155088e60cfaf715405657535cd1b051af4ae6a5c8a20
soccer,5628,#005035,,96a23e7c40183c7731402eae581979de7a704893cfd46be206f198a24bf948da
soccer,5629,#f56600,,20abd84754733106d0b91337456ab631597c159620f9fa3db259da526d5b656d
soccer,5630,#031d43,#394761,fcc54746872bbd548a11130f48c3313dedfde6fd7f69a0b4b139d093ba7a7827
soccer,5631,#0061aa,#a8b1b7,5260d23c6b78ce4ec335db4ca06e5392dc2a5310aed9c9f9ea3d7a9d338afbce
soccer,5633,#111b2c,#f3b035,05602aa11ffd7ebf21bf2830a6216475b512e6bcad6222b7db02a573accd43a0
soccer,5634,#036142,#5f887a,a0da1cf1aa1f95984fb0f33b5a72a6241bd487903916869bc2b47223a1037417
soccer,5635,#a90533,#390211,cf4544fce3119dbd71d39f48389eff18704136a58282f0a29704381e263c8403
soccer,5636,#33006f,#e6d2a1,d1b99c2ea2a3336916b6906c38470338b07bd1e66c09c4433080b0d7017709b2
soccer,5637,#185640,#f3b120,5e22af23b7ca50663afaf78342eae31ec635b9708d5f537bf61927a2afc5c1da
soccer,5638,#a06816,#00502f,b0799eec3b2a49ae92be57b962f8fb3d3353537d0782defc3b893fbd7b84294f
soccer,5639,#d3bc8d,#9f8e6d,bbe36252ce70f54489fbd0a0c0ec27bfdbd4f84d2789fc9906bda5ccd93c7aab
soccer,5640,#041e42,#ccbd87,09739fb3e78ccaf6b6f468f252181a169984e325595126130ed7abf6e9683efa
soccer,5641,#daa973,#e9cfb3,9f09cd79f530bdae31eb7bc49643af61dc1d5562f8a92bd626c8fa4a8aec896f
soccer,5642,#d10000,#714a4a,ee51da26e5cdf389cc787c58478f10bb03503832e35f862b4f208d273819d8ec
soccer,5643,#215732,#ffc72c,d0b9cbcc10781062c416159d610fff1e6c9e243e6b2dd81b451acdeea2a5f473
soccer,5644,#74000a,#340003,c9e93c5450038047b77651cc3713964b83147bfd8df1a96d299f1e190aad002c
soccer,5645,#15284c,#697587,19125d5969a8c7204d90e2ec4cfdaae41b32b49182a75edbdb0b1b4c389a2dee
soccer,5647,#a40000,#e6b9b9,3245a2ffe2b92b931bcdde0f5bfe2c6f59904066f37cc3f02d7c75d0f35756eb
soccer,5648,#006747,#d0c492,a74207f69d800eba006138acef12a1436166c868ba14c94e1578190358dd0d14
soccer,5649,#7a2531,#a18b5d,6db771a1d4840a7ae2d92b0ce8cb077f29c340f4808c2a1b0c38af9493288f79
soccer,5650,#ce0e2d,#000000,5e75a7a68f9a6403f950f7ddf9c656698fcebcaa5fa16f0890135f2098c18686
soccer,5651,#5e0009,#90696b,46d36761e7c210f650db2499b48da428f5e5aa652e1ef9430868a932e3db88bf
soccer,5653,#cf0a2c,#5f0514,3699f4337084b482b8b698fbecb4bdfdbced4370937be37a42842d96555b6df2
soccer,5654,#0d1d41,,a0be212f2633f4973325d0fb4c7bd4287ae0f378806cb89ecf3806b182ea686b
soccer,5655,#fdb813,#551c1f,d1a49d30b3533c49f217aed9f6794472d524fe8a5633f6de02cc7b80f3744f5f
soccer,5656,#e50000,#010101,ed4f66035766590085072c968f69b8064ad6cfdbf7f69e6fd85e0f3c5d2b5ab3
soccer,5657,#ffc10e,#005936,fa6b84aa1d1366cad56c87b0038fbd7ebe23abae006d2a40605964669fff01d7
soccer,5658,#002855,,5d80b2a5a79d7c5b8dfbb270f0140bd7353b87b6fcd8dc43a60ccff9a72baa29
soccer,5659,#003768,#9cbacf,d7715a34978cfdb27bdb863a6c0de3d7a4c122e80de0c72397b8a23aa3d10fa7
soccer,566,#000000,#e5e5e5,15149e5624b3727103d8168dbb381486df4f4c49e8a2eaf3b0b3c650f0f56678
soccer,5660,#4e3227,#beb6b0,78ab812333b922c1c06ed37cac69177e9dfb5113a3189aceae135573c5e1ca44
soccer,5661,#b7a66f,#231f20,58a4cdc5aa7e07760c3942a1ddfe8963bd8ccf25e390693327da0f67f47ed8e5
soccer,5662,#46512b,#efe1b9,a0e87d892ccee9a3871048e62cf8856cfec820973afc20f5f26357756a268394
soccer,5663,#ab1d38,#0076ab,973ba9244bf3eabe69bcb43ba992cf1476e773b563839109ca566c63d939edf3
soccer,5664,#d12030,#482125,d2fe9d8e77bc677e641b5b7b5e3cffd1124fb5c3f3f0983561a87a9666d76f33
soccer,5665,#73000a,#ba9f5a,5d5fa97d320857596e6aeb659e67012a4d0db24b0f7d10489d6a4f9dc8286d36
soccer,5666,#006145,#0a0405,d6e091a2a62d8b592607becb349404a911d9263b95df15e2ebf4608e276f633d
soccer,5667,#0d223f,#fec52e,701c22e1218d950a63b7cf1a722ef4f345028c78a42711eae26bcda7a47fdb67
soccer,5669,#fc671a,#a54b1d,1ba19c1ecc721cb6fd92327b967c54d2efc4181f77fc6f18afd84e4a2f3c644b
soccer,5670,#00498f,#4871a2,e56cb7d0d332907b4f0e7fe4f70e98c1841b06f12334811f5054734cb3da27ea
soccer,5671,#1b5732,#ea0133,905b2e96ff5a391a789276d4b211134ca295a91bc352d1ba5668c79fbfcc0bbb
soccer,5672,#8c1515,#a95353,a25c3474889c6c9d966245814fdd29c51dd79b02ae9e7780965cf52aad1ee22b
soccer,5673,#c9b99b,#000000,f879c92b3e9997cbc08e4b4a1dff8c45061a3d101a7195245eddeb0c44ba1281
soccer,5674,#dc4405,#842903,64105e5b2d9a14525ecad678731eb6899ef6126165d1a37ec8ff4dfeb61b9a92
soccer,5675,#683919,#bf965c,4cf1c5d7c84cbe20d63d107cb26d3ec7200c723ea514b88b4dae789fab46edc9
soccer,5676,#ff431b,#000c58,cc978bd06e84d85870429294fd9a2f4908ec9c43635bd83ef3eee94387cfd100
soccer,5677,#f5822a,#936747,63f3261ef6e17ebfaffddad1ae274f0c0d08d5c9ce9f6499112798a147914dbf
soccer,5678,#0051b8,#ce1124,ecccb90d360d46b4aeaf6cc44a5b7af61653e7cb599a86882bdd43810e03a914
soccer,5679,#005596,#6391b5,1132382ebfa0366b30b03ef0134ea48b0e9de4a9ae6ec570fbf96042c4ff4149
soccer,5681,#c9001f,#fdb913,7c5e06bfb990c80176ef56e171bfb2de264355db54c592462d5f8a02404412e8
soccer,5682,#fe981e,#371461,f28a9e7a1c89bf1b02e40ab5add09fc28baf32ac4f9203ad8838d07055f6440f
soccer,5684,#bb0000,#3b0707,75f90e615c5216f9315bcaaae3a1f3283f9284247d79c2e9524d927c11b8fdd1
soccer,5685,#6a2c3e,#cc3b15,56dbddcf5acd291817b559a31b6d8aabc91fe1ef1d27f47a527d353dc706cd7a
soccer,5686,#00275d,#3b557d,c02c87cbe03eda2693fb900821178fa44f228c6d01ff4c5b92f2d3e34dbd816b
soccer,5687,#881c1c,#8f6f6f,864546bd6d0bdf4432ae552d6e3ed405b6fc6e2a78a07f5654eec22e110789bb
soccer,5688,#00205c,#00665e,a1f01256c68f9dc9bb6befd23fa93f82af596c92ef37bab80a76a808ad635edb
soccer,5689,#4f2c1d,#fd5000,39ecb7e2c79c967dcb27fee95b298fda3034d6617c69253336e61decc830bfd2
soccer,5690,#dd0330,,ac22ea5eeed3dd880e992f854122a86b11e554f47b8fbac125eec542d46d8e5d
soccer,5691,#091f3f,#c3993f,454d8b98c02065b3ca16b6b64c9f71478b32dda5dbc5495670b79d202e1017b7
soccer,5693,#46156b,#6e5183,8f775693e211515deb77394a0e8ba895962a139dc3f04923956afa178fa08ff7
soccer,5694,#361717,#c4bdb5,44609f1d0c34284c7cb8149b7c67d1dcdcab15503214bfb9578d285dd8eb2ea4
soccer,5695,#ff4713,#2e1811,e43f2825a58f41df2f8f3c27b5f13aeb16b3c41a1d1481d7a73d9bbe1227779d
soccer,5696,#a41e35,,2a7cb32da0408fbd277fa184f3eee42ce983ebab70c8e819abb2865ac440717c
soccer,5697,#bc955a,#41372d,594fba75726c9697baa25ebee41d4f030e215f6dab84d1ca9e04de10f581362f
soccer,5698,#183863,#7ba4db,17998aa6c72a205aa2f1daa999effcfa2e69b1f325d7d21017908fa43ad7329b
soccer,5699,#334475,#e6374f,3a22fb0af906e64618a9da195facf14e0df490a844494b08b6c456c6064690a0
soccer,570,#846c36,#ba2a23,96f241515124c47d7a38d1421786f225b3cd13e4118962b93dba0aef6e1ff702
soccer,5700,#061f5c,#32b7e5,710a12532521705923b4022b571e7832eb01265aa34fa66a650fb784b7730128
soccer,5701,#173f35,,9e3005c55a99e3bfc69da7df2d7a66b4851c9710e33c2f328ed471bf37638474
soccer,5702,#000000,#2d2d2e,46a87678b2132dfba03307d09c306e823465bb88aff1689dbe4b2e15349d382c
soccer,5703,#0033a0,#6a81c4,6f5dec8dea23de372677085b6ecc0d8f49420e3d0a0a5336e7165c94160f5015
soccer,5704,#011f5b,#86030a,292db72f7dc3153119e8848fcaedd542b49074a6adf3e097db366cf07b55455d
soccer,5705,#003366,#8c1224,2e799d7929cc276364cd90a4dc47903ec780b4f114c689a65d7e70a269316fc8
soccer,5706,#041e42,,e77c7a116c09151929c126691922a76de34689b273f0cf8748097fcbbde087a5
soccer,5707,#00703c,#67a989,823624fca83f87b9762d05e24cf985190537ed71a1dd5d3808d798a9da652655
soccer,5708,#e96024,#00214d,605ea8a4fe58cb5bb88385aa4cba7d608500d7a532454b4b4d51ac131f832cd6
soccer,5709,#ce1141,#e993a8,71dd8f23377d56fa5a95e8c3ab4ccd6230d005d32691090b74d44d66e0be4b97
soccer,571,#1e7439,#a1924e,03f7290f1fc9441b442e4007b8041d32b32f0d717f52e5c0911a56c9161f5ff5
soccer,5710,#9a8f71,#0e2c52,fe70ca8537698c3d5dff46b741a07bf73a48995c35263556a5ebd9c7aad5be6e
soccer,5711,#0a2340,#89909f,38a3a325babea1036d6849eb7c87d6d63dbed97aa1c0bd5a03aa2d4b9bf86b07
soccer,5712,#21304e,#9fa2a4,4bf21f691cc97b49e985dd492badd330ace93b91a068e08c8ca37c005d47c826
soccer,5715,#d0252e,#4f2124,3f3b0c12aa9d201f1fb082bc49e3226aed563fe73f799f30e58aa53834becb2a
soccer,5716,#051e41,#a5acaf,70309e48c4248f1eafe5cb07f266fe8210f46f6dfcd58590febd7f9b2f616eb9
soccer,5717,#b22025,#d17a7d,7388cfee9a0bbe5dfa237159b6a56a52869815edfa72a2878b9823709ff02a19
soccer,5718,#003594,,42d26e1bf89ec01fcd54caf37e52abb4b8fd8b25da97199c0766cbd5dfa04171
soccer,5719,#0039a6,#6680c6,e8680ddd6596d15818a8fa489831f6e81605c59ba517eb10940f6eb31ba1a332
soccer,572,#cc2349,#000000,112887e15a5617bfb510adf07d0a8477b2351f74c38fcf9a825818ae2531653e
soccer,5720,#dc8a26,#c9b086,c19caf4f490a27ac009d30ef125d121bc536477594756d89c1a26da16ff332b1
soccer,5721,#0c2340,#b40731,f66412643b9b890e482f386dc7307cd2619b774f201a611e81c8d9e45056cf8c
soccer,5724,#001e60,#db002f,b56fa02fe05dc73837411d21ab15e1233a3fdced02e31c6736bee77930f30bda
soccer,5726,#00539f,#ffd507,89e021f5f9b67d3024a17b83347dbb76d77a2b08fc67e8ac49411317228c7964
soccer,5727,#004f9d,#ffc62f,d6e032491b0e6ca111de91d4ec09b7f3d15b53d8d2bdb9050ca079f43f7e4383
soccer,5729,#b08806,#ffdc63,83dc24899e9ebb12b250fa399c09d67a1b0b21614758e7658df3690a4410c8ca
soccer,5730,#143d8d,#c71330,f483de6840f38848bffe6ae94dfbc0781cc3583f242a13aa39fc664f939e6f5e
soccer,5731,#133595,#5a84c0,94ab7f4add1330cc308f08cbc1c9fd0e3a3e6e4ec6e4d4fee89ccbd3a1081d82
soccer,5732,#ba0c2f,#987757,bb04345a71b3ff31f55d35b4586dcaf7435a4ac07d1fb53cd58710ea5a070500
soccer,5733,#0d1d41,#d1122b,6a0c84b7020b728e347680adbc87daf7435c2767cb803d89a81353a17d650c14
soccer,5734,#003876,#ffd65a,1ef4fc827301077406a5bd65caae9c6919682568f4f8162bce18fcd5ba166a63
soccer,5735,#ffcb05,#002051,910dbf467c9b442f1b493280bbc027ba5a1f91e2ce314fae099d637aade7d42b
soccer,5736,#ffcc00,#663399,2b245a4ddba23d0259bda9a093eea759527f70c0f941f25c0e19c3abe544b5a4
soccer,5737,#005e2e,#000000,66a6b917e25b486a32a645f3973e86e0b8a9350ddfe6efb41f59b3e5f5f58372
soccer,5739,#592c82,#9b81b4,db8cd040c9a4a3ad227a89e3b3e714b59564e1007d5ae6e7496f3810a517e499
soccer,5740,#c8102e,#36292b,8eaec08b517c299e9104ceec51d9fd92cdb1c5a8fdc029f605071b518ba94c1d
soccer,5741,#511b00,#f8e143,ef109dce0c75f0e11715f9f08bc2b3bd8b5b60fce7d15b5bc19a1c8702f4ed2e
soccer,5742,#00573d,#b5995b,4384290d93eaceb6978916329a11fe5ee635b729c799339c65164721bb2c8afd
soccer,5743,#006f71,#a07752,16b25eaa685f36feaa1fa315a91d58c83349fe7401eed3bd6e396552006a7f93
soccer,5744,#003594,#ffba1a,c283722b1c9f4b47b7361d7d959422225de4ad4682b0eadcd66f707c015506f3
soccer,5745,#0f2c52,,f30b549c6c0fea64b65100f480b2092b80fb845c2d63304b451e04f1db968aa8
soccer,5746,#091f3d,#6aa8db,d804c465f9394c66e84b317106dfe4e40c35c422b93b5ce97879d091c649bc0a
soccer,5748,#000033,#60607e,1edb35518df7859303ecf1506cee70aa8770fd45870a188c7a00cc44812f8405
soccer,5749,#4e3629,#c00404,e77048fdc059fa47441bc03ca6cf2ac8e66bf0e0d817ff6c1c7d82f4bc47a0cb
soccer,575,#074d84,#fff200,23687575d078ba23c2d69547891d424fa22bf8ce7edab46ac59f0d88e407cbe5
soccer,5751,#0a254e,#b72025,2309e841473bc8b4297e83a1bbab7581d296189a20f904aa578c67f2327c2184
soccer,5752,#ffeebc,#004812,023b7b31a3b24e726aa09bda81e34db631fe50cf102bb3a5da2c259b2d8b950e
soccer,5753,#263997,,0704cac05f631bf70b20b9ec30458c77fcc5f98ac3ab1a0e2223fa7bb23742fe
soccer,5754,#c1011a,#813655,98edce0b13a5fa6cb0a8276ea24b35de05d7d3ea75de35e6a58b6d39d836aa87
soccer,5755,#121f48,#83344a,39025bd72efa13181a4f5b2b982384e6b6ac70304115113726f6d1aa0f5e7324
soccer,5757,#003355,#ffce00,93aeef5ea4915a2ca60ea1250ee928adba06ed539001ace61d7e42b1d7eb426a
soccer,5758,#342a7b,#000000,7d32280d89838a206a7fa6c94125856363cc416c423901a61665bf363d6912d1
soccer,5759,#896e4b,#000000,1565f7727ba51d229056693594498b351b126ed4588c8157dec171ca230cffb1
soccer,576,#2c9d57,#01baf0,a7c216abe1628ee2dc2ac1bd452bb78ed4edb74dca30fd247d21596bdc2b0c0f
soccer,5760,#092147,#f0b200,aee47a103aadbbd258fb724a439eb06536cf3ade006d408e246c6fd1e961510e
soccer,5761,#e8d2a0,#102c61,2219686e2c524497678c6c62d417371115fe7a249036491f962d5ff4b327b2d6
soccer,5763,#e51937,#9e6b69,0a470f49288914de6d94f5b130c8249738a2fdef48388178ca98b4114e264b0c
soccer,5764,#056749,#ffc62c,1fb9a4df31a1afb009ae2282dafba8168f936d73bfe816326b0895269b6c9d7d
soccer,5765,#0d5640,#b0c8bd,818808ae1985f007f57581a3df7360b49979dc8fe4794d0f18be6ede8013c551
soccer,5766,#910029,#322124,87a3bd409adeb4cef6066713023bf95ddcc23fc8d3e96ea04406db1f1e534f45
soccer,5767,#4b5d66,#113857,9131be53f7768e64f11cf792c863768d741da6b4d538377036f77f8551cfd14d
soccer,5774,#ff0000,#1bbff2,ae7a90a5667eb251e162eeef516613987145f017c9bb955416d0f7bff5d3f6df
soccer,5775,#4a9400,#4273ce,3d2c4a800134d9e385efa9f84297c6dfd01d97f5620e4dfed03de286d1f21202
soccer,5776,#31abdd,#ffffff,0047fcd17c1bb7c9dd7c48ec1d3cf0b0ba70a27dad939b29b10217003f14ad7f
soccer,5777,#e23d28,#006b3f,9ea94fb118cd3c0aa2c2cdd440749353d475f4b83b4eda7ad3a2fedd81dfa05c
soccer,5778,#1eb53a,#00a3dd,b0145f8cfe9a6e1568676a87a080375a8e9c8b41814a6aa4a8803db1c7e1f3dc
soccer,5779,#318c00,#d61908,8591842a707c7c4b237055c9bba6a6c43eb9f474cd15f1b3ded2683a238507ed
soccer,578,#00ab39,#c71233,8ed638af060cafae61514f04dcb3a1e5e0898b0ce990c36cf25300ba14fde9e3
soccer,5780,#bf0000,#009900,f7219eecec340041e7ced3ab23fee4a3305cc66865c8aa4962db5e77d41dc6f4
soccer,5781,#01411c,#ffffff,8bd5097b7afbe08e78272818e2cfe05ffddb28e34b2503db3ef5202c45e00496
soccer,5782,#a51e39,#ffd500,01577a814d15a75d1a25533011a03a95352a4c959cb3cbe48f2b0c3417831b74
soccer,5783,#005a1c,#fe0000,b5e72523378066e09370fd57ea64ef521de3023c5f9ed98dbf05cd9a1a3f0dcb
soccer,5784,#ffd520,#ff4e12,6d2a6d4a12ec51fc0b7d8ddf5c01ff0e98b23ca9600c587a1dc7b3fcc32c95e5
soccer,5785,#ce1126,#003796,7a7d803db8b5e8602d1277b7f8bafa8dca13203c9141fa60590ca2db3fc9e2e1
soccer,5786,#c72127,#e28c8e,b9e96c04bab9c9595b5531a9d4ab077ba12e5b12eed844e26a06e898acc253c5
soccer,579,#ff0000,#0000d6,2d71cd78856bc5ee8b575190b5e44a6ba9ac363ed13454f9f595e51726455f9d
soccer,580,#010080,#00001b,21c85bf3878dd2982083f46e8b9ede484b0c7b1e6d3bc8595d34d3693d914958
soccer,5807,#1c3796,#ffd900,b0e2c8bf29b4ad979a64636d3135da45a36f32ca67e6dee44a3ee6daac4fbeda
soccer,581,#2fb457,#0094c2,1e6b69551e573c8ed4fdb3ea5e18d46051e8ad342224168920e89cae0585f562
soccer,582,#fb1e04,#0099ff,8378b286b210cba675524bd9e36bf6211329cddb8e4cd235b64e63881677b06f
soccer,5826,#df6425,#864728,3b546b38d6c6c52f953ded0e940b066c2e20765eb1783a2d60dcdb408e60fd1a
soccer,583,#dd1209,#107b00,8111b1c1520d3d8bb71648d73088ed30227e8f50c4f903d9e47565feda1dfc7a
soccer,5830,#b4a169,#000000,4fdf8855a3d5842e5cb897277f93cad7422774b42d6d426e019591a0c596bf2c
soccer,5838,#821019,,3157909cb9b5614c89413b90f4ddf88555b3bbf3f7455aedf26405a519f3d9b5
soccer,584,#e72e3f,#2d2e2f,3494e9b292e009a5b51346f9b7302e6afd09e303aecb9f80f1ed8e9278dcf86a
soccer,5840,#a31f37,#feffff,4018648beaa1f1f51c97abb92ccf3d658dc976de28a27d069a28f1127e99c1d3
soccer,5847,#00529b,#d1d5d8,429d8e596ad8561520208e0d14d50d74814ded4ed2c3e135ef736f26149aa740
soccer,585,#da251c,#570f0b,ac9866e2f75d59940309098931528f3d67b6927a03ef637626c7ab3e5c71b5f4
soccer,586,#cf142b,#a96d68,3158ac4e6803d83cf0871e520dab309fb9fe28abf2619acef7669655d6322c19
soccer,5869,#b6a77c,#021d5b,82eb45dc0f8186430a637f42fc3746ae07fff74ca04fe6ea2099da720864f51d
soccer,587,#102e77,#e10920,ad73685fa6f641890cac465b6113d661fe58b3f5da05baba3f7297165e5c7ca4
soccer,588,#0082d1,#4e8473,d87f12cbc30e43994847651e2671c58aef4a5fd44ede744d7c121f0c8428fdea
soccer,589,#ce1127,#012b7f,6cb54837aa5a1fca1113cd73a88de45394393e8704b2d885db4277c051311e89
soccer,594,#00b6f1,#5a737c,8e8ce9e64a249cfff9d249af691c3ebb0693863549d84f5476544ed60bf7dd7f
soccer,596,#2383c1,#91c1e0,856adef1cb2208dbf4e56945da77c8c6b48dd5d67f575de7c81a9686d679e9e8
soccer,597,#005dab,#ed2024,cab53f151aa129af81dc2a815166a548cd027fe3d190f01778612a0d7a2d572f
soccer,598,#fcdc02,#ee1923,f2973a87642765b242fa1797fd64ecfb4c2ad9a0d0338c353afb79c3323a8238
soccer,6,#d41217,#90645c,7308779459df1499744869e193bf4caa277026f79c24a9954e5ac60d2064be29
soccer,6009,#001f54,#68a0cb,11dfdb7b8fd60cd5d2268e7ff274054bcd1f0096f7cce90aeb15d137db1d2796
soccer,6014,#f02901,#000000,1a00e3f367e55f70710c6e5fe1bd6e534c8536dd75c33b076a586145aee0807d
soccer,6017,#d01319,#fed310,871165c660503b3929a223a9f7d94e800d0e109d86d00955f00fbadbd5244c0c
soccer,6037,#652928,#f7c303,b5f6e8138f651ea6bf2ce8113e9f6c3af90c5ce27b1e6352d74f225b929c2b64
soccer,6038,#071349,#c5ae99,aaf843ec0d43c0ba63cd203e03abedaa7a3a380398e63fc98c3acd44bafcd4ff
soccer,6041,#15325a,#da131e,7651a7b83603ba8dc4955311e64151b3e411de172ea1172efe3eb79963f842e3
soccer,6046,#4ebde5,#ffc41c,23213d8e0b78131c93cfd464011179870ced1e820a24cbf1f4c26335714825b9
soccer,6047,#00a2ff,#f5b000,8b6142ddeede5ca83bc199b32c9823ed330e0eac722094270c3feaefb91d095c
soccer,605,#000000,#434545,d5340902941ba09a59e771997a38745e52ac5add362e5dcdcaef8d668458b2c8
soccer,6051,#f5d802,#ae3b66,5c3375c8d69af12c3e94044a80c596bd977275a064c7355da075c18230f6b09d
soccer,606,#0066a0,#e4c14a,8cc1679d83115b41af84c98ea44b9c7dc6912237cb644266bdf8fea926038485
soccer,607,#00aeef,#72d1f5,9c8c71d590da678ee9528f0f0a54eac8079d6c4e760f19ad312a07e3c01b353f
soccer,6071,#257dc0,#fcb600,82613731165f725cc86369a5612eacdde553a20a1dac43ac5168042364a436c1
soccer,6072,#299738,#f7d507,357455c18f41c8f6f226826969e6304f0e0f856cc79fb19ed00d1bd3b3ec3b71
soccer,6077,#d9640d,#783d13,5bc8f15d3917f6d6ff8f106be70f7b8bf1dd38017fdbe3ec2467ab3a00494a62
soccer,6079,#d61e3f,#6c738e,388c6be03414040caea3a0a2ae86d303cd070e2164ebe3028059e14c776c8caf
soccer,6086,#000000,#ffffff,e4e9257c2b559f5e10e507e52221cd2b31e12a07cd46b8ba4b8e696342b78d2c
soccer,6087,#ea9a4f,#6c5f54,f5f667bf70bb3f4799ef1da291e3e161ff3251c264e21d4f767318769eb422e4
soccer,609,#00598d,#6096b6,f30b5cd44c7cde3c93cc1426bbc181ad16e4c4b3308f68678815d772326b63f3
soccer,6097,#1e3580,#707eac,51d5c00997626307a50889799b4038d3ac8efe1d44dd806e81a1cbd47ebcb5aa
soccer,6101,#ee2e24,#edbab7,f59da80c37ed7616d6b5cb08915e59de859be4df187d12a80b8eaf9b9d763c1d
soccer,612,#008b3c,#ffd900,fc1b62ac16a8f5237a5e6c1c8b62a02a7d6be4536af233e96fae32f56e0ff134
soccer,6137,#8cc13c,#fde500,97857025293cbe450c56f7ad23c1eae52705a8fccd4878ad419b961e227fb888
soccer,614,#ffcc08,#736e5c,47bc89ccea044daa46abe18aa1fd00ee06e5e9dc1dcffd5fe6b22a92114105f6
soccer,615,#ef1c24,#371f21,f39026dd30057092b4089449ff7c9b0b259a089e3a17297fe1a148d245ff8c37
soccer,6154,#006538,#3c8764,6ffb248615b4f74b30542c7fad2caaedbb8546006facfa31efaf73e58c0cb4e7
soccer,6167,#007a3d,#ce1126,3c38bfc53ee37f6f601c792dabbe384a018505b6b25fcce25760d95b5da451dd
soccer,617,#006b37,#81b18f,e1e40e5d7dec10cdaaaaa0e3f627fdea3b34a6f397feb28ac7253f533fa817ab
soccer,619,#653a97,#ffc82d,ea6a5183730d91d6a9b1b92c6c22eab5be82cb1e66805f6d43be9a9bc8ea791f
soccer,6196,#100d0e,#979696,58ed3e90271c8c556f55a2d3d41c1525b09282f3ed00c0b3d29b4be3d979fe5e
soccer,620,#e2121a,#f3888b,9a6206f9c80e21f002fb632a8e7b39da75b4f07a9ad1aa68e83edad6070499de
soccer,6214,#cd1d23,#3d3389,5d42aaf040f0c169813b208bca9bf9cb60f2af78bd1aa1ed8125c6dfc154c8b9
soccer,6216,#b7995b,#231f20,e02fee9af247822417c1c680fe310fa9d669fb534fce7aee72a415ff80a72285
soccer,6219,#000000,#5e5e5e,f4442f3c440d3d6eecd4a8803962e14f578b1e9ef7808371772cc53d25a3d3d7
soccer,622,#28a47b,#96d2be,3b340488a86e49a5fde0f75ec20864d6b97c4213f07b1633fd0bb8b6a0c74708
soccer,6229,#58aa47,#a6be81,cd393e567a663ae96461261314ad5bc82b06ccde265cb27543656855e4a10195
soccer,624,#038a3e,#e90a02,1b626048ef6442886d10412ca36a477cde33cfa676f307e7d04831b63315a661
soccer,627,#ed1c24,#595c5d,801cfd81f4810683040858ff9fc3ccb53f60095ff9182eb22fa24dd5605c4c73
soccer,6270,#009035,#67bc85,457e3ae47ca1a8f3577c5b20ceb43cfed261099993d7b69dabf6d470a4d23b0a
soccer,6272,#0362ab,#f32b09,e6f962e3edde6f743794115ed483664f28db184bc67584cd922e5eefdf881005
soccer,6273,#2ebbff,#8fcfef,f8df1d11ce813c3fd28f0be638a564bdd0a6c67a153e3d0a77d8d38e4421ea24
soccer,628,#2a2d7c,#ef3a3b,c4d816d8f0390f2383154372498c8e0ee89e0a2b319fef72dd2bf92dc17184bb
soccer,632,#004c94,#8caece,5dfb4b3669c3680fd7acd9f2cd6db7467717636c211c328015812e5d21865191
soccer,633,#3b7fb1,#9b5e3e,c8efdbb2fbe983a368b2fb10d0116f23736c4944f8aa9045328bdc60186aeb31
soccer,635,#ffa12d,#000000,e794ab26248addf39e931a19b08f08bc9a4c972ed483d0c7d5ac1a25b6ff0484
soccer,6367,#b00711,#000000,75a8fdeb06bf10206bb0afc4c7e7ae0ee1c4f5de428abf3369d4d3c8336a4555
soccer,640,#ec1c24,#f2ec70,921ce426dfdeb654b8062e02999ecd36927c51af4c3fd4406ec2645cb67f8faf
soccer,6418,#e2001a,#003b79,caf5021899e7bf7aab37ecf1efcce4af93fc594ec1d4727d2921aee716579fc3
soccer,642,#295998,#1e385b,67a475bd295659ef1f652089808b335481f3d68c0a6dad62028f6bcf1a3eea50
soccer,6517,#d7141a,#11457e,9332b75a23a86dccdfdb19d2c0f97b16ad23baf4f94a967038e7e280dc159821
soccer,653,#ff0000,#000000,8410e8dd24d7d653268f463e71ab93425f6445b04059e89a562ced4e172182aa
soccer,654,#e31b23,#00853f,248b06e7069d7e7394233bfa05311ce8555989415e603e9f95f450b660524854
soccer,6545,#009045,#c3bc90,a6fc0c0592b874c998578949adbccc5a68c62dfc0b917d6a3e7ebb143bd2d96f
soccer,655,#009530,#004316,8efc5a541b055012f67c4cbfc2dd8240181e48794d3d9508faff680ddff49d4e
soccer,656,#197b63,#fbd632,7d1c3be3b97d927b8a1c9b047f7d4a7baa2de907d41912f005fb520bef9e8e87
soccer,657,#008751,#2b2c2d,1028dc7e32bcfb455b9d4d75f8fee98dac391e2d1f6a9ce120ec36c8780f7e0b
soccer,658,#dd342c,,adc92738a6aee1c65a732fdf7c033b4aba615c6d6becce65105ec43eba700b3c
soccer,659,#ef0000,#ffffff,6e524aa8487aafb6b03c6de0fe43db42b78a28591115b3769e6fe34a97909427
soccer,660,#213065,#bf2033,958e68d95a65902d04add54a5f40248c0d8fbb0bd532aab594415193f2f37234
soccer,6640,#00259b,#20944b,02e70afcd8ca9d7961291f4cf052465d24351b9ba579d4c9a0fc970fb994c5b5
soccer,6649,#ef3340,#ffe533,57c869a3f900735a950a166961b56d7170608636c4ceadac2b1a1185638f5653
soccer,6672,#0a213f,#637083,8b4b9090d3e9182b306e4e8c39201d07075ade310055c3e1d3470e628f9da2ff
soccer,6686,#2845be,#fffe57,35c6d9203cc670541f649c46540cff3d5ff1e4a9b8422f7ccbf604779c3145f5
soccer,6722,#04765c,#011c16,00b778d03c819f32b93019dbb0ddef6a2d11d867daa17e657acf246467c7d079
soccer,6723,#eb1716,#00b32e,5a1dba449e09d058c4dfa8dbfff730af58b7d80fb88f94e88476fda4ebabde1f
soccer,6724,#dc0000,#fff108,43cfa341390de36c3c5b04221d9a789c0343a299750ae490d55b71d225aa7cfc
soccer,6725,#009e5e,#003f8a,1121efb1478ee46c886e3dfd536fdbd91429da9cbacb2e1f68727efa9603f327
soccer,6726,#fc0201,#1009ae,f2576d6354f2ac128c575ad64d97084dce0181b06fa689006a6cf2e376008155
soccer,6741,#0261a6,#921e25,8db271de4943b3cdf6c0ea3b9d299c1da8ed1c6f2d5225aed5e126fa941f4556
soccer,6742,#ed1c24,#228bcb,aed411055c5a6641b6066cb96be88c56ad522da7af416b816d30c6da9c8b1740
soccer,6748,#ffea00,#51ba4b,a628ac54c0da0c57df49f4c5519d487fbe78abb57065d8d75b64e774a558446b
soccer,6750,#3c7ec5,#9bbde1,28cfd53ca8d412561a906877b351c6a65aa3a103ef5d2ffd53229ec19a24ff02
soccer,6756,#214b9d,#162646,6b5731ef5ef45f1a126af7054e545f9c1685a0b5a518cd195293f00aa66dcf4f
soccer,6757,#c6363c,#0d4077,a10d04432facb8650c624dc976e352df9d052065fdfce2f710cba720a4ab25e0
soccer,6758,#146aa4,#b6e2f3,685834971e5cd00e1935b257d76639b26fc8414eff2d0f9c016d3a796c3e8423
soccer,6762,#da251d,#d69a97,1722a011f33f2951d0ac0721c2e386f6f19e7b2575b3d23dcaeaf414af273a76
soccer,6763,#000000,#585554,fcdd06cb01c4c06ae9928ac103cfae6489093ab0ad331dcaf4c8a396785d4926
soccer,6770,#ea2839,#fecb00,ff544a6ccf0ff5163b14a0af1c207c5ddc4727dc1302f8cddf7fd1a8c09c7c91
soccer,6775,#c50009,#d3ad3b,4b6aaf1e9005731034b0a382231d58e8b60fcbbb15aa28bc4308f87c19d9fb7e
soccer,6790,#3d4269,#b1b3c3,7d01d0e293c3158cc549adce6ef7ecdeff69da2cc9ae62f6c410bfd44af2ded1
soccer,6800,#0b4d43,#b8ae7d,08549f76c5529261f0771fdc8ac96bd6014f275e322cc3209b650c7b3f9dbce1
soccer,6802,#7e072a,#3f0007,97f783ce6028f44491ef5309bbb5370c5af7254a7706ed8598b76561176902c1
soccer,6804,#cbb677,#440084,585459126d87e56750ae902d78b198f63e44b8a6cac5c25b1a6c9483366229f5
soccer,6812,#0259a6,#253a51,9a0d45f5be18a15fdc4fa8c71dea53237e18182e7b6e239e879e23e40c595441
soccer,6814,#4f2684,#241f22,44ad647305b4207b2d97a5177dc8d7009c4cb43039ba43e110b49e50cc07ff02
soccer,6816,#00b140,#4fc675,1da7fba7069492d881b01a375a5ffde5632273d31118d4466d1b92db447daefb
soccer,6818,#712d3d,#c89261,c542d1e1e77df6ad8681009de6431dedd71d9c01d0b26d8745357f4dbe5e8247
soccer,6820,#ab1a2d,#ffd911,892ba041e37c0630af961e9113695835b38c84598be1f8bbabd3ce57382e1bc4
soccer,6821,#0a2343,#991b1e,8e0243b81d1dd5564b7e49042fb2370a38496345b0d3e690db7431c6ba1620bc
soccer,6822,#ae0a3b,#0c2b68,340315182e0921301b74201004830cc6fe3cbaf6f33364234595988ff931d88c
soccer,6832,#ffbc13,#dd131c,1b541b6b17f7cc996be6e7fb8728cb381844f5b8829a9868bbd29f188a421b55
soccer,6851,#09002f,#16a3de,f46a439b974261f722182dc7d9264461ce7e75e959eb2f9a8376b17ec844b27b
soccer,6866,#fcd323,#bb201b,5cd95206f0145618302a435ae648e60c467f360ef707bdc5bf7da039ab15127a
soccer,6870,#2050a4,#d02030,a35517fd5d77ac32420cdcb057099d969d10565046157d410db53824c529c5e0
soccer,6902,#77b827,#005c9f,608feec17c832b09b541ea673b275a495d508df7fd609f049d39c4742a99a973
soccer,6907,#008fd7,#73b7dc,5737a95ec87181babf26e800cfe01c769ebb4a2f0e7ad00824dd3b5877e30d8c
soccer,6927,#fdb728,#a80532,e88e51c14e23f4d19bd9a7db02983a9e13a4bc444b8b513e1d226390122510df
soccer,6946,#005bbb,#ffd500,5c269f92a7da5f8124c32671f25478203ad34cb55a69c1e523832d3691327eda
soccer,6978,#171796,#ff0000,b3e2f9b51d71ca6937926a520aa1bd73f90f0e7d7cd1d3a2f3093944bcbfc49a
soccer,6994,#005da3,#85b0d2,38b76515eed759ccf8ed52c27cd346a2489a182f877477787496bff07c10d738
soccer,6997,#ed1c27,#ce7c80,3a3b9c059c3a2f5e2015eb72f75190ccba4618f9c6a3c2357e0a18193f4a273d
soccer,7,#ce0f1f,#302526,e8f172673d270cde68b2a40e3f7f49cd3ace2078e2de8e73a289c59c4c9d4976
soccer,7012,#ab2941,#363435,ed7f9e888ca8f916c55baa7c7ede308d75a96aa84adedf7a2f6b1ae6eb95ca85
soccer,7013,#511972,#75498f,f0afe32fb652fa87c26eae7f2de7ee7b5a5e9e32a174a4df538057ae029d13cb
soccer,7017,#93000e,#f0ac34,bfd14b2b01b7828269a8953e66750eec5b4c7eb7ae4cbcc197793a977481b2fd
soccer,7043,#f9b703,#534723,743f11a667cb1bf844855632eeb89e74ac77e2597cfe5fc2604ca98baa1b875d
soccer,7044,#cc1416,#df6b6d,1a4915ff4e7b18bf6a6441b2cd2548e7c9560c55208710cd7930d1c099f3ae2e
soccer,7051,#f57e2b,#382518,bc909f1b1d16e67c7484f3152da6e66c5fa7f537ad9567f6776d915a3ae6a69f
soccer,7057,#ed1c24,#231f20,bb14e443e3678490231d9e921ad32281ea9e0f20ca6df35da22cc9ee0a3e2d63
soccer,7059,#e21f24,#311515,df7804da67b1f03dada2151381d7027f81ead156a2197787b2d55cb5dd869157
soccer,7069,#001a49,#3f4e71,8b1d0d0584f651f2054eec264a7813f43f6296a93f5c1d1c32bdc9d112484d39
soccer,7077,#177e3e,#e6e620,d9aad749143b3c794df8faa05fcc78f59c83c9e0cca9213e4993d957f20f2ae4
soccer,7079,#14b04d,#a9e3be,fc73c2e9f6e78e1331282315280821c9168f5d91a2528b73475cf410e9b4d677
soccer,7081,#fcaf31,#573e16,6d9f290c06523ac2c1a92ba59470048d10e9734a48a806feaeddd53c2e9dc1e1
soccer,7084,#fff200,#00ad6a,ab0649b89abe77cee3775a2776c5bc507f8115ca0ac973d0f6a583bcad9c9946
soccer,7085,#c3b193,#000000,ae8a81dce3197089f9fcc61e2d55e342e4b5c9f87c36c4b1f6d2316c3ec6dab7
soccer,7099,#966540,#33251f,1c6a2ea56a52edfbec2e45c8416507d2e36a9a136706f1402ef8d92da2f54790
soccer,7102,#0050a1,#be9a50,f1d2295058baff95298a23d882f4350326ca5fdd4ef185ac30ce3afd66869afe
soccer,7104,#f29203,#026ab3,bb78b429e096fa760b66120a000d630bce9a411edbd2ad2de18e6d47fa24d063
soccer,7105,#063190,#9c9e8a,e5268a30651370825e8f11d923b747a34a9cf35146de798ed78270eaff877c44
soccer,7107,#0193af,#034177,b352531d9b7d2711651aeec2fa225810fa1a7115219bb7b09ec4bdc9eabd78d6
soccer,7108,#d51217,#817261,603ca1cd86a8fee48aaa1c5455d4760e027c1e76b6e992bbf1c88c05a7706f66
soccer,7109,#30287c,#bfa16c,e4df41cc48560058c3add5a3f0e35ec918e20205a2dc8731fab6ff7451e1367b
soccer,7111,#07905f,#ffdd00,de140e38787bc0c5184fb4f4a57f0359050497d4358e13a2beefb5bdb9055d6c
soccer,7112,#3ca5dd,#b4a684,50b6f51e46e8a1ebebc97008cd00abe856581f6d4baa8df374f37ba476bd97ef
soccer,7114,#57338c,#b49b6e,87940918fe218e584a9858bcc892f2ed559bbe0f899f55f516fde874e22e7b18
soccer,7115,#b61e3f,#3c1e23,c07a63ca9a62374381b4b02f870c34c5d6ce09ea5192aa3d57701f48e13c78d8
soccer,7116,#be9645,#124493,074c7f4fbdba058362becdbd4517ee6908c6b959c4df381bbe4ecca39085af18
soccer,7120,#fdbb30,#2a57a5,efd878e2ef7a17d8e0069c67865419a48623e16fbd4af4a94a2015aa26bfc760
soccer,7128,#a39161,#672f8a,bd79c0923bd8f74d39769f537d918192d27d981a2de35f9099bb831f35b4713e
soccer,7129,#067fc6,#ffe002,d3a9cc6ba300173e2feafefed2ab190dc60bdda80e63d933c5d3e7e8d7c8baa3
soccer,7135,#000000,,159891c580dcd09cc9a7e16b39ee21cd7e304b621a8f26de9fd224aab079be7a
soccer,7137,#d0c19d,#35417b,66ac3ebdf123eb24029f9b9a19a0f68934d57b8b439876cd7edb1fb2d2293d0c
soccer,7138,#040040,#2f478d,003e2c588dcda919354d35434e5487730158c147f7e6cb81b2c13cdcbb17a6ac
soccer,7151,#003da5,#ec2f00,43c610c6d9377e57ca662c86a761ac29fdfdc67bf13dd8082423b2d2f38e4a0b
soccer,7155,#9c0d01,#c46c65,dd191058fb29cebefad77ff4344542bf636bd9adae46eabee0b5b3dde44e284d
soccer,7156,#6d88a5,#55575b,39bd8fb5fc68cfcfc39143d399d601577440c98bb43fe75b5180a9763a7b28f3
soccer,7166,#dc0b29,#febb00,fa802463693eae77e7b00805209962a00845265b76539a94032fd77506731df1
soccer,7224,#ffee00,#f20000,45cc02f846aca7171b35abaf8f1e00d37093749932c3bc4ee17dffc2ac27b5c5
soccer,7225,#22409a,#db1f2e,d7127b0a378b8d68488eb53632dad4bd43cb4ca986074ca4cd55fd49a16c1fba
soccer,7226,#e96f34,#9f5d3d,077a6919619bde7e811357bac35ed027aeeda25374a3f2eccaca6238638dbacf
soccer,7229,#ed1820,#2e3191,2ef754268c57af8dd14b4ec87f5bee9abcdd4e08cc199f43a5955e66645d7baf
soccer,7231,#d5b40e,#141637,6b0e135a0b9cc4fad7f85a39d996d4a27d45536f40a64955e9cdcb136e304d32
soccer,7232,#2e3192,#e11b22,5d9fe005b493b4b96c6df47b737cb46f65c67e449089b387121a5b7731940f31
soccer,7234,#1998d1,#8ec3e0,b3dcbf892052a731c63fd7537a6ff560b3800c08ef6a54a4d2a0f0aca4de43d7
soccer,7237,#ec6e00,#504032,29b4a8814725cbf012aec0bc67766f61bde89080ee0e83bd2443a2dc815d51e7
soccer,7239,#252d69,#74789f,d94f4c0d5415bdaf4a079d17b4c1dfae84d0562479d2339cb0189894d74f468a
soccer,7242,#2a3493,#92a4d0,955d7f450c022000404eecf3874450bf0d0e66a7b4e97731693d7f4180149c2d
soccer,7243,#0f932d,#1c597a,4cc46a384e3304494663ffd6a6ee0cf7079844e598617f717fb6bee0656ec6a0
soccer,7245,#af932b,#fcdd31,3ab7bb8ea36adee38c6e625f9a505a01fcc96acff0407b016ec83bdffd6ce2d2
soccer,7249,#00a852,#e42c33,46b2961ed50ee36a2198f40ea10108652623fb22cf41348cd93122ea0ad4c2f5
soccer,7251,#4574aa,#264b6c,4d9c4c7db834edc0e89b4d90e982e4360c6537e0a594fd56a16cea0455d8dd34
soccer,7252,#001084,#fbe22e,1b8d0a3a2c4be00ee837dccfef634371777bae6719935599fa016157d6ae99b7
soccer,7253,#39a532,#92cf8e,0bd24a5922bc271031af957f810f7434d23ea45dd72c2d54a799749ff659f211
soccer,7254,#fada53,#132e9b,42792a654d2a803783a02002e8f64094b57d83ef25e73a7b73e5d377fe578e5f
soccer,7257,#5d9ad2,#223771,173d8660f9a9f3db2bb32e652123f50dbd69e5fdd32d5df42bc0a4d5e6f211d1
soccer,7258,#1c356d,#de0810,5d461896daf49b623a29c71dd586ae2ec08b08f3fa210d8c94c7e93c12d5b6cd
soccer,7259,#47398b,#cc1216,809a99d3df86780f1cf5eef7d0919ee382fcb7384e3be1a7031dd342eebe76d1
soccer,7266,#e7222d,#0099e4,d99121b5482e712196b455af2440f9d2b7e577652d04ecf74bc26f6f35624b46
soccer,7268,#231166,#b29097,81ae0e16160136e7894f3392410d95b4e042792afcadbd73d0d368ac7e26049d
soccer,7279,#043166,#085ea0,b090b6fe9d5754cd12d4e5a54ca68bdcac6d7d9324ec1b7dcb4030317a987685
soccer,7312,#fdcc0f,#ee1c24,744e03c89817ec6a4473ea4f7f65edbf36cbc05dc23a1198877323753ea36605
soccer,7318,#303c46,#aa182c,46795e794ba0426fa0f8289d84049b06cb070ae3db5e42e1dd16cf36f1976683
soccer,7320,#e97f1e,#00309d,6b96634aed77b0db005b5d9132378e92d769e02e66668c3f492ac3fb172b0401
soccer,7347,#1f449b,#ce2931,9cddbca4592e3e24e83c979a0612489b714ca1491f3a8a149c5a555bcdbd204a
soccer,7348,#ce1126,#002868,a67d661f107d29c6f5becaaa61b8f6c9aa2b7338d5b9970260255690e91fe51f
soccer,7349,#fb0802,#f9f400,135d3bd58ae714b7a8b5a270f14663cbbcbdf25ed7c4ce03c088493dc2d1a398
soccer,7368,#039102,#fc0000,be74c49be88cf2705272c41fc4aef88181e6a6e99d2f0c94a7e9be09b9670b04
soccer,7369,#fc0304,#664939,9efcc1bb076e60333fabaf4920de049d6c14133aea86e063c07342c04f432233
soccer,7385,#f8e400,#8d871f,e31713447aaffe3a867b3884a4a098d8dfc93524773dc49c3a925ff82bba6689
soccer,7388,#328ecc,#88bde1,98359d35729a75c24a00d350cd23e787cffb4f6b6f62f13ec1b13e0cf3bcd12b
soccer,7389,#020042,#7a799a,ead109b7e6a363b095a209cc3690f73c7d30853f280e428686481d602f26535b
soccer,7391,#fe250a,#ff978d,d2057792ca3acda964cbf5990434306345f22c5be07b8fe133ddeef2c1159b1b
soccer,7427,#cf1317,#a57c7b,230ae6a5c330695ba4c440fd27a9f6918df1bdee3b1e48eb4f96925d8c113709
soccer,7445,#c49f65,#e7c691,57670b51c00221cfdec17ce136aa5fe2431664019654cd0f25e759e72266fdc1
soccer,7466,#251981,#ffd80e,ee644f92bc6986a277fdede9bdb8b5b46f43557db12232d98daa56ea3d915276
soccer,7476,#fbf143,#666442,2084684a05b23d7cb4d83f1b99f6f5ddc0ac158df821a5f7da9c61c8de7a69fe
soccer,7477,#3a272a,#a39195,44ae0975f8b89a178b8118be675e81e3cd30e5fde6448d15d7d7719744321e6c
soccer,7507,#007318,#840818,64ed939d0bc28ec5370b63721804f2502f92c965c46735255ed22237e5cb4856
soccer,7521,#f36723,#ffe90c,a3e132975aa0838eea229ff63f895f37eb0c5457f46b2e6cd710ba6db9ac3f6c
soccer,7527,#41b16c,#9ed6b5,28932f4c6cd39840899be72f03ecd67eb6a42798062afb64173f02c10a77fdd6
soccer,7531,#0076bc,#badaed,99308ff1de4a8a3796371cdb02188102d8f841a2b40968507c6f04b34f5135f7
soccer,7536,#003580,#222324,e4a3f7baae718bfb83c2f2eaa0e448d862720f63b276346b32077fdb08294bdc
soccer,7632,#f1e4a5,#231f20,29e55e2557a10f7cd6b5b9ed2a32707a871fbda7fbe4408d27ed7ed673f17f37
soccer,7633,#d00000,#de8e8e,a6515b3e416324b3d6dd8b30ccc68f0de08ad6802643289b94f67efea4f3a65a
soccer,7634,#ff1100,#ffc7c3,a44bde284a7d3254e86a3c6a6673f5c6fa3735c90b42732971adc0c2904a0a4b
soccer,7635,#feda00,#d20019,724fc7bce61dc3bb87d5f19a4f1cdd28d8ad59dea3e61656afd393b7586bdf91
soccer,7640,#005aab,#e6d942,6cf73b3a9418c7ff57d3752dd232227279ed395b5a7345ad3cdc88d3750f1897
soccer,7648,#92b9a9,#007e4d,fbeb044c14898d17f602a2181f67946e613a47ca03731e235e64a12226c25fb5
soccer,7656,#0094d9,#008e84,35e0c9c2c5e34f302211225ba6595abd7e4adefb4e49ff6aee7fb38d4df55319
soccer,7657,#ed2939,#002395,c7f1b6a3597134c094a1397e785c415c1f15a66ad575bec200446d67015d4ee9
soccer,7672,#503837,#000000,42daeb34f1ba646cf2459ca941c8ed092e9950feacfda4d26268882f02225e2f
soccer,7698,#ff0000,#000000,8d37831f507b501395ea6e1f69bc02965fea31ec67cf2010c98c55996d9c0752
soccer,7718,#005fa7,#e60320,bf33fa3f4eaa5a3a280631afdc7bc42119625f3f374387e57180c37e56c30d3f
soccer,7719,#ae0727,#f0b100,60deda0b0f1c0aea9a4fd2ef8286b59fab6cf3bbd99261685b953aaeda735821
soccer,7732,#005a9c,#6e8495,a520ac10c4e2f59c992e399680993aaa0c8dfc53f57c674484fc30e946178521
soccer,7751,#c6363c,#0d4077,a10d04432facb8650c624dc976e352df9d052065fdfce2f710cba720a4ab25e0
soccer,7759,#ed1c24,#000000,e53ad679e79f8b899344f8f82ec3ea2da6f15c9e99e99b2da683056faf9991a6
soccer,7764,#5c3919,#eae7e4,000b65e37efddaab4a0d9681c65e33f49926a18b67ca4797d08829c36a9e47e2
soccer,7767,#00468f,#ff0727,8493483681a70b2c961449710d5f2e9d947490c16218d68df9d79c21712fbe7f
soccer,7790,#273476,#ed2426,48a07cf5f77377bd9230355817bc1231124d9ca6ada0905beb6c0b7139610283
soccer,7825,#ed1c24,#d6a668,fb9436a461622542498ab83e44f8bacc16af29f1dbf60486e5bd9efd850f7b20
soccer,7834,#ffea1e,#282420,5366dcd42de36878e3b7b0508eb63e32362065b6d6d02b2419598173d4266b0e
soccer,7845,#40ab35,#a0cd9b,5bf053825f05b66adc0279be9310ac0fd3e83214452974ac0c6f5c470fa00482
soccer,7853,#ee3329,#0075b5,97ef5cfb76e91038802dc8f13dee8e8db423bf209804f7ee3b1650a761e65630
soccer,7858,#891c1b,#fef90c,c71a079815f3f0ec9d0996866461641368b254e87cde0c0ade219ae6bb33fba6
soccer,7860,#0e2b89,#8392c2,d06f0217116a59d3f6e6fdd4852975e2f2300656239f5a709f0069aae7bbc04b
soccer,7868,#d8ac78,#000000,112434f38848350bc1747b84c0a85e7a5230e8bee185b3da27e91ddebde02193
soccer,7869,#cd131d,#a07374,1535ec293d4b5d2ba5d2deb5ca28e2abf31afba2df0144382f4e5faf7b17bbec
soccer,7870,#e60025,#945d63,a224ce949dc0ff2e2fc85e19a705e79193acc211e743c91d8fd90c6781007f46
soccer,7878,#39458c,#fe050d,a6cb7269d8c59a69ddd4e95f863bbd7661778877a769dab354269cfdb1b418cb
soccer,7879,#e8b33f,#e41d11,e9e955c83f8955b3268b24a78230309aeb0011714b160273d579a54362628600
soccer,7884,#0f5787,#5d85a5,ccc82e0dbcb7866164510c9b1c0c6bd183c0377482a1993213f5a3120fa41194
soccer,789,#fff100,#e41915,d3e4503c3ac16cafbfc5383e08ddd2bd851105f24df0f3502bae58f92f7534da
soccer,7911,#125daa,#7ea8d2,8fe1207f20c067ae8be9f8af4ce4e622824f9d392691df43c2d7c4cfc43b5462
soccer,7914,#0f122b,#a28a7f,eb1d953e9c7a4a46f159b11771bf85a9d1854e70321fc6c43f530e4db9b64d3a
soccer,7915,#e4b04a,#2e3545,857c16a0b8778266161156d8e811b679b4d4f6c1da13ad78deeacb22ae77b877
soccer,7922,#25b363,#8fc1a5,78324621c479686d01346338951a07c72d2ccb4df30c9c1a70ed572a600b6817
soccer,793,#a75e4e,#000000,e040df646e3144341f4e1f8a84d4164f0e2784e2f3c3719c59a5cff70294ad8a
soccer,7998,#a48b6a,#2b1911,d3a83adec01f619638f2f7acf7d123c39a49286af14a2bf5651fcb13ccf1fce5
soccer,8,#ec1b23,#b79270,ea4c103fc8a5bc678599313d50a0aa0c31a34fc0e7f9ca9be2ac19203995a361
soccer,8040,#000084,#5073cd,b160dbab7fa72c125a20b340c8a03e562e367b73aef4c0623c1dca10b5f718f4
soccer,8089,#2492d0,#97cbe9,1f38abd79ef0518a6a8f2b6c3d2afee5fd22f8f6fc3c4f5ba1cd4fe44986e6e1
soccer,8102,#033d90,#df0108,ab63a2d991ae2c1b1aaaff22522859081bfffe4380e2e5a02129890664df6e91
soccer,8109,#ed1c24,#f15b5f,3248ecc8f1e156d40caf05001cf93e35e9dd5e84e6513edd5d4b59c2ea004248
soccer,8110,#5a2189,#d59e85,c07942c26f75c1a9e2d5e2bf56f6b6c53f4d7abec0d358a153920aa442cced7d
soccer,8118,#004e96,#789fc5,457cf2b6ffa20bdb7dbf5b63851296e4f5f449e1a6d35af8ad7c4444ac443a17
soccer,8141,#009ed9,#e32b34,36dc8ff1a1c93201fe2da67b4831a426dd4720572e0f1785ade6ffec3b42ea69
soccer,8151,#f70700,#654948,478e162f701f719567ae78fdf3566c259928c6d553c47cbc83406cca2aa9e4ac
soccer,8169,#ffe000,#353029,d7f5aa2a6d1ccb5527248d7ed398399966eeb45f2431d0694b3ef00a73270646
soccer,817,#ffd02d,#22558c,f7cfdd5205a7c0f4d3ac780e1aa1ba6026b952954da1595b6f483bbbfb83d2f3
soccer,8186,#ffeb00,#454333,ad3799003c892771f7a0de100ea704a3235f588f32dd67c07868aa99acd4160b
soccer,819,#c3281e,#390c0d,0b46ca645c16977ebd4da7b9c7b411b1cf125d369b9ffbc651b1ed1f6ab2928e
soccer,8221,#de2323,#bb722b,21ac5ab2ceb5148b1913af41d2fa2096d61522a995b884ccf48b1968651dd62c
soccer,8222,#008b47,#ee2e24,3b4a7dcb191fdf7a0aa2a59970b835d02cba72ab11483f45597ad85996356d18
soccer,8239,#313692,#807b8a,a2004e0d9552e9efeff81b90412ce3b00484868c9c1b9572f4e7d86697112f78
soccer,8240,#ec1270,#10a04a,5d0184f66605e1f844e04894920dae4d11230dd7d328cdf3aaf1a68ac41cbc25
soccer,8249,#d4682c,#553326,a02fee5babad4bcd4135a61c3420dd5b9e7a1cff73d68755f8b98b354d988d81
soccer,8281,#4b5796,#aca37e,b32844e8cae9638c5111567939d423747ce3a177d836f9c3d322d765ea34f2d7
soccer,8284,#ea242c,#fac01f,b201d7d6bcc6d4ab020d66b23b785addaf6158aea25deab1f9c0a874f69f7f90
soccer,8293,#fff000,#1b3e78,c05ce248fc0c6d0fb8f08bcc56bb293ff78c6ecfaa6dbd70062d509e66befa71
soccer,83,#e21d38,#04549f,9987e9acd8f542f74402f5a62ac2bcbb350c5ed2bf38831779d56a375ae76eb9
soccer,8346,#21996a,#283b6b,dca104856e38d9fa2e99ed3019fe445daba75161e3f54b0a5912d4e5c84295b0
soccer,8352,#ffde00,#baa40a,f274a0ed33e986bb99ca50b6f45ae0fd6067f90ef2a0e87e5b9b4a8bc75652fc
soccer,8354,#1b68a5,#fae58c,5a32d25d9b975d38606f0b06529444fb51cd2ec6ecaa03872bc7315baf7a2a60
soccer,8363,#175643,#6c4030,cac612d401a5526fc075299b0842174921074378e07860138169263d003607a0
soccer,8364,#ce2e33,#685053,40ef21add92912caed390d50d87033d575a333d51df07738f794109234a977e0
soccer,8365,#f8f400,#6e8d28,807ebf40490eb0f33a28e5d65d68fcdef0dd7ac895517b0a487ebf6e8b4547aa
soccer,8377,#fedd02,#e2021a,7c2e557a1f4999d98be00ff10ae5cb5683aef6ce8e4e1bd823b7c6c1ec7a2e74
soccer,84,#c00027,#f5e500,91531fcbbb214d3717087071593fc511bc08d78b66964524166654aa7fc9e10f
soccer,841,#f20000,#00aa00,9ad7226616d5c3d09dbb2821703a9962f2c0235187b06e4f2de223702ba3256d
soccer,8412,#74acdf,#2b2c2d,bd248be4adbae650cebaed580ff6aebe8a85798a0de0b3bb9aa89805d564174b
soccer,8414,#cf2028,#1e4384,f54edc175cee625ca10e0329a215a359d02ac93f05a747af7692439bfbc45801
soccer,8415,#ce2c23,#002f79,e7f1a617ed094d5d41352388e15dc6e6c791919d96621c6ff6e8c4752195542a
soccer,8416,#1a5493,#9db3cd,3b476393948debee88797f748203a6550c6240da574d1c9a820cac088f454eed
soccer,8419,#0705a6,#ffffff,0a6b48a0e984acbcefe697894f6e1bd2619ccf563ccfbd50f9c1d260846d4777
soccer,8420,#ed1c24,#595c5d,801cfd81f4810683040858ff9fc3ccb53f60095ff9182eb22fa24dd5605c4c73
soccer,8422,#273476,#ed2426,48a07cf5f77377bd9230355817bc1231124d9ca6ada0905beb6c0b7139610283
soccer,8425,#eb1716,#00b32e,5a1dba449e09d058c4dfa8dbfff730af58b7d80fb88f94e88476fda4ebabde1f
soccer,8447,#055c36,#e2af19,fa5c2a36791fadf4adcda1ebd1c8c37959c747ce191185fc653b29baa7c7f32f
soccer,8448,#45714f,#b11429,6332c3577d2e3ca5bd42962c9c27981e26a0201f402be1b5d1dbc66f8b0cda9a
soccer,8451,#087d5a,#2b3382,b299090503dab754be2601889295b5d43c0e62cfd4e7a3a423d258395a1c1bbe
soccer,8490,#642123,#f12026,fc3266fa519daa117761227b20e5448325bdbf7f92778723334edeb7026fb97a
soccer,8491,#ed1c24,#382d2b,01aa1f34cb61640b5edbc1b84453ef0793d34633901c02e9fea192e712fe1fe2
soccer,8497,#124395,#869cc7,90a2c1870b9d7c7863fc92643a64b2ce096c659306cdd3a484811d5ee405a0d7
soccer,85,#d50032,#6aabe5,3b539c13d57dd1e21c1c2c7f7347e5b3433cb03ed966eceec381ff4c1ff1e434
soccer,8503,#ef3d46,#f9b0b3,a4202261699ea64a18caaec55cf3697e4d3fc1f2a63cc90e880520e5e0368159
soccer,8506,#225eac,#9eb9db,56d48b4e1e28f23f7ae7e8ea4964588e39f0dd8ad40c514ea2378958faaa2ebf
soccer,8514,#eb2127,#9f7e5b,fce0ff195761ce775456b4e41da53c5bc5680308a731c07ad2c01e80756b4af5
soccer,8519,#eba230,#602010,15d565df0810c67137ffc9ca01955e3d610305983614075f6f575e97244b93ac
soccer,8525,#dbb963,#a08548,b21d385a506730aed850580bf02a73a7e894d6b0b4f2add793a3ab7c5fd4aa76
soccer,8544,#006fb2,#b9a87f,e66c0260b8ac5a0d13f4794a39596f80ea845642658d0b7a3552db1479f103c4
soccer,8547,#005aa1,#000000,4d3f796a3d13d33719cdf18ad4143cd574d1603360884ecc8a3ad94aee6c9dc6
soccer,858,#7a003c,,94955e0434adf1f936b59cd65cfafc54eee62bc1beb5b4b6c914e362425c458b
soccer,8580,#f3bf32,#1b4388,87dbbd4b33f670367916cc885509000df22de386f7ac7a597ad31b01a7b2395d
soccer,859,#1b3073,#7879a1,5aa65eb1acf07631812004c1297769c959d47ef4c7eac5692d95146007f3b6e2
soccer,8591,#f7dd1a,#292420,dbc7561dea40454b096419c26a862b86c04fcffccf3fbc23a729307f0463c65e
soccer,8592,#ffea26,#069fd7,b2f7d003b0791bfa48390217e24fbd29a0c4d3ac793a002467d2da9f7942f34d
soccer,8594,#313198,#7a8da6,236b3a4bb49aee55b508aee69ffde7cf6a894171f807b6908221d03174d395a5
soccer,8599,#0d5640,,9f783c4a4245683b74e62dba88baee0256b406cffa92a082db1ae95e238f5dfb
soccer,86,#0051a0,#fdbd10,acdcaaf2c60c3cc65a270dac1bd59f3a2b52911b8c45510d4e7f86d47ed714ba
soccer,8600,#0672c4,#0fb63c,da4aecb42e4132db8863547c2192d34ce6f8306e9209bcb84301969896b5a7c1
soccer,8601,#ffc61f,#3a75c4,a5baa7e7d07432f13c0a2f8651c33270e5c55084ea625b946156dbee66f5ce54
soccer,8602,#ffff00,#008400,0e6f95737e364df05cc41af5f5d1522a630e655105b09bdc46b7f88b211292ac
soccer,862,#ffc20e,#da2128,d5528c0797b577f2e9cc833f5d1cf58d457b4829ccb737b95edcfd532e75bd03
soccer,8625,#db292f,#ec8578,ff2acd3e7505cefc6767aa6c139db55e8121dc33df162f1ae3eaea322e203176
soccer,8663,#e71c2d,#0076cc,3e687972fdb4f9702cfd415dca4abe90255940aceb52ec5781a42e61d0948565
soccer,8664,#f70000,#ffe000,a989814d3907ed63603cdd1ed92d4412d43b4359d8339ce2fd79e32146b10721
soccer,87,#5b975e,#a6985b,52370c21a13a57593801b63c3aa23e826b2b3a397130a270479b2b5ca52b83cb
soccer,8726,#fdb813,#250858,472a680c2e49c54f606eefbbe63995e44a50106ac66a0a1f65aa2a49cd0f9923
soccer,874,#bf0422,#360208,baf1bb2e42286ca76bf35d953e89f64d47640386dc6e360f8c6eee3ea0d482cd
soccer,88,#e92325,#f4ce31,1b176c3f83401de41dc550160132b4cc777f9b5d74e68b52cd23e487277f5349
soccer,884,#32235f,#b02024,265ee170ba061e20048dc98c3b9eea401147c7260d1c23f3929eb32ee53b16a7
soccer,885,#396fb5,#9d3c5d,db838bfaea7cffb04a3671712f5f959b5a8f9cd47fcf8d819cc0f85a4fd8ca83
soccer,887,#ffd000,#c3a931,9b5fa372b55075626827cc9e2161cb685d4f767561cd96c2368f263bc30fbbc0
soccer,8897,#d71921,#2e3192,41efdc96a972111bd4b8dcc2b98d783e77a8a44d42ce78667152aa307a6950be
soccer,89,#e8a713,#2a2a85,87b985ea790b3155b84fd5f09fdbc38b0da7853c4c61942eeaadbe2aa1db2d9c
soccer,8931,#0f1d41,#0f0e9f,240db06037215a028797b11fb5eff10d3536a40264f75764eb1db6a8a96a793a
soccer,8937,#ec870e,#008800,661ec8479794c24be2dc3eabcb29a2fc281b1b454eb6b5c3cab0beec9453b27c
soccer,8938,#3e9a00,#e32118,595bd32958663a9b67bcb4df2e47b42f09577738989d77bdd7b7ad8e0d548549
soccer,8939,#fce100,#007168,db7065ee5f26249dfb0a4b8c62fd3b7acceeb66faa1cb2026d784ce683ea9b52
soccer,8940,#009060,#e8d800,16e1d8b182457f0f3b4bfd66af507af096f0396fcf90027389339c0d5dc166fe
soccer,8941,#f9f400,#f10507,a4d0c870307850f035a6b4ac5606bd7f175b215581eddbacfd4d7e3fcb460675
soccer,8942,#020266,#c80204,992d01b590c4ab8269ccd578c09d1f1bfc0066ce1e60e402396b8e77412771f5
soccer,8950,#007322,#ffdd00,b312dc16c948e6f9fa2d5e2b720cd9806504a216b1a06fc48c2cc532ff876171
soccer,9,#0e135d,#198d5e,86775bc324050bf6618ac79da83d86edfa4e156fba575a7d8f6ee70a40903216
soccer,90,#a08255,#802981,5f4255c6a0e0773c29fe1291390bb4ed4548f67e5f3fa249340d87af49967ccb
soccer,900,#009e00,#7ccc7c,fb1604d99f93ca806999acdcf301ebaf249cd2bee6bf549b3574ddee070b1925
soccer,9028,#d71122,#004995,d680dd2201bdec1814441102e75fa8f64642c5abe6f69074088f55befbe97976
soccer,9078,#f28207,#29b545,1405a8e66d4917952cb12dba747a24ce1097ed4b84db76fa02260315bdec990f
soccer,909,#446ba4,#be264b,5ad3a672cb52e435e5b59783a38c6daf4ae484f850998f9c3e1c2fcf8fb24584
soccer,91,#ec1c23,#ffe400,ce0eaefd13d0240a09fda14ef7d9322ac69a7d53701fb8db546379e2bb5e100f
soccer,9104,#cb0402,#de6d6d,ec51a23f820b0d863e19e48416c9309c33d46552ab5cab0b788ee5f738092681
soccer,9169,#f6e917,#056c32,7380306144df78c15d4d1b2ddc57bd7585b9b80ef057471d57070ee38952e163
soccer,92,#0b4da0,#ffd100,ab0fe0ca6c062bfec2ef26bade0c792a5400408d2c73dc03659c273e52c5ba42
soccer,9280,#be1d2d,#000000,f0cf625daabef3ed2aaba659689968afb6eb9aea55a085a581f40e71fcb918f8
soccer,9283,#3899ce,#3c535d,b273eea78d247c279c4c4f77827bb2aef972da5b859401a4b4b288479bc43c4b
soccer,929,#0028f0,,1dac9af31c678b9007ec289398a02c354f66776e3fe78827495057db55e45e98
soccer,9292,#ff1517,#fd6867,c8af73139c65b3aff916a75e6b76c6ee6f9fc2438b45f5b1f72ae0b7413b2eb9
soccer,93,#ed1c23,#9d7770,ce67012de7d0cef9323bb2afd7481258eee4c927ae1a4f2b9fd156ef66800eec
soccer,9318,#026b38,#8fbca5,2b10588b38d37a2afe1db516b37e3a417da39fcad142ade02f65456cc389d70e
soccer,9322,#003d6e,#f7e354,394e7b6ce5650ce53be3b0ed3412422a3e0da97845f24c4408d5fc17f8f7da40
soccer,936,#ffed00,#060e9f,e799fed008f48e41c5ce4163819e4fed84c580efd829c18fbf719e7afff3a6df
soccer,9371,#0a489b,#cf263e,32a3a064dfd580c2a220f768b2b91b9a73b827639f12b62fc36e263c35d5321a
soccer,938,#008aca,#57b2db,9200aecfba0be5a142b9c6ee1d69a45ac17f46e97501823d620690f9c8713190
soccer,94,#e8302a,#f7dc31,4961f443b5d247b7a1ba5e2cc51bdea51633c4c0fe50a78f260e6f03b438b134
soccer,9460,#008c45,#81c1a2,856cd8ff8dd953ee8ab9ca503fcd4a48abe3f42a65d50d3e81723fa60b0e28dc
soccer,9497,#d31e2f,#e7838c,50ed6eb3eb7c1e0501a56ee5303dc00394c685610cb9344919803f210678018e
soccer,95,#1d432f,#ea1e2a,0b5686f9ba7fa79ba158bcb649995f48aded1c26f14d14edbebc32ca1bd1ec23
soccer,9531,#da291c,#006600,8f3107904e8ecc3d934f819b011896d3ab3a97ad1e07b3bedd052fcaa02e1f96
soccer,96,#11339f,#697bc0,0aff431593b58fbf7b7bb5da90be267dbe211e4e68db1f5a1a11e262685db1e7
soccer,9657,#d2a863,#0c5198,f0ddcdef08192651ef138e89eea675f5286e21432087d67e7ca6f628d77b2bfa
soccer,9681,#009036,#83bb1f,37baa332b6895df70b3370325dbf312a5fc2498cd74a367afbf883f5908b0034
soccer,9693,#fa332e,#451613,b37064883ffe45c755dc1044dc5cabd6aa6de9bb238624d5e7027ce91cb38436
soccer,97,#c38f35,#323287,e1d53ac19501c51bad348bce766cfa42d4f0660ca7d14ae972ca9cc0bff4de6c
soccer,9707,#da241d,#f1aeab,2835419fdab5d4ff3d3bdcfc850d726a68f9b9593abb01bf9f49d191b1bec44b
soccer,9720,#003da6,#354f82,0b8b61be58b10eeded04e1604f6d1236fdd6c2f758bbf9d68530981c8c1b3e19
soccer,9723,#2c5234,#c8a023,71df1e49bd21cc5a9565e1620dcb9f1f94b653d8e0b2ac3527518c7bebb5d868
soccer,9726,#2dc84d,#0033a0,2d44906cfcc797aefdc9010ac7d6b1438e54c72c12723384530d4378fc4578b4
soccer,9727,#12284c,#9cbee6,01b924e6ed2483ba9957bf9f523b2dab008721ef2b6591d7a3ca6f5ddef3137f
soccer,9729,#fdd209,#282408,f362ac250e9569cdc4379161f0962d98b54d3254d5501d5f1793bb179e8b0046
soccer,9739,#00903b,#fccb00,889ad614d25f06d70c947ee495ca3c0352847e63b4944db2a72232cb1cadab6b
soccer,9740,#ffcd04,#6d5d16,e6acd48a28786c8a0dacfa577b05ec5f4b49224a87696955fe71382473183d41
soccer,9743,#00a651,#79d0a4,e629792a020ebca27a6d20e229d037bf5a8949e81802d7f82ff77bf2b2a48057
soccer,9744,#2a1871,#7e73a9,bb279491a2be86dbb7e6d929884ea422d26cf26265be4f94012186b67f71e834
soccer,9747,#f0b510,#009ddc,4bf6224a983193573a700710a0375d3e0451953591a575529ab4fc69adeed591
soccer,9761,#253d85,#cc222a,18fd277bd90aee8611fe16e74ff36ff5a7ade26cab167d9aed899c46f0446479
soccer,9762,#b29039,#d6bf5c,d5c2958cb1f67d7f46c9a1e74cd64ec325749004fea163ad1f01d20238261f94
soccer,9769,#ffd33b,#0d690d,97a18bc7ff64a04a1fcb88b959b14867c57d59d43d1ac79b82c26ac76e550f7b
soccer,977,#134da2,#ee1820,af5cfd05865cab3815078ed2c94dd9582a8a3877d9c0b44499b8598539c5a840
soccer,9770,#be9d48,#715a4b,717512cfc91460dea985e11d78747fdc52b400382750340917878d5a592ec100
soccer,9773,#c2121c,#580d18,ca828cfe3f5f8f07b17dbf74d2ef15c8266d83c25a3e60d8972154ae9e4ae495
soccer,9774,#0086c4,#273a43,dcc13cf569b5f8a02323a272a57d255150cce46009fe39e6b273cc1958cb5041
soccer,9779,#c60b1e,#ffc400,8eb3b92ab4ae3ad632345922f4d6cac69e7c9ff0f3338feacd9d708920287bfa
soccer,9780,#24923c,#ed1c2e,3353eac2f0e3116bbabd30fe8c3fe40d1b1ec796fa76f5dbd776d23449891508
soccer,9785,#61bbf0,#b5a573,9a92bb65c42ea5bc1098941263ded25d0228f7a2f92e474f1dbdc1d7b9d1f233
soccer,9786,#000000,#ffffff,9833c8d59b3c364a4d42976b04937e02d7cfd090051a3d46b5b33da00e60bac0
soccer,98,#1946ba,#e2c52d,9bc3e51fafee32c1b82c4ed3f7dc51c8baa1e8635f0c4b31dc83b5e896f8ae67
soccer,9812,#cf1f39,#f7bf7b,ed64f049708d2116c52e1393ab01642a4cbdc8afb68acdbbd32a890d5e042e51
soccer,9865,#f8b000,#173773,4a26d8ec8f09c165709501c3af72d260a9c6177175faa63b59d59e31a144aa44
soccer,9867,#191915,#767674,a85598cb7670fd95fbb93b1f1384caaf73b2c0fc3498fc7fd0337831e459deb6
soccer,987,#fcd100,#fff7b7,8f3ef3c5c4367d5a8e2c3551886e62ff01f2fd70a158d7cdcfa4f71c8fd38774
soccer,989,#0c4da2,#ed1c24,c628788586b4b6c5c3e8c9c56efe81885ad3ea4d1cfe5fedfe4fc3a2bece9c84
soccer,99,#175ba8,#be9a05,70c57c651fd431e97019c1c65234ce15e28a52a25abf9d11516eede56bb450a4
soccer,9902,#000096,#8383ca,3ea62c1ec4e15f61c75ec073f2513c1d14774bacac00d10700ecb6eb7dd9c3a8
soccer,9903,#084e0d,#709472,e5547b9286954afe2208d84cc97306138946f1402977712244170df4047836df
soccer,991,#5d3281,#9a7eb1,068c91b2acd094f2602b4c8116a7b7171f2154c9ca263e345b77d97f0f14870d
soccer,994,#343380,#cab180,46ea7446c63bf8461874cac95c069b3aef8cb26262d9786e5d2c921029d02f98
soccer,995,#008c44,#0090d2,97fc6aefb1377aed6d77a4a76e3ee15001d8fd06ce5b7daf323559f576d46c52
soccer,996,#ea1c23,#7c4737,35b81150cce09638b5b8624b60dffc0af10729b52827dd7af8390903aa8778e6
soccer,9965,#fefe01,#000000,770ebec185712679a46bb2ebbdd6608562d72337f707d8e931a138195d82e038
soccer,9966,#00519e,#6392c3,42a76f40c3de2834eef00644dfb4e8d0abe4bfd680e2c251248171b44b5e6ed9
soccer,9967,#003181,#7289b1,21fd57c4580b5305966584a2ecd196cba36abbaf19c7c440f53030bc94ddeab9
soccer,9969,#201e1e,#a4a4a4,2fb3c463fb90841708baa742d8a0918893fedbd112659579f7152a0c6684286b
soccer,997,#b02b2d,#00aae8,7f77dd0c4feaa9b1e2fc2ebcb49fc57477696b9d96f38735643eb47aab1ae417
soccer,9970,#cd2f32,#e18183,655d76ceec40095fc28b19df76bee6adeaf5ebd9785b1033cffd7ffe0f58f601
soccer,9971,#fdd116,#3e332a,57b5be862146e9ef4c126ae68502689c4fd9d13be988c8f9706579653129bdf6
soccer,9973,#ed3237,#f2686c,353d11cd27d1159c541ac17c1ca863fe83d2012064573d1be910cd1b3a714aa8
soccer,9983,#ef2930,#ad8e3c,694ae269cb056b4299a8b420946f84c2e482b5d23ee3e636cd2e45226d4f9dfd
soccer,9987,#1963b0,#84acd5,203cfa18689c6d2b5d316c6e2edc9fc12be44c105d0f9013978a1f0a5a04eee5
soccer,9999,#005c2b,#e1303a,6f0ce34f33a05aa9254f2337e4e99685c9f51fbc277f658afca47a7a22e546ba
ufl,112646,#c8102e,#a2aaac,4c8f1c1d2df120f02ca5beb59ebe55fdb946a0332036621e69e817283a6b76b8
ufl,112647,#69b3e7,#311622,1128422db128b23db4c7615da82153f8789ab7a33b2447963b1684581150082f
ufl,112651,#002678,#405491,5c6d2ade78a21009f2079f5600118610dd768a5d07a487d988ec55e3d83a8ebe
ufl,125957,#691c32,#c6b784,79a290abf9f3e02374f5ac79eb5e275f7c6710ed82f7b872fe68dff372eb473b
ufl,126073,#a31f37,#c7b682,8a2a33a2f72825bec7639bf2ee7a0216a9b2a2af918f7e1b842d7642bb7eafa0
ufl,126075,#e4002b,#ffd200,9ad7cd653766eade8e87a6e246cdcbba3a13846174f0dea4d4d4f37e1f66de01
ufl,126746,#fbe200,#2e363a,7d385935be58d2243f72d65c687ecc0c7053089c5d880eb49925d3a75367d15d
ufl,129043,#ffb71b,#12284c,a39d80a791721fb6adcd08be8b66db5f5bd6a6d8a3facdc2f47f1daa55229a92
ufl,132261,#0c2340,#e4002b,565ba1d03a821a090fc1dd9f5f26d395830adc0b1ffbc311ab927141f109c993
ufl,132262,#98d800,#6f9719,7396ac77937f4115672c8c08a7d70f1b6ff3f830465ce52668f381bfdc9ffc8b
ufl,132263,#252a36,#fe5000,521cbe0014858a58b6edca2054078faac3afd50dbdf295d770d2d22b3f77b6f2
usfl,birmingham-stallions,#a32035,#ceb795,4fe31310c59a8bd5df2bcbc5548f1d78dc5d87d519c5a22c2cece5f01777b6b8
usfl,houston-gamblers,#ea0029,#000000,69fffa26b1e0a94ce9608b9cf5ae7b73bb0abf4c51f920fb99fe5c2ba8e94c40
usfl,memphis-showboats,#12284c,#ffb71c,c925fa79e4ac6d372d98a8f8920bb15de22f374bc5b244b56d7f559d38961aa0
usfl,michigan-panthers,#702e3e,#c6b784,b9575fa9a603fc4ff31baec4803bee500a978e1fd06f91be44da07caab2f4aa9
usfl,new-jersey-generals,#001a41,#cb9f54,fb6b19fee5a8099537c0dcb7a2a791814a9cb020d4a8eb72e159d89ee12e0454
usfl,new-orleans-breakers,#4298cc,#003595,5665151bd9551ef7d7a83d129639653cc9adcb9456343cd424f4487407760739
usfl,philadelphia-stars,#c10230,#fba02d,5214cb1a8f10eaac4f7baa3a9cc6e36663a60ab768c7d04ba7e837b6ffa753b5
usfl,pittsburgh-maulers,#ffb71b,#000000,e0af9b27a604e33ff8fcf7038ddfaaaa555e02d6ac747b40a7eb864147d25c4f
usfl,tampa-bay-bandits,#c10230,#000000,2440865ff13ecaffcc45ed16431f83a4bd429b37f836eeee9053cdd807354d05
ushl,10,#0c5230,#0f0d16,0b06cd63be581d9ea16c8b34e352a11202bddfe6459ec2a5df528f0f3267758c
ushl,11,#941b1e,,5ec6919d93311e2e965792b154b8da986fdc58b62e7bb413ceae4f428ff208f4
ushl,12,#1d439b,#dc1c34,08fd3adcf2470970a91da8a68dde9cd1964b22d6469b957881d2491df92ac496
ushl,13,#c41230,#ffffff,92b7a414c0ad8af428823ccd513d68e9c0697a09dec6e54d4cc4743e78067f7e
ushl,14,#000000,#bbbcbe,aff8fff45175abee866f1d74d8537c85d25c42681cb8e9692af7931abbf7bb35
ushl,15,#f0b310,#231f20,71a4e818edea0cc89399cf6bfe3a85affce95c302e30ce7472f29bca052622e5
ushl,16,#001c71,#454d68,16b4758012ab071648ed4015b082059c8b4fc13b96bf6dece426d252906a2a2c
ushl,17,#a3afb7,#040707,1f5f5fa49b9ab68373f5fe3bbe89e58d3f4631812a6e23eb0173c6531983f017
ushl,18,#cfc293,#674222,51487e0a56b3308052a33e058e809998a8f977c18f2a4b093e02c81735ffd610
ushl,19,#d19655,#d2b794,1617cf272a849cbea61c17167dfc1e41b2c684bcbc9c265e28ab913a0916356e
ushl,20,#d0932d,#02274a,21f607bada6e75ba28929057621ed2002eb4a5a5ac75f2996fd897925dddd6d8
ushl,21,#9b8449,#aa1f2e,561a958d7dd1ba2b34b2b8e4ad5c855e835eb60ce8c1f33d2897666e36f19375
ushl,22,#49318d,#251a06,764383a60d6f31a904e04ffa50a669bbe6c0b2cb1c5acfffc98345451e26407a
ushl,23,#cb132d,#8d7075,b2bfbbfa2bb7df5656ee95a10a29ed48ed7b38c5927715a2b8cda6f018d3fdde
ushl,24,#4d3079,#ec754c,ee81bd5c0ff6601ce8654bdf62eac81ddaba0b9ee613fd8870678efe0d816094
ushl,8,#008544,#ffc52e,dbeb8427d7017bdf8096709f65af709790c61a3dd9f91f64bed3c78fcfb03218
ushl,9,#162742,#7eadd5,8246c6e5ce679d065586091a9956aad9e5203cfaee4f0f479a7d1810ab29855e
wbb,103,#8c2232,#bba38d,fa59bb32e732327db77cef6c70e32db5f0faf0d1b35a02abc482d1bc187c6036
wbb,104,#cc2127,#2f1d1e,2d94917986379265b51b65dab2f96bd759acd006c819cbb33d57a863f105cd91
wbb,107,#662e91,#301646,027c38dcc223cca09181ac4b0e56e1a84573a6f121d080b3bac8eea614776d9a
wbb,108,#a31f37,#feffff,4018648beaa1f1f51c97abb92ccf3d658dc976de28a27d069a28f1127e99c1d3
wbb,111,#e50000,#010101,ed4f66035766590085072c968f69b8064ad6cfdbf7f69e6fd85e0f3c5d2b5ab3
wbb,112358,#69b3e7,#cae4f6,0d8f90baa0b8222b6e605cbbb226fcb0e8baf7522672ebd9a9ba4f4d57d467ae
wbb,113,#881c1c,#8f6f6f,864546bd6d0bdf4432ae552d6e3ed405b6fc6e2a78a07f5654eec22e110789bb
wbb,116,#9a8f71,#0e2c52,fe70ca8537698c3d5dff46b741a07bf73a48995c35263556a5ebd9c7aad5be6e
wbb,119,#fdba31,#918267,6d8fd528d556e620761fcbcdee982a68c66be5de1c2e4cbb498ce8b5847a2fbb
wbb,12,#06143d,#c00417,f01db22fd85d00eaf8f9b5952bc8e7c0b458beae33753c312cb54c5515f7c967
wbb,120,#ce1126,#f6dc41,9b1951d140a87972ecf1e0564c190db1755f46997c4393813281194e62c83d45
wbb,127,#173f35,,9e3005c55a99e3bfc69da7df2d7a66b4851c9710e33c2f328ed471bf37638474
wbb,13,#ffeebc,#004812,023b7b31a3b24e726aa09bda81e34db631fe50cf102bb3a5da2c259b2d8b950e
wbb,130,#ffcb05,#002051,910dbf467c9b442f1b493280bbc027ba5a1f91e2ce314fae099d637aade7d42b
wbb,135,#5e0a2f,#ffbf1b,cb58131490de1f8724f1d53224aa7383671514e3a84df1d136c6f3e4429c302d
wbb,139,#0037a4,#7c95c5,ddea9ad72ca26b15b1e53a9a1beba04be0685cecb1eded27857f484a2403f3d6
wbb,140,#004a87,#3a7bc8,8cdd71f1ab57d69d808ff64532b818e0b96ea4fc21b4b2a2218405031a327221
wbb,142,#f2b92d,#a3883b,bb4a26eac90ad2ca3557f18180dc0f1cbdf88ba013c15c3293071701a3f43b53
wbb,145,#cf142b,,61988dd6fb46c4c5dad612e7ef14eeee56b63ada3a0758b30ccf418213ecd826
wbb,147,#bc955c,#001b59,76d263dde9e7c6969d9da4ac4dd7d8be7086a7630dac2b9162d30be1cd84b856
wbb,149,#5e001d,,d39daee1716e6e413c6203d54ac1962b89c90d3e8680a01d0efa9630bd54ffc2
wbb,150,#00539b,,5b614bdf00364d325be332b63dafb5f95d25e0f59e63a3e152faa43124c57112
wbb,151,#582c83,#fdcb2d,0ae06f5e6518c5065c93cde42d17853ddc6c6abe56502ef2bbcbf3bd52f9adb5
wbb,152,#d10000,#714a4a,ee51da26e5cdf389cc787c58478f10bb03503832e35f862b4f208d273819d8ec
wbb,153,#7bafd4,#12294b,c51339a92ebf5e7dbdbcb6c32dc2cc63f9e2f3dc0e5d47f60fd59fa22ceb32ec
wbb,154,#000000,,e307401dc8adf24492175e57a95f242b8943fe0fb3121ca84757095e6825d17a
wbb,155,#009844,#ddf0e6,aa01210973a92384cd39a795dabfede0997369872207fb7c86293f9a2679b8de
wbb,156,#00245d,#035eaa,bf81cbc4ae23e4b6846c4bafac1e3a59884c11a3ee952181624cf9afdf528781
wbb,158,#e31937,#ef5e73,c09e5b394cfa5be2f2369c5e63210a12e25943b904d077c6469714ca9f8285e2
wbb,159,#005e2e,#000000,66a6b917e25b486a32a645f3973e86e0b8a9350ddfe6efb41f59b3e5f5f58372
wbb,16,#00573d,#b5995b,4384290d93eaceb6978916329a11fe5ee635b729c799339c65164721bb2c8afd
wbb,160,#00275d,#3b557d,c02c87cbe03eda2693fb900821178fa44f228c6d01ff4c5b92f2d3e34dbd816b
wbb,161,#283349,#c6c6cc,b007679c678910e69c86c0df99ffff2510918558bbf423a52c257414eb4ad2cd
wbb,163,#fc671a,#a54b1d,1ba19c1ecc721cb6fd92327b967c54d2efc4181f77fc6f18afd84e4a2f3c644b
wbb,164,#ce0e2d,#000000,5e75a7a68f9a6403f950f7ddf9c656698fcebcaa5fa16f0890135f2098c18686
wbb,166,#7e141b,#000000,e234e9b2d83ced87b58490b109ca1929ea3e97565e934de9f90a86ab51de64aa
wbb,167,#c71937,#6c2e39,2d0fe74447bda664c751ef06faee17350920a5c40ee2a695ab0c9d161b9ecd5b
wbb,171,#183863,#7ba4db,17998aa6c72a205aa2f1daa999effcfa2e69b1f325d7d21017908fa43ad7329b
wbb,172,#b22025,#d17a7d,7388cfee9a0bbe5dfa237159b6a56a52869815edfa72a2878b9823709ff02a19
wbb,179,#4e3227,#beb6b0,78ab812333b922c1c06ed37cac69177e9dfb5113a3189aceae135573c5e1ca44
wbb,183,#ff431b,#000c58,cc978bd06e84d85870429294fd9a2f4908ec9c43635bd83ef3eee94387cfd100
wbb,189,#4f2c1d,#fd5000,39ecb7e2c79c967dcb27fee95b298fda3034d6617c69253336e61decc830bfd2
wbb,193,#c41230,#000000,cbc0ca1a53c76c0944315867f07facfbb31bfaa29b738038f50668b8b229d33e
wbb,194,#ba0c2f,#000000,6dbe512c1b9b4e8c0ebcfcb4b3620b6229a05619e8bf70b3051a8e6c4964240d
wbb,195,#144734,#57786a,2fbdfa08adebb0be79d920a92b46e7e153e6dff49a4335b93b86a527525f836b
wbb,197,#fe5c00,#792f00,3d5ebde2aa002198a95ef2449a139270278cffd31419060b755616b7614697d1
wbb,198,#091f40,#a28d30,6e5e48e6e1f322795d5b5fbbfdb6e9e45729b1c9a9ff8f9540b7028f18b7d191
wbb,2,#0b2341,#e86100,80b9ba2db8d91211dc4f1a57ea855d34f6ef1796795e60d5545f91a49af8bf39
wbb,2000,#592d82,#9480a8,48df2780bed969034239b91b28dbdd3a10b10f3b92da118235a0682d3e0c0d28
wbb,2005,#003594,,42d26e1bf89ec01fcd54caf37e52abb4b8fd8b25da97199c0766cbd5dfa04171
wbb,2006,#041e42,#ccbd87,09739fb3e78ccaf6b6f468f252181a169984e325595126130ed7abf6e9683efa
wbb,201,#990000,,19f8f9a3254b9c85ffacf42de7b4d00e1186fbb0b55effdabe9c6d0a3f487ddf
wbb,2010,#61162d,#b5949c,760a1da29e415c515d986eaebeb520a41c0fd50affd37a814018eb948225cc9d
wbb,2011,#dbbd5d,#423e34,91553f6c8d337485538c1c14c7d7bf4b419e5ca4a5d1e579836ae1ebe5a8773c
wbb,2016,#512d6d,#cc8a00,b3130b7fff93307620e7ed4010e27ece3bb10841042c4572b77095e918322819
wbb,202,#103595,#cf152d,0c131f5faf86ec1bf70679af3a7f13248aa5f9e764aeb0c927fc6f753ea85e73
wbb,2026,#ffcb00,#f5e9b3,487c6f3fbe9c41cf532b6de285f1d35585ee7ca9510e5aa45000d97a1f597e5d
wbb,2029,#f0b410,#b88b0f,bed1a9ce812071cb9f8d1c19b7eb89f578fa5dd56abf4a4f33cc9643d82e7b00
wbb,2031,#6e2639,,b3850e4595c80a50a0031c0da7064f639cac7d7f26822cdc90ec54ffd9d95bd7
wbb,2032,#cc092f,#480311,86231f0ce7486f40023e31609b666659c1538a6c2e4d8d3673a0eeab99cd05ba
wbb,204,#dc4405,#842903,64105e5b2d9a14525ecad678731eb6899ef6126165d1a37ec8ff4dfeb61b9a92
wbb,2046,#c50e2e,#000000,cff68efc792f9f87312946a231b63f07f549100cc1a1e8f18531ee9911c6eb37
wbb,2050,#ba0c2f,#5e4549,543e3498d12ae3bcda1cf108af528755c3720dd730a32999ed48ad836d2996cb
wbb,2057,#334475,#e6374f,3a22fb0af906e64618a9da195facf14e0df490a844494b08b6c456c6064690a0
wbb,2065,#860038,#fdb70f,47e65ef1e16bded33827e8fe9d8dda991c8f641778a3caa31f038955b11c73e0
wbb,2066,#036142,#5f887a,a0da1cf1aa1f95984fb0f33b5a72a6241bd487903916869bc2b47223a1037417
wbb,2083,#e96024,#00214d,605ea8a4fe58cb5bb88385aa4cba7d608500d7a532454b4b4d51ac131f832cd6
wbb,2084,#005bbb,,491bd78fc49a2d70fa934807beab1a0b3b1497f8ce93e7d98e94fcfe371353b3
wbb,2086,#000033,#60607e,1edb35518df7859303ecf1506cee70aa8770fd45870a188c7a00cc44812f8405
wbb,2097,#ff4713,#2e1811,e43f2825a58f41df2f8f3c27b5f13aeb16b3c41a1d1481d7a73d9bbe1227779d
wbb,2099,#092147,#f0b200,aee47a103aadbbd258fb724a439eb06536cf3ade006d408e246c6fd1e961510e
wbb,21,#a6192e,#000000,7b084aa3cbb580cc26253ef38134dc1f52c3605f66f0dc6542b2abcc0fdf1dcc
wbb,2110,#4f2684,#241f22,44ad647305b4207b2d97a5177dc8d7009c4cb43039ba43e110b49e50cc07ff02
wbb,2115,#00529b,#d1d5d8,429d8e596ad8561520208e0d14d50d74814ded4ed2c3e135ef736f26149aa740
wbb,2116,#b4a169,#000000,4fdf8855a3d5842e5cb897277f93cad7422774b42d6d426e019591a0c596bf2c
wbb,2117,#4c0027,#ffb119,481cc74842d3688df1330548476ecda4ccca9aa4d7c0d8235bfc4a51c4e51bd6
wbb,2127,#002857,#a99767,52e688e83e2b7ef3cbb8e0156dd3d0b1505b9000237e8ff93c842482bf1caa92
wbb,213,#061440,,0efa003a56ec95d664b71d799fabe5e927d2ddd23cea90d5bab42df971abd080
wbb,2130,#00693a,#000000,808e57a846beb22ee430c00e5b1fe58e8c975acea9ffc8a989ff9f42510c55bc
wbb,2132,#e00122,#000000,2fd50a6f605fb9c0976541ceea04a6dca78de56fed0ea0186473da9fc39c651c
wbb,2142,#821019,,3157909cb9b5614c89413b90f4ddf88555b3bbf3f7455aedf26405a519f3d9b5
wbb,2154,#092f57,#f4c71a,dcd9fad6c9a7278ec46c551970b95d783ca320281750d49c6bfb30ca8625eef2
wbb,2166,#361717,#c4bdb5,44609f1d0c34284c7cb8149b7c67d1dcdcab15503214bfb9578d285dd8eb2ea4
wbb,2168,#dd0330,,ac22ea5eeed3dd880e992f854122a86b11e554f47b8fbac125eec542d46d8e5d
wbb,2169,#dd1c29,#126485,e20fdc57353b984d76c1ecf9a0ce4761ae4b1888fa6797f70301c20e74981314
wbb,2172,#ba0c2f,#987757,bb04345a71b3ff31f55d35b4586dcaf7435a4ac07d1fb53cd58710ea5a070500
wbb,2174,#ae0a3b,#0c2b68,340315182e0921301b74201004830cc6fe3cbaf6f33364234595988ff931d88c
wbb,218,#a41e35,,2a7cb32da0408fbd277fa184f3eee42ce983ebab70c8e819abb2865ac440717c
wbb,2181,#005596,#6391b5,1132382ebfa0366b30b03ef0134ea48b0e9de4a9ae6ec570fbf96042c4ff4149
wbb,2182,#003876,#ffd65a,1ef4fc827301077406a5bd65caae9c6919682568f4f8162bce18fcd5ba166a63
wbb,2184,#0d1d41,,a0be212f2633f4973325d0fb4c7bd4287ae0f378806cb89ecf3806b182ea686b
wbb,219,#011f5b,#86030a,292db72f7dc3153119e8848fcaedd542b49074a6adf3e097db366cf07b55455d
wbb,2193,#002d62,#ffc423,57b9ce10573e6772658c3682139f309d37558b7c13348ee42c57d6c4fbc80da2
wbb,2197,#133595,#5a84c0,94ab7f4add1330cc308f08cbc1c9fd0e3a3e6e4ec6e4d4fee89ccbd3a1081d82
wbb,2198,#4a171f,,72de1b1babcae4b633342489a0dbaca0105715eb85b3063fb49561e0d6e1a8da
wbb,2199,#166938,#ffffff,f844b98efad3ea95ba434826c6e9f1707487000a0c65c51412e3dc067971433c
wbb,221,#003594,#ffba1a,c283722b1c9f4b47b7361d7d959422225de4ad4682b0eadcd66f707c015506f3
wbb,2210,#73000a,#ba9f5a,5d5fa97d320857596e6aeb659e67012a4d0db24b0f7d10489d6a4f9dc8286d36
wbb,2217,#d0252e,#4f2124,3f3b0c12aa9d201f1fb082bc49e3226aed563fe73f799f30e58aa53834becb2a
wbb,222,#061f5c,#32b7e5,710a12532521705923b4022b571e7832eb01265aa34fa66a650fb784b7730128
wbb,2226,#003366,#8c1224,2e799d7929cc276364cd90a4dc47903ec780b4f114c689a65d7e70a269316fc8
wbb,2229,#091f3f,#c3993f,454d8b98c02065b3ca16b6b64c9f71478b32dda5dbc5495670b79d202e1017b7
wbb,2230,#7e072a,#3f0007,97f783ce6028f44491ef5309bbb5370c5af7254a7706ed8598b76561176902c1
wbb,2239,#ff671f,#002539,b753b82d57c80bd2cbd08d54c73cb6a8c5118bc7c819c70183cfb178e0cd8f9a
wbb,2241,#bb0000,#3b0707,75f90e615c5216f9315bcaaae3a1f3283f9284247d79c2e9524d927c11b8fdd1
wbb,2244,#215732,#ffc72c,d0b9cbcc10781062c416159d610fff1e6c9e243e6b2dd81b451acdeea2a5f473
wbb,2247,#0039a6,#6680c6,e8680ddd6596d15818a8fa489831f6e81605c59ba517eb10940f6eb31ba1a332
wbb,225,#4e3629,#c00404,e77048fdc059fa47441bc03ca6cf2ac8e66bf0e0d817ff6c1c7d82f4bc47a0cb
wbb,2250,#000139,#493b64,99898d07dfe294d50d29bfc8fcb57d94e6036201f43e48e7f96604487f822843
wbb,2253,#522297,,822f62011a5951301dae82af8c9029c378ee72fc9636a7c0ab33f0bbfb803cd5
wbb,2261,#004aad,#3d6ebe,213e2492a0046f41f7aafede4f6b250583d812c12edf6c11387553825e2ccf9f
wbb,227,#091f3d,#6aa8db,d804c465f9394c66e84b317106dfe4e40c35c422b93b5ce97879d091c649bc0a
wbb,2272,#263997,,0704cac05f631bf70b20b9ec30458c77fcc5f98ac3ab1a0e2223fa7bb23742fe
wbb,2275,#004f9d,#ffc62f,d6e032491b0e6ca111de91d4ec09b7f3d15b53d8d2bdb9050ca079f43f7e4383
wbb,2277,#062f87,#ad6764,4e3ac57c808831ecd85cdb66f1b684447a062373120253fe7180708c7820fb5d
wbb,228,#f56600,,20abd84754733106d0b91337456ab631597c159620f9fa3db259da526d5b656d
wbb,2287,#cd3b4d,#2f1214,84323b5afbdd4e49b7bb96c118d253f61a65b5898cf0d0c55646c7f1c7b8cc3d
wbb,2294,#000000,,865b23c1e68385b0c0f2bbdd69a662382db1e9aa66310d3af5110b246b2ec472
wbb,2296,#08213d,#607082,722aed88e1b0bb084ee0dda52fc765cf2adc2eb2ee5e4937dd9a2f8da165f900
wbb,23,#ffb81a,#0038a8,b786de17b998fa272d6e02d193d2a84db93b4339975301d825af770d3b2ede5a
wbb,2305,#ffc82d,#0051ba,e1daa000b25e45917bfaa93464b8725980c8e3c1a859f1fb51174e9d37aee08b
wbb,2306,#330a57,,93f3e366a88ec89bfa8ed8d1cc2ce16cfdc17a736bcd1831b908241296b11e39
wbb,2309,#002664,#ebac01,e99c6598ff920716bf12c731a4b52039c2350d373d2a86d98df4dd592c491d4d
wbb,231,#592c82,#9b81b4,db8cd040c9a4a3ad227a89e3b3e714b59564e1007d5ae6e7496f3810a517e499
wbb,232,#7a2531,#a18b5d,6db771a1d4840a7ae2d92b0ce8cb077f29c340f4808c2a1b0c38af9493288f79
wbb,2320,#ed1944,#5a3d43,c22fc67e93cf22f78207ed6750c9d625e162e5b6441365af56c7073ddcbfbd5c
wbb,2325,#003355,#ffce00,93aeef5ea4915a2ca60ea1250ee928adba06ed539001ace61d7e42b1d7eb426a
wbb,2329,#683919,#bf965c,4cf1c5d7c84cbe20d63d107cb26d3ec7200c723ea514b88b4dae789fab46edc9
wbb,233,#d21533,#947377,cd0a3318987c5254d2cec818a4676e4108949e114dc966d8368a6c5a6d1302be
wbb,2330,#00402a,#99b183,8be69e155599980edba9e257d10f6d9d4a903ca0d081185560f7d92a5d9e404d
wbb,2335,#0a254e,#b72025,2309e841473bc8b4297e83a1bbab7581d296189a20f904aa578c67f2327c2184
wbb,2344,#031d43,#394761,fcc54746872bbd548a11130f48c3313dedfde6fd7f69a0b4b139d093ba7a7827
wbb,2348,#003087,#cb333b,7623ee59943d7b5bd86839cc947791b42b407690366c5ce6106992f2510a46c7
wbb,2349,#0067b1,#cf1f2f,56a83d99d9608b20776842be7ea2e26f0f8777d7889460d01ac703be492dce4d
wbb,235,#00498f,#4871a2,e56cb7d0d332907b4f0e7fe4f70e98c1841b06f12334811f5054734cb3da27ea
wbb,2350,#fdb813,#551c1f,d1a49d30b3533c49f217aed9f6794472d524fe8a5633f6de02cc7b80f3744f5f
wbb,2351,#ab1d38,#0076ab,973ba9244bf3eabe69bcb43ba992cf1476e773b563839109ca566c63d939edf3
wbb,2352,#006145,#0a0405,d6e091a2a62d8b592607becb349404a911d9263b95df15e2ebf4608e276f633d
wbb,236,#fcb733,#0d2b4f,afbecd3f9a308a966108334c7bf9878d495822519e7356cc8c80d9ca6a0052e3
wbb,2363,#00703c,#67a989,823624fca83f87b9762d05e24cf985190537ed71a1dd5d3808d798a9da652655
wbb,2368,#e51937,#9e6b69,0a470f49288914de6d94f5b130c8249738a2fdef48388178ca98b4114e264b0c
wbb,2377,#002e85,#ffcd00,17ece0f65637dc20ff08278060937cbe61920031aa2725bb0e6a382c0ca6c46d
wbb,2378,#b08806,#ffdc63,83dc24899e9ebb12b250fa399c09d67a1b0b21614758e7658df3690a4410c8ca
wbb,2379,#651d32,#888b8d,c90ebb16ec285271455c937ac21c5d55984cb675251d52fac115207376a7b83d
wbb,238,#cfae70,#8f7a54,cdb3df344d224cae8b03a9f23f6e15424267095644cc211e0e0278c6e53986c4
wbb,2382,#f5822a,#936747,63f3261ef6e17ebfaffddad1ae274f0c0d08d5c9ce9f6499112798a147914dbf
wbb,2385,#036857,#66979b,4012419ebceecc2d19813038e331a1bb3b97c6976b4f48d1a670cf38e53b60e4
wbb,239,#154734,,0346c816dfe728010a42fc416ddb48ceb052126fd0675bbb8fc30a6df5fe8e8c
wbb,2390,#f47423,#035131,55800e4867c87bf38281043628d2c0dfadd0bf44632b27a9ab20af27a9a728fb
wbb,2393,#036eb7,#4f7898,19b89c81e4b60f93b8cd496163324c375baeb9a2df627477a2cbcfd029639505
wbb,24,#8c1515,#a95353,a25c3474889c6c9d966245814fdd29c51dd79b02ae9e7780965cf52aad1ee22b
wbb,2400,#ef2c26,#007440,8d2b738644f5cf07a13c03802cd48929a6bc9c85c77a57f2d4e4d97ec2a77cf4
wbb,2405,#1b355e,#d4d6d9,ee23b8503f7f49162b5d4c1e813e7003fe45b5ab8d0fc3a259f9b71c1ebb98a1
wbb,2413,#ffd51d,#084d9e,82879cb613d0b175c480704801c5ca229f73b8afd012b8ea484a7700ccdf220d
wbb,2415,#004185,#e8c38e,e605c9fd3fed10411510a543f426fdcd5e9e2dc132f3bd8f6f8968c61feb75eb
wbb,242,#00215f,,3648d62f626f88f864e4c629cf50c92f50dcbccc9622e87eeb3210429383afdd
wbb,2426,#b6a77c,#021d5b,82eb45dc0f8186430a637f42fc3746ae07fff74ca04fe6ea2099da720864f51d
wbb,2427,#0259a6,#253a51,9a0d45f5be18a15fdc4fa8c71dea53237e18182e7b6e239e879e23e40c595441
wbb,2428,#89052c,#20171a,fe146d0d5314b112e6fecc1c116ef19e5e0de89cea60342e37956b50c9f23b6e
wbb,2429,#005035,,96a23e7c40183c7731402eae581979de7a704893cfd46be206f198a24bf948da
wbb,2430,#0f2043,#f3af1e,588f71abed45457ee30155088e60cfaf715405657535cd1b051af4ae6a5c8a20
wbb,2433,#840029,#de9218,ccf675e2c704d23dc35eec58217202e2f50eb124275e6cd212df739326081e72
wbb,2437,#e51937,#231f20,3a6f092732988937e8ec930343afc66e82258defdc32879960518ba3b6d2e9a3
wbb,2439,#cf0a2c,#5f0514,3699f4337084b482b8b698fbecb4bdfdbced4370937be37a42842d96555b6df2
wbb,2440,#041e42,,3b6335aec4a77d221c64d9b1ddf01c06f2847704ee6e6d3d930517e1b9665433
wbb,2441,#051e42,#e2bd48,67febef85a4d3ae01e273bc89c89ada13621dd5f6a431807946d71bf189e8122
wbb,2443,#46177e,#fed400,1288402518e3ddcd3256521b0b3266417d321179d13a4e170327296529ab655d
wbb,2447,#c41230,#8f6f76,f0b69c891db7cdeb097eec53f5c34bd57da711b6b014a4cbf3b2850d44bbad92
wbb,2448,#014584,#fbb927,2f7c2ca1e483d7717d33cb9beb73dbb5a5659fc00b1947510e80d640796a88d5
wbb,2449,#00563c,#fdbb25,a807289822ded61aec1f3d412e0246464154c2af329002ac810a9bb5ca268228
wbb,245,#500000,,0da7ac07d04adcd38707b88a4198e988b830ed49a0ab6c9378cfb4cfb980aa08
wbb,2450,#feeaab,#93c3b8,881eb215cdc600aa14298d94e36e691dbad91585f231ebe5163753b46eaa8e5d
wbb,2453,#592b82,#8a6aa7,1c395ee6c1ddd58ee58f1497114e17cc570bcf50ef4bcc3f26885fb8ceb34913
wbb,2454,#001a49,#3f4e71,8b1d0d0584f651f2054eec264a7813f43f6296a93f5c1d1c32bdc9d112484d39
wbb,2458,#fcbf25,#032e5a,57bab56fc7d34ad78167f71bc9ed46298d26a3cfda9788900468821b7f469279
wbb,2459,#c8102e,#36292b,8eaec08b517c299e9104ceec51d9fd92cdb1c5a8fdc029f605071b518ba94c1d
wbb,2460,#4a116e,#ffcc00,d34bf2280ad87249efc7f64b99331f21b0be591e74c6f13697701eb954385d77
wbb,2463,#d12030,#482125,d2fe9d8e77bc677e641b5b7b5e3cffd1124fb5c3f3f0983561a87a9666d76f33
wbb,2464,#f4b600,#06205c,10f81c2897a6c87d6f569a2b8f89483758f8d666c3fca8600ef581030394f12e
wbb,2466,#492f91,#d5865f,3bef00fc8ed7fd0510580cadd48e93c67b617692bc0732a43d9553e6875677ff
wbb,2473,#bc955a,#41372d,594fba75726c9697baa25ebee41d4f030e215f6dab84d1ca9e04de10f581362f
wbb,248,#c8102e,#e695a0,d8984a3cc57ea50d3002bb08515942af2be523c4fa404a670515da041261980d
wbb,2483,#00934b,,57dca8a00b01bebcfb1e0c7ceafe0b046e175c47ec7225713b3930e7fcb7cd05
wbb,249,#068f33,,5953d0a7dd1e44d82402467043f2cd63003d74a0dc3bff754cb467ab93104436
wbb,2492,#001440,#f77f22,1003f17b9c2e77530710c261c907fac4925711e6c24fabeb45310b467690d6ca
wbb,25,#041e42,,e77c7a116c09151929c126691922a76de34689b273f0cf8748097fcbbde087a5
wbb,250,#01509d,#ee7122,988d1fd8806c9c3c7bc26687432622b988e34c7d3833a47f624f113f65372b70
wbb,2501,#330072,#8061a7,683cd74fd53879a481d19f5b9b74139ab175cc7081ab487f08f640ec353281fa
wbb,2502,#154733,#a8bbb3,39f24819ad2c5b6fb1c08ef337c195759a53742cdfeba031dc78aafb2e406fd7
wbb,2504,#4f2682,#ffc82e,480496b0cc068a4cf3431419fd4c494ad2666d530a08fdf23ec3b5b498cdad10
wbb,2506,#0061aa,#a3052f,c0dd8c21bda9272fe5e7ae245ec1c90f0fa6b054981a13b23e0f1ef0add11c11
wbb,2507,#000000,#2d2d2e,46a87678b2132dfba03307d09c306e823465bb88aff1689dbe4b2e15349d382c
wbb,2509,#ceb888,#000000,4278337c6eb6dc808cbb8ff5e8fa0cb068db59aa75def6324a27f773201455cc
wbb,251,#af5c37,,12d69bb78c3443bdbcc5a7659f288840a7a3862d70043eda3d8868a229eb7696
wbb,2511,#06205c,,6a1521ca37669f7eb3901a7c67c36b1cbfa11265a7ac94129de55022aa52348b
wbb,2514,#111b2c,#f3b035,05602aa11ffd7ebf21bf2830a6216475b512e6bcad6222b7db02a573accd43a0
wbb,2515,#c1011a,#813655,98edce0b13a5fa6cb0a8276ea24b35de05d7d3ea75de35e6a58b6d39d836aa87
wbb,252,#0047ba,#ffffff,4c49b759151574b979556fb10f1e245ec8cb03b4b3b80d4d352b5f909293976d
wbb,2520,#ab2941,#363435,ed7f9e888ca8f916c55baa7c7ede308d75a96aa84adedf7a2f6b1ae6eb95ca85
wbb,2523,#0d1d41,#d1122b,6a0c84b7020b728e347680adbc87daf7435c2767cb803d89a81353a17d650c14
wbb,2529,#ce1141,#e993a8,71dd8f23377d56fa5a95e8c3ab4ccd6230d005d32691090b74d44d66e0be4b97
wbb,253,#c82026,#000000,010f875b4d755e88008ed65e13598ecc01fd7d4e5f02f061a9061082b7ebe15d
wbb,2534,#f56423,,ce2765d5ba86d0c61b0fd7baff4aaffd8dc12a0e1e76c8f75699ab403cf0982c
wbb,2535,#112748,#495c74,7ece3411e3481fc392fc9185ae64216d0a33039607bb657a56e9782699cf2f16
wbb,2539,#ffc10e,#005936,fa6b84aa1d1366cad56c87b0038fbd7ebe23abae006d2a40605964669fff01d7
wbb,254,#be0000,,54d1837e37240cb37dcbea2b2dfd518bdf8531344e5f5397ff02a1d2111b5b43
wbb,2540,#1d1060,#04020c,6004224904edc66cc06f9446098f232cc3aa6aa00fe7478706259c5d9479feac
wbb,2541,#792439,#a8b2b7,b3ce9ea4dcd431c1fffbb928a0d771b539485082745dbcb41304b6a9f8119073
wbb,2545,#1a5632,#ffc629,ace0e2d4f5c9e0b0bbcda80182d99bdd136d593484d124df3b2ef76efd5bd3b3
wbb,2546,#da1a32,#710d1a,bfaba7f269cda5ea8606cb4adf8016405383d9b3ffc6c2b8deb427684c640cbc
wbb,2547,#aa0000,#000000,75105d688e00e83e3be805f5143ccf0b32b5d3f5df5b30f0546f379c04b07baa
wbb,2550,#0061aa,#a8b1b7,5260d23c6b78ce4ec335db4ca06e5392dc2a5310aed9c9f9ea3d7a9d338afbce
wbb,256,#cbb677,#440084,585459126d87e56750ae902d78b198f63e44b8a6cac5c25b1a6c9483366229f5
wbb,2561,#056749,#ffc62c,1fb9a4df31a1afb009ae2282dafba8168f936d73bfe816326b0895269b6c9d7d
wbb,2565,#d1ad83,#e5182d,1c2cd3a6dc3a006ac815ac9e6f81363595175978fecb67f04192e3541e0ef581
wbb,2567,#a80000,,1dbe095805cd1636fc5aac2918eedf81b4dad43329a8c1e665616ee1d79840a7
wbb,2569,#900028,#034293,f7284bb62fc664c97e9d70e92723045f4efa2f56cc180a92738bb594ef627bbf
wbb,257,#002c5d,,e6901ec451f612cc83d717f7c2f26d83db1572e67352855d944aa55f995f4c82
wbb,2571,#002da2,#c9a016,6962bbe537c5b06bd306af1b003588e899dfa16d14be86c4a14d0e5c92ef0cff
wbb,2572,#ffc72c,#937b1f,4a210457f8f078c29cb143f9bd8b1ae666420e8973edd12c5ad5ce4fdc3f5945
wbb,2579,#74000a,#340003,c9e93c5450038047b77651cc3713964b83147bfd8df1a96d299f1e190aad002c
wbb,258,#232d4b,#f94d1d,d35c8362ad7a6f03b32e30bc0745cb481da320da96010c7327f3c78359ac9fe5
wbb,2582,#5fafe1,#ffd356,a98850fcf1127da1c604c617c62ce3fb35cca124f93f22610aaf16eb751d4892
wbb,259,#6a2c3e,#cc3b15,56dbddcf5acd291817b559a31b6d8aabc91fe1ef1d27f47a527d353dc706cd7a
wbb,2598,#be1f26,#c15a5e,e6f66f2539a153fe713cb9669c7baf7bfeea4183b7b176ba3c43d529504afb0c
wbb,2599,#c41e3a,#430a14,59994170779f3450adc0ba499de3b9d606bcdeedfb0d3dc959c4a9a9b951c6b9
wbb,26,#2774ae,,5145c6eb67719f52cdf51c92ef6b30486c9a585ca129624d6c7837e369321a23
wbb,2603,#a90533,#390211,cf4544fce3119dbd71d39f48389eff18704136a58282f0a29704381e263c8403
wbb,2608,#0c2340,#b40731,f66412643b9b890e482f386dc7307cd2619b774f201a611e81c8d9e45056cf8c
wbb,261,#a06816,#00502f,b0799eec3b2a49ae92be57b962f8fb3d3353537d0782defc3b893fbd7b84294f
wbb,2612,#003c71,#698cab,51e9faf663b109fae2688eb5b8efc982494f0bc3b508caea17f076a8e1a4c8bd
wbb,2617,#5f259f,#936dbf,1237d32216c8a5cc1ebe022983a18606f47f99e9b0454f1fb26d96f61bb8b9c2
wbb,2619,#0a2343,#991b1e,8e0243b81d1dd5564b7e49042fb2370a38496345b0d3e690db7431c6ba1620bc
wbb,2623,#5e0009,#90696b,46d36761e7c210f650db2499b48da428f5e5aa652e1ef9430868a932e3db88bf
wbb,2627,#592b82,#9578af,7b585d3bc104c647f0a9aac425515b9287fa33481960e830a4a5680216c5b92f
wbb,2628,#4d1979,,864561cb4ebf372171438c038fcf52eac3342a2c1d751e605901e144c70afda0
wbb,2630,#002a5c,#5d6877,b480bc0e014a150ef8efaf1f99bf9a22973cc86dbfa97326da42eb2a33d9a15a
wbb,2633,#ff8200,#489fdf,6b834efa358195223b016559b6ae78f3c38c00c0dd5b77c0075297ae8c09e130
wbb,2634,#2c328c,#8386bb,ab607bdb2e5bbb0d6b793e97a1455b3a41f283ac33821b073281b6f65f20e1a5
wbb,2635,#ffd200,#582c83,cde0e5859d093f528bb61413081fbcafa8edc94cefbe3fc23bade25ca1e51a2f
wbb,2636,#0c2340,#d1623b,37004059b144d56653764501b977eaa58463a70e10a83f7512e91c8b87530f17
wbb,2638,#0d1d41,#f6811b,28406bdc850b40361bdaf2be3b0337b7a538368abc61e81d70ebe0d79434c5cd
wbb,264,#33006f,#e6d2a1,d1b99c2ea2a3336916b6906c38470338b07bd1e66c09c4433080b0d7017709b2
wbb,2640,#860235,#a25e7c,3da07ee44e2790de2be4110638bcc4316cff5cfaf196f45582b6bdfbec13067b
wbb,2641,#c8102e,#810a1e,be16f2f868f97ef01961fe3332252aa767be3a860438b9f0da054bf7205b66e4
wbb,2649,#ffcd00,#0b2240,64a7bd6719c228709bd83551956fa1d28b0e4728dadc9dd14ed4c0fab3a0b0bb
wbb,265,#a60f2d,,13774f9131a5b477a7be0b6def39516c9a4c5752a7add4d0a4eb259a174db289
wbb,2653,#862633,#aa757d,d993ecfbd487072931fa99eb42b7c525768630a4a10884c7b7a1b6a2fc78bfe5
wbb,2655,#006747,#418fde,35db0df8ce98e8180a3d6cffa1c2924f863874b3a4226d6b76192216fbfb4808
wbb,2670,#f5ab24,#79623e,74d890b5a19c17d1b4f73136596490307d43c257583326504dee7d9ccee76d7d
wbb,2674,#5b3106,#ffdc04,5091e2749a9f848861c959a422d474c27afb57652a961cd959f226feb1e22893
wbb,2681,#00483a,#4a786f,c256af3ed07b32a9df7af3685b550add941d834878af809c71462215f2dafa00
wbb,269,#003366,#ffce02,5721cb1ac1a7fdc16b46d6a30636c17d8316bc4b72e286dfc66dd301cc3fbb9a
wbb,2692,#42246f,#281f2d,13398176a38b167728c4ba1c3bc3b4900d05feb0c6a63f1bd95996bcd2b8ef61
wbb,2697,#041e42,#0072cf,46a358c29ed3e7ba1355225c649dc9b614a5b3eb253794e049d4ee6b3a0e325f
wbb,2698,#0033a1,#dc1b21,64ef85a9bccd3137efa376d27e95dd95d35ec880991238cb53187ee8c13113e3
wbb,27,#003ca6,#ffb91a,9478adb494b57c7c27b6f94c3b6ca08570d30cad47666edcd56dc9f77061d7a6
wbb,270,#b7a66f,#231f20,58a4cdc5aa7e07760c3942a1ddfe8963bd8ccf25e390693327da0f67f47ed8e5
wbb,2710,#ffcc00,#663399,2b245a4ddba23d0259bda9a093eea759527f70c0f941f25c0e19c3abe544b5a4
wbb,2711,#511b00,#f8e143,ef109dce0c75f0e11715f9f08bc2b3bd8b5b60fce7d15b5bc19a1c8702f4ed2e
wbb,2717,#5b2e87,#c0a173,57fa1e36a7b0865127f294795970c28f908fc8596848a3e7903437fcd6bce8c6
wbb,2724,#fccc00,#524a12,fc34c4deae8abaa4fe039c59f5c87e3364a286ab4eec21e86c9f1a600f7303f2
wbb,2729,#185640,#f3b120,5e22af23b7ca50663afaf78342eae31ec635b9708d5f537bf61927a2afc5c1da
wbb,2737,#fdb728,#a80532,e88e51c14e23f4d19bd9a7db02983a9e13a4bc444b8b513e1d226390122510df
wbb,2739,#0d5640,,9f783c4a4245683b74e62dba88baee0256b406cffa92a082db1ae95e238f5dfb
wbb,2747,#896e4b,#000000,1565f7727ba51d229056693594498b351b126ed4588c8157dec171ca230cffb1
wbb,275,#a00000,#000000,36a5c3e0fae73171c91f10ceb170ea820f4f46c4899ee8a66e900a60b597ee98
wbb,2750,#46512b,#efe1b9,a0e87d892ccee9a3871048e62cf8856cfec820973afc20f5f26357756a268394
wbb,2751,#4a2f24,#fdc927,05bba88a8466751ad257c493aa035ac284f98772115faa19a5aedd330eb63447
wbb,2752,#21304e,#9fa2a4,4bf21f691cc97b49e985dd492badd330ace93b91a068e08c8ca37c005d47c826
wbb,2754,#e51937,#c2959c,c0dcf0098c73268d27abfed0588322c6631bcb0b4d01258dda84b500f924d3bc
wbb,2755,#f0b310,#a17e26,d12c2580ef152e4045dd4b121c8ba665f1d72b2e84a37399395c45c309cd2d03
wbb,276,#00b140,#4fc675,1da7fba7069492d881b01a375a5ffde5632273d31118d4466d1b92db447daefb
wbb,277,#002855,,5d80b2a5a79d7c5b8dfbb270f0140bd7353b87b6fcd8dc43a60ccff9a72baa29
wbb,2771,#01356d,#5c7890,50145f8c623bddbaa1e5890b49a12dc4cdbf078467aa459e23c1be2afc517f3c
wbb,278,#b1102b,#10264b,523302ba48abe65ce9d778912c43f72fb7322a2d5815d8ac324f89772a261d14
wbb,279,#df6425,#864728,3b546b38d6c6c52f953ded0e940b066c2e20765eb1783a2d60dcdb408e60fd1a
wbb,28,#13284b,#fccf07,18319494d430abf8eb1cca0ac5d6961c36c923941ba6d8e74caba5f1f818c363
wbb,2803,#a69575,#413c32,cd25eaf4ba461869ea71a864530f1df22669f6f8b7d43c8dc2342429a03b5dda
wbb,2815,#b3a068,#6c6146,e563c230bae64bcdc7e899c221f1a851a97a8b2fb863439d17e6e501bf98a187
wbb,282,#0c4c91,#4171a5,89cbb62dedc9c6a745c55dce2129c869f96f87e497d84a49cca4265633c429e5
wbb,2837,#ffc333,#00386c,fa46556eac9485dd574440779b1951f968ce2a2977959dd9be1b8a3f5c051974
wbb,284,#342a7b,#746f95,db01008fd8577b962aa597f7a64ed7e2f863b6d9e488ffe814f71091eaa54ca6
wbb,2856,#002453,#b08721,d106ea15b05550165fab8e91f39a8fe9edc69e47bb6e59a697b2b6c4ddd30122
wbb,2870,#c9b99b,#000000,f879c92b3e9997cbc08e4b4a1dff8c45061a3d101a7195245eddeb0c44ba1281
wbb,288,#fdb813,#250858,472a680c2e49c54f606eefbbe63995e44a50106ac66a0a1f65aa2a49cd0f9923
wbb,2885,#121f48,#83344a,39025bd72efa13181a4f5b2b982384e6b6ac70304115113726f6d1aa0f5e7324
wbb,290,#051e41,#a5acaf,70309e48c4248f1eafe5cb07f266fe8210f46f6dfcd58590febd7f9b2f616eb9
wbb,2900,#512873,#7b5b95,0919ae81afb2cb501fd2eb65c9ed9a2006b5d75b489a3e46916c4925567b7424
wbb,2908,#008545,#1a1416,046eb165af7d60b50ae08c3c6cd8ae1649e16f7086fb469432869fa21bda3a7e
wbb,2916,#d0333a,#462427,1fafa4479521073628f980490bd079510401291112f715726590514f4089196f
wbb,292,#fc8804,#021b3c,0236c0464b299284dbca6be0716d7c3fbc1785af0d4754edd611aa5f98b4ca9c
wbb,2934,#f3bf32,#1b4388,87dbbd4b33f670367916cc885509000df22de386f7ac7a597ad31b01a7b2395d
wbb,294,#0b4d43,#b8ae7d,08549f76c5529261f0771fdc8ac96bd6014f275e322cc3209b650c7b3f9dbce1
wbb,295,#003768,#9cbacf,d7715a34978cfdb27bdb863a6c0de3d7a4c122e80de0c72397b8a23aa3d10fa7
wbb,299,#040707,,2da1db5ce777595eaa0a54f2580a2c195c6b258fb6a651739ccaf582dae7fe08
wbb,30,#9d2235,#ffca2c,abd4a69d1efca7bd1c944acf8a5a77b5bce41602da970e9779f0bf6079489c1a
wbb,300,#0d223f,#fec52e,701c22e1218d950a63b7cf1a722ef4f345028c78a42711eae26bcda7a47fdb67
wbb,301,#00275d,#2d97d2,97c7a4757694704ce5e975686d1429808cc381fb6475ae72b8e4f467a42d1d24
wbb,302,#0f2c52,,f30b549c6c0fea64b65100f480b2092b80fb845c2d63304b451e04f1db968aa8
wbb,304,#f57a1f,#956441,9e7a357ba8c5a56848a2d2a70c5184b27a2e937272065771fadd6b10df939435
wbb,305,#0051b8,#ce1124,ecccb90d360d46b4aeaf6cc44a5b7af61653e7cb599a86882bdd43810e03a914
wbb,3084,#1e5c37,#518164,0027556333ab8f5920adc3801888f33b9957f979e7510a925699508dd7a428b8
wbb,309,#d3181e,#2b0607,504a8c3ff5469e6c367e3925e573324e8efd0c0e42a034658e1609a62f1b1ed3
wbb,3101,#ba1c21,#003058,8a12a10bf06517543a9ffe45f44a62bf36da6b3d3d20dd6cb62e8e924e5da2ea
wbb,311,#7abeea,#810d2e,7de3ab29e9a6a7cbeab35fa14383b643539c9f52b804785981ccec095e4cfeef
wbb,314,#712d3d,#c89261,c542d1e1e77df6ad8681009de6431dedd71d9c01d0b26d8745357f4dbe5e8247
wbb,315,#342a7b,#000000,7d32280d89838a206a7fa6c94125856363cc416c423901a61665bf363d6912d1
wbb,322,#910029,#322124,87a3bd409adeb4cef6066713023bf95ddcc23fc8d3e96ea04406db1f1e534f45
wbb,324,#006f71,#a07752,16b25eaa685f36feaa1fa315a91d58c83349fe7401eed3bd6e396552006a7f93
wbb,325,#daa973,#e9cfb3,9f09cd79f530bdae31eb7bc49643af61dc1d5562f8a92bd626c8fa4a8aec896f
wbb,326,#501214,#6a5638,0e81afbb4d334e48237c83fd2cea6239871e2f8167def9ce9a836b1e2a325366
wbb,328,#0f2439,,d2cb5546e8f39a2cffebd99ddbb06be2bb4b4b634414a6e628573ad4bd04f1f2
wbb,331,#c41230,#000000,c11f8657322b3ee05d230694fd12d825216c69635ab939bc0ef7593554d29db1
wbb,333,#9e1b32,,bb55649cd4257a7d13b58db3f6cc85af8672b43f6eb215b6e729c7916ba5e4b8
wbb,338,#fdbb30,#695a32,b2697f1cc59faf361dfb9022c0e1a10af9803f9ee70b0ace29ce2abde3cd6618
wbb,339,#fe981e,#371461,f28a9e7a1c89bf1b02e40ab5add09fc28baf32ac4f9203ad8838d07055f6440f
wbb,344,#5d1725,#94757c,1854b6d52609c4db7daacc59ce122017c3eabd2e70b9c66deeec297183d4d46b
wbb,349,#d3bc8d,#9f8e6d,bbe36252ce70f54489fbd0a0c0ec27bfdbd4f84d2789fc9906bda5ccd93c7aab
wbb,350,#00205c,#00665e,a1f01256c68f9dc9bb6befd23fa93f82af596c92ef37bab80a76a808ad635edb
wbb,356,#ff5f05,#13294b,62c3b65a1ab3e8cad05832d76dd7b3fb695c8220c07f0fe5aa44ef12abcda56c
wbb,357,#007ac2,#00853e,9e99adce9b4c61f979a5eb09fd31fe809ed6e70770a75a81effbb8bef177182f
wbb,36,#004c23,#8da47b,356212f740fd77198672d89b67e66d91c514c8892123f77cd2c63071ce6c8706
wbb,38,#cfb87c,#877853,69f6e383b017d6494ff7e0456e90211ca41e4c746aa0532cf762256651aaf192
wbb,399,#46156b,#6e5183,8f775693e211515deb77394a0e8ba895962a139dc3f04923956afa178fa08ff7
wbb,41,#0c2340,#455268,3ff5b782c09c76a90568f2d8434ca70efbecc7a4f65ab0cb66d5c00b1e384ad2
wbb,43,#0a2340,#89909f,38a3a325babea1036d6849eb7c87d6d63dbed97aa1c0bd5a03aa2d4b9bf86b07
wbb,44,#143d8d,#c71330,f483de6840f38848bffe6ae94dfbc0781cc3583f242a13aa39fc664f939e6f5e
wbb,45,#e8d2a0,#102c61,2219686e2c524497678c6c62d417371115fe7a249036491f962d5ff4b327b2d6
wbb,46,#15284c,#697587,19125d5969a8c7204d90e2ec4cfdaae41b32b49182a75edbdb0b1b4c389a2dee
wbb,47,#0a253e,#6d828e,318ab52c35840aa523eaa36a023644cff8f7bafdb0b36962a4d55e54f6f9be20
wbb,48,#00539f,#ffd507,89e021f5f9b67d3024a17b83347dbb76d77a2b08fc67e8ac49411317228c7964
wbb,5,#1b5732,#ea0133,905b2e96ff5a391a789276d4b211134ca295a91bc352d1ba5668c79fbfcc0bbb
wbb,50,#fa9a29,#ba7526,a4845db1b8fc05b6a186f2fe8e2453757d949771b5bfcfad9b69316fd31ad84e
wbb,52,#782f40,#d1bc8f,2b8ccabe8c063ef5f2fbd4c21b489179d94782ca4ea6c14dd3e5d1728afa61a3
wbb,526,#135387,#029569,b7c86f7b465a91ff69e53c378913381d7a258da84835a19d6eb47c10a9d80997
wbb,55,#cc0000,#610000,ea8258009ea1024de674a785b6ab4229fbe55e3453e7931ebbaf61fe01f8c2d9
wbb,56,#0d5640,#b0c8bd,818808ae1985f007f57581a3df7360b49979dc8fe4794d0f18be6ede8013c551
wbb,57,#22884c,#fa4615,2e70460ca7c02a03d238ec4d9dce163a22401bfaa9842cbbf2f1ac1a991d6d50
wbb,58,#006747,#d0c492,a74207f69d800eba006138acef12a1436166c868ba14c94e1578190358dd0d14
wbb,59,#b3a369,#002e58,c50e6dcbe550c656e79729b1dc4d348a2deeb66dec33a331f9df4cb23885ce99
wbb,6,#22346a,#b51b45,178ada0fb7df8fbf295d6001a992835876f2cbde64225d35ff0ca7dfdb374c2c
wbb,61,#bd0b2f,#000000,fa5c7fb14d5ffa38eaddfeb80161835e60a3d496b57db5e0ebda5e6475226d8a
wbb,62,#005737,#b7b7b7,0333c0f1e6c941c9207f9aee9088d7fbe952fc9eba1fc8ea5a075bea92ac92f4
wbb,66,#fece2f,#822433,8b490fe0621ea18538cf38e2b9c462beff54b26ee4707c54d024547e82e7cd63
wbb,68,#0033a0,#d5430b,0fe810a62f4c54b85bc0ab652c5acec912c7abcad5b8b2068827ac5f3385fccb
wbb,70,#f3b519,#4b4337,90a5d108db490744199b4e1f2cc45d8b05ac06dd0e3f05b223e3a74ac01ec2a3
wbb,71,#a40000,#e6b9b9,3245a2ffe2b92b931bcdde0f5bfe2c6f59904066f37cc3f02d7c75d0f35756eb
wbb,77,#492f92,#9687c0,d447850b4a4d514fb7692fec4cda3e4fe7268c9d664b53e93f0f8fd476b1e6d3
wbb,79,#6f263d,#996676,b67e5afaad47a604f385ab3e7677568d9f282b8f49420c66719438898ea56ab2
wbb,8,#a32136,#50101b,16e44ba49923991c70b824707a4c541327834a308472ca471f0001805a6a8d91
wbb,82,#001e60,#db002f,b56fa02fe05dc73837411d21ab15e1233a3fdced02e31c6736bee77930f30bda
wbb,84,#970310,,0dfc3e06f6e158d96df2b9729de6b1cd6a5a5756ec365cd0b998aa6ecb45aa66
wbb,85,#dc8a26,#c9b086,c19caf4f490a27ac009d30ef125d121bc536477594756d89c1a26da16ff332b1
wbb,87,#062340,#c89600,5c0412f57d3fdf05789d255595ce014bbed36c6468f8ec3d8471450efe5f9f10
wbb,88,#002c5b,#a52a45,acfae037466dec5151aff92ef05f955416cc29c805f05773a9734f02b122aa9e
wbb,9,#ffca1c,#7b0430,12740d7f76563f339392d50d215e173925114d2ad48d576263165f3b31052998
wbb,91,#7a303f,#8f6972,5ef0cd7d15eed73287693dafb83be8b652327ce00d3194722d811e5c51712f27
wbb,93,#ffc607,#0c2140,76c3645565824ce0dd2235ca90b99a0e5f4fee8e797ebd80ad9c81dfa1a7db2c
wbb,94,#ffc82e,#6e6232,08ae1961b45853dc00a9b2f45a970be7a14a77507fdb94486a9dfa8081155189
wbb,96,#0033a0,#6a81c4,6f5dec8dea23de372677085b6ecc0d8f49420e3d0a0a5336e7165c94160f5015
wbb,97,#c9001f,#fdb913,7c5e06bfb990c80176ef56e171bfb2de264355db54c592462d5f8a02404412e8
wbb,98,#e13a3e,#781f21,4bb5d1cbe2d259b953977bce4f72c66dacd5a0e5afdd5a240ff3fe41c2daab17
wbb,99,#461d76,#b28b44,d02e29a9f8824740d848b4a83c574b1c1942ba1cdee61b3ee08611634cc86b46
whl,201,#daca66,#302e24,97ac879300d61a26fd36b6b7268c7b7e2e5cd05c01b621383990553be11b2aeb
whl,202,#ce122b,#4b0a13,5e68e6b30194e62746acf40004d65f61a8cbe1843dcf7e40df6fd8e9b41d866d
whl,203,#002d62,#d1441d,3465bfeca18b5f454d093b3020098468a7dc2af76b36558f026f9acc265a813c
whl,204,#008b95,#e51e37,1d83c032f9c0009bd852fd01304e441e35e88fcaef1f2a72b076bafad8d1af5c
whl,205,#c20f2f,#0b1c40,b22eaed1448d95dfe96ecc0a78576dcadfbbd13ae4082312af8ddc5e4ca52035
whl,206,#694138,#d26149,a0420d262b691952eb167ef20f0db3e54af57e1d224b2fb24a23835dae3a3f66
whl,207,#cc0000,#977676,48a05ea7118938fc194ad85c1c2821ba6fde0ace57ea739891f61ab4b34ebe99
whl,208,#ce122d,#8f8a70,4f51afa42a5e5c30686e6a689f2af450c07d799b843c94d4791fd6b31e1f4f2d
whl,209,#c9ba86,#017732,7b18d115ff96d594535608fbc50ec909588cad217b785c03321851f52ebd3577
whl,210,#d2202f,#ca966f,fd62238fafed1e880dfe43362ab6319c3df6a414e06161cf7385f852eb485bd2
whl,211,#7c0626,#231f20,9f1c001f10fd46dd189572f9bf6ef84cfdec783f97fe5b11c03461bb686e7d8c
whl,212,#062f6e,#f6313f,4839ebe1c7d9dcdf5559e84b0b65b47b0cad4750f3be003cb461d7acd62517a8
whl,213,#ffc72c,#0605a8,970c9e4429d2dd55ab4e10aecd2c073ebc4da6f71f91097ce02a6866cb8449be
whl,214,#186f6e,#003172,b72d82c35938f55f1295003c31efdc32e8b027cc24e35a55407dea15efc50782
whl,215,#ab1a2d,#06165c,631dd24de63a1937c52e8808d69277d165169761cc8a27b0cb6a8c0f59a62be0
whl,216,#166938,#06205c,1ec277f5b0d24ed230c96e3ff573c1d3526a6198b1ebee83329506c80a88c61e
whl,217,#002d62,#6d7a99,935d6177e4da96781d7c89ee701a42588a439bc91a4dae165cfd16ecdc17b6e8
whl,222,#1f3c7e,#667ca0,1f25161d3496c1f83e0408cd42f60dcf8c3f0cefe9f10c837f42f8e6388bd1c5
whl,223,#955860,#ab1e37,c2fd1f98ef338ed8a951d40c8222233cee7de9aed67762b7aca926a7829e0e78
whl,226,#a0662e,#174936,48f7a1c4568214a833dafa979d8cbd9786567bf1881d97a1a9905b19637de627
whl,227,#192958,#646e8a,8845c9881e3ac4b180bf2eef15edeaa47ac360dcd4b8815d1938cf30fa643bff
whl,228,#fbc92c,#00529b,ce7b6190c03059965901302da16b155e2d57623753618a0cab1323479cce3a0e
whl,277,#0c1e42,#97b7d2,71063eae369eb21f4d8670ff132ebe51ebace689cfca5be845c16e89fec5dd31
wnba,11,#3c286e,#fa4b0a,cabf18c9af751e07c8df012fde18e326da8047d789bc10298be48bfe6f0f3ab7
wnba,129689,#c29edf,#645274,183ed0768b02cba0e09a3a63f9f708f0b0e42c1195d5ca450bb2495e046f9da8
wnba,131935,#441d36,,2268104ab5df4d3276b4469b89559f488d61464091755f2df8ce84d42ccca5e8
wnba,132052,#ed2891,,850ecf7746cad220e4f47479426ca28427f9b4e60c7a01cbed548ad3e1dba51f
wnba,14,#2c5235,#ffe619,634fdedf3b5159700d7af3bc22275a6098c1675ee8150de8534a9a8ac86ad7e3
wnba,16,#002b5c,#d9353b,22ab495b2a94a36382998d38c65ca0bde263ef8f7dd2a8cb89feef892f066b4c
wnba,17,#000000,#aaabac,d3057fc57ddcd581b22821cab1d5fcc21a6e7b9e9bc7a0dcc57c3ef4e8284523
wnba,18,#f05023,#0b2340,aabb0e6063c6beede9cfe20e17596e4181ba087f864adf762ae3e3c8ca60e572
wnba,19,#4d90cd,#ffd620,ca0e10ea4d2071669cdbee6d409bbd699047b5ffe18eff3d0388a00fbfd33945
wnba,20,#e5173e,#7d2c3a,e102207a9739a4c4f036a7448ec130a10329adc71730d954ec23c9f7f68a83f0
wnba,3,#002b5c,#32908d,a5137a5545b847a96f798bb8ec059f4a908acf898d4cda371fb17b00e2333b65
wnba,5,#002d62,#e4393d,54229f470dabb4795f3e09f979805041d0bc60e859ba94f8bc3d3c2939e8a1bd
wnba,6,#552583,#fdb927,1d67f7b64178dad348e387eda0fbce1e8049a3c9d18cf2e109398d2a560606db
wnba,8,#266092,#0d2440,7400d6af343a3f6c725c70d1967050a0c63686f51abb40cd4161f7b84f629c76
wnba,9,#86cebc,#537069,88aaa89584094c04a6b37ce67693565feae3fb04728da508830daba1b61d343c
xfl,112646,#c7102d,#a7b0b1,e78983e52d4849772620a6448c9e9b94c083d203ed4be39efd1b58a9dada42a9
xfl,112647,#69b3e7,,328692e540606241793c3c9cd7b5902f27f6a44e395e2640928557ffddda06cf
xfl,112648,#0b2240,#c1022f,653da96410c191e4215366a574939475f0723c70b322c315f3647183d4b7247b
xfl,112649,#c20f2f,#ef8903,9e4f3e4234ecb18904b00634b2469a589792e9df71c5d93f009748f044913df4
xfl,112650,#111821,#a6a7a9,855ec41953663c8e5d7d1e66a3ef15389d58375f90c0ecac0a88f9cb9f3f5e9f
xfl,112651,#002577,#506899,8bfa087b379e73b7bf9a60a6324ed1134c18d55163135a7854c4ee3cbc13a581
xfl,112652,#3a9d2f,#4c4034,18cf22fd93d7c28a72f8686e01be76ea3ea105c7eae265c0e57e5fc6625da0f1
xfl,112653,#00833e,#04301e,dcebadc18da19b6485a525d8e749d34cab07d14d3d7e42430c1d426c432f706c
xfl,126746,#fae200,#2d3639,8511174bb6eb68fe18010510d4aca83fc4833e88d22dd7c4b4762c1fa195b43a
xfl,126747,#ff0600,#000000,82f44171a2c2a3219ba80a2f45ccb213cc65b33e42c5d0847830b9c3d5fa064a
xfl,126748,#192b1d,#a3a6ac,2b0b001f6c61208dc4b2c3bf081a08034fc6a7eed7c166d93e93984aac2328d0
