league,source,entity_id,entity_name,valid_from,valid_to
aaf,aaf-strip-crop,719,Arizona Hotshots,2019,2019
aaf,aaf-strip-crop,720,Atlanta Legends,2019,2019
aaf,aaf-strip-crop,721,Birmingham Iron,2019,2019
aaf,aaf-strip-crop,722,Memphis Express,2019,2019
aaf,aaf-strip-crop,723,Orlando Apollos,2019,2019
aaf,aaf-strip-crop,724,Salt Lake Stallions,2019,2019
aaf,aaf-strip-crop,725,San Antonio Commanders,2019,2019
aaf,aaf-strip-crop,726,San Diego Fleet,2019,2019
ahl,hockeytech,307,Connecticut Whale,2011,2011
ahl,hockeytech,307,Connecticut Whale,2012,2012
ahl,hockeytech,307,Connecticut Whale,2013,2013
ahl,hockeytech,307,Hartford Wolf Pack,2005,2027
ahl,hockeytech,307,Hartford Wolf Pack,2006,2006
ahl,hockeytech,307,Hartford Wolf Pack,2007,2007
ahl,hockeytech,307,Hartford Wolf Pack,2008,2008
ahl,hockeytech,307,Hartford Wolf Pack,2009,2009
ahl,hockeytech,307,Hartford Wolf Pack,2010,2010
ahl,hockeytech,307,Hartford Wolf Pack,2017,2017
ahl,hockeytech,309,Providence Bruins,2005,2005
ahl,hockeytech,309,Providence Bruins,2006,2006
ahl,hockeytech,309,Providence Bruins,2007,2007
ahl,hockeytech,309,Providence Bruins,2008,2008
ahl,hockeytech,309,Providence Bruins,2009,2009
ahl,hockeytech,309,Providence Bruins,2010,2010
ahl,hockeytech,309,Providence Bruins,2011,2011
ahl,hockeytech,309,Providence Bruins,2012,2012
ahl,hockeytech,309,Providence Bruins,2013,2013
ahl,hockeytech,309,Providence Bruins,2014,2027
ahl,hockeytech,309,Providence Bruins,2017,2017
ahl,hockeytech,310,Portland Pirates,2005,2015
ahl,hockeytech,310,Portland Pirates,2016,2016
ahl,hockeytech,311,Lowell Lock Monsters,2005,2006
ahl,hockeytech,312,Springfield Falcons,2005,2005
ahl,hockeytech,312,Springfield Falcons,2006,2006
ahl,hockeytech,312,Springfield Falcons,2007,2007
ahl,hockeytech,312,Springfield Falcons,2008,2008
ahl,hockeytech,312,Springfield Falcons,2009,2009
ahl,hockeytech,312,Springfield Falcons,2010,2010
ahl,hockeytech,312,Springfield Falcons,2011,2016
ahl,hockeytech,313,Adirondack Phantoms,2010,2010
ahl,hockeytech,313,Adirondack Phantoms,2011,2011
ahl,hockeytech,313,Adirondack Phantoms,2012,2012
ahl,hockeytech,313,Adirondack Phantoms,2014,2014
ahl,hockeytech,313,Lehigh Valley Phantoms,2013,2027
ahl,hockeytech,313,Lehigh Valley Phantoms,2015,2015
ahl,hockeytech,313,Lehigh Valley Phantoms,2017,2017
ahl,hockeytech,313,Philadelphia Phantoms,2005,2005
ahl,hockeytech,313,Philadelphia Phantoms,2006,2006
ahl,hockeytech,313,Philadelphia Phantoms,2007,2007
ahl,hockeytech,313,Philadelphia Phantoms,2008,2008
ahl,hockeytech,313,Philadelphia Phantoms,2009,2009
ahl,hockeytech,314,Norfolk Admirals,2005,2015
ahl,hockeytech,315,Binghamton Senators,2005,2016
ahl,hockeytech,315,Binghamton Senators,2017,2017
ahl,hockeytech,316,Wilkes-Barre/Scranton Penguins,2005,2016
ahl,hockeytech,316,Wilkes-Barre/Scranton Penguins,2017,2017
ahl,hockeytech,316,Wilkes-Barre/Scranton Penguins,2018,2018
ahl,hockeytech,316,Wilkes-Barre/Scranton Penguins,2019,2019
ahl,hockeytech,316,Wilkes-Barre/Scranton Penguins,2020,2020
ahl,hockeytech,316,Wilkes-Barre/Scranton Penguins,2021,2021
ahl,hockeytech,316,Wilkes-Barre/Scranton Penguins,2022,2022
ahl,hockeytech,316,Wilkes-Barre/Scranton Penguins,2023,2023
ahl,hockeytech,316,Wilkes-Barre/Scranton Penguins,2024,2024
ahl,hockeytech,316,Wilkes-Barre/Scranton Penguins,2025,2025
ahl,hockeytech,316,Wilkes-Barre/Scranton Penguins,2026,2026
ahl,hockeytech,316,Wilkes-Barre/Scranton Penguins,2027,2027
ahl,hockeytech,317,Bridgeport Islanders,2022,2022
ahl,hockeytech,317,Bridgeport Islanders,2023,2023
ahl,hockeytech,317,Bridgeport Islanders,2024,2024
ahl,hockeytech,317,Bridgeport Islanders,2025,2025
ahl,hockeytech,317,Bridgeport Islanders,2026,2026
ahl,hockeytech,317,Bridgeport Sound Tigers,2005,2005
ahl,hockeytech,317,Bridgeport Sound Tigers,2006,2006
ahl,hockeytech,317,Bridgeport Sound Tigers,2007,2007
ahl,hockeytech,317,Bridgeport Sound Tigers,2008,2008
ahl,hockeytech,317,Bridgeport Sound Tigers,2009,2021
ahl,hockeytech,317,Bridgeport Sound Tigers,2017,2017
ahl,hockeytech,318,Albany River Rats,2005,2005
ahl,hockeytech,318,Albany River Rats,2006,2006
ahl,hockeytech,318,Albany River Rats,2007,2010
ahl,hockeytech,319,Hershey Bears,2005,2005
ahl,hockeytech,319,Hershey Bears,2006,2006
ahl,hockeytech,319,Hershey Bears,2007,2007
ahl,hockeytech,319,Hershey Bears,2008,2008
ahl,hockeytech,319,Hershey Bears,2009,2009
ahl,hockeytech,319,Hershey Bears,2010,2010
ahl,hockeytech,319,Hershey Bears,2011,2011
ahl,hockeytech,319,Hershey Bears,2012,2012
ahl,hockeytech,319,Hershey Bears,2013,2013
ahl,hockeytech,319,Hershey Bears,2014,2027
ahl,hockeytech,319,Hershey Bears,2017,2017
ahl,hockeytech,321,Manitoba Moose,2005,2005
ahl,hockeytech,321,Manitoba Moose,2006,2011
ahl,hockeytech,321,Manitoba Moose,2016,2016
ahl,hockeytech,321,Manitoba Moose,2017,2017
ahl,hockeytech,321,Manitoba Moose,2018,2018
ahl,hockeytech,321,Manitoba Moose,2019,2019
ahl,hockeytech,321,Manitoba Moose,2020,2020
ahl,hockeytech,321,Manitoba Moose,2021,2021
ahl,hockeytech,321,Manitoba Moose,2022,2022
ahl,hockeytech,321,Manitoba Moose,2023,2023
ahl,hockeytech,321,Manitoba Moose,2024,2024
ahl,hockeytech,321,Manitoba Moose,2025,2025
ahl,hockeytech,321,Manitoba Moose,2026,2026
ahl,hockeytech,321,Manitoba Moose,2027,2027
ahl,hockeytech,323,Rochester Americans,2005,2027
ahl,hockeytech,323,Rochester Americans,2017,2017
ahl,hockeytech,323,Rochester Americans,2020,2020
ahl,hockeytech,323,Rochester Americans,2021,2021
ahl,hockeytech,323,Rochester Americans,2022,2022
ahl,hockeytech,323,Rochester Americans,2023,2023
ahl,hockeytech,323,Rochester Americans,2024,2024
ahl,hockeytech,324,Syracuse Crunch,2005,2005
ahl,hockeytech,324,Syracuse Crunch,2006,2006
ahl,hockeytech,324,Syracuse Crunch,2007,2007
ahl,hockeytech,324,Syracuse Crunch,2008,2008
ahl,hockeytech,324,Syracuse Crunch,2009,2009
ahl,hockeytech,324,Syracuse Crunch,2010,2010
ahl,hockeytech,324,Syracuse Crunch,2011,2011
ahl,hockeytech,324,Syracuse Crunch,2012,2012
ahl,hockeytech,324,Syracuse Crunch,2013,2013
ahl,hockeytech,324,Syracuse Crunch,2014,2027
ahl,hockeytech,324,Syracuse Crunch,2017,2017
ahl,hockeytech,324,Syracuse Crunch,2018,2018
ahl,hockeytech,325,Cleveland Barons,2005,2006
ahl,hockeytech,326,Hamilton Bulldogs,2005,2015
ahl,hockeytech,327,Milwaukee Admirals,2005,2005
ahl,hockeytech,327,Milwaukee Admirals,2006,2006
ahl,hockeytech,327,Milwaukee Admirals,2007,2007
ahl,hockeytech,327,Milwaukee Admirals,2008,2008
ahl,hockeytech,327,Milwaukee Admirals,2009,2009
ahl,hockeytech,327,Milwaukee Admirals,2010,2010
ahl,hockeytech,327,Milwaukee Admirals,2011,2011
ahl,hockeytech,327,Milwaukee Admirals,2012,2012
ahl,hockeytech,327,Milwaukee Admirals,2013,2013
ahl,hockeytech,327,Milwaukee Admirals,2014,2014
ahl,hockeytech,327,Milwaukee Admirals,2015,2015
ahl,hockeytech,327,Milwaukee Admirals,2016,2016
ahl,hockeytech,327,Milwaukee Admirals,2017,2017
ahl,hockeytech,327,Milwaukee Admirals,2018,2018
ahl,hockeytech,327,Milwaukee Admirals,2019,2019
ahl,hockeytech,327,Milwaukee Admirals,2020,2020
ahl,hockeytech,327,Milwaukee Admirals,2022,2027
ahl,hockeytech,328,Grand Rapids Griffins,2005,2015
ahl,hockeytech,328,Grand Rapids Griffins,2016,2016
ahl,hockeytech,328,Grand Rapids Griffins,2017,2017
ahl,hockeytech,328,Grand Rapids Griffins,2018,2018
ahl,hockeytech,328,Grand Rapids Griffins,2019,2019
ahl,hockeytech,328,Grand Rapids Griffins,2020,2020
ahl,hockeytech,328,Grand Rapids Griffins,2021,2021
ahl,hockeytech,328,Grand Rapids Griffins,2022,2022
ahl,hockeytech,328,Grand Rapids Griffins,2023,2023
ahl,hockeytech,328,Grand Rapids Griffins,2024,2024
ahl,hockeytech,328,Grand Rapids Griffins,2025,2025
ahl,hockeytech,328,Grand Rapids Griffins,2026,2026
ahl,hockeytech,328,Grand Rapids Griffins,2027,2027
ahl,hockeytech,329,Houston Aeros,2005,2005
ahl,hockeytech,329,Houston Aeros,2006,2006
ahl,hockeytech,329,Houston Aeros,2007,2013
ahl,hockeytech,330,Chicago Wolves,2005,2027
ahl,hockeytech,330,Chicago Wolves,2017,2017
ahl,hockeytech,331,San Antonio Rampage,2005,2005
ahl,hockeytech,331,San Antonio Rampage,2006,2006
ahl,hockeytech,331,San Antonio Rampage,2007,2019
ahl,hockeytech,331,San Antonio Rampage,2017,2017
ahl,hockeytech,331,San Antonio Rampage,2020,2020
ahl,hockeytech,334,Peoria Rivermen,2006,2013
ahl,hockeytech,335,Toronto Marlies,2006,2016
ahl,hockeytech,335,Toronto Marlies,2017,2017
ahl,hockeytech,335,Toronto Marlies,2018,2018
ahl,hockeytech,335,Toronto Marlies,2019,2019
ahl,hockeytech,335,Toronto Marlies,2020,2020
ahl,hockeytech,335,Toronto Marlies,2021,2021
ahl,hockeytech,335,Toronto Marlies,2022,2022
ahl,hockeytech,335,Toronto Marlies,2023,2023
ahl,hockeytech,335,Toronto Marlies,2024,2024
ahl,hockeytech,335,Toronto Marlies,2025,2025
ahl,hockeytech,335,Toronto Marlies,2026,2026
ahl,hockeytech,335,Toronto Marlies,2027,2027
ahl,hockeytech,336,Iowa Stars,2006,2008
ahl,hockeytech,337,Omaha Ak-Sar-Ben Knights,2006,2007
ahl,hockeytech,344,Manchester Monarchs,2005,2014
ahl,hockeytech,344,Manchester Monarchs,2015,2015
ahl,hockeytech,370,Worcester Sharks,2007,2015
ahl,hockeytech,371,Quad City Flames,2008,2009
ahl,hockeytech,372,Rockford IceHogs,2008,2022
ahl,hockeytech,372,Rockford IceHogs,2017,2017
ahl,hockeytech,372,Rockford IceHogs,2023,2023
ahl,hockeytech,372,Rockford IceHogs,2024,2024
ahl,hockeytech,372,Rockford IceHogs,2025,2025
ahl,hockeytech,372,Rockford IceHogs,2026,2026
ahl,hockeytech,372,Rockford IceHogs,2027,2027
ahl,hockeytech,373,Cleveland Monsters,2017,2017
ahl,hockeytech,373,Cleveland Monsters,2018,2018
ahl,hockeytech,373,Cleveland Monsters,2019,2019
ahl,hockeytech,373,Cleveland Monsters,2020,2020
ahl,hockeytech,373,Cleveland Monsters,2021,2021
ahl,hockeytech,373,Cleveland Monsters,2022,2022
ahl,hockeytech,373,Cleveland Monsters,2023,2023
ahl,hockeytech,373,Cleveland Monsters,2024,2024
ahl,hockeytech,373,Cleveland Monsters,2025,2025
ahl,hockeytech,373,Cleveland Monsters,2026,2026
ahl,hockeytech,373,Cleveland Monsters,2027,2027
ahl,hockeytech,373,Lake Erie Monsters,2008,2012
ahl,hockeytech,373,Lake Erie Monsters,2013,2013
ahl,hockeytech,373,Lake Erie Monsters,2014,2014
ahl,hockeytech,373,Lake Erie Monsters,2015,2015
ahl,hockeytech,373,Lake Erie Monsters,2016,2016
ahl,hockeytech,375,Iowa Chops,2009,2009
ahl,hockeytech,379,Abbotsford Heat,2010,2014
ahl,hockeytech,380,Texas Stars,2010,2015
ahl,hockeytech,380,Texas Stars,2016,2016
ahl,hockeytech,380,Texas Stars,2017,2017
ahl,hockeytech,380,Texas Stars,2018,2018
ahl,hockeytech,380,Texas Stars,2019,2019
ahl,hockeytech,380,Texas Stars,2020,2020
ahl,hockeytech,380,Texas Stars,2021,2021
ahl,hockeytech,380,Texas Stars,2022,2022
ahl,hockeytech,380,Texas Stars,2023,2023
ahl,hockeytech,380,Texas Stars,2024,2024
ahl,hockeytech,380,Texas Stars,2025,2025
ahl,hockeytech,380,Texas Stars,2026,2026
ahl,hockeytech,380,Texas Stars,2027,2027
ahl,hockeytech,383,Oklahoma City Barons,2011,2015
ahl,hockeytech,384,Charlotte Checkers,2011,2027
ahl,hockeytech,384,Charlotte Checkers,2017,2017
ahl,hockeytech,387,St. John's IceCaps,2012,2012
ahl,hockeytech,387,St. John's IceCaps,2013,2015
ahl,hockeytech,387,St. John's IceCaps,2016,2016
ahl,hockeytech,387,St. John's IceCaps,2017,2017
ahl,hockeytech,389,Iowa Wild,2014,2027
ahl,hockeytech,389,Iowa Wild,2017,2017
ahl,hockeytech,390,Utica Comets,2014,2021
ahl,hockeytech,390,Utica Comets,2017,2017
ahl,hockeytech,390,Utica Comets,2022,2022
ahl,hockeytech,390,Utica Comets,2023,2023
ahl,hockeytech,390,Utica Comets,2024,2024
ahl,hockeytech,390,Utica Comets,2025,2025
ahl,hockeytech,390,Utica Comets,2026,2026
ahl,hockeytech,390,Utica Comets,2027,2027
ahl,hockeytech,395,Worcester IceCats,2005,2005
ahl,hockeytech,396,Edmonton Road Runners,2005,2005
ahl,hockeytech,397,St. John's Maple Leafs,2005,2005
ahl,hockeytech,398,Cincinnati Mighty Ducks,2005,2005
ahl,hockeytech,399,Utah Grizzlies,2005,2005
ahl,hockeytech,400,Adirondack Flames,2015,2015
ahl,hockeytech,402,Bakersfield Condors,2016,2018
ahl,hockeytech,402,Bakersfield Condors,2017,2017
ahl,hockeytech,402,Bakersfield Condors,2019,2019
ahl,hockeytech,402,Bakersfield Condors,2020,2020
ahl,hockeytech,402,Bakersfield Condors,2021,2021
ahl,hockeytech,402,Bakersfield Condors,2022,2022
ahl,hockeytech,402,Bakersfield Condors,2023,2023
ahl,hockeytech,402,Bakersfield Condors,2024,2024
ahl,hockeytech,402,Bakersfield Condors,2025,2025
ahl,hockeytech,402,Bakersfield Condors,2026,2026
ahl,hockeytech,402,Bakersfield Condors,2027,2027
ahl,hockeytech,403,Ontario Reign,2016,2026
ahl,hockeytech,403,Ontario Reign,2017,2017
ahl,hockeytech,403,Ontario Reign,2027,2027
ahl,hockeytech,404,San Diego Gulls,2016,2027
ahl,hockeytech,404,San Diego Gulls,2017,2017
ahl,hockeytech,405,San Jose Barracuda,2016,2016
ahl,hockeytech,405,San Jose Barracuda,2017,2017
ahl,hockeytech,405,San Jose Barracuda,2018,2018
ahl,hockeytech,405,San Jose Barracuda,2019,2019
ahl,hockeytech,405,San Jose Barracuda,2020,2020
ahl,hockeytech,405,San Jose Barracuda,2021,2021
ahl,hockeytech,405,San Jose Barracuda,2022,2022
ahl,hockeytech,405,San Jose Barracuda,2023,2023
ahl,hockeytech,405,San Jose Barracuda,2024,2024
ahl,hockeytech,405,San Jose Barracuda,2025,2025
ahl,hockeytech,405,San Jose Barracuda,2026,2026
ahl,hockeytech,405,San Jose Barracuda,2027,2027
ahl,hockeytech,406,Stockton Heat,2016,2018
ahl,hockeytech,406,Stockton Heat,2017,2017
ahl,hockeytech,406,Stockton Heat,2019,2019
ahl,hockeytech,406,Stockton Heat,2020,2020
ahl,hockeytech,406,Stockton Heat,2021,2021
ahl,hockeytech,406,Stockton Heat,2022,2022
ahl,hockeytech,411,Springfield Thunderbirds,2017,2017
ahl,hockeytech,411,Springfield Thunderbirds,2018,2020
ahl,hockeytech,411,Springfield Thunderbirds,2022,2022
ahl,hockeytech,411,Springfield Thunderbirds,2023,2023
ahl,hockeytech,411,Springfield Thunderbirds,2024,2024
ahl,hockeytech,411,Springfield Thunderbirds,2025,2025
ahl,hockeytech,411,Springfield Thunderbirds,2026,2026
ahl,hockeytech,411,Springfield Thunderbirds,2027,2027
ahl,hockeytech,412,Tucson Roadrunners,2017,2017
ahl,hockeytech,412,Tucson Roadrunners,2018,2025
ahl,hockeytech,412,Tucson Roadrunners,2026,2026
ahl,hockeytech,412,Tucson Roadrunners,2027,2027
ahl,hockeytech,413,Belleville Senators,2018,2018
ahl,hockeytech,413,Belleville Senators,2019,2027
ahl,hockeytech,414,Albany Devils,2011,2011
ahl,hockeytech,414,Albany Devils,2012,2016
ahl,hockeytech,414,Albany Devils,2017,2017
ahl,hockeytech,414,Binghamton Devils,2018,2018
ahl,hockeytech,414,Binghamton Devils,2019,2019
ahl,hockeytech,414,Binghamton Devils,2020,2020
ahl,hockeytech,414,Binghamton Devils,2021,2021
ahl,hockeytech,414,Lowell Devils,2007,2007
ahl,hockeytech,414,Lowell Devils,2008,2008
ahl,hockeytech,414,Lowell Devils,2009,2009
ahl,hockeytech,414,Lowell Devils,2010,2010
ahl,hockeytech,415,Laval Rocket,2018,2027
ahl,hockeytech,419,Colorado Eagles,2019,2027
ahl,hockeytech,437,Henderson Silver Knights,2021,2027
ahl,hockeytech,440,Abbotsford Canucks,2022,2027
ahl,hockeytech,444,Calgary Wranglers,2023,2027
ahl,hockeytech,445,Coachella Valley Firebirds,2023,2027
ahl,hockeytech,457,Hamilton Hammers,2027,2027
cfb,espn,101,Eureka Red Devils,,
cfb,espn,101442,Centenary (LA) Gentlemen,,
cfb,espn,101784,Erskine Flying Fleet,,
cfb,espn,103,Boston College Eagles,,
cfb,espn,107,Holy Cross Crusaders,,
cfb,espn,108,Harvard Crimson,,
cfb,espn,109,MIT Engineers,,
cfb,espn,11,Colorado Mesa Mavericks,,
cfb,espn,110,Mass Maritime Buccaneers,,
cfb,espn,110242,West Florida Argonauts,,
cfb,espn,110243,UT Permian Basin Falcons,,
cfb,espn,110438,Dean Bulldogs,,
cfb,espn,111674,Alvernia Golden Wolves,,
cfb,espn,111675,New England Nor'easters,,
cfb,espn,112,Tufts Jumbos,,
cfb,espn,112334,Franklin Pierce Ravens,,
cfb,espn,112335,Wheeling Cardinals,,
cfb,espn,113,Massachusetts Minutemen,,
cfb,espn,114,Fitchburg State Falcons,,
cfb,espn,118,Johns Hopkins Blue Jays,,
cfb,espn,119,Towson Tigers,,
cfb,espn,12,Arizona Wildcats,,
cfb,espn,120,Maryland Terrapins,,
cfb,espn,121,Bates Bobcats,,
cfb,espn,122666,Barton Bulldogs,,
cfb,espn,122774,Keystone Giants,,
cfb,espn,123086,North American Stallions,,
cfb,espn,124,Augsburg Auggies,,
cfb,espn,124179,Lincoln (CA) Oaklanders,,
cfb,espn,124180,Bluefield State Big Blue,,
cfb,espn,125,Grand Valley State Lakers,,
cfb,espn,125974,Hilbert Hawks,,
cfb,espn,126,Kalamazoo Hornets,,
cfb,espn,126086,Post Eagles,,
cfb,espn,127,Michigan State Spartans,,
cfb,espn,127954,Eastern Eagles,,
cfb,espn,128,Northern Michigan Wildcats,,
cfb,espn,129,Saginaw Valley State Cardinals,,
cfb,espn,129469,Anderson (SC) Trojans,,
cfb,espn,13,Cal Poly Mustangs,,
cfb,espn,130,Michigan Wolverines,,
cfb,espn,131,Wayne State (MI) Warriors,,
cfb,espn,132,Bemidji State Beavers,,
cfb,espn,133,St. Olaf Oles,,
cfb,espn,134,Minnesota Duluth Bulldogs,,
cfb,espn,135,Minnesota Golden Gophers,,
cfb,espn,137,Missouri Western Griffons,,
cfb,espn,138,Northwest Missouri State Bearcats,,
cfb,espn,142,Missouri Tigers,,
cfb,espn,143,Washington St. Louis Bears,,
cfb,espn,145,Ole Miss Rebels,,
cfb,espn,146,Grove City Wolverines,,
cfb,espn,147,Montana State Bobcats,,
cfb,espn,149,Montana Grizzlies,,
cfb,espn,150,Duke Blue Devils,,
cfb,espn,151,East Carolina Pirates,,
cfb,espn,152,NC State Wolfpack,,
cfb,espn,153,North Carolina Tar Heels,,
cfb,espn,154,Wake Forest Demon Deacons,,
cfb,espn,155,North Dakota Fighting Hawks,,
cfb,espn,158,Nebraska Cornhuskers,,
cfb,espn,159,Dartmouth Big Green,,
cfb,espn,16,Sacramento State Hornets,,
cfb,espn,160,New Hampshire Wildcats,,
cfb,espn,162,Hamline Pipers,,
cfb,espn,163,Princeton Tigers,,
cfb,espn,164,Rutgers Scarlet Knights,,
cfb,espn,166,New Mexico State Aggies,,
cfb,espn,167,New Mexico Lobos,,
cfb,espn,17,Claremont Mudd Scripps Stags,,
cfb,espn,171,Columbia Lions,,
cfb,espn,172,Cornell Big Red,,
cfb,espn,173,Hartwick Hawks,,
cfb,espn,174,Hobart Statesmen,,
cfb,espn,175,Ithaca Bombers,,
cfb,espn,18,Bridgewater State Bears,,
cfb,espn,183,Syracuse Orange,,
cfb,espn,184,Rochester (NY) Yellow Jackets,,
cfb,espn,188,Baldwin Wallace Yellow Jackets,,
cfb,espn,189,Bowling Green Falcons,,
cfb,espn,190,Defiance College Yellow Jackets,,
cfb,espn,191,Heidelberg Student Princes,,
cfb,espn,193,Miami (OH) RedHawks,,
cfb,espn,194,Ohio State Buckeyes,,
cfb,espn,195,Ohio Bobcats,,
cfb,espn,196,Northeastern State RiverHawks,,
cfb,espn,197,Oklahoma State Cowboys,,
cfb,espn,199,Southeastern Oklahoma State Savage Storm,,
cfb,espn,2,Auburn Tigers,,
cfb,espn,200,Southern Nazarene Crimson Storm,,
cfb,espn,2000,Abilene Christian Wildcats,,
cfb,espn,2001,Adams State Grizzlies,,
cfb,espn,2003,Adrian Bulldogs,,
cfb,espn,2005,Air Force Falcons,,
cfb,espn,2006,Akron Zips,,
cfb,espn,201,Oklahoma Sooners,,
cfb,espn,2010,Alabama A&M Bulldogs,,
cfb,espn,2011,Alabama State Hornets,,
cfb,espn,2013,Albany State Golden Rams,,
cfb,espn,2015,Albright Lions,,
cfb,espn,2016,Alcorn State Braves,,
cfb,espn,2018,Allegheny Gators,,
cfb,espn,2019,Allen Yellow Jackets,,
cfb,espn,202,Tulsa Golden Hurricane,,
cfb,espn,2022,American International Yellow Jackets,,
cfb,espn,2023,Anderson (IN) Ravens,,
cfb,espn,2025,Angelo State Rams,,
cfb,espn,2026,App State Mountaineers,,
cfb,espn,2028,Arkansas Monticello Boll Weevils,,
cfb,espn,2029,Arkansas-Pine Bluff Golden Lions,,
cfb,espn,203,Linfield Wildcats,,
cfb,espn,2032,Arkansas State Red Wolves,,
cfb,espn,2033,Arkansas Tech Wonder Boys,,
cfb,espn,2038,Assumption Greyhounds,,
cfb,espn,204,Oregon State Beavers,,
cfb,espn,2042,Augustana (IL) Vikings,,
cfb,espn,2043,Augustana (SD) Vikings,,
cfb,espn,2044,Aurora Spartans,,
cfb,espn,2045,Austin 'Roos,,
cfb,espn,2046,Austin Peay Governors,,
cfb,espn,2047,Averett Cougars,,
cfb,espn,2049,Azusa Pacific Cougars,,
cfb,espn,205,Pacific (OR) Boxers,,
cfb,espn,2050,Ball State Cardinals,,
cfb,espn,2056,Belhaven Blazers,,
cfb,espn,2060,Bentley Falcons,,
cfb,espn,2062,Bethany (WV) Bison,,
cfb,espn,2064,Bethel (TN) Wildcats,,
cfb,espn,2065,Bethune-Cookman Wildcats,,
cfb,espn,2069,Black Hills State Yellow Jackets,,
cfb,espn,2071,Bloomsburg Huskies,,
cfb,espn,2074,Bluffton Beavers,,
cfb,espn,2075,Bowie State Bulldogs,,
cfb,espn,2079,Bridgewater Eagles,,
cfb,espn,2083,Bucknell Bison,,
cfb,espn,2084,Buffalo Bulls,,
cfb,espn,2085,Buffalo State Bengals,,
cfb,espn,2086,Butler Bulldogs,,
cfb,espn,209,Lock Haven Bald Eagles,,
cfb,espn,2094,Cal Lutheran Kingsmen,,
cfb,espn,2097,Campbell Fighting Camels,,
cfb,espn,21,San Diego State Aztecs,,
cfb,espn,210,Millersville Marauders,,
cfb,espn,2101,Carleton Knights,,
cfb,espn,2102,Carnegie Mellon Tartans,,
cfb,espn,2105,Carson Newman Eagles,,
cfb,espn,2106,Carthage Firebirds,,
cfb,espn,2107,Catawba Indians,,
cfb,espn,2108,Catholic Cardinals,,
cfb,espn,2110,Central Arkansas Bears,,
cfb,espn,2115,Central Connecticut Blue Devils,,
cfb,espn,2116,UCF Knights,,
cfb,espn,2117,Central Michigan Chippewas,,
cfb,espn,2118,Central Missouri Mules,,
cfb,espn,2119,Central State Marauders,,
cfb,espn,2120,Central Washington Wildcats,,
cfb,espn,2121,Centre Colonels,,
cfb,espn,2122,Central Oklahoma Bronchos,,
cfb,espn,2123,Chadron State Eagles,,
cfb,espn,2127,Charleston Southern Buccaneers,,
cfb,espn,2128,Charleston (WV) Golden Eagles,,
cfb,espn,213,Penn State Nittany Lions,,
cfb,espn,2130,Chicago State Cougars,,
cfb,espn,2132,Cincinnati Bearcats,,
cfb,espn,2134,Clarion Golden Eagles,,
cfb,espn,2141,Coe Kohawks,,
cfb,espn,2142,Colgate Raiders,,
cfb,espn,2146,Colorado School of Mines Orediggers,,
cfb,espn,2148,Concord Mountain Lions,,
cfb,espn,215,Slippery Rock The Rock,,
cfb,espn,2151,Concordia Chicago Cougars,,
cfb,espn,2152,Concordia (MN) Cobbers,,
cfb,espn,2155,Cornell (IA) Rams,,
cfb,espn,216,Susquehanna River Hawks,,
cfb,espn,2166,Davidson Wildcats,,
cfb,espn,2168,Dayton Flyers,,
cfb,espn,2169,Delaware State Hornets,,
cfb,espn,2170,Delta State Statesmen,,
cfb,espn,2171,Denison Big Red,,
cfb,espn,2175,Dickinson Red Devils,,
cfb,espn,218,Temple Owls,,
cfb,espn,2181,Drake Bulldogs,,
cfb,espn,2184,Duquesne Dukes,,
cfb,espn,2188,East Stroudsburg Warriors,,
cfb,espn,219,Pennsylvania Quakers,,
cfb,espn,2191,East Central Tigers,,
cfb,espn,2193,East Tennessee State Buccaneers,,
cfb,espn,2194,East Texas Baptist Tigers,,
cfb,espn,2197,Eastern Illinois Panthers,,
cfb,espn,2198,Eastern Kentucky Colonels,,
cfb,espn,2199,Eastern Michigan Eagles,,
cfb,espn,2201,Eastern New Mexico Greyhounds,,
cfb,espn,2205,Edinboro Fighting Scots,,
cfb,espn,2206,Edward Waters Tigers,,
cfb,espn,2207,Elizabeth City State Vikings,,
cfb,espn,221,Pittsburgh Panthers,,
cfb,espn,2210,Elon Phoenix,,
cfb,espn,2213,Emory & Henry Wasps,,
cfb,espn,2214,Emporia State Hornets,,
cfb,espn,222,Villanova Wildcats,,
cfb,espn,2220,Fayetteville State Broncos,,
cfb,espn,2221,FDU Florham Devils,,
cfb,espn,2222,Ferris State Bulldogs,,
cfb,espn,2224,Findlay Oilers,,
cfb,espn,2226,Florida Atlantic Owls,,
cfb,espn,2229,Florida International Panthers,,
cfb,espn,223,West Chester Golden Rams,,
cfb,espn,2230,Fordham Rams,,
cfb,espn,2231,Fort Hays Tigers,,
cfb,espn,2232,Fort Valley State Wildcats,,
cfb,espn,2233,Franklin Grizzlies,,
cfb,espn,2234,Franklin & Marshall Diplomats,,
cfb,espn,2237,Fort Lewis Skyhawks,,
cfb,espn,2241,Gardner-Webb Runnin' Bulldogs,,
cfb,espn,2242,Geneva Golden Tornadoes,,
cfb,espn,2244,George Mason University Patriots,,
cfb,espn,2245,Georgetown (KY) Tigers,,
cfb,espn,2247,Georgia State Panthers,,
cfb,espn,2249,Glenville State Pioneers,,
cfb,espn,225,Brown Bears,,
cfb,espn,2254,Des Moines Vikings,,
cfb,espn,2256,Greensboro Pride,,
cfb,espn,2257,Greenville Panthers,,
cfb,espn,2258,Guilford Quakers,,
cfb,espn,2261,Hampton Pirates,,
cfb,espn,2262,Hanover Panthers,,
cfb,espn,2264,Harding Bisons,,
cfb,espn,227,Rhode Island Rams,,
cfb,espn,2271,Henderson State Reddies,,
cfb,espn,2273,Hillsdale Chargers,,
cfb,espn,2274,Hiram Terriers,,
cfb,espn,2277,Houston Christian Huskies,,
cfb,espn,228,Clemson Tigers,,
cfb,espn,2280,Husson Eagles,,
cfb,espn,2283,Benedictine (IL) Eagles,,
cfb,espn,2286,Illinois College Blueboys,,
cfb,espn,2287,Illinois State Redbirds,,
cfb,espn,2291,IU Pennsylvania Crimson Hawks,,
cfb,espn,2292,Indianapolis Greyhounds,,
cfb,espn,2294,Iowa Hawkeyes,,
cfb,espn,2296,Jackson State Tigers,,
cfb,espn,23,San José State Spartans,,
cfb,espn,2302,John Carroll Blue Streaks,,
cfb,espn,2304,Johnson C. Smith Golden Bulls,,
cfb,espn,2305,Kansas Jayhawks,,
cfb,espn,2306,Kansas State Wildcats,,
cfb,espn,2309,Kent State Golden Flashes,,
cfb,espn,231,Furman Paladins,,
cfb,espn,2310,Kentucky State Thorobreds,,
cfb,espn,2315,Kutztown Golden Bears,,
cfb,espn,2316,Kentucky Wesleyan Panthers,,
cfb,espn,2318,La Verne Leopards,,
cfb,espn,2320,Lamar Cardinals,,
cfb,espn,2323,Lane College Dragons,,
cfb,espn,2329,Lehigh Mountain Hawks,,
cfb,espn,233,South Dakota Coyotes,,
cfb,espn,2331,Lenoir Rhyne Bears,,
cfb,espn,2333,Lewis & Clark River Otters,,
cfb,espn,2335,Liberty Flames,,
cfb,espn,2339,Lincoln (PA) Lions,,
cfb,espn,2341,Long Island University Sharks,,
cfb,espn,2348,Louisiana Tech Bulldogs,,
cfb,espn,235,Memphis Tigers,,
cfb,espn,2354,Lycoming Warriors,,
cfb,espn,2359,Macalester Scots,,
cfb,espn,236,Chattanooga Mocs,,
cfb,espn,2362,Manchester Spartans,,
cfb,espn,2364,Minnesota State Mavericks,,
cfb,espn,2365,Mansfield Mountaineers,,
cfb,espn,2368,Marist Red Foxes,,
cfb,espn,2369,Mars Hill Lions,,
cfb,espn,237,Union Garnet Chargers,,
cfb,espn,2371,Mary Hardin Baylor Crusaders,,
cfb,espn,2373,Maryville (TN) Scots,,
cfb,espn,2377,McNeese Cowboys,,
cfb,espn,238,Vanderbilt Commodores,,
cfb,espn,2382,Mercer Bears,,
cfb,espn,2383,Merchant Marine Mariners,,
cfb,espn,2385,Mercyhurst Lakers,,
cfb,espn,239,Baylor Bears,,
cfb,espn,2390,Miami Hurricanes,,
cfb,espn,2392,Michigan Tech Huskies,,
cfb,espn,2393,Middle Tennessee Blue Raiders,,
cfb,espn,2394,Middlebury Panthers,,
cfb,espn,2396,Miles Golden Bears,,
cfb,espn,2398,Millsaps Majors,,
cfb,espn,2399,Minnesota Morris Cougars,,
cfb,espn,24,Stanford Cardinal,,
cfb,espn,2400,Mississippi Valley State Delta Devils,,
cfb,espn,2402,Missouri S&T Miners,,
cfb,espn,2403,Missouri Southern State Lions,,
cfb,espn,2405,Monmouth Hawks,,
cfb,espn,241,McMurry War Hawks,,
cfb,espn,2413,Morehead State Eagles,,
cfb,espn,2415,Morgan State Bears,,
cfb,espn,2419,Mount St Joseph Lions,,
cfb,espn,242,Rice Owls,,
cfb,espn,2422,Muhlenberg Mules,,
cfb,espn,2424,New Mexico Highlands Cowboys,,
cfb,espn,2426,Navy Midshipmen,,
cfb,espn,2428,North Carolina Central Eagles,,
cfb,espn,2429,Charlotte 49ers,,
cfb,espn,2433,UL Monroe Warhawks,,
cfb,espn,2438,Nebraska Kearney Lopers,,
cfb,espn,2439,UNLV Rebels,,
cfb,espn,2440,Nevada Wolf Pack,,
cfb,espn,2441,New Haven Chargers,,
cfb,espn,2442,The College of New Jersey Lions,,
cfb,espn,2444,Newberry Wolves,,
cfb,espn,2447,Nicholls Colonels,,
cfb,espn,2448,North Carolina A&T Aggies,,
cfb,espn,2449,North Dakota State Bison,,
cfb,espn,245,Texas A&M Aggies,,
cfb,espn,2450,Norfolk State Spartans,,
cfb,espn,2453,North Alabama Lions,,
cfb,espn,2458,Northern Colorado Bears,,
cfb,espn,2459,Northern Illinois Huskies,,
cfb,espn,246,Juniata Eagles,,
cfb,espn,2460,Northern Iowa Panthers,,
cfb,espn,2464,Northern Arizona Lumberjacks,,
cfb,espn,2466,Northwestern State Demons,,
cfb,espn,2467,Norwich Cadets,,
cfb,espn,247,King's Monarchs,,
cfb,espn,2477,Ohio Dominican Panthers,,
cfb,espn,248,Houston Cougars,,
cfb,espn,2483,Oregon Ducks,,
cfb,espn,2486,Pacific Lutheran Lutes,,
cfb,espn,2487,Pace Setters,,
cfb,espn,249,North Texas Mean Green,,
cfb,espn,25,California Golden Bears,,
cfb,espn,2502,Portland State Vikings,,
cfb,espn,2504,Prairie View A&M Panthers,,
cfb,espn,2506,Presbyterian Blue Hose,,
cfb,espn,2508,Puget Sound Loggers,,
cfb,espn,2509,Purdue Boilermakers,,
cfb,espn,251,Texas Longhorns,,
cfb,espn,2516,Randolph Macon Yellow Jackets,,
cfb,espn,2519,Rhodes Lynx,,
cfb,espn,252,BYU Cougars,,
cfb,espn,2523,Robert Morris Colonials,,
cfb,espn,2524,Rockford Regents,,
cfb,espn,2528,Rensselaer Engineers,,
cfb,espn,2529,Sacred Heart Pioneers,,
cfb,espn,253,Southern Utah Thunderbirds,,
cfb,espn,2532,Salisbury Sea Gulls,,
cfb,espn,2534,Sam Houston Bearkats,,
cfb,espn,2535,Samford Bulldogs,,
cfb,espn,254,Utah Utes,,
cfb,espn,2542,Savannah State Tigers,,
cfb,espn,2545,SE Louisiana Lions,,
cfb,espn,2546,Southeast Missouri State Redhawks,,
cfb,espn,255,Knox Prairie Fire,,
cfb,espn,2551,Shaw Bears,,
cfb,espn,2553,Sewanee Tigers,,
cfb,espn,2557,Coast Guard Bears,,
cfb,espn,2559,Shippensburg Raiders,,
cfb,espn,256,James Madison Dukes,,
cfb,espn,2560,Shorter Hawks,,
cfb,espn,2564,Simpson (IA) Storm,,
cfb,espn,2567,SMU Mustangs,,
cfb,espn,2568,Southern Arkansas Muleriders,,
cfb,espn,2569,South Carolina State Bulldogs,,
cfb,espn,257,Richmond Spiders,,
cfb,espn,2570,CSU Pueblo ThunderWolves,,
cfb,espn,2571,South Dakota State Jackrabbits,,
cfb,espn,2572,Southern Miss Golden Eagles,,
cfb,espn,2579,South Carolina Gamecocks,,
cfb,espn,258,Virginia Cavaliers,,
cfb,espn,2582,Southern Jaguars,,
cfb,espn,2583,Southern Connecticut State Owls,,
cfb,espn,2584,Southern Oregon Raiders,,
cfb,espn,2586,Southwest Baptist Bearcats,,
cfb,espn,2587,Southwest Minnesota State Mustangs,,
cfb,espn,2588,Southwestern U Pirates,,
cfb,espn,259,Virginia Tech Hokies,,
cfb,espn,2591,St. Ambrose Fighting Bees,,
cfb,espn,2598,Saint Francis Red Flash,,
cfb,espn,26,UCLA Bruins,,
cfb,espn,2600,Saint John's (MN) Johnnies,,
cfb,espn,2614,Saint Vincent Bearcats,,
cfb,espn,2617,Stephen F. Austin Lumberjacks,,
cfb,espn,2619,Stony Brook Seawolves,,
cfb,espn,262,Lake Forest Foresters,,
cfb,espn,2623,Missouri State Bears,,
cfb,espn,2627,Tarleton State Texans,,
cfb,espn,2628,TCU Horned Frogs,,
cfb,espn,263,Loras Duhawks,,
cfb,espn,2630,UT Martin Skyhawks,,
cfb,espn,2633,Tennessee Volunteers,,
cfb,espn,2634,Tennessee State Tigers,,
cfb,espn,2635,Tennessee Tech Golden Eagles,,
cfb,espn,2636,UTSA Roadrunners,,
cfb,espn,2638,UTEP Miners,,
cfb,espn,2639,Texas Lutheran Bulldogs,,
cfb,espn,264,Washington Huskies,,
cfb,espn,2640,Texas Southern Tigers,,
cfb,espn,2641,Texas Tech Red Raiders,,
cfb,espn,2643,The Citadel Bulldogs,,
cfb,espn,2644,Thiel Tomcats,,
cfb,espn,2649,Toledo Rockets,,
cfb,espn,265,Washington State Cougars,,
cfb,espn,2651,Trine Thunder,,
cfb,espn,2653,Troy Trojans,,
cfb,espn,2654,Truman State Bulldogs,,
cfb,espn,2655,Tulane Green Wave,,
cfb,espn,2657,Tuskegee Golden Tigers,,
cfb,espn,2658,Texas A&M-Kingsville Javelinas,,
cfb,espn,266,Beloit Buccaneers,,
cfb,espn,2667,Ursinus Bears,,
cfb,espn,2673,Valdosta State Blazers,,
cfb,espn,2674,Valparaiso Beacons,,
cfb,espn,2676,Virginia Union Panthers,,
cfb,espn,2678,VMI Keydets,,
cfb,espn,268,Lawrence Vikings,,
cfb,espn,2681,Wagner Seahawks,,
cfb,espn,2682,Walsh Cavaliers,,
cfb,espn,2685,Wartburg Knights,,
cfb,espn,2686,Washington & Jefferson Presidents,,
cfb,espn,2687,Washburn Ichabods,,
cfb,espn,2688,Washington and Lee Generals,,
cfb,espn,2692,Weber State Wildcats,,
cfb,espn,2695,West Alabama Tigers,,
cfb,espn,2698,West Georgia Wolves,,
cfb,espn,2699,West Liberty Hilltoppers,,
cfb,espn,2700,McDaniel Green Terror,,
cfb,espn,2701,Montana Western Bulldogs,,
cfb,espn,2702,Western New England Golden Bears,,
cfb,espn,2703,Western New Mexico Mustangs,,
cfb,espn,2704,West Texas Buffaloes,,
cfb,espn,2706,WVU Tech Golden Bears,,
cfb,espn,2707,West Virginia State Yellow Jackets,,
cfb,espn,271,Wisconsin Oshkosh Titans,,
cfb,espn,2710,Western Illinois Leathernecks,,
cfb,espn,2711,Western Michigan Broncos,,
cfb,espn,2714,Western Colorado Mountaineers,,
cfb,espn,2717,Western Carolina Catamounts,,
cfb,espn,272,Wisconsin Platteville Pioneers,,
cfb,espn,2721,Whitworth Pirates,,
cfb,espn,2723,Wisconsin River Falls Falcons,,
cfb,espn,2725,Widener Pride,,
cfb,espn,2729,William & Mary Tribe,,
cfb,espn,2731,Williams Ephs,,
cfb,espn,2733,Wilmington (OH) Fightin' Quakers,,
cfb,espn,2736,Winston-Salem State Rams,,
cfb,espn,2738,Wisconsin Eau Claire Blugolds,,
cfb,espn,2740,Wisconsin La Crosse Eagles,,
cfb,espn,2741,Wisconsin Lutheran Warriors,,
cfb,espn,2743,Wisconsin Stevens Point Pointers,,
cfb,espn,2744,Wisconsin Stout Blue Devils,,
cfb,espn,2745,Wisconsin Whitewater Warhawks,,
cfb,espn,2746,Wittenberg Tigers,,
cfb,espn,2747,Wofford Terriers,,
cfb,espn,2748,Wooster Fighting Scots,,
cfb,espn,2749,WPI Engineers,,
cfb,espn,275,Wisconsin Badgers,,
cfb,espn,2751,Wyoming Cowboys,,
cfb,espn,2754,Youngstown State Penguins,,
cfb,espn,2755,Grambling Tigers,,
cfb,espn,2757,Berry Vikings,,
cfb,espn,2758,Howard Payne Yellow Jackets,,
cfb,espn,276,Marshall Thundering Herd,,
cfb,espn,277,West Virginia Mountaineers,,
cfb,espn,2771,Merrimack Warriors,,
cfb,espn,2776,Salve Regina Seahawks,,
cfb,espn,2779,St. Lawrence Saints,,
cfb,espn,278,Fresno State Bulldogs,,
cfb,espn,2781,Brockport Golden Eagles,,
cfb,espn,2782,SUNY Cortland Red Dragons,,
cfb,espn,2790,Albion Britons,,
cfb,espn,2800,Alma Scots,,
cfb,espn,2802,Bethel (MN) Royals,,
cfb,espn,2803,Bryant Bulldogs,,
cfb,espn,2804,Chowan Hawks,,
cfb,espn,2805,Clark Atlanta Panthers,,
cfb,espn,2808,Delaware Valley Aggies,,
cfb,espn,2810,Hardin Simmons Cowboys,,
cfb,espn,2812,Hope Flying Dutchmen,,
cfb,espn,2815,Lindenwood Lions,,
cfb,espn,2816,McKendree Bearcats,,
cfb,espn,2817,Minnesota St Moorhead Dragons,,
cfb,espn,2818,Montclair State Red Hawks,,
cfb,espn,282,Indiana State Sycamores,,
cfb,espn,2822,North Greenville Trailblazers,,
cfb,espn,2823,Northwestern (OK) Rangers,,
cfb,espn,2825,Quincy Hawks,,
cfb,espn,2827,Rowan Profs,,
cfb,espn,2828,Shenandoah Hornets,,
cfb,espn,2830,Saint Anselm Hawks,,
cfb,espn,2832,St. Norbert Green Knights,,
cfb,espn,2834,Sul Ross State Lobos,,
cfb,espn,2837,East Texas A&M Lions,,
cfb,espn,2838,Tiffin Dragons,,
cfb,espn,2839,Tusculum Pioneers,,
cfb,espn,284,Stonehill Skyhawks,,
cfb,espn,2842,UVA Wise Cavaliers,,
cfb,espn,2843,Western Connecticut State Wolves,,
cfb,espn,2844,Wayne State (NE) Wildcats,,
cfb,espn,2845,Waynesburg Yellow Jackets,,
cfb,espn,2848,Western Oregon Wolves,,
cfb,espn,2849,Westminster (PA) Titans,,
cfb,espn,2850,Whittier Poets,,
cfb,espn,2851,Winona State Warriors,,
cfb,espn,2858,California (PA) Vulcans,,
cfb,espn,286,North Carolina Wesleyan Battling Bishops,,
cfb,espn,2871,Kean Cougars,,
cfb,espn,2876,Lincoln (MO) Blue Tigers,,
cfb,espn,2880,Missouri Baptist Spartans,,
cfb,espn,2882,UNC Pembroke Braves,,
cfb,espn,2884,Nichols Bison,,
cfb,espn,2886,Northwood Timberwolves,,
cfb,espn,2888,Ouachita Baptist Tigers,,
cfb,espn,2891,Ripon Red Hawks,,
cfb,espn,2894,Sioux Falls Cougars,,
cfb,espn,2896,Southern Virginia Knights,,
cfb,espn,29,Redlands Bulldogs,,
cfb,espn,290,Georgia Southern Eagles,,
cfb,espn,2900,St. Thomas Tommies,,
cfb,espn,2909,Westfield State Owls,,
cfb,espn,291,Methodist Monarchs,,
cfb,espn,2911,William Jewell Cardinals,,
cfb,espn,2913,Brevard Tornados,,
cfb,espn,2916,Incarnate Word Cardinals,,
cfb,espn,2919,Monmouth (IL) Fighting Scots,,
cfb,espn,292,UT Rio Grande Valley Vaqueros,,
cfb,espn,2923,Pomona Pitzer Sagehens,,
cfb,espn,2927,Southwestern Oklahoma State Bulldogs,,
cfb,espn,293,Vermont State Castleton Spartans,,
cfb,espn,2930,Willamette Bearcats,,
cfb,espn,2938,Huntingdon Hawks,,
cfb,espn,2940,Livingstone Blue Bears,,
cfb,espn,295,Old Dominion Monarchs,,
cfb,espn,2951,SUNY Maritime Privateers,,
cfb,espn,2963,Case Western Reserve Spartans,,
cfb,espn,2964,Central College Dutch,,
cfb,espn,2967,Framingham State Rams,,
cfb,espn,2968,Gustavus Adolphus Golden Gusties,,
cfb,espn,2969,Misericordia Cougars,,
cfb,espn,297,Hampden Sydney Tigers,,
cfb,espn,2970,William Paterson Pioneers,,
cfb,espn,2972,Plymouth State Panthers,,
cfb,espn,2974,Shepherd Rams,,
cfb,espn,2977,Trinity (CT) Bantams,,
cfb,espn,2980,Ohio Wesleyan Battling Bishops,,
cfb,espn,2986,Fairmont State Falcons,,
cfb,espn,30,USC Trojans,,
cfb,espn,301,San Diego Toreros,,
cfb,espn,302,UC Davis Aggies,,
cfb,espn,304,Idaho State Bengals,,
cfb,espn,306,Illinois Wesleyan Titans,,
cfb,espn,3066,Concordia St. Paul Golden Bears,,
cfb,espn,3071,North Central College Cardinals,,
cfb,espn,308,Ashland Eagles,,
cfb,espn,309,Louisiana Ragin' Cajuns,,
cfb,espn,3101,Utah Tech Trailblazers,,
cfb,espn,311,Maine Black Bears,,
cfb,espn,3110,SUNY Morrisville Mustangs,,
cfb,espn,3112,Christopher Newport Captains,,
cfb,espn,3162,Alfred State Pioneers,,
cfb,espn,317,Marietta Pioneers,,
cfb,espn,319,Oklahoma Baptist Bison,,
cfb,espn,32,Carroll (WI) Pioneers,,
cfb,espn,322,Lafayette Leopards,,
cfb,espn,323,Moravian Greyhounds,,
cfb,espn,324,Coastal Carolina Chanticleers,,
cfb,espn,326,Texas State Bobcats,,
cfb,espn,328,Utah State Aggies,,
cfb,espn,33,Colby White Mules,,
cfb,espn,330,Virginia State Trojans,,
cfb,espn,331,Eastern Washington Eagles,,
cfb,espn,332,Muskingum Fighting Muskies,,
cfb,espn,333,Alabama Crimson Tide,,
cfb,espn,336,Wesleyan (CT) Cardinals,,
cfb,espn,338,Kennesaw State Owls,,
cfb,espn,340,Bowdoin Polar Bears,,
cfb,espn,341,Frostburg State Bobcats,,
cfb,espn,344,Mississippi State Bulldogs,,
cfb,espn,348,Hamilton Continentals,,
cfb,espn,349,Army Black Knights,,
cfb,espn,351,Wingate Bulldogs,,
cfb,espn,352,Kenyon Owls,,
cfb,espn,354,Olivet Comets,,
cfb,espn,356,Illinois Fighting Illini,,
cfb,espn,359,Otterbein Cardinals,,
cfb,espn,36,Colorado State Rams,,
cfb,espn,365,Alfred Saxons,,
cfb,espn,366,Ferrum Panthers,,
cfb,espn,367,Gannon Golden Knights,,
cfb,espn,374,St. John Fisher Cardinals,,
cfb,espn,375,St. Scholastica Saints,,
cfb,espn,379,UMass Dartmouth Corsairs,,
cfb,espn,38,Colorado Buffaloes,,
cfb,espn,386,Trinity (TX) Tigers,,
cfb,espn,388,Lebanon Valley Flying Dutchmen,,
cfb,espn,389,Upper Iowa Peacocks,,
cfb,espn,390,Utica Pioneers,,
cfb,espn,391,Oberlin Yeomen,,
cfb,espn,396,Wheaton (IL) Thunder,,
cfb,espn,398,Wilkes Colonels,,
cfb,espn,399,UAlbany Great Danes,,
cfb,espn,40,Curry Colonels,,
cfb,espn,402,Worcester State Lancers,,
cfb,espn,409,Concordia (WI) Falcons,,
cfb,espn,41,UConn Huskies,,
cfb,espn,411,Chapman Panthers,,
cfb,espn,415,George Fox Bruins,,
cfb,espn,417,Gallaudet Bison,,
cfb,espn,418,Hendrix Warriors,,
cfb,espn,424,Capital Comets,,
cfb,espn,426,Mount Union Purple Raiders,,
cfb,espn,427,Ohio Northern Polar Bears,,
cfb,espn,43,Yale Bulldogs,,
cfb,espn,433,Westminster (MO) Blue Jays,,
cfb,espn,437,Lake Erie Storm,,
cfb,espn,446,Martin Luther Knights,,
cfb,espn,452,Endicott Gulls,,
cfb,espn,455,West Virginia Wesleyan Bobcats,,
cfb,espn,46,Georgetown Hoyas,,
cfb,espn,47,Howard Bison,,
cfb,espn,471,Stevenson Mustangs,,
cfb,espn,48,Delaware Blue Hens,,
cfb,espn,49,Dubuque Spartans,,
cfb,espn,490,Benedict Tigers,,
cfb,espn,5,UAB Blazers,,
cfb,espn,50,Florida A&M Rattlers,,
cfb,espn,509,Crown Polars,,
cfb,espn,512,Dakota State University Trojans,,
cfb,espn,52,Florida State Seminoles,,
cfb,espn,530,Graceland University Graceland,,
cfb,espn,548,LaGrange Panthers,,
cfb,espn,55,Jacksonville State Gamecocks,,
cfb,espn,559,University of Mary Marauders,,
cfb,espn,56,Stetson Hatters,,
cfb,espn,568,Minot State Beavers,,
cfb,espn,57,Florida Gators,,
cfb,espn,58,South Florida Bulls,,
cfb,espn,583,Northwestern (MN) Eagles,,
cfb,espn,59,Georgia Tech Yellow Jackets,,
cfb,espn,6,South Alabama Jaguars,,
cfb,espn,60,Morehouse Maroon Tigers,,
cfb,espn,61,Georgia Bulldogs,,
cfb,espn,611,Seton Hill Griffins,,
cfb,espn,613,South Dakota Mines Hardrockers,,
cfb,espn,62,Hawai'i Rainbow Warriors,,
cfb,espn,63,Buena Vista Beavers,,
cfb,espn,6353,Lakeland Muskies,,
cfb,espn,65,Grinnell Pioneers,,
cfb,espn,66,Iowa State Cyclones,,
cfb,espn,67,Luther Norse,,
cfb,espn,68,Boise State Broncos,,
cfb,espn,6845,Nebraska Wesleyan Prairie Wolves,,
cfb,espn,7,Amherst Mammoths,,
cfb,espn,70,Idaho Vandals,,
cfb,espn,72,Elmhurst Bluejays,,
cfb,espn,74,Millikin Big Blue,,
cfb,espn,75,North Park Vikings,,
cfb,espn,77,Northwestern Wildcats,,
cfb,espn,79,Southern Illinois Salukis,,
cfb,espn,8,Arkansas Razorbacks,,
cfb,espn,80,Chicago Maroons,,
cfb,espn,81,Springfield Pride,,
cfb,espn,83,DePauw Tigers,,
cfb,espn,84,Indiana Hoosiers,,
cfb,espn,86,Rose Hulman Fightin' Engineers,,
cfb,espn,87,Notre Dame Fighting Irish,,
cfb,espn,89,Wabash Little Giants,,
cfb,espn,9,Arizona State Sun Devils,,
cfb,espn,90,Pittsburg State Gorillas,,
cfb,espn,93,Murray State Racers,,
cfb,espn,96,Kentucky Wildcats,,
cfb,espn,97,Louisville Cardinals,,
cfb,espn,98,Western Kentucky Hilltoppers,,
cfb,espn,99,LSU Tigers,,
cfb,ncaa.com,111610,St. Andrews Knights,,
cfb,ncaa.com,129738,Calvin Knights,,
cfb,ncaa.com,2202,Eastern Oregon,,
cfb,ncaa.com,2248,Gettysburg Bullets,,
cfb,ncaa.com,2324,Langston Lions,,
cfb,ncaa.com,2416,Morningside Chiefs,,
cfb,ncaa.com,2595,St. Francis (IL) Fighting Saints,,
cfb,ncaa.com,2637,Texas College Steers,,
cfb,ncaa.com,2646,Thomas More Saints,,
cfb,ncaa.com,274,Maine Maritime Mariners,,
cfb,ncaa.com,2824,Oklahoma Panhandle Aggies,,
cfb,ncaa.com,2912,William Penn Statesmen,,
cfb,ncaa.com,3237,Troy Vikings,,
cfb,ncaa.com,3253,Charlotte Saints,,
cfb,ncaa.com,425,Northern State Wolves,,
cricket,cricinfo,1,England,,
cricket,cricinfo,1060323,Khulna Tigers,,
cricket,cricinfo,1121244,Sylhet Strikers,,
cricket,cricinfo,1133698,Sharjah Warriorz,,
cricket,cricinfo,1298769,Gujarat Titans,,
cricket,cricinfo,1335270,Joburg Super Kings,,
cricket,cricinfo,1335271,Pretoria Capitals,,
cricket,cricinfo,1335273,Sunrisers Eastern Cape,,
cricket,cricinfo,1346027,Abu Dhabi Knight Riders,,
cricket,cricinfo,1346029,Dubai Capitals,,
cricket,cricinfo,1346030,Gulf Giants,,
cricket,cricinfo,1346066,Desert Vipers,,
cricket,cricinfo,1358721,Delhi Capitals Women,,
cricket,cricinfo,1358722,Gujarat Giants Women,,
cricket,cricinfo,1358723,Royal Challengers Bengaluru Women,,
cricket,cricinfo,1381353,Texas Super Kings,,
cricket,cricinfo,1381354,Los Angeles Knight Riders,,
cricket,cricinfo,1381355,MI New York,,
cricket,cricinfo,1381357,San Francisco Unicorns,,
cricket,cricinfo,1381359,Seattle Orcas,,
cricket,cricinfo,1381360,Washington Freedom,,
cricket,cricinfo,1428675,Antigua And Barbuda Falcons,,
cricket,cricinfo,15,Netherlands,,
cricket,cricinfo,17,Canada,,
cricket,cricinfo,2234,Ireland Women,,
cricket,cricinfo,2410,Netherlands Women,,
cricket,cricinfo,28,Namibia,,
cricket,cricinfo,29,Ireland,,
cricket,cricinfo,299041,Thailand Women,,
cricket,cricinfo,3,South Africa,,
cricket,cricinfo,30,Scotland,,
cricket,cricinfo,33,Nepal,,
cricket,cricinfo,335971,Kolkata Knight Riders,,
cricket,cricinfo,335973,Punjab Kings,,
cricket,cricinfo,335974,Chennai Super Kings,,
cricket,cricinfo,335975,Delhi Capitals,,
cricket,cricinfo,37,Oman,,
cricket,cricinfo,4,West Indies,,
cricket,cricinfo,40,Afghanistan,,
cricket,cricinfo,509667,Adelaide Strikers,,
cricket,cricinfo,509668,Brisbane Heat,,
cricket,cricinfo,509669,Hobart Hurricanes,,
cricket,cricinfo,509670,Perth Scorchers,,
cricket,cricinfo,509671,Melbourne Renegades,,
cricket,cricinfo,509672,Melbourne Stars,,
cricket,cricinfo,509673,Sydney Sixers,,
cricket,cricinfo,509674,Sydney Thunder,,
cricket,cricinfo,6,India,,
cricket,cricinfo,628333,Sunrisers Hyderabad,,
cricket,cricinfo,857687,St Kitts And Nevis Patriots,,
cricket,cricinfo,896397,Brisbane Heat Women,,
cricket,cricinfo,896399,Melbourne Stars Women,,
cricket,cricinfo,896401,Sydney Thunder Women,,
cricket,cricinfo,896403,Sydney Sixers Women,,
cricket,cricinfo,896405,Perth Scorchers Women,,
cricket,cricinfo,896407,Melbourne Renegades Women,,
cricket,cricinfo,896431,Adelaide Strikers Women,,
cricket,cricinfo,896433,Hobart Hurricanes Women,,
cricket,cricinfo,935277,Comilla Victorians,,
cricket,cricinfo,953833,Peshawar Zalmi,,
cricket,cricinfo,953835,Karachi Kings,,
cricket,cricinfo,953843,Islamabad United,,
cricket,cricinfo,953845,Quetta Gladiators,,
cricket,cricinfo,953847,Lahore Qalandars,,
cricket,espn,1,England,,
cricket,espn,1060323,Khulna Tigers,,
cricket,espn,11,United States Of America,,
cricket,espn,1117814,Multan Sultans,,
cricket,espn,1121244,Sylhet Strikers,,
cricket,espn,1204494,Trent Rockets Men,,
cricket,espn,1204495,Southern Brave Men,,
cricket,espn,1204496,Sunrisers Leeds Men,,
cricket,espn,1204497,Welsh Fire Men,,
cricket,espn,1204498,MI London Men,,
cricket,espn,1204499,Manchester Super Giants Men,,
cricket,espn,1204500,London Spirit Men,,
cricket,espn,1204501,Birmingham Phoenix Men,,
cricket,espn,1208116,Birmingham Phoenix Women,,
cricket,espn,1208118,Manchester Super Giants Women,,
cricket,espn,1208119,London Spirit Women,,
cricket,espn,1208120,Sunrisers Leeds Women,,
cricket,espn,1208121,Southern Brave Women,,
cricket,espn,1208122,MI London Women,,
cricket,espn,1208123,Trent Rockets Women,,
cricket,espn,1208124,Welsh Fire Women,,
cricket,espn,1298768,Lucknow Super Giants,,
cricket,espn,1298769,Gujarat Titans,,
cricket,espn,15,Netherlands,,
cricket,espn,17,Canada,,
cricket,espn,1812,India Women,,
cricket,espn,2,Australia,,
cricket,espn,20,Papua New Guinea,,
cricket,espn,238,Australia Women,,
cricket,espn,25,Bangladesh,,
cricket,espn,2563,New Zealand Women,,
cricket,espn,27,United Arab Emirates,,
cricket,espn,28,Namibia,,
cricket,espn,29,Ireland,,
cricket,espn,2971,Pakistan Women,,
cricket,espn,299037,Bangladesh Women,,
cricket,espn,299041,Thailand Women,,
cricket,espn,3,South Africa,,
cricket,espn,30,Scotland,,
cricket,espn,33,Nepal,,
cricket,espn,3328,South Africa Women,,
cricket,espn,335970,Royal Challengers Bengaluru,,
cricket,espn,335971,Kolkata Knight Riders,,
cricket,espn,335973,Punjab Kings,,
cricket,espn,335974,Chennai Super Kings,,
cricket,espn,335975,Delhi Capitals,,
cricket,espn,335977,Rajasthan Royals,,
cricket,espn,335978,Mumbai Indians,,
cricket,espn,3621,Sri Lanka Women,,
cricket,espn,37,Oman,,
cricket,espn,3816,West Indies Women,,
cricket,espn,4,West Indies,,
cricket,espn,40,Afghanistan,,
cricket,espn,5,New Zealand,,
cricket,espn,509667,Adelaide Strikers,,
cricket,espn,509668,Brisbane Heat,,
cricket,espn,509669,Hobart Hurricanes,,
cricket,espn,509670,Perth Scorchers,,
cricket,espn,509671,Melbourne Renegades,,
cricket,espn,509672,Melbourne Stars,,
cricket,espn,509673,Sydney Sixers,,
cricket,espn,509674,Sydney Thunder,,
cricket,espn,599860,Rangpur Riders,,
cricket,espn,6,India,,
cricket,espn,628333,Sunrisers Hyderabad,,
cricket,espn,642411,Barbados Royals,,
cricket,espn,642413,Guyana Amazon Warriors,,
cricket,espn,642415,Jamaica Tallawahs,,
cricket,espn,642417,Saint Lucia Kings,,
cricket,espn,642421,Trinbago Knight Riders,,
cricket,espn,7,Pakistan,,
cricket,espn,8,Sri Lanka,,
cricket,espn,857687,St Kitts And Nevis Patriots,,
cricket,espn,896397,Brisbane Heat Women,,
cricket,espn,896399,Melbourne Stars Women,,
cricket,espn,896401,Sydney Thunder Women,,
cricket,espn,896403,Sydney Sixers Women,,
cricket,espn,896405,Perth Scorchers Women,,
cricket,espn,896407,Melbourne Renegades Women,,
cricket,espn,896431,Adelaide Strikers Women,,
cricket,espn,896433,Hobart Hurricanes Women,,
cricket,espn,9,Zimbabwe,,
cricket,espn,935277,Comilla Victorians,,
cricket,espn,942833,Chattogram Challengers,,
cricket,espn,942837,Dhaka Dominators,,
cricket,espn,953833,Peshawar Zalmi,,
cricket,espn,953835,Karachi Kings,,
cricket,espn,953843,Islamabad United,,
cricket,espn,953845,Quetta Gladiators,,
cricket,espn,953847,Lahore Qalandars,,
cricket,espn,975,England Women,,
echl,hockeytech,1,Alaska Aces,2007,2017
echl,hockeytech,10,Atlanta Gladiators,2007,2026
echl,hockeytech,10,Atlanta Gladiators,2027,2027
echl,hockeytech,102,Savannah Ghost Pirates,2023,2027
echl,hockeytech,106,Tahoe Knight Monsters,2025,2026
echl,hockeytech,106,Tahoe Knight Monsters,2027,2027
echl,hockeytech,107,Bloomington Bison,2025,2025
echl,hockeytech,107,Bloomington Bison,2026,2027
echl,hockeytech,108,Greensboro Gargoyles,2026,2027
echl,hockeytech,11,Idaho Steelheads,2007,2027
echl,hockeytech,113,Trenton Ironhawks,2027,2027
echl,hockeytech,114,New Mexico Goatheads,2027,2027
echl,hockeytech,12,Johnstown Chiefs,2007,2010
echl,hockeytech,13,Las Vegas Wranglers,2007,2007
echl,hockeytech,13,Las Vegas Wranglers,2008,2008
echl,hockeytech,13,Las Vegas Wranglers,2009,2009
echl,hockeytech,13,Las Vegas Wranglers,2010,2010
echl,hockeytech,13,Las Vegas Wranglers,2011,2011
echl,hockeytech,13,Las Vegas Wranglers,2012,2012
echl,hockeytech,13,Las Vegas Wranglers,2013,2014
echl,hockeytech,14,Long Beach Ice Dogs,2007,2007
echl,hockeytech,15,Pensacola Ice Pilots,2007,2008
echl,hockeytech,16,Phoenix RoadRunners,2007,2009
echl,hockeytech,17,Reading Royals,2007,2027
echl,hockeytech,18,South Carolina Stingrays,2007,2027
echl,hockeytech,19,Stockton Thunder,2007,2015
echl,hockeytech,2,Augusta Lynx,2007,2009
echl,hockeytech,20,Texas Wildcatters,2007,2008
echl,hockeytech,21,Toledo Walleye,2007,2027
echl,hockeytech,22,Trenton Devils,2007,2007
echl,hockeytech,22,Trenton Devils,2008,2008
echl,hockeytech,22,Trenton Devils,2009,2009
echl,hockeytech,22,Trenton Devils,2010,2010
echl,hockeytech,22,Trenton Devils,2011,2011
echl,hockeytech,22,Trenton Titans,2012,2012
echl,hockeytech,22,Trenton Titans,2013,2013
echl,hockeytech,23,Utah Grizzlies,2007,2026
echl,hockeytech,24,Victoria Salmon Kings,2007,2011
echl,hockeytech,25,Wheeling Nailers,2007,2007
echl,hockeytech,25,Wheeling Nailers,2008,2008
echl,hockeytech,25,Wheeling Nailers,2009,2009
echl,hockeytech,25,Wheeling Nailers,2010,2010
echl,hockeytech,25,Wheeling Nailers,2011,2011
echl,hockeytech,25,Wheeling Nailers,2012,2012
echl,hockeytech,25,Wheeling Nailers,2013,2013
echl,hockeytech,25,Wheeling Nailers,2014,2027
echl,hockeytech,25,Wheeling Nailers,2015,2015
echl,hockeytech,25,Wheeling Nailers,2026,2026
echl,hockeytech,28,Mississippi Sea Wolves,2008,2009
echl,hockeytech,29,Elmira Jackals,2008,2017
echl,hockeytech,3,Bakersfield Condors,2007,2007
echl,hockeytech,3,Bakersfield Condors,2008,2008
echl,hockeytech,3,Bakersfield Condors,2009,2009
echl,hockeytech,3,Bakersfield Condors,2010,2010
echl,hockeytech,3,Bakersfield Condors,2011,2011
echl,hockeytech,3,Bakersfield Condors,2012,2015
echl,hockeytech,4,Charlotte Checkers,2007,2010
echl,hockeytech,4,Charlotte Checkers,2008,2008
echl,hockeytech,49,Ontario Reign,2009,2015
echl,hockeytech,5,Cincinnati Cyclones,2007,2027
echl,hockeytech,5,Cincinnati Cyclones,2015,2015
echl,hockeytech,50,Kalamazoo Wings,2010,2027
echl,hockeytech,52,Greenville Swamp Rabbits,2011,2027
echl,hockeytech,56,Colorado Eagles,2012,2018
echl,hockeytech,57,Chicago Express,2012,2012
echl,hockeytech,59,Evansville IceMen,2013,2016
echl,hockeytech,6,Columbia Inferno,2007,2008
echl,hockeytech,60,Fort Wayne Komets,2013,2027
echl,hockeytech,61,Orlando Solar Bears,2013,2027
echl,hockeytech,62,San Francisco Bulls,2013,2014
echl,hockeytech,65,Indy Fuel,2015,2015
echl,hockeytech,65,Indy Fuel,2016,2027
echl,hockeytech,65,Indy Fuel,2025,2025
echl,hockeytech,66,Allen Americans,2015,2015
echl,hockeytech,66,Allen Americans,2016,2027
echl,hockeytech,67,Brampton Beast,2015,2015
echl,hockeytech,67,Brampton Beast,2016,2020
echl,hockeytech,68,Kansas City Mavericks,2015,2027
echl,hockeytech,68,Kansas City Mavericks,2021,2021
echl,hockeytech,69,Quad City Mallards,2015,2015
echl,hockeytech,69,Quad City Mallards,2016,2018
echl,hockeytech,7,Dayton Bombers,2007,2009
echl,hockeytech,70,Rapid City Rush,2015,2015
echl,hockeytech,70,Rapid City Rush,2016,2027
echl,hockeytech,71,Tulsa Oilers,2015,2015
echl,hockeytech,71,Tulsa Oilers,2016,2027
echl,hockeytech,72,Wichita Thunder,2015,2015
echl,hockeytech,72,Wichita Thunder,2016,2027
echl,hockeytech,74,Adirondack Thunder,2016,2027
echl,hockeytech,75,Manchester Monarchs,2016,2019
echl,hockeytech,76,Norfolk Admirals,2016,2027
echl,hockeytech,77,Worcester Railers,2018,2027
echl,hockeytech,79,Jacksonville Icemen,2018,2026
echl,hockeytech,79,Jacksonville Icemen,2027,2027
echl,hockeytech,8,Florida Everblades,2007,2027
echl,hockeytech,82,Maine Mariners,2019,2027
echl,hockeytech,89,Newfoundland Growlers,2019,2024
echl,hockeytech,9,Fresno Falcons,2007,2009
echl,hockeytech,98,Iowa Heartlanders,2022,2022
echl,hockeytech,98,Iowa Heartlanders,2023,2026
echl,hockeytech,99,Trois-Rivières Lions,2022,2022
echl,hockeytech,99,Trois-Rivières Lions,2023,2027
mbb,espn,103,Boston College Eagles,,
mbb,espn,104,Boston University Terriers,,
mbb,espn,107,Holy Cross Crusaders,,
mbb,espn,108,Harvard Crimson,,
mbb,espn,111,Northeastern Huskies,,
mbb,espn,112358,Long Island University Sharks,,
mbb,espn,113,Massachusetts Minutemen,,
mbb,espn,116,Mount St. Mary's Mountaineers,,
mbb,espn,119,Towson Tigers,,
mbb,espn,12,Arizona Wildcats,,
mbb,espn,120,Maryland Terrapins,,
mbb,espn,127,Michigan State Spartans,,
mbb,espn,13,Cal Poly Mustangs,,
mbb,espn,130,Michigan Wolverines,,
mbb,espn,135,Minnesota Golden Gophers,,
mbb,espn,139,Saint Louis Billikens,,
mbb,espn,140,Kansas City Roos,,
mbb,espn,142,Missouri Tigers,,
mbb,espn,145,Ole Miss Rebels,,
mbb,espn,147,Montana State Bobcats,,
mbb,espn,149,Montana Grizzlies,,
mbb,espn,150,Duke Blue Devils,,
mbb,espn,151,East Carolina Pirates,,
mbb,espn,152,NC State Wolfpack,,
mbb,espn,153,North Carolina Tar Heels,,
mbb,espn,154,Wake Forest Demon Deacons,,
mbb,espn,155,North Dakota Fighting Hawks,,
mbb,espn,156,Creighton Bluejays,,
mbb,espn,158,Nebraska Cornhuskers,,
mbb,espn,159,Dartmouth Big Green,,
mbb,espn,16,Sacramento State Hornets,,
mbb,espn,160,New Hampshire Wildcats,,
mbb,espn,161,Fairleigh Dickinson Knights,,
mbb,espn,163,Princeton Tigers,,
mbb,espn,164,Rutgers Scarlet Knights,,
mbb,espn,166,New Mexico State Aggies,,
mbb,espn,167,New Mexico Lobos,,
mbb,espn,171,Columbia Lions,,
mbb,espn,172,Cornell Big Red,,
mbb,espn,179,St. Bonaventure Bonnies,,
mbb,espn,183,Syracuse Orange,,
mbb,espn,189,Bowling Green Falcons,,
mbb,espn,193,Miami (OH) RedHawks,,
mbb,espn,194,Ohio State Buckeyes,,
mbb,espn,195,Ohio Bobcats,,
mbb,espn,197,Oklahoma State Cowboys,,
mbb,espn,198,Oral Roberts Golden Eagles,,
mbb,espn,2,Auburn Tigers,,
mbb,espn,2000,Abilene Christian Wildcats,,
mbb,espn,2005,Air Force Falcons,,
mbb,espn,2006,Akron Zips,,
mbb,espn,201,Oklahoma Sooners,,
mbb,espn,2010,Alabama A&M Bulldogs,,
mbb,espn,2011,Alabama State Hornets,,
mbb,espn,2016,Alcorn State Braves,,
mbb,espn,202,Tulsa Golden Hurricane,,
mbb,espn,2026,App State Mountaineers,,
mbb,espn,2029,Arkansas-Pine Bluff Golden Lions,,
mbb,espn,2031,Little Rock Trojans,,
mbb,espn,2032,Arkansas State Red Wolves,,
mbb,espn,204,Oregon State Beavers,,
mbb,espn,2046,Austin Peay Governors,,
mbb,espn,2050,Ball State Cardinals,,
mbb,espn,2057,Belmont Bruins,,
mbb,espn,2065,Bethune-Cookman Wildcats,,
mbb,espn,2066,Binghamton Bearcats,,
mbb,espn,2083,Bucknell Bison,,
mbb,espn,2084,Buffalo Bulls,,
mbb,espn,2086,Butler Bulldogs,,
mbb,espn,2097,Campbell Fighting Camels,,
mbb,espn,2099,Canisius Golden Griffins,,
mbb,espn,21,San Diego State Aztecs,,
mbb,espn,2110,Central Arkansas Bears,,
mbb,espn,2115,Central Connecticut Blue Devils,,
mbb,espn,2116,UCF Knights,,
mbb,espn,2117,Central Michigan Chippewas,,
mbb,espn,2127,Charleston Southern Buccaneers,,
mbb,espn,213,Penn State Nittany Lions,,
mbb,espn,2130,Chicago State Cougars,,
mbb,espn,2132,Cincinnati Bearcats,,
mbb,espn,2142,Colgate Raiders,,
mbb,espn,2154,Coppin State Eagles,,
mbb,espn,2166,Davidson Wildcats,,
mbb,espn,2168,Dayton Flyers,,
mbb,espn,2169,Delaware State Hornets,,
mbb,espn,2172,Denver Pioneers,,
mbb,espn,2174,Detroit Mercy Titans,,
mbb,espn,218,Temple Owls,,
mbb,espn,2181,Drake Bulldogs,,
mbb,espn,2182,Drexel Dragons,,
mbb,espn,2184,Duquesne Dukes,,
mbb,espn,219,Pennsylvania Quakers,,
mbb,espn,2193,East Tennessee State Buccaneers,,
mbb,espn,2197,Eastern Illinois Panthers,,
mbb,espn,2198,Eastern Kentucky Colonels,,
mbb,espn,2199,Eastern Michigan Eagles,,
mbb,espn,221,Pittsburgh Panthers,,
mbb,espn,2210,Elon Phoenix,,
mbb,espn,2217,Fairfield Stags,,
mbb,espn,222,Villanova Wildcats,,
mbb,espn,2226,Florida Atlantic Owls,,
mbb,espn,2229,Florida International Panthers,,
mbb,espn,2230,Fordham Rams,,
mbb,espn,2239,Cal State Fullerton Titans,,
mbb,espn,2241,Gardner-Webb Runnin' Bulldogs,,
mbb,espn,2244,George Mason Patriots,,
mbb,espn,2247,Georgia State Panthers,,
mbb,espn,225,Brown Bears,,
mbb,espn,2250,Gonzaga Bulldogs,,
mbb,espn,2253,Grand Canyon Lopes,,
mbb,espn,2261,Hampton Pirates,,
mbb,espn,227,Rhode Island Rams,,
mbb,espn,2272,High Point Panthers,,
mbb,espn,2275,Hofstra Pride,,
mbb,espn,2277,Houston Christian Huskies,,
mbb,espn,228,Clemson Tigers,,
mbb,espn,2287,Illinois State Redbirds,,
mbb,espn,2294,Iowa Hawkeyes,,
mbb,espn,2296,Jackson State Tigers,,
mbb,espn,23,San José State Spartans,,
mbb,espn,2305,Kansas Jayhawks,,
mbb,espn,2306,Kansas State Wildcats,,
mbb,espn,2309,Kent State Golden Flashes,,
mbb,espn,231,Furman Paladins,,
mbb,espn,232,Charleston Cougars,,
mbb,espn,2320,Lamar Cardinals,,
mbb,espn,2325,La Salle Explorers,,
mbb,espn,2329,Lehigh Mountain Hawks,,
mbb,espn,233,South Dakota Coyotes,,
mbb,espn,2330,Le Moyne Dolphins,,
mbb,espn,2335,Liberty Flames,,
mbb,espn,2344,Longwood Lancers,,
mbb,espn,2348,Louisiana Tech Bulldogs,,
mbb,espn,2349,UMass Lowell River Hawks,,
mbb,espn,235,Memphis Tigers,,
mbb,espn,2350,Loyola Chicago Ramblers,,
mbb,espn,2351,Loyola Marymount Lions,,
mbb,espn,2352,Loyola Maryland Greyhounds,,
mbb,espn,236,Chattanooga Mocs,,
mbb,espn,2363,Manhattan Jaspers,,
mbb,espn,2368,Marist Red Foxes,,
mbb,espn,2377,McNeese Cowboys,,
mbb,espn,2378,UMBC Retrievers,,
mbb,espn,2379,Maryland Eastern Shore Hawks,,
mbb,espn,238,Vanderbilt Commodores,,
mbb,espn,2382,Mercer Bears,,
mbb,espn,2385,Mercyhurst Lakers,,
mbb,espn,239,Baylor Bears,,
mbb,espn,2390,Miami Hurricanes,,
mbb,espn,2393,Middle Tennessee Blue Raiders,,
mbb,espn,24,Stanford Cardinal,,
mbb,espn,2400,Mississippi Valley State Delta Devils,,
mbb,espn,2405,Monmouth Hawks,,
mbb,espn,2413,Morehead State Eagles,,
mbb,espn,2415,Morgan State Bears,,
mbb,espn,242,Rice Owls,,
mbb,espn,2426,Navy Midshipmen,,
mbb,espn,2427,UNC Asheville Bulldogs,,
mbb,espn,2428,North Carolina Central Eagles,,
mbb,espn,2429,Charlotte 49ers,,
mbb,espn,2430,UNC Greensboro Spartans,,
mbb,espn,2433,UL Monroe Warhawks,,
mbb,espn,2437,Omaha Mavericks,,
mbb,espn,2439,UNLV Rebels,,
mbb,espn,2440,Nevada Wolf Pack,,
mbb,espn,2441,New Haven Chargers,,
mbb,espn,2443,LSU New Orleans Privateers,,
mbb,espn,2447,Nicholls Colonels,,
mbb,espn,2448,North Carolina A&T Aggies,,
mbb,espn,2449,North Dakota State Bison,,
mbb,espn,245,Texas A&M Aggies,,
mbb,espn,2450,Norfolk State Spartans,,
mbb,espn,2453,North Alabama Lions,,
mbb,espn,2454,North Florida Ospreys,,
mbb,espn,2458,Northern Colorado Bears,,
mbb,espn,2459,Northern Illinois Huskies,,
mbb,espn,2460,Northern Iowa Panthers,,
mbb,espn,2463,Cal State Northridge Matadors,,
mbb,espn,2464,Northern Arizona Lumberjacks,,
mbb,espn,2466,Northwestern State Demons,,
mbb,espn,2473,Oakland Golden Grizzlies,,
mbb,espn,248,Houston Cougars,,
mbb,espn,2483,Oregon Ducks,,
mbb,espn,249,North Texas Mean Green,,
mbb,espn,2492,Pepperdine Waves,,
mbb,espn,25,California Golden Bears,,
mbb,espn,250,UT Arlington Mavericks,,
mbb,espn,2501,Portland Pilots,,
mbb,espn,2502,Portland State Vikings,,
mbb,espn,2504,Prairie View A&M Panthers,,
mbb,espn,2506,Presbyterian Blue Hose,,
mbb,espn,2507,Providence Friars,,
mbb,espn,2509,Purdue Boilermakers,,
mbb,espn,251,Texas Longhorns,,
mbb,espn,2511,Queens University Royals,,
mbb,espn,2514,Quinnipiac Bobcats,,
mbb,espn,2515,Radford Highlanders,,
mbb,espn,252,BYU Cougars,,
mbb,espn,2520,Rider Broncs,,
mbb,espn,2523,Robert Morris Colonials,,
mbb,espn,2529,Sacred Heart Pioneers,,
mbb,espn,253,Southern Utah Thunderbirds,,
mbb,espn,2534,Sam Houston Bearkats,,
mbb,espn,2535,Samford Bulldogs,,
mbb,espn,2539,San Francisco Dons,,
mbb,espn,254,Utah Utes,,
mbb,espn,2540,UC Santa Barbara Gauchos,,
mbb,espn,2541,Santa Clara Broncos,,
mbb,espn,2545,SE Louisiana Lions,,
mbb,espn,2546,Southeast Missouri State Redhawks,,
mbb,espn,2547,Seattle U Redhawks,,
mbb,espn,2550,Seton Hall Pirates,,
mbb,espn,256,James Madison Dukes,,
mbb,espn,2561,Siena Saints,,
mbb,espn,2565,SIU Edwardsville Cougars,,
mbb,espn,2567,SMU Mustangs,,
mbb,espn,2569,South Carolina State Bulldogs,,
mbb,espn,257,Richmond Spiders,,
mbb,espn,2571,South Dakota State Jackrabbits,,
mbb,espn,2572,Southern Miss Golden Eagles,,
mbb,espn,2579,South Carolina Gamecocks,,
mbb,espn,258,Virginia Cavaliers,,
mbb,espn,2582,Southern Jaguars,,
mbb,espn,259,Virginia Tech Hokies,,
mbb,espn,2598,Saint Francis Red Wolves,,
mbb,espn,2599,St. John's Red Storm,,
mbb,espn,26,UCLA Bruins,,
mbb,espn,2603,Saint Joseph's Hawks,,
mbb,espn,2608,Saint Mary's Gaels,,
mbb,espn,261,Vermont Catamounts,,
mbb,espn,2612,Saint Peter's Peacocks,,
mbb,espn,2617,Stephen F. Austin Lumberjacks,,
mbb,espn,2619,Stony Brook Seawolves,,
mbb,espn,2623,Missouri State Bears,,
mbb,espn,2627,Tarleton State Texans,,
mbb,espn,2628,TCU Horned Frogs,,
mbb,espn,2630,UT Martin Skyhawks,,
mbb,espn,2633,Tennessee Volunteers,,
mbb,espn,2634,Tennessee State Tigers,,
mbb,espn,2635,Tennessee Tech Golden Eagles,,
mbb,espn,2636,UTSA Roadrunners,,
mbb,espn,2638,UTEP Miners,,
mbb,espn,264,Washington Huskies,,
mbb,espn,2640,Texas Southern Tigers,,
mbb,espn,2641,Texas Tech Red Raiders,,
mbb,espn,2643,The Citadel Bulldogs,,
mbb,espn,2649,Toledo Rockets,,
mbb,espn,265,Washington State Cougars,,
mbb,espn,2653,Troy Trojans,,
mbb,espn,2655,Tulane Green Wave,,
mbb,espn,2670,VCU Rams,,
mbb,espn,2674,Valparaiso Beacons,,
mbb,espn,2678,VMI Keydets,,
mbb,espn,2681,Wagner Seahawks,,
mbb,espn,269,Marquette Golden Eagles,,
mbb,espn,2692,Weber State Wildcats,,
mbb,espn,2697,West Florida Argonauts,,
mbb,espn,2698,West Georgia Wolves,,
mbb,espn,27,UC Riverside Highlanders,,
mbb,espn,270,Milwaukee Panthers,,
mbb,espn,2710,Western Illinois Leathernecks,,
mbb,espn,2711,Western Michigan Broncos,,
mbb,espn,2717,Western Carolina Catamounts,,
mbb,espn,2724,Wichita State Shockers,,
mbb,espn,2729,William & Mary Tribe,,
mbb,espn,2737,Winthrop Eagles,,
mbb,espn,2739,Green Bay Phoenix,,
mbb,espn,2747,Wofford Terriers,,
mbb,espn,275,Wisconsin Badgers,,
mbb,espn,2750,Wright State Raiders,,
mbb,espn,2751,Wyoming Cowboys,,
mbb,espn,2752,Xavier Musketeers,,
mbb,espn,2754,Youngstown State Penguins,,
mbb,espn,2755,Grambling Tigers,,
mbb,espn,276,Marshall Thundering Herd,,
mbb,espn,277,West Virginia Mountaineers,,
mbb,espn,2771,Merrimack Warriors,,
mbb,espn,278,Fresno State Bulldogs,,
mbb,espn,279,Pacific Tigers,,
mbb,espn,28,UC San Diego Tritons,,
mbb,espn,2803,Bryant Bulldogs,,
mbb,espn,2815,Lindenwood Lions,,
mbb,espn,282,Indiana State Sycamores,,
mbb,espn,2837,East Texas A&M Lions,,
mbb,espn,284,Stonehill Skyhawks,,
mbb,espn,2856,California Baptist Lancers,,
mbb,espn,2870,Purdue Fort Wayne Mastodons,,
mbb,espn,288,Lipscomb Bisons,,
mbb,espn,2885,NJIT Highlanders,,
mbb,espn,290,Georgia Southern Eagles,,
mbb,espn,2900,St. Thomas Tommies,,
mbb,espn,2908,South Carolina Upstate Spartans,,
mbb,espn,2916,Incarnate Word Cardinals,,
mbb,espn,292,UT Rio Grande Valley Vaqueros,,
mbb,espn,2934,Cal State Bakersfield Roadrunners,,
mbb,espn,294,Jacksonville Dolphins,,
mbb,espn,295,Old Dominion Monarchs,,
mbb,espn,299,Long Beach State Beach,,
mbb,espn,30,USC Trojans,,
mbb,espn,300,UC Irvine Anteaters,,
mbb,espn,301,San Diego Toreros,,
mbb,espn,302,UC Davis Aggies,,
mbb,espn,304,Idaho State Bengals,,
mbb,espn,305,DePaul Blue Demons,,
mbb,espn,3084,Utah Valley Wolverines,,
mbb,espn,309,Louisiana Ragin' Cajuns,,
mbb,espn,3101,Utah Tech Trailblazers,,
mbb,espn,311,Maine Black Bears,,
mbb,espn,314,Iona Gaels,,
mbb,espn,315,Niagara Purple Eagles,,
mbb,espn,322,Lafayette Leopards,,
mbb,espn,324,Coastal Carolina Chanticleers,,
mbb,espn,325,Cleveland State Vikings,,
mbb,espn,326,Texas State Bobcats,,
mbb,espn,328,Utah State Aggies,,
mbb,espn,331,Eastern Washington Eagles,,
mbb,espn,333,Alabama Crimson Tide,,
mbb,espn,338,Kennesaw State Owls,,
mbb,espn,339,Evansville Purple Aces,,
mbb,espn,344,Mississippi State Bulldogs,,
mbb,espn,349,Army Black Knights,,
mbb,espn,350,UNC Wilmington Seahawks,,
mbb,espn,356,Illinois Fighting Illini,,
mbb,espn,357,Texas A&M-Corpus Christi Islanders,,
mbb,espn,36,Colorado State Rams,,
mbb,espn,38,Colorado Buffaloes,,
mbb,espn,399,UAlbany Great Danes,,
mbb,espn,41,UConn Huskies,,
mbb,espn,43,Yale Bulldogs,,
mbb,espn,44,American University Eagles,,
mbb,espn,45,George Washington Revolutionaries,,
mbb,espn,46,Georgetown Hoyas,,
mbb,espn,47,Howard Bison,,
mbb,espn,48,Delaware Blue Hens,,
mbb,espn,5,UAB Blazers,,
mbb,espn,50,Florida A&M Rattlers,,
mbb,espn,52,Florida State Seminoles,,
mbb,espn,526,Florida Gulf Coast Eagles,,
mbb,espn,55,Jacksonville State Gamecocks,,
mbb,espn,56,Stetson Hatters,,
mbb,espn,57,Florida Gators,,
mbb,espn,58,South Florida Bulls,,
mbb,espn,59,Georgia Tech Yellow Jackets,,
mbb,espn,6,South Alabama Jaguars,,
mbb,espn,61,Georgia Bulldogs,,
mbb,espn,62,Hawai'i Rainbow Warriors,,
mbb,espn,66,Iowa State Cyclones,,
mbb,espn,68,Boise State Broncos,,
mbb,espn,70,Idaho Vandals,,
mbb,espn,71,Bradley Braves,,
mbb,espn,77,Northwestern Wildcats,,
mbb,espn,79,Southern Illinois Salukis,,
mbb,espn,8,Arkansas Razorbacks,,
mbb,espn,82,UIC Flames,,
mbb,espn,84,Indiana Hoosiers,,
mbb,espn,85,IU Indianapolis Jaguars,,
mbb,espn,87,Notre Dame Fighting Irish,,
mbb,espn,88,Southern Indiana Screaming Eagles,,
mbb,espn,9,Arizona State Sun Devils,,
mbb,espn,91,Bellarmine Knights,,
mbb,espn,93,Murray State Racers,,
mbb,espn,94,Northern Kentucky Norse,,
mbb,espn,96,Kentucky Wildcats,,
mbb,espn,97,Louisville Cardinals,,
mbb,espn,98,Western Kentucky Hilltoppers,,
mbb,espn,99,LSU Tigers,,
milb,mlbstatic,102,Round Rock Express,,
milb,mlbstatic,103,Lake Elsinore Storm,,
milb,mlbstatic,104,Jackson Generals,,
milb,mlbstatic,105,Sacramento River Cats,,
milb,mlbstatic,106,Erie SeaWolves,,
milb,mlbstatic,1174,State College Spikes,,
milb,mlbstatic,1270,DSL Nationals,,
milb,mlbstatic,1350,Northwest Arkansas Naturals,,
milb,mlbstatic,1370,FCL Cardinals,,
milb,mlbstatic,1390,FCL Blue Jays,,
milb,mlbstatic,1410,Lehigh Valley IronPigs,,
milb,mlbstatic,1610,DSL Blue Jays Red,,
milb,mlbstatic,1611,DSL Rays,,
milb,mlbstatic,1956,Somerset Patriots,,
milb,mlbstatic,1960,St. Paul Saints,,
milb,mlbstatic,1991,ACL D-backs,,
milb,mlbstatic,1994,ACL Rockies,,
milb,mlbstatic,1995,AZL Cubs Red,,
milb,mlbstatic,1996,ACL Royals Gold,,
milb,mlbstatic,1997,ACL White Sox,,
milb,mlbstatic,1998,FCL Astros,,
milb,mlbstatic,2000,FCL Astros Orange,,
milb,mlbstatic,2003,FCL Rays,,
milb,mlbstatic,2097,DSL Cardinals Red,,
milb,mlbstatic,2101,DSL Brewers Gold,,
milb,mlbstatic,2117,DSL Mets Orange,,
milb,mlbstatic,2122,DSL Padres Gold,,
milb,mlbstatic,2127,DSL Miami,,
milb,mlbstatic,2128,DSL Royals Fortuna,,
milb,mlbstatic,2131,DSL Colorado,,
milb,mlbstatic,2132,DSL Tigers 2,,
milb,mlbstatic,2134,DSL Giants Black,,
milb,mlbstatic,2270,DSL Cubs Red,,
milb,mlbstatic,2310,Reno Aces,,
milb,mlbstatic,233,Charleston RiverDogs,,
milb,mlbstatic,234,Durham Bulls,,
milb,mlbstatic,235,Memphis Redbirds,,
milb,mlbstatic,237,Midland RockHounds,,
milb,mlbstatic,238,Oklahoma City Comets,,
milb,mlbstatic,2412,DSL Rojos,,
milb,mlbstatic,2413,DSL Rangers Red,,
milb,mlbstatic,247,Birmingham Barons,,
milb,mlbstatic,249,Wilson Warbirds,,
milb,mlbstatic,2498,Bowling Green Hot Rods,,
milb,mlbstatic,259,Fresno Grizzlies,,
milb,mlbstatic,260,Tulsa Drillers,,
milb,mlbstatic,2690,AZL Dodgers 2,,
milb,mlbstatic,2730,Charlotte Stone Crabs,,
milb,mlbstatic,2770,AZL Indians Red,,
milb,mlbstatic,279,Palm Beach Cardinals,,
milb,mlbstatic,3130,DSL Orioles Orange,,
milb,mlbstatic,3390,Bradenton Marauders,,
milb,mlbstatic,3410,Richmond Flying Squirrels,,
milb,mlbstatic,342,Albuquerque Isotopes,,
milb,mlbstatic,3430,ACL Reds,,
milb,mlbstatic,3705,Columbia Fireflies,,
milb,mlbstatic,3712,Fayetteville Woodpeckers,,
milb,mlbstatic,3898,Wichita Wind Surge,,
milb,mlbstatic,400,Las Vegas Aviators,,
milb,mlbstatic,401,Inland Empire 66ers,,
milb,mlbstatic,402,Akron RubberDucks,,
milb,mlbstatic,403,Everett AquaSox,,
milb,mlbstatic,404,ACL Angels,,
milb,mlbstatic,405,AZL Athletics Green,,
milb,mlbstatic,406,ACL Brewers,,
milb,mlbstatic,407,ACL Cubs,,
milb,mlbstatic,408,ACL Giants,,
milb,mlbstatic,409,ACL Mariners,,
milb,mlbstatic,410,ACL Padres,,
milb,mlbstatic,411,ACL Rangers,,
milb,mlbstatic,412,ACL Royals,,
milb,mlbstatic,4124,Pensacola Blue Wahoos,,
milb,mlbstatic,413,Greeneville Reds,,
milb,mlbstatic,414,Salem RidgeYaks,,
milb,mlbstatic,416,Louisville Bats,,
milb,mlbstatic,417,Mobile BayBears,,
milb,mlbstatic,418,Chesapeake Baysox,,
milb,mlbstatic,419,Hillsboro Hops,,
milb,mlbstatic,420,Burlington Bees,,
milb,mlbstatic,421,Montgomery Biscuits,,
milb,mlbstatic,422,Buffalo Bisons,,
milb,mlbstatic,424,Dunedin Blue Jays,,
milb,mlbstatic,425,Pulaski Yankees,,
milb,mlbstatic,426,Wilmington Blue Rocks,,
milb,mlbstatic,427,Jersey Shore BlueClaws,,
milb,mlbstatic,428,Greenville Drive,,
milb,mlbstatic,429,Danville Braves,,
milb,mlbstatic,430,Mississippi Braves,,
milb,mlbstatic,431,Gwinnett Stripers,,
milb,mlbstatic,432,Rome Emperors,,
milb,mlbstatic,433,Helena Brewers,,
milb,mlbstatic,434,Bravos de Leon,,
milb,mlbstatic,435,Vancouver Canadians,,
milb,mlbstatic,436,Fredericksburg Nationals,,
milb,mlbstatic,4364,Grand Junction Rockies,,
milb,mlbstatic,437,Lake County Captains,,
milb,mlbstatic,438,Johnson City Cardinals,,
milb,mlbstatic,440,Springfield Cardinals,,
milb,mlbstatic,4404,DSL Pirates Gold,,
milb,mlbstatic,442,Olmecas de Tabasco,,
milb,mlbstatic,443,Peoria Chiefs,,
milb,mlbstatic,444,Idaho Falls Chukars,,
milb,mlbstatic,4444,Generales de Durango,,
milb,mlbstatic,445,Columbus Clippers,,
milb,mlbstatic,446,Kane County Cougars,,
milb,mlbstatic,447,Algodoneros Union Laguna,,
milb,mlbstatic,448,Hickory Crawdads,,
milb,mlbstatic,449,Williamsport Crosscutters,,
milb,mlbstatic,450,Daytona Tortugas,,
milb,mlbstatic,451,Iowa Cubs,,
milb,mlbstatic,452,Altoona Curve,,
milb,mlbstatic,453,Brooklyn Cyclones,,
milb,mlbstatic,455,Princeton Rays,,
milb,mlbstatic,456,Great Lakes Loons,,
milb,mlbstatic,458,Auburn Doubledays,,
milb,mlbstatic,459,Dayton Dragons,,
milb,mlbstatic,460,Tri-City Dust Devils,,
milb,mlbstatic,461,Eugene Emeralds,,
milb,mlbstatic,462,Vermont Lake Monsters,,
milb,mlbstatic,463,New Hampshire Fisher Cats,,
milb,mlbstatic,464,FCL Braves,,
milb,mlbstatic,466,FCL Nationals,,
milb,mlbstatic,467,FCL Marlins,,
milb,mlbstatic,468,FCL Mets,,
milb,mlbstatic,469,FCL Phillies,,
milb,mlbstatic,470,FCL Pirates,,
milb,mlbstatic,471,FCL Red Sox,,
milb,mlbstatic,4725,GCL Yankees West,,
milb,mlbstatic,473,FCL Tigers,,
milb,mlbstatic,474,FCL Twins,,
milb,mlbstatic,475,FCL Yankees,,
milb,mlbstatic,476,San Jose Giants,,
milb,mlbstatic,477,Greensboro Grasshoppers,,
milb,mlbstatic,478,Augusta GreenJackets,,
milb,mlbstatic,479,Jupiter Hammerheads,,
milb,mlbstatic,480,Boise Hawks,,
milb,mlbstatic,481,Hill City Howlers,,
milb,mlbstatic,482,Corpus Christi Hooks,,
milb,mlbstatic,483,Burlington Royals,,
milb,mlbstatic,484,Indianapolis Indians,,
milb,mlbstatic,485,Down East Wood Ducks,,
milb,mlbstatic,486,Spokane Indians,,
milb,mlbstatic,487,Kannapolis Cannon Ballers,,
milb,mlbstatic,488,Aberdeen IronBirds,,
milb,mlbstatic,4904,El Paso Chihuahuas,,
milb,mlbstatic,491,Lancaster JetHawks,,
milb,mlbstatic,492,Cedar Rapids Kernels,,
milb,mlbstatic,493,Frederick Keys,,
milb,mlbstatic,494,Charlotte Knights,,
milb,mlbstatic,495,Lexington Legends,,
milb,mlbstatic,496,Leones de Yucatan,,
milb,mlbstatic,498,Chattanooga Lookouts,,
milb,mlbstatic,499,Lansing Lugnuts,,
milb,mlbstatic,500,Clinton LumberKings,,
milb,mlbstatic,5005,DSL Astros Orange,,
milb,mlbstatic,5010,Toros de Tijuana,,
milb,mlbstatic,5015,Biloxi Shuckers,,
milb,mlbstatic,502,Saraperos de Saltillo,,
milb,mlbstatic,5020,West Virginia Black Bears,,
milb,mlbstatic,503,Florida Fire Frogs,,
milb,mlbstatic,505,Binghamton Rumble Ponies,,
milb,mlbstatic,506,Kingsport Mets,,
milb,mlbstatic,507,St. Lucie Mets,,
milb,mlbstatic,5071,FCL Tigers West,,
milb,mlbstatic,5085,DSL Phillies White,,
milb,mlbstatic,5086,DSL Tampa Bay,,
milb,mlbstatic,5087,DSL Arizona Red,,
milb,mlbstatic,509,Fort Myers Mighty Mussels,,
milb,mlbstatic,510,San Antonio Missions,,
milb,mlbstatic,511,Batavia Muckdogs,,
milb,mlbstatic,512,Toledo Mud Hens,,
milb,mlbstatic,513,Billings Mustangs,,
milb,mlbstatic,515,Modesto Nuts,,
milb,mlbstatic,516,Visalia Rawhide,,
milb,mlbstatic,517,Bluefield Blue Jays,,
milb,mlbstatic,518,Missoula Osprey,,
milb,mlbstatic,519,Orem Owlz,,
milb,mlbstatic,520,Pericos de Puebla,,
milb,mlbstatic,521,Myrtle Beach Pelicans,,
milb,mlbstatic,522,Reading Fightin Phils,,
milb,mlbstatic,523,Piratas de Campeche,,
milb,mlbstatic,524,Stockton Ports,,
milb,mlbstatic,525,West Virginia Power,,
milb,mlbstatic,526,Rancho Cucamonga Quakes,,
milb,mlbstatic,528,Rieleros de Aguascalientes,,
milb,mlbstatic,529,Tacoma Rainiers,,
milb,mlbstatic,530,Ogden Raptors,,
milb,mlbstatic,531,Scranton/Wilkes-Barre RailRiders,,
milb,mlbstatic,5316,AZL Padres 2,,
milb,mlbstatic,532,Diablos Rojos del Mexico,,
milb,mlbstatic,533,Worcester Red Sox,,
milb,mlbstatic,534,Rochester Red Wings,,
milb,mlbstatic,536,Tecos de los Dos Laredos,,
milb,mlbstatic,5368,Amarillo Sod Poodles,,
milb,mlbstatic,537,Hudson Valley Renegades,,
milb,mlbstatic,5370,ACL Giants Orange,,
milb,mlbstatic,5372,GCL Phillies West,,
milb,mlbstatic,5374,ACL Guardians,,
milb,mlbstatic,538,Hartford Yard Goats,,
milb,mlbstatic,540,Frisco RoughRiders,,
milb,mlbstatic,541,Omaha Storm Chasers,,
milb,mlbstatic,5426,ACL Athletics,,
milb,mlbstatic,5427,ACL Dodgers,,
milb,mlbstatic,5428,Worcester Red Sox,,
milb,mlbstatic,5430,ACL Brewers Blue,,
milb,mlbstatic,5434,Sugar Land Space Cowboys,,
milb,mlbstatic,545,Mahoning Valley Scrappers,,
milb,mlbstatic,546,Portland Sea Dogs,,
milb,mlbstatic,547,Harrisburg Senators,,
milb,mlbstatic,548,Delmarva Shorebirds,,
milb,mlbstatic,550,South Bend Cubs,,
milb,mlbstatic,5506,DSL CLE Goryl,,
milb,mlbstatic,551,Colorado Springs Sky Sox,,
milb,mlbstatic,552,Syracuse Mets,,
milb,mlbstatic,553,Knoxville Smokies,,
milb,mlbstatic,554,Beloit Sky Carp,,
milb,mlbstatic,556,Nashville Sounds,,
milb,mlbstatic,557,Bristol Pirates,,
milb,mlbstatic,5578,FCL Orioles Orange,,
milb,mlbstatic,5579,FCL Pirates Gold,,
milb,mlbstatic,558,Lowell Spinners,,
milb,mlbstatic,559,Rocket City Trash Pandas,,
milb,mlbstatic,560,Acereros del Norte,,
milb,mlbstatic,561,Salt Lake Bees,,
milb,mlbstatic,562,Sultanes de Monterrey,,
milb,mlbstatic,563,Hagerstown Suns,,
milb,mlbstatic,564,Jacksonville Jumbo Shrimp,,
milb,mlbstatic,565,Quad Cities River Bandits,,
milb,mlbstatic,566,Clearwater Threshers,,
milb,mlbstatic,567,Trenton Thunder,,
milb,mlbstatic,568,Norfolk Tides,,
milb,mlbstatic,569,Tigres de Quintana Roo,,
milb,mlbstatic,570,Lakeland Flying Tigers,,
milb,mlbstatic,571,Norwich Sea Unicorns,,
milb,mlbstatic,572,Wisconsin Timber Rattlers,,
milb,mlbstatic,573,Asheville Tourists,,
milb,mlbstatic,574,Arkansas Travelers,,
milb,mlbstatic,575,Dorados de Chihuahua,,
milb,mlbstatic,576,Elizabethton Twins,,
milb,mlbstatic,577,Tri-City ValleyCats,,
milb,mlbstatic,578,Salem-Keizer Volcanoes,,
milb,mlbstatic,579,Guerreros de Oaxaca,,
milb,mlbstatic,580,Winston-Salem Dash,,
milb,mlbstatic,581,Great Falls Voyagers,,
milb,mlbstatic,582,West Michigan Whitecaps,,
milb,mlbstatic,584,Fort Wayne TinCaps,,
milb,mlbstatic,586,Staten Island Yankees,,
milb,mlbstatic,587,Tampa Tarpons,,
milb,mlbstatic,588,New Orleans Baby Cakes,,
milb,mlbstatic,599,FCL Orioles,,
milb,mlbstatic,600,DSL Angels,,
milb,mlbstatic,601,DSL Astros Blue,,
milb,mlbstatic,602,DSL Athletics,,
milb,mlbstatic,6038,ACL D-backs Red,,
milb,mlbstatic,604,DSL Blue Jays Blue,,
milb,mlbstatic,605,DSL Braves,,
milb,mlbstatic,607,DSL Brewers Blue,,
milb,mlbstatic,608,DSL Cardinals,,
milb,mlbstatic,609,DSL Cubs Blue,,
milb,mlbstatic,610,DSL Arizona Black,,
milb,mlbstatic,611,DSL LAD Bautista,,
milb,mlbstatic,612,DSL LAD Mega,,
milb,mlbstatic,615,DSL Giants Orange,,
milb,mlbstatic,616,DSL CLE Mendoza,,
milb,mlbstatic,617,DSL Brewers/Blue Jays,,
milb,mlbstatic,618,DSL Mariners,,
milb,mlbstatic,619,DSL Marlins,,
milb,mlbstatic,620,DSL Mets Blue,,
milb,mlbstatic,621,DSL Orioles Black,,
milb,mlbstatic,622,DSL Padres Brown,,
milb,mlbstatic,623,DSL Phillies,,
milb,mlbstatic,624,DSL Pirates Black,,
milb,mlbstatic,625,DSL Rangers Blue,,
milb,mlbstatic,626,DSL Red Sox Blue,,
milb,mlbstatic,627,DSL Red Sox Red,,
milb,mlbstatic,628,DSL Reds,,
milb,mlbstatic,629,DSL Rockies,,
milb,mlbstatic,630,DSL Royals Ventura,,
milb,mlbstatic,631,DSL Tigers 1,,
milb,mlbstatic,632,DSL Twins,,
milb,mlbstatic,6324,Hub City Spartanburgers,,
milb,mlbstatic,6325,Columbus Clingstones,,
milb,mlbstatic,633,DSL White Sox,,
milb,mlbstatic,634,DSL NYY Bombers,,
milb,mlbstatic,635,DSL NYY Yankees,,
milb,mlbstatic,6482,Ontario Tower Buzzers,,
mlb,espn,1,Baltimore Orioles,,
mlb,espn,10,New York Yankees,,
mlb,espn,11,Athletics,,
mlb,espn,12,Seattle Mariners,,
mlb,espn,13,Texas Rangers,,
mlb,espn,14,Toronto Blue Jays,,
mlb,espn,15,Atlanta Braves,,
mlb,espn,16,Chicago Cubs,,
mlb,espn,17,Cincinnati Reds,,
mlb,espn,18,Houston Astros,,
mlb,espn,19,Los Angeles Dodgers,,
mlb,espn,2,Boston Red Sox,,
mlb,espn,20,Washington Nationals,,
mlb,espn,21,New York Mets,,
mlb,espn,22,Philadelphia Phillies,,
mlb,espn,23,Pittsburgh Pirates,,
mlb,espn,24,St. Louis Cardinals,,
mlb,espn,25,San Diego Padres,,
mlb,espn,26,San Francisco Giants,,
mlb,espn,27,Colorado Rockies,,
mlb,espn,28,Miami Marlins,,
mlb,espn,29,Arizona Diamondbacks,,
mlb,espn,3,Los Angeles Angels,,
mlb,espn,30,Tampa Bay Rays,,
mlb,espn,4,Chicago White Sox,,
mlb,espn,5,Cleveland Guardians,,
mlb,espn,6,Detroit Tigers,,
mlb,espn,7,Kansas City Royals,,
mlb,espn,8,Milwaukee Brewers,,
mlb,espn,9,Minnesota Twins,,
mlb,mlbstatic,108,Los Angeles Angels,,
mlb,mlbstatic,109,Arizona Diamondbacks,,
mlb,mlbstatic,110,Baltimore Orioles,,
mlb,mlbstatic,111,Boston Red Sox,,
mlb,mlbstatic,112,Chicago Cubs,,
mlb,mlbstatic,113,Cincinnati Reds,,
mlb,mlbstatic,114,Cleveland Guardians,,
mlb,mlbstatic,115,Colorado Rockies,,
mlb,mlbstatic,116,Detroit Tigers,,
mlb,mlbstatic,117,Houston Astros,,
mlb,mlbstatic,118,Kansas City Royals,,
mlb,mlbstatic,119,Los Angeles Dodgers,,
mlb,mlbstatic,120,Washington Nationals,,
mlb,mlbstatic,121,New York Mets,,
mlb,mlbstatic,133,Athletics,,
mlb,mlbstatic,134,Pittsburgh Pirates,,
mlb,mlbstatic,135,San Diego Padres,,
mlb,mlbstatic,136,Seattle Mariners,,
mlb,mlbstatic,137,San Francisco Giants,,
mlb,mlbstatic,138,St. Louis Cardinals,,
mlb,mlbstatic,139,Tampa Bay Rays,,
mlb,mlbstatic,140,Texas Rangers,,
mlb,mlbstatic,141,Toronto Blue Jays,,
mlb,mlbstatic,142,Minnesota Twins,,
mlb,mlbstatic,143,Philadelphia Phillies,,
mlb,mlbstatic,144,Atlanta Braves,,
mlb,mlbstatic,145,Chicago White Sox,,
mlb,mlbstatic,146,Miami Marlins,,
mlb,mlbstatic,147,New York Yankees,,
mlb,mlbstatic,158,Milwaukee Brewers,,
nba,espn,1,Atlanta Hawks,,
nba,espn,10,Houston Rockets,,
nba,espn,11,Indiana Pacers,,
nba,espn,12,LA Clippers,,
nba,espn,13,Los Angeles Lakers,,
nba,espn,14,Miami Heat,,
nba,espn,15,Milwaukee Bucks,,
nba,espn,16,Minnesota Timberwolves,,
nba,espn,17,Brooklyn Nets,,
nba,espn,18,New York Knicks,,
nba,espn,19,Orlando Magic,,
nba,espn,2,Boston Celtics,,
nba,espn,20,Philadelphia 76ers,,
nba,espn,21,Phoenix Suns,,
nba,espn,22,Portland Trail Blazers,,
nba,espn,23,Sacramento Kings,,
nba,espn,24,San Antonio Spurs,,
nba,espn,25,Oklahoma City Thunder,,
nba,espn,26,Utah Jazz,,
nba,espn,27,Washington Wizards,,
nba,espn,28,Toronto Raptors,,
nba,espn,29,Memphis Grizzlies,,
nba,espn,3,New Orleans Pelicans,,
nba,espn,30,Charlotte Hornets,,
nba,espn,4,Chicago Bulls,,
nba,espn,5,Cleveland Cavaliers,,
nba,espn,6,Dallas Mavericks,,
nba,espn,7,Denver Nuggets,,
nba,espn,8,Detroit Pistons,,
nba,espn,9,Golden State Warriors,,
nbagl,espn,1,San Diego Clippers,,
nbagl,espn,10,Iowa Wolves,,
nbagl,espn,11,Osceola Magic,,
nbagl,espn,12,Long Island Nets,,
nbagl,espn,123432,G League Ignite,,
nbagl,espn,124612,Mexico City Capitanes,,
nbagl,espn,128019,Rip City Remix,,
nbagl,espn,129713,Valley Suns,,
nbagl,espn,13,Maine Celtics,,
nbagl,espn,14,Memphis Hustle,,
nbagl,espn,15,Motor City Cruise,,
nbagl,espn,16,Oklahoma City Blue,,
nbagl,espn,17,Raptors 905,,
nbagl,espn,18,Rio Grande Valley Vipers,,
nbagl,espn,19,Salt Lake City Stars,,
nbagl,espn,2,Austin Spurs,,
nbagl,espn,20,Santa Cruz Warriors,,
nbagl,espn,21,Sioux Falls Skyforce,,
nbagl,espn,22,Coachella Valley Lakers,,
nbagl,espn,23,Stockton Kings,,
nbagl,espn,24,Texas Legends,,
nbagl,espn,25,Westchester Knicks,,
nbagl,espn,26,Windy City Bulls,,
nbagl,espn,27,Wisconsin Herd,,
nbagl,espn,28,College Park Skyhawks,,
nbagl,espn,3,Cleveland Charge,,
nbagl,espn,4,Capital City Go-Go,,
nbagl,espn,5,Delaware Blue Coats,,
nbagl,espn,6,Laketown Squadron,,
nbagl,espn,7,Noblesville Boom,,
nbagl,espn,8,Grand Rapids Gold,,
nbagl,espn,9,Greensboro Swarm,,
ncaa_baseball,espn,100,Dartmouth Big Green,,
ncaa_baseball,espn,101,Princeton Tigers,,
ncaa_baseball,espn,102,Rutgers Scarlet Knights,,
ncaa_baseball,espn,103,New Mexico State Aggies,,
ncaa_baseball,espn,104,New Mexico Lobos,,
ncaa_baseball,espn,105,St. Bonaventure Bonnies,,
ncaa_baseball,espn,106,Bowling Green Falcons,,
ncaa_baseball,espn,1067,Concordia St. Paul Golden Bears,,
ncaa_baseball,espn,107,Miami (OH) RedHawks,,
ncaa_baseball,espn,108,Ohio State Buckeyes,,
ncaa_baseball,espn,109,Ohio Bobcats,,
ncaa_baseball,espn,110,Oklahoma State Cowboys,,
ncaa_baseball,espn,1103,North Alabama Lions,,
ncaa_baseball,espn,1105,California Baptist Lancers,,
ncaa_baseball,espn,111,Oral Roberts Golden Eagles,,
ncaa_baseball,espn,112,Oklahoma Sooners,,
ncaa_baseball,espn,113,Oregon State Beavers,,
ncaa_baseball,espn,1139,Boise State Broncos,,
ncaa_baseball,espn,114,Temple Owls,,
ncaa_baseball,espn,1143,Bellarmine Knights,,
ncaa_baseball,espn,1145,Tarleton State Texans,,
ncaa_baseball,espn,1146,Utah Tech Trailblazers,,
ncaa_baseball,espn,1147,UC San Diego Tritons,,
ncaa_baseball,espn,1148,Merrimack Warriors,,
ncaa_baseball,espn,115,Pittsburgh Panthers,,
ncaa_baseball,espn,116,Brown Bears,,
ncaa_baseball,espn,117,Clemson Tigers,,
ncaa_baseball,espn,118,Charleston Cougars,,
ncaa_baseball,espn,1189,Loras Duhawks,,
ncaa_baseball,espn,119,Memphis Tigers,,
ncaa_baseball,espn,1190,Grand View Vikings,,
ncaa_baseball,espn,1191,Roosevelt Lakers,,
ncaa_baseball,espn,120,Vanderbilt Commodores,,
ncaa_baseball,espn,121,Baylor Bears,,
ncaa_baseball,espn,122,Rice Owls,,
ncaa_baseball,espn,123,Texas A&M Aggies,,
ncaa_baseball,espn,1238,Queens University Royals,,
ncaa_baseball,espn,1239,Upper Iowa Peacocks,,
ncaa_baseball,espn,124,Houston Cougars,,
ncaa_baseball,espn,1245,Stonehill Skyhawks,,
ncaa_baseball,espn,1246,Southern Indiana Screaming Eagles,,
ncaa_baseball,espn,1247,Linfield Wildcats,,
ncaa_baseball,espn,1248,Coe Kohawks,,
ncaa_baseball,espn,125,UT Arlington Mavericks,,
ncaa_baseball,espn,126,Texas Longhorns,,
ncaa_baseball,espn,127,BYU Cougars,,
ncaa_baseball,espn,128,Utah Utes,,
ncaa_baseball,espn,1286,DePauw Tigers,,
ncaa_baseball,espn,1287,St. Olaf Oles,,
ncaa_baseball,espn,129,James Madison Dukes,,
ncaa_baseball,espn,129698,Mercyhurst Lakers,,
ncaa_baseball,espn,129699,West Georgia Wolves,,
ncaa_baseball,espn,129700,Pacific Lutheran Lutes,,
ncaa_baseball,espn,129701,Augustana (IL) Vikings,,
ncaa_baseball,espn,129702,Aurora Spartans,,
ncaa_baseball,espn,129706,New Haven Chargers,,
ncaa_baseball,espn,129756,Wartburg Knights,,
ncaa_baseball,espn,129760,Cal State Los Angeles Golden Eagles,,
ncaa_baseball,espn,129763,Wisconsin Platteville Pioneers,,
ncaa_baseball,espn,129773,Washburn Ichabods,,
ncaa_baseball,espn,130,Richmond Spiders,,
ncaa_baseball,espn,131,Virginia Cavaliers,,
ncaa_baseball,espn,132,Virginia Tech Hokies,,
ncaa_baseball,espn,133,Washington Huskies,,
ncaa_baseball,espn,134,Washington State Cougars,,
ncaa_baseball,espn,135,Milwaukee Panthers,,
ncaa_baseball,espn,136,West Virginia Mountaineers,,
ncaa_baseball,espn,137,Fresno State Bulldogs,,
ncaa_baseball,espn,138,Georgia Southern Eagles,,
ncaa_baseball,espn,139,Jacksonville Dolphins,,
ncaa_baseball,espn,140,Old Dominion Monarchs,,
ncaa_baseball,espn,141,Long Beach State Beach,,
ncaa_baseball,espn,142,UC Irvine Anteaters,,
ncaa_baseball,espn,143,San Diego Toreros,,
ncaa_baseball,espn,144,Louisiana Ragin' Cajuns,,
ncaa_baseball,espn,145,Lafayette Leopards,,
ncaa_baseball,espn,146,Coastal Carolina Chanticleers,,
ncaa_baseball,espn,147,Texas State Bobcats,,
ncaa_baseball,espn,148,Alabama Crimson Tide,,
ncaa_baseball,espn,149,Evansville Purple Aces,,
ncaa_baseball,espn,150,Mississippi State Bulldogs,,
ncaa_baseball,espn,151,Army Black Knights,,
ncaa_baseball,espn,152,UNC Wilmington Seahawks,,
ncaa_baseball,espn,153,Illinois Fighting Illini,,
ncaa_baseball,espn,154,UAlbany Great Danes,,
ncaa_baseball,espn,155,Air Force Falcons,,
ncaa_baseball,espn,156,Austin Peay Governors,,
ncaa_baseball,espn,157,Ball State Cardinals,,
ncaa_baseball,espn,158,Bethune-Cookman Wildcats,,
ncaa_baseball,espn,159,Central Connecticut Blue Devils,,
ncaa_baseball,espn,160,UCF Knights,,
ncaa_baseball,espn,161,Cincinnati Bearcats,,
ncaa_baseball,espn,162,Coppin State Eagles,,
ncaa_baseball,espn,163,Florida Atlantic Owls,,
ncaa_baseball,espn,164,Florida International Panthers,,
ncaa_baseball,espn,165,Cal State Fullerton Titans,,
ncaa_baseball,espn,166,George Mason Patriots,,
ncaa_baseball,espn,167,Iowa Hawkeyes,,
ncaa_baseball,espn,168,Kansas Jayhawks,,
ncaa_baseball,espn,169,Kent State Golden Flashes,,
ncaa_baseball,espn,170,Lamar Cardinals,,
ncaa_baseball,espn,171,Le Moyne Dolphins,,
ncaa_baseball,espn,172,Liberty Flames,,
ncaa_baseball,espn,173,Louisiana Tech Bulldogs,,
ncaa_baseball,espn,174,Loyola Marymount Lions,,
ncaa_baseball,espn,175,Marist Red Foxes,,
ncaa_baseball,espn,176,Miami Hurricanes,,
ncaa_baseball,espn,177,Middle Tennessee Blue Raiders,,
ncaa_baseball,espn,178,Monmouth Hawks,,
ncaa_baseball,espn,179,Navy Midshipmen,,
ncaa_baseball,espn,180,Charlotte 49ers,,
ncaa_baseball,espn,181,UNC Greensboro Spartans,,
ncaa_baseball,espn,182,UNLV Rebels,,
ncaa_baseball,espn,183,Nevada Wolf Pack,,
ncaa_baseball,espn,184,LSU New Orleans Privateers,,
ncaa_baseball,espn,185,Cal State Northridge Matadors,,
ncaa_baseball,espn,186,Northwestern State Demons,,
ncaa_baseball,espn,187,Pepperdine Waves,,
ncaa_baseball,espn,188,Prairie View A&M Panthers,,
ncaa_baseball,espn,189,Purdue Boilermakers,,
ncaa_baseball,espn,190,Sam Houston Bearkats,,
ncaa_baseball,espn,191,Southeast Missouri State Redhawks,,
ncaa_baseball,espn,192,Southern Miss Golden Eagles,,
ncaa_baseball,espn,193,South Carolina Gamecocks,,
ncaa_baseball,espn,194,Southern Jaguars,,
ncaa_baseball,espn,195,St. John's Red Storm,,
ncaa_baseball,espn,196,Stony Brook Seawolves,,
ncaa_baseball,espn,197,Missouri State Bears,,
ncaa_baseball,espn,198,TCU Horned Frogs,,
ncaa_baseball,espn,199,Tennessee Volunteers,,
ncaa_baseball,espn,200,Texas Southern Tigers,,
ncaa_baseball,espn,201,Texas Tech Red Raiders,,
ncaa_baseball,espn,202,The Citadel Bulldogs,,
ncaa_baseball,espn,203,Tulane Green Wave,,
ncaa_baseball,espn,204,VCU Rams,,
ncaa_baseball,espn,205,Western Carolina Catamounts,,
ncaa_baseball,espn,206,Wichita State Shockers,,
ncaa_baseball,espn,207,Winthrop Eagles,,
ncaa_baseball,espn,208,Wofford Terriers,,
ncaa_baseball,espn,209,Youngstown State Penguins,,
ncaa_baseball,espn,259,Maine Black Bears,,
ncaa_baseball,espn,260,Alcorn State Braves,,
ncaa_baseball,espn,261,Little Rock Trojans,,
ncaa_baseball,espn,262,Belmont Bruins,,
ncaa_baseball,espn,263,Dallas Baptist Patriots,,
ncaa_baseball,espn,264,Kansas State Wildcats,,
ncaa_baseball,espn,265,Manhattan Jaspers,,
ncaa_baseball,espn,266,Sacred Heart Pioneers,,
ncaa_baseball,espn,267,San Francisco Dons,,
ncaa_baseball,espn,268,Seton Hall Pirates,,
ncaa_baseball,espn,269,Troy Trojans,,
ncaa_baseball,espn,270,Wright State Raiders,,
ncaa_baseball,espn,271,App State Mountaineers,,
ncaa_baseball,espn,272,UL Monroe Warhawks,,
ncaa_baseball,espn,273,Oregon Ducks,,
ncaa_baseball,espn,274,Samford Bulldogs,,
ncaa_baseball,espn,284,Columbia Lions,,
ncaa_baseball,espn,285,Jackson State Tigers,,
ncaa_baseball,espn,286,Savannah State Tigers,,
ncaa_baseball,espn,287,Gonzaga Bulldogs,,
ncaa_baseball,espn,288,Illinois State Redbirds,,
ncaa_baseball,espn,289,William & Mary Tribe,,
ncaa_baseball,espn,290,UC Santa Barbara Gauchos,,
ncaa_baseball,espn,291,Florida Gulf Coast Eagles,,
ncaa_baseball,espn,292,Binghamton Bearcats,,
ncaa_baseball,espn,293,Campbell Fighting Camels,,
ncaa_baseball,espn,294,Indiana Hoosiers,,
ncaa_baseball,espn,295,Mercer Bears,,
ncaa_baseball,espn,296,North Florida Ospreys,,
ncaa_baseball,espn,297,UTSA Roadrunners,,
ncaa_baseball,espn,298,Canisius Golden Griffins,,
ncaa_baseball,espn,299,Bryant Bulldogs,,
ncaa_baseball,espn,300,Saint Louis Billikens,,
ncaa_baseball,espn,301,South Dakota State Jackrabbits,,
ncaa_baseball,espn,302,Valparaiso Beacons,,
ncaa_baseball,espn,303,Elon Phoenix,,
ncaa_baseball,espn,304,East Tennessee State Buccaneers,,
ncaa_baseball,espn,305,Towson Tigers,,
ncaa_baseball,espn,306,Central Arkansas Bears,,
ncaa_baseball,espn,307,Kennesaw State Owls,,
ncaa_baseball,espn,308,Indiana State Sycamores,,
ncaa_baseball,espn,309,SE Louisiana Lions,,
ncaa_baseball,espn,310,North Dakota State Bison,,
ncaa_baseball,espn,311,Siena Saints,,
ncaa_baseball,espn,312,Xavier Musketeers,,
ncaa_baseball,espn,313,Bucknell Bison,,
ncaa_baseball,espn,314,Sacramento State Hornets,,
ncaa_baseball,espn,315,Abilene Christian Wildcats,,
ncaa_baseball,espn,316,Akron Zips,,
ncaa_baseball,espn,317,Alabama A&M Bulldogs,,
ncaa_baseball,espn,318,Alabama State Hornets,,
ncaa_baseball,espn,319,American University Eagles,,
ncaa_baseball,espn,320,Arkansas State Red Wolves,,
ncaa_baseball,espn,321,Arkansas-Pine Bluff Golden Lions,,
ncaa_baseball,espn,322,Boise State Broncos,,
ncaa_baseball,espn,323,Boston University Terriers,,
ncaa_baseball,espn,324,Bradley Braves,,
ncaa_baseball,espn,325,Buffalo Bulls,,
ncaa_baseball,espn,326,Butler Bulldogs,,
ncaa_baseball,espn,327,Cal State Bakersfield Roadrunners,,
ncaa_baseball,espn,328,Central Michigan Chippewas,,
ncaa_baseball,espn,329,Charleston Southern Buccaneers,,
ncaa_baseball,espn,330,Chattanooga Mocs,,
ncaa_baseball,espn,331,Chicago St Cougars,,
ncaa_baseball,espn,332,Cleveland State Vikings,,
ncaa_baseball,espn,333,Colgate Raiders,,
ncaa_baseball,espn,334,Colorado Buffaloes,,
ncaa_baseball,espn,335,Colorado State Rams,,
ncaa_baseball,espn,336,Cornell Big Red,,
ncaa_baseball,espn,337,Davidson Wildcats,,
ncaa_baseball,espn,338,Dayton Flyers,,
ncaa_baseball,espn,339,Delaware Blue Hens,,
ncaa_baseball,espn,340,Delaware State Hornets,,
ncaa_baseball,espn,341,Denver Pioneers,,
ncaa_baseball,espn,342,DePaul Blue Demons,,
ncaa_baseball,espn,343,Detroit Mercy Titans,,
ncaa_baseball,espn,344,Drake Bulldogs,,
ncaa_baseball,espn,345,Drexel Dragons,,
ncaa_baseball,espn,346,Duquesne Dukes,,
ncaa_baseball,espn,347,Eastern Illinois Panthers,,
ncaa_baseball,espn,348,Eastern Kentucky Colonels,,
ncaa_baseball,espn,349,Eastern Michigan Eagles,,
ncaa_baseball,espn,350,Eastern Washington Eagles,,
ncaa_baseball,espn,351,Fairfield Stags,,
ncaa_baseball,espn,352,Fairleigh Dickinson Knights,,
ncaa_baseball,espn,353,Florida A&M Rattlers,,
ncaa_baseball,espn,354,Fordham Rams,,
ncaa_baseball,espn,355,Furman Paladins,,
ncaa_baseball,espn,356,Gardner-Webb Runnin' Bulldogs,,
ncaa_baseball,espn,357,Georgetown Hoyas,,
ncaa_baseball,espn,358,Georgia State Panthers,,
ncaa_baseball,espn,359,Grambling Tigers,,
ncaa_baseball,espn,360,Grand Canyon Lopes,,
ncaa_baseball,espn,361,Green Bay Phoenix,,
ncaa_baseball,espn,362,Hampton Pirates,,
ncaa_baseball,espn,363,Harvard Crimson,,
ncaa_baseball,espn,364,High Point Panthers,,
ncaa_baseball,espn,365,Hofstra Pride,,
ncaa_baseball,espn,366,Holy Cross Crusaders,,
ncaa_baseball,espn,367,Houston Christian Huskies,,
ncaa_baseball,espn,368,Howard Bison,,
ncaa_baseball,espn,369,Idaho Vandals,,
ncaa_baseball,espn,370,Idaho State Bengals,,
ncaa_baseball,espn,371,Incarnate Word Cardinals,,
ncaa_baseball,espn,372,Iona Gaels,,
ncaa_baseball,espn,373,Iowa State Cyclones,,
ncaa_baseball,espn,374,Purdue Fort Wayne Mastodons,,
ncaa_baseball,espn,375,IU Indianapolis Jaguars,,
ncaa_baseball,espn,376,La Salle Explorers,,
ncaa_baseball,espn,377,Lehigh Mountain Hawks,,
ncaa_baseball,espn,378,Lipscomb Bisons,,
ncaa_baseball,espn,379,Long Island University Sharks,,
ncaa_baseball,espn,380,Longwood Lancers,,
ncaa_baseball,espn,381,Loyola Chicago Ramblers,,
ncaa_baseball,espn,382,Loyola Maryland Greyhounds,,
ncaa_baseball,espn,383,Marquette Golden Eagles,,
ncaa_baseball,espn,384,Marshall Thundering Herd,,
ncaa_baseball,espn,385,Maryland Eastern Shore Hawks,,
ncaa_baseball,espn,386,Massachusetts Minutemen,,
ncaa_baseball,espn,387,McNeese Cowboys,,
ncaa_baseball,espn,388,Mississippi Valley State Delta Devils,,
ncaa_baseball,espn,389,Montana Grizzlies,,
ncaa_baseball,espn,390,Montana State Bobcats,,
ncaa_baseball,espn,391,Morehead State Eagles,,
ncaa_baseball,espn,392,Morgan State Bears,,
ncaa_baseball,espn,393,Mount St. Mary's Mountaineers,,
ncaa_baseball,espn,394,Murray State Racers,,
ncaa_baseball,espn,395,NJIT Highlanders,,
ncaa_baseball,espn,396,Omaha Mavericks,,
ncaa_baseball,espn,397,New Hampshire Wildcats,,
ncaa_baseball,espn,398,Niagara Purple Eagles,,
ncaa_baseball,espn,399,Nicholls Colonels,,
ncaa_baseball,espn,400,Norfolk State Spartans,,
ncaa_baseball,espn,401,North Carolina A&T Aggies,,
ncaa_baseball,espn,402,North Carolina Central Eagles,,
ncaa_baseball,espn,403,North Dakota Fighting Hawks,,
ncaa_baseball,espn,404,North Texas Mean Green,,
ncaa_baseball,espn,405,Northeastern Huskies,,
ncaa_baseball,espn,406,Northern Arizona Lumberjacks,,
ncaa_baseball,espn,407,Northern Colorado Bears,,
ncaa_baseball,espn,408,Northern Illinois Huskies,,
ncaa_baseball,espn,409,Northern Iowa Panthers,,
ncaa_baseball,espn,410,Northern Kentucky Norse,,
ncaa_baseball,espn,411,Northwestern Wildcats,,
ncaa_baseball,espn,412,Oakland Golden Grizzlies,,
ncaa_baseball,espn,413,Pacific Tigers,,
ncaa_baseball,espn,414,Penn State Nittany Lions,,
ncaa_baseball,espn,415,Pennsylvania Quakers,,
ncaa_baseball,espn,416,Portland Pilots,,
ncaa_baseball,espn,417,Portland State Vikings,,
ncaa_baseball,espn,418,Presbyterian Blue Hose,,
ncaa_baseball,espn,419,Providence Friars,,
ncaa_baseball,espn,420,Quinnipiac Bobcats,,
ncaa_baseball,espn,421,Radford Highlanders,,
ncaa_baseball,espn,422,Rhode Island Rams,,
ncaa_baseball,espn,423,Rider Broncs,,
ncaa_baseball,espn,424,Robert Morris Colonials,,
ncaa_baseball,espn,425,Saint Joseph's Hawks,,
ncaa_baseball,espn,426,Saint Mary's Gaels,,
ncaa_baseball,espn,427,Santa Clara Broncos,,
ncaa_baseball,espn,428,Seattle U Redhawks,,
ncaa_baseball,espn,429,SIU Edwardsville Cougars,,
ncaa_baseball,espn,430,South Carolina State Bulldogs,,
ncaa_baseball,espn,431,South Dakota Coyotes,,
ncaa_baseball,espn,432,Southern Illinois Salukis,,
ncaa_baseball,espn,433,SMU Mustangs,,
ncaa_baseball,espn,434,Southern Utah Thunderbirds,,
ncaa_baseball,espn,435,St. Francis (BKN) Terriers,,
ncaa_baseball,espn,436,Saint Francis Red Flash,,
ncaa_baseball,espn,437,Saint Peter's Peacocks,,
ncaa_baseball,espn,438,Stephen F. Austin Lumberjacks,,
ncaa_baseball,espn,439,Syracuse Orange,,
ncaa_baseball,espn,440,Tennessee State Tigers,,
ncaa_baseball,espn,441,Tennessee Tech Golden Eagles,,
ncaa_baseball,espn,442,UT Martin Skyhawks,,
ncaa_baseball,espn,443,Texas A&M-Corpus Christi Islanders,,
ncaa_baseball,espn,444,Texas-Pan American Broncs,,
ncaa_baseball,espn,445,Toledo Rockets,,
ncaa_baseball,espn,446,Tulsa Golden Hurricane,,
ncaa_baseball,espn,447,UAB Blazers,,
ncaa_baseball,espn,448,UC Davis Aggies,,
ncaa_baseball,espn,449,UMass Lowell River Hawks,,
ncaa_baseball,espn,450,UMBC Retrievers,,
ncaa_baseball,espn,451,Kansas City Roos,,
ncaa_baseball,espn,452,UNC Asheville Bulldogs,,
ncaa_baseball,espn,453,South Carolina Upstate Spartans,,
ncaa_baseball,espn,454,Utah State Aggies,,
ncaa_baseball,espn,455,Utah Valley Wolverines,,
ncaa_baseball,espn,456,UTEP Miners,,
ncaa_baseball,espn,457,Vermont Catamounts,,
ncaa_baseball,espn,458,Villanova Wildcats,,
ncaa_baseball,espn,459,VMI Keydets,,
ncaa_baseball,espn,460,Wagner Seahawks,,
ncaa_baseball,espn,461,Weber State Wildcats,,
ncaa_baseball,espn,462,Western Illinois Leathernecks,,
ncaa_baseball,espn,463,Western Michigan Broncos,,
ncaa_baseball,espn,464,Wisconsin Badgers,,
ncaa_baseball,espn,465,Wyoming Cowboys,,
ncaa_baseball,espn,466,Yale Bulldogs,,
ncaa_baseball,espn,55,Auburn Tigers,,
ncaa_baseball,espn,56,Birmingham Southern Panthers,,
ncaa_baseball,espn,57,South Alabama Jaguars,,
ncaa_baseball,espn,58,Arkansas Razorbacks,,
ncaa_baseball,espn,59,Arizona State Sun Devils,,
ncaa_baseball,espn,60,Arizona Wildcats,,
ncaa_baseball,espn,61,Cal Poly Mustangs,,
ncaa_baseball,espn,62,San Diego State Aztecs,,
ncaa_baseball,espn,63,San José State Spartans,,
ncaa_baseball,espn,64,Stanford Cardinal,,
ncaa_baseball,espn,65,California Golden Bears,,
ncaa_baseball,espn,66,UCLA Bruins,,
ncaa_baseball,espn,67,UC Riverside Highlanders,,
ncaa_baseball,espn,68,USC Trojans,,
ncaa_baseball,espn,69,UConn Huskies,,
ncaa_baseball,espn,70,Hartford Hawks,,
ncaa_baseball,espn,71,George Washington Revolutionaries,,
ncaa_baseball,espn,72,Florida State Seminoles,,
ncaa_baseball,espn,73,Jacksonville State Gamecocks,,
ncaa_baseball,espn,74,Stetson Hatters,,
ncaa_baseball,espn,75,Florida Gators,,
ncaa_baseball,espn,76,South Florida Bulls,,
ncaa_baseball,espn,77,Georgia Tech Yellow Jackets,,
ncaa_baseball,espn,78,Georgia Bulldogs,,
ncaa_baseball,espn,79,Hawai'i Rainbow Warriors,,
ncaa_baseball,espn,80,UIC Flames,,
ncaa_baseball,espn,81,Notre Dame Fighting Irish,,
ncaa_baseball,espn,82,Kentucky Wildcats,,
ncaa_baseball,espn,821,Alma Scots,,
ncaa_baseball,espn,822,Anderson (IN) Ravens,,
ncaa_baseball,espn,828,Centenary (LA) Gentlemen,,
ncaa_baseball,espn,829,Central Missouri Mules,,
ncaa_baseball,espn,83,Louisville Cardinals,,
ncaa_baseball,espn,830,Emporia State Hornets,,
ncaa_baseball,espn,832,Hawaiʻi Pacific Sea Warriors,,
ncaa_baseball,espn,833,Lenoir Rhyne Bears,,
ncaa_baseball,espn,84,Western Kentucky Hilltoppers,,
ncaa_baseball,espn,841,Salisbury Sea Gulls,,
ncaa_baseball,espn,842,Southwestern Oklahoma State Bulldogs,,
ncaa_baseball,espn,844,Saint Martin's Saints,,
ncaa_baseball,espn,846,Texas Lutheran Bulldogs,,
ncaa_baseball,espn,849,Nebraska Kearney Lopers,,
ncaa_baseball,espn,85,LSU Tigers,,
ncaa_baseball,espn,850,St. Thomas Tommies,,
ncaa_baseball,espn,851,Valdosta State Blazers,,
ncaa_baseball,espn,852,Wayne State (NE) Wildcats,,
ncaa_baseball,espn,86,Boston College Eagles,,
ncaa_baseball,espn,87,Maryland Terrapins,,
ncaa_baseball,espn,88,Michigan State Spartans,,
ncaa_baseball,espn,89,Michigan Wolverines,,
ncaa_baseball,espn,90,Minnesota Golden Gophers,,
ncaa_baseball,espn,91,Missouri Tigers,,
ncaa_baseball,espn,92,Ole Miss Rebels,,
ncaa_baseball,espn,924,Truman State Bulldogs,,
ncaa_baseball,espn,926,Lindenwood Lions,,
ncaa_baseball,espn,928,Cornell (IA) Rams,,
ncaa_baseball,espn,93,Duke Blue Devils,,
ncaa_baseball,espn,932,UT Rio Grande Valley Vaqueros,,
ncaa_baseball,espn,94,East Carolina Pirates,,
ncaa_baseball,espn,95,NC State Wolfpack,,
ncaa_baseball,espn,96,North Carolina Tar Heels,,
ncaa_baseball,espn,97,Wake Forest Demon Deacons,,
ncaa_baseball,espn,98,Creighton Bluejays,,
ncaa_baseball,espn,99,Nebraska Cornhuskers,,
ncaa_baseball,ncaa.com,1273,Tampa Spartans,,
ncaa_baseball,ncaa.com,1274,Florida Southern Moccasins,,
ncaa_baseball,ncaa.com,129772,Oakland City Mighty Oaks,,
ncaa_baseball,ncaa.com,825,Barry Buccaneers,,
ncaa_baseball,ncaa.com,827,Cal Poly Pomona Broncos,,
ncaa_baseball,ncaa.com,831,Francis Marion Patriots,,
ncaa_baseball,ncaa.com,836,Lubbock Christian Chaparrals,,
ncaa_baseball,ncaa.com,839,North Georgia Saints,,
ncaa_baseball,ncaa.com,847,Hawaiʻi Hilo Vulcans,,
ncaa_baseball,ncaa.com,929,St. Thomas (FL) Bobcats,,
ncaa_baseball,ncaa.com,935,Nova Southeastern Sharks,,
ncaa_mhockey,espn,1,Alaska Anchorage Seawolves,,
ncaa_mhockey,espn,103,Boston College Eagles,,
ncaa_mhockey,espn,104,Boston University Terriers,,
ncaa_mhockey,espn,107,Holy Cross Crusaders,,
ncaa_mhockey,espn,108,Harvard Crimson,,
ncaa_mhockey,espn,110133,Long Island University Sharks,,
ncaa_mhockey,espn,111,Northeastern Huskies,,
ncaa_mhockey,espn,112334,FRANKLIN PIERCE,,
ncaa_mhockey,espn,113,Massachusetts Minutemen,,
ncaa_mhockey,espn,12,Arizona Wildcats,,
ncaa_mhockey,espn,124,Augsburg Auggies,,
ncaa_mhockey,espn,127,Michigan State Spartans,,
ncaa_mhockey,espn,127963,St. Michael'S College Purple Knights,,
ncaa_mhockey,espn,128,Northern Michigan Wildcats,,
ncaa_mhockey,espn,130,Michigan Wolverines,,
ncaa_mhockey,espn,131,Wayne St. Falcons,,
ncaa_mhockey,espn,132,Bemidji State Beavers,,
ncaa_mhockey,espn,134,Minnesota Duluth Bulldogs,,
ncaa_mhockey,espn,135,Minnesota Golden Gophers,,
ncaa_mhockey,espn,155,North Dakota Fighting Hawks,,
ncaa_mhockey,espn,159,Dartmouth Big Green,,
ncaa_mhockey,espn,160,New Hampshire Wildcats,,
ncaa_mhockey,espn,163,Princeton Tigers,,
ncaa_mhockey,espn,172,Cornell Big Red,,
ncaa_mhockey,espn,178,RIT Tigers,,
ncaa_mhockey,espn,182,SUNY Potsdam SUNY-POTSDAM,,
ncaa_mhockey,espn,189,Bowling Green Falcons,,
ncaa_mhockey,espn,193,Miami (OH) RedHawks,,
ncaa_mhockey,espn,194,Ohio State Buckeyes,,
ncaa_mhockey,espn,195,Ohio Bobcats,,
ncaa_mhockey,espn,2005,Air Force Falcons,,
ncaa_mhockey,espn,2022,American International Yellow Jackets,,
ncaa_mhockey,espn,2038,Assumption Greyhounds,,
ncaa_mhockey,espn,2043,Augustana (SD) Vikings,,
ncaa_mhockey,espn,2060,Bentley Falcons,,
ncaa_mhockey,espn,2099,Canisius Golden Griffins,,
ncaa_mhockey,espn,213,Penn State Nittany Lions,,
ncaa_mhockey,espn,2137,Clarkson Golden Knights,,
ncaa_mhockey,espn,2142,Colgate Raiders,,
ncaa_mhockey,espn,2144,Colorado College Tigers,,
ncaa_mhockey,espn,2152,Concordia (MN) Cobbers,,
ncaa_mhockey,espn,2172,Denver Pioneers,,
ncaa_mhockey,espn,2217,Fairfield Badgers,,
ncaa_mhockey,espn,2222,Ferris State Bulldogs,,
ncaa_mhockey,espn,2224,Findlay Falcons,,
ncaa_mhockey,espn,225,Brown Bears,,
ncaa_mhockey,espn,2335,Liberty Flames,,
ncaa_mhockey,espn,2349,UMass Lowell River Hawks,,
ncaa_mhockey,espn,2364,Minnesota State Mavericks,,
ncaa_mhockey,espn,2385,Mercyhurst Lakers,,
ncaa_mhockey,espn,2392,Michigan Tech Huskies,,
ncaa_mhockey,espn,2394,Middlebury Panthers,,
ncaa_mhockey,espn,2437,Omaha Mavericks,,
ncaa_mhockey,espn,2507,Providence Friars,,
ncaa_mhockey,espn,2514,Quinnipiac Bobcats,,
ncaa_mhockey,espn,2523,Robert Morris Colonials,,
ncaa_mhockey,espn,2528,Rensselaer Engineers,,
ncaa_mhockey,espn,2529,Sacred Heart Pioneers,,
ncaa_mhockey,espn,2594,St. Cloud State Huskies,,
ncaa_mhockey,espn,260,Saint Michael's Purple Knights,,
ncaa_mhockey,espn,261,Vermont Catamounts,,
ncaa_mhockey,espn,2651,Trine Thunder,,
ncaa_mhockey,espn,2711,Western Michigan Broncos,,
ncaa_mhockey,espn,2731,Williams Ephs,,
ncaa_mhockey,espn,2738,Wisconsin Eau Claire Blugolds,,
ncaa_mhockey,espn,2744,Wisconsin Stout Blue Devils,,
ncaa_mhockey,espn,275,Wisconsin Badgers,,
ncaa_mhockey,espn,2771,Merrimack Warriors,,
ncaa_mhockey,espn,2779,St. Lawrence Saints,,
ncaa_mhockey,espn,2781,Brockport Golden Eagles,,
ncaa_mhockey,espn,2785,Union Garnet Chargers,,
ncaa_mhockey,espn,2802,Bethel College Minnesota Falcons,,
ncaa_mhockey,espn,2815,Lindenwood Lions,,
ncaa_mhockey,espn,2830,Saint Anselm Hawks,,
ncaa_mhockey,espn,284,Stonehill Skyhawks,,
ncaa_mhockey,espn,285,Lake Superior State Lakers,,
ncaa_mhockey,espn,2900,St. Thomas Tommies,,
ncaa_mhockey,espn,298,Alaska Nanooks,,
ncaa_mhockey,espn,311,Maine Black Bears,,
ncaa_mhockey,espn,314,Iona Gaels,,
ncaa_mhockey,espn,315,Niagara Purple Eagles,,
ncaa_mhockey,espn,349,Army Black Knights,,
ncaa_mhockey,espn,379,UMASS DARTMOUTH,,
ncaa_mhockey,espn,41,UConn Huskies,,
ncaa_mhockey,espn,43,Yale Bulldogs,,
ncaa_mhockey,espn,430,Post Eagles,,
ncaa_mhockey,espn,87,Notre Dame Fighting Irish,,
ncaa_mhockey,espn,9,Arizona State Sun Devils,,
ncaa_mhockey,ncaa.com,110134,Adrian Bulldogs,,
ncaa_mhockey,ncaa.com,126807,Anna Maria Amcats,,
ncaa_mhockey,ncaa.com,126808,Westfield State Owls,,
ncaa_mhockey,ncaa.com,126809,SUNY Canton SUNY CANT,,
ncaa_mhockey,ncaa.com,126810,Worcester State Lancers,,
ncaa_mhockey,ncaa.com,126811,Southern Maine Huskies,,
ncaa_mhockey,ncaa.com,126812,SUNY Cortland Red Dragons,,
ncaa_mhockey,ncaa.com,126814,Rivier Raiders,,
ncaa_mhockey,ncaa.com,126815,Framingham State Rams,,
ncaa_mhockey,ncaa.com,128554,Utica Pioneers,,
ncaa_mhockey,ncaa.com,2008,Alabama Huntsville Chargers,,
ncaa_mhockey,ncaa.com,2531,Salem State Vikings,,
ncaa_mhockey,ncaa.com,2772,Minnesota-Crookston Golden Eagles,,
ncaa_mhockey,ncaa.com,2778,Scranton Falcons,,
ncaa_mhockey,ncaa.com,2783,SUNY Geneseo SUNY-GENESEO,,
ncaa_mhockey,ncaa.com,2879,Manhattanville Valiants,,
ncaa_mhockey,ncaa.com,3256,SOUTHERN NEW HAMPSHIRE,,
ncaa_mhockey,ncaa.com,6858,New England College Pilgrims,,
ncaa_mhockey,ncaa.com,6887,Nichols Bison,,
ncaa_mhockey,ncaa.com,7536,SUNY Cortland Red Dragons,,
ncaa_softball,espn,1104,California Baptist Lancers,,
ncaa_softball,espn,1106,North Alabama Lions,,
ncaa_softball,espn,1140,Clemson Tigers,,
ncaa_softball,espn,1141,Merrimack Warriors,,
ncaa_softball,espn,1149,Tarleton State Texans,,
ncaa_softball,espn,1150,Bellarmine Knights,,
ncaa_softball,espn,1155,UC San Diego Tritons,,
ncaa_softball,espn,1188,St. Thomas Tommies,,
ncaa_softball,espn,1193,Colorado School of Mines Orediggers,,
ncaa_softball,espn,1194,Corban,,
ncaa_softball,espn,1237,East Texas A&M Lions,,
ncaa_softball,espn,1240,Lindenwood Lions,,
ncaa_softball,espn,1241,Stonehill Skyhawks,,
ncaa_softball,espn,1251,Southern Indiana Screaming Eagles,,
ncaa_softball,espn,1254,Queens University Royals,,
ncaa_softball,espn,1283,Le Moyne Dolphins,,
ncaa_softball,espn,1285,Wofford Terriers,,
ncaa_softball,espn,129696,West Georgia Wolves,,
ncaa_softball,espn,129697,Mercyhurst Lakers,,
ncaa_softball,espn,129708,New Haven Chargers,,
ncaa_softball,espn,467,Auburn Tigers,,
ncaa_softball,espn,468,Birmingham Southern Panthers,,
ncaa_softball,espn,469,South Alabama Jaguars,,
ncaa_softball,espn,470,Arkansas Razorbacks,,
ncaa_softball,espn,471,Arizona State Sun Devils,,
ncaa_softball,espn,472,Arizona Wildcats,,
ncaa_softball,espn,473,Cal Poly Mustangs,,
ncaa_softball,espn,474,San Diego State Aztecs,,
ncaa_softball,espn,475,San José State Spartans,,
ncaa_softball,espn,476,Stanford Cardinal,,
ncaa_softball,espn,477,California Golden Bears,,
ncaa_softball,espn,478,UCLA Bruins,,
ncaa_softball,espn,479,UC Riverside Highlanders,,
ncaa_softball,espn,480,USC Trojans,,
ncaa_softball,espn,481,UConn Huskies,,
ncaa_softball,espn,482,Hartford Hawks,,
ncaa_softball,espn,483,George Washington Revolutionaries,,
ncaa_softball,espn,484,Florida State Seminoles,,
ncaa_softball,espn,485,Jacksonville State Gamecocks,,
ncaa_softball,espn,486,Stetson Hatters,,
ncaa_softball,espn,487,Florida Gators,,
ncaa_softball,espn,488,South Florida Bulls,,
ncaa_softball,espn,489,Georgia Tech Yellow Jackets,,
ncaa_softball,espn,490,Georgia Bulldogs,,
ncaa_softball,espn,491,Hawai'i Rainbow Warriors,,
ncaa_softball,espn,492,UIC Flames,,
ncaa_softball,espn,493,Notre Dame Fighting Irish,,
ncaa_softball,espn,494,Kentucky Wildcats,,
ncaa_softball,espn,495,Louisville Cardinals,,
ncaa_softball,espn,496,Western Kentucky Hilltoppers,,
ncaa_softball,espn,497,LSU Tigers,,
ncaa_softball,espn,498,Boston College Eagles,,
ncaa_softball,espn,499,Maryland Terrapins,,
ncaa_softball,espn,500,Michigan State Spartans,,
ncaa_softball,espn,501,Michigan Wolverines,,
ncaa_softball,espn,502,Minnesota Golden Gophers,,
ncaa_softball,espn,503,Missouri Tigers,,
ncaa_softball,espn,504,Ole Miss Rebels,,
ncaa_softball,espn,505,Duke Blue Devils,,
ncaa_softball,espn,506,East Carolina Pirates,,
ncaa_softball,espn,507,NC State Wolfpack,,
ncaa_softball,espn,508,North Carolina Tar Heels,,
ncaa_softball,espn,509,Wake Forest Demon Deacons,,
ncaa_softball,espn,510,Creighton Bluejays,,
ncaa_softball,espn,511,Nebraska Cornhuskers,,
ncaa_softball,espn,512,Dartmouth Big Green,,
ncaa_softball,espn,513,Princeton Tigers,,
ncaa_softball,espn,514,Rutgers Scarlet Knights,,
ncaa_softball,espn,515,New Mexico State Aggies,,
ncaa_softball,espn,516,New Mexico Lobos,,
ncaa_softball,espn,517,St. Bonaventure Bonnies,,
ncaa_softball,espn,518,Bowling Green Falcons,,
ncaa_softball,espn,519,Miami (OH) RedHawks,,
ncaa_softball,espn,520,Ohio State Buckeyes,,
ncaa_softball,espn,521,Ohio Bobcats,,
ncaa_softball,espn,522,Oklahoma State Cowgirls,,
ncaa_softball,espn,523,Oral Roberts Golden Eagles,,
ncaa_softball,espn,524,Oklahoma Sooners,,
ncaa_softball,espn,525,Oregon State Beavers,,
ncaa_softball,espn,526,Temple Owls,,
ncaa_softball,espn,527,Pittsburgh Panthers,,
ncaa_softball,espn,528,Brown Bears,,
ncaa_softball,espn,529,Clemson Tigers,,
ncaa_softball,espn,530,Charleston Cougars,,
ncaa_softball,espn,531,Memphis Tigers,,
ncaa_softball,espn,532,Vanderbilt Commodores,,
ncaa_softball,espn,533,Baylor Bears,,
ncaa_softball,espn,534,Rice Owls,,
ncaa_softball,espn,535,Texas A&M Aggies,,
ncaa_softball,espn,536,Houston Cougars,,
ncaa_softball,espn,537,UT Arlington Mavericks,,
ncaa_softball,espn,538,Texas Longhorns,,
ncaa_softball,espn,539,BYU Cougars,,
ncaa_softball,espn,540,Utah Utes,,
ncaa_softball,espn,541,James Madison Dukes,,
ncaa_softball,espn,542,Richmond Spiders,,
ncaa_softball,espn,543,Virginia Cavaliers,,
ncaa_softball,espn,544,Virginia Tech Hokies,,
ncaa_softball,espn,545,Washington Huskies,,
ncaa_softball,espn,546,Washington State Cougars,,
ncaa_softball,espn,547,Milwaukee Panthers,,
ncaa_softball,espn,548,West Virginia Mountaineers,,
ncaa_softball,espn,549,Fresno State Bulldogs,,
ncaa_softball,espn,550,Georgia Southern Eagles,,
ncaa_softball,espn,551,Jacksonville Dolphins,,
ncaa_softball,espn,552,Old Dominion Monarchs,,
ncaa_softball,espn,553,Long Beach State 49ers,,
ncaa_softball,espn,554,UC Irvine Anteaters,,
ncaa_softball,espn,555,San Diego Toreros,,
ncaa_softball,espn,556,Louisiana Ragin' Cajuns,,
ncaa_softball,espn,557,Lafayette Leopards,,
ncaa_softball,espn,558,Coastal Carolina Chanticleers,,
ncaa_softball,espn,559,Texas State Bobcats,,
ncaa_softball,espn,560,Alabama Crimson Tide,,
ncaa_softball,espn,561,Evansville Purple Aces,,
ncaa_softball,espn,562,Mississippi State Bulldogs,,
ncaa_softball,espn,563,Army Black Knights,,
ncaa_softball,espn,564,UNC Wilmington Seahawks,,
ncaa_softball,espn,565,Illinois Fighting Illini,,
ncaa_softball,espn,566,UAlbany Great Danes,,
ncaa_softball,espn,567,Air Force Falcons,,
ncaa_softball,espn,568,Austin Peay Governors,,
ncaa_softball,espn,569,Ball State Cardinals,,
ncaa_softball,espn,570,Bethune-Cookman Wildcats,,
ncaa_softball,espn,571,Central Connecticut Blue Devils,,
ncaa_softball,espn,572,UCF Knights,,
ncaa_softball,espn,573,Cincinnati Bearcats,,
ncaa_softball,espn,574,Coppin State Eagles,,
ncaa_softball,espn,575,Florida Atlantic Owls,,
ncaa_softball,espn,576,Florida International Panthers,,
ncaa_softball,espn,577,Cal State Fullerton Titans,,
ncaa_softball,espn,578,George Mason Patriots,,
ncaa_softball,espn,579,Iowa Hawkeyes,,
ncaa_softball,espn,580,Kansas Jayhawks,,
ncaa_softball,espn,581,Kent State Golden Flashes,,
ncaa_softball,espn,582,Lamar Cardinals,,
ncaa_softball,espn,583,Le Moyne Dolphins,,
ncaa_softball,espn,584,Liberty Flames,,
ncaa_softball,espn,585,Louisiana Tech Bulldogs,,
ncaa_softball,espn,586,Loyola Marymount Lions,,
ncaa_softball,espn,587,Marist Red Foxes,,
ncaa_softball,espn,588,Miami (FL) Hurricanes,,
ncaa_softball,espn,589,Middle Tennessee Blue Raiders,,
ncaa_softball,espn,590,Monmouth Hawks,,
ncaa_softball,espn,591,Navy Midshipmen,,
ncaa_softball,espn,592,Charlotte 49ers,,
ncaa_softball,espn,593,UNC Greensboro Spartans,,
ncaa_softball,espn,594,UNLV Rebels,,
ncaa_softball,espn,595,Nevada Wolf Pack,,
ncaa_softball,espn,596,New Orleans Privateers,,
ncaa_softball,espn,597,Cal State Northridge Matadors,,
ncaa_softball,espn,598,Northwestern State Demons,,
ncaa_softball,espn,599,Pepperdine Waves,,
ncaa_softball,espn,600,Prairie View A&M Lady Panthers,,
ncaa_softball,espn,601,Purdue Boilermakers,,
ncaa_softball,espn,602,Sam Houston Bearkats,,
ncaa_softball,espn,603,Southeast Missouri State Redhawks,,
ncaa_softball,espn,604,Southern Miss Golden Eagles,,
ncaa_softball,espn,605,South Carolina Gamecocks,,
ncaa_softball,espn,606,Southern Jaguars,,
ncaa_softball,espn,607,St. John's Red Storm,,
ncaa_softball,espn,608,Stony Brook Seawolves,,
ncaa_softball,espn,609,Missouri State Bears,,
ncaa_softball,espn,610,TCU Horned Frogs,,
ncaa_softball,espn,611,Tennessee Lady Volunteers,,
ncaa_softball,espn,612,Texas Southern Tigers,,
ncaa_softball,espn,613,Texas Tech Red Raiders,,
ncaa_softball,espn,614,The Citadel Bulldogs,,
ncaa_softball,espn,615,Tulane Green Wave,,
ncaa_softball,espn,616,Virginia Commonwealth Rams,,
ncaa_softball,espn,617,Western Carolina Catamounts,,
ncaa_softball,espn,618,Wichita State Shockers,,
ncaa_softball,espn,619,Winthrop Eagles,,
ncaa_softball,espn,620,Wofford Terriers,,
ncaa_softball,espn,621,Youngstown State Penguins,,
ncaa_softball,espn,622,Maine Black Bears,,
ncaa_softball,espn,623,Alcorn State Braves,,
ncaa_softball,espn,624,Little Rock Trojans,,
ncaa_softball,espn,625,Belmont Bruins,,
ncaa_softball,espn,626,Dallas Baptist Patriots,,
ncaa_softball,espn,627,Kansas State Wildcats,,
ncaa_softball,espn,628,Manhattan Jaspers,,
ncaa_softball,espn,629,Sacred Heart Pioneers,,
ncaa_softball,espn,630,San Francisco Dons,,
ncaa_softball,espn,631,Seton Hall Pirates,,
ncaa_softball,espn,632,Troy Trojans,,
ncaa_softball,espn,633,Wright State Raiders,,
ncaa_softball,espn,634,App State Mountaineers,,
ncaa_softball,espn,635,UL Monroe Warhawks,,
ncaa_softball,espn,636,Oregon Ducks,,
ncaa_softball,espn,637,Samford Bulldogs,,
ncaa_softball,espn,638,Columbia Lions,,
ncaa_softball,espn,639,Jackson State Tigers,,
ncaa_softball,espn,640,Savannah State Tigers,,
ncaa_softball,espn,641,Gonzaga Bulldogs,,
ncaa_softball,espn,642,Illinois State Redbirds,,
ncaa_softball,espn,643,William & Mary Tribe,,
ncaa_softball,espn,644,UC Santa Barbara Gauchos,,
ncaa_softball,espn,645,Florida Gulf Coast Eagles,,
ncaa_softball,espn,646,Binghamton Bearcats,,
ncaa_softball,espn,647,Campbell Fighting Camels,,
ncaa_softball,espn,648,Indiana Hoosiers,,
ncaa_softball,espn,649,Mercer Bears,,
ncaa_softball,espn,650,North Florida Ospreys,,
ncaa_softball,espn,651,UTSA Roadrunners,,
ncaa_softball,espn,652,Canisius Golden Griffins,,
ncaa_softball,espn,653,Bryant Bulldogs,,
ncaa_softball,espn,654,Saint Louis Billikens,,
ncaa_softball,espn,655,South Dakota State Jackrabbits,,
ncaa_softball,espn,656,Valparaiso VALPARAISO,,
ncaa_softball,espn,657,Elon Phoenix,,
ncaa_softball,espn,658,East Tennessee State Buccaneers,,
ncaa_softball,espn,659,Towson Tigers,,
ncaa_softball,espn,660,Central Arkansas Bears,,
ncaa_softball,espn,661,Kennesaw State Owls,,
ncaa_softball,espn,662,Indiana State Sycamores,,
ncaa_softball,espn,663,SE Louisiana Lions,,
ncaa_softball,espn,664,North Dakota State Bison,,
ncaa_softball,espn,665,Siena Saints,,
ncaa_softball,espn,666,Xavier Musketeers,,
ncaa_softball,espn,667,Bucknell Bison,,
ncaa_softball,espn,668,Sacramento State Hornets,,
ncaa_softball,espn,669,Abilene Christian Wildcats,,
ncaa_softball,espn,670,Akron Zips,,
ncaa_softball,espn,671,Alabama A&M Bulldogs,,
ncaa_softball,espn,672,Alabama State Hornets,,
ncaa_softball,espn,673,American University Eagles,,
ncaa_softball,espn,674,Arkansas State Red Wolves,,
ncaa_softball,espn,675,Arkansas-Pine Bluff Golden Lions,,
ncaa_softball,espn,676,Boise State Broncos,,
ncaa_softball,espn,677,Boston University Terriers,,
ncaa_softball,espn,678,Bradley Braves,,
ncaa_softball,espn,679,Buffalo Bulls,,
ncaa_softball,espn,680,Butler Bulldogs,,
ncaa_softball,espn,681,Cal State Bakersfield Roadrunners,,
ncaa_softball,espn,682,Central Michigan Chippewas,,
ncaa_softball,espn,683,Charleston Southern Buccaneers,,
ncaa_softball,espn,684,Chattanooga Mocs,,
ncaa_softball,espn,685,Chicago State Cougars,,
ncaa_softball,espn,686,Cleveland State Vikings,,
ncaa_softball,espn,687,Colgate Raiders,,
ncaa_softball,espn,688,Colorado Buffaloes,,
ncaa_softball,espn,689,Colorado State Rams,,
ncaa_softball,espn,690,Cornell Big Red,,
ncaa_softball,espn,691,Davidson Wildcats,,
ncaa_softball,espn,692,Dayton Flyers,,
ncaa_softball,espn,693,Delaware Blue Hens,,
ncaa_softball,espn,694,Delaware State Hornets,,
ncaa_softball,espn,695,Denver Pioneers,,
ncaa_softball,espn,696,DePaul Blue Demons,,
ncaa_softball,espn,697,Detroit Mercy Titans,,
ncaa_softball,espn,698,Drake Bulldogs,,
ncaa_softball,espn,699,Drexel Dragons,,
ncaa_softball,espn,700,Duquesne Dukes,,
ncaa_softball,espn,701,Eastern Illinois Panthers,,
ncaa_softball,espn,702,Eastern Kentucky Colonels,,
ncaa_softball,espn,703,Eastern Michigan Eagles,,
ncaa_softball,espn,704,Eastern Washington Eagles,,
ncaa_softball,espn,705,Fairfield Stags,,
ncaa_softball,espn,706,Fairleigh Dickinson Knights,,
ncaa_softball,espn,707,Florida A&M Rattlers,,
ncaa_softball,espn,708,Fordham Rams,,
ncaa_softball,espn,709,Furman Paladins,,
ncaa_softball,espn,710,Gardner-Webb Runnin' Bulldogs,,
ncaa_softball,espn,711,Georgetown Hoyas,,
ncaa_softball,espn,712,Georgia State Panthers,,
ncaa_softball,espn,713,Grambling Tigers,,
ncaa_softball,espn,714,Grand Canyon Lopes,,
ncaa_softball,espn,715,Green Bay Phoenix,,
ncaa_softball,espn,716,Hampton Pirates,,
ncaa_softball,espn,717,Harvard Crimson,,
ncaa_softball,espn,718,High Point Panthers,,
ncaa_softball,espn,719,Hofstra Pride,,
ncaa_softball,espn,720,Holy Cross Crusaders,,
ncaa_softball,espn,721,Houston Christian Huskies,,
ncaa_softball,espn,722,Howard Bison,,
ncaa_softball,espn,723,Idaho Vandals,,
ncaa_softball,espn,724,Idaho State Bengals,,
ncaa_softball,espn,725,Incarnate Word Cardinals,,
ncaa_softball,espn,726,Iona Gaels,,
ncaa_softball,espn,727,Iowa State Cyclones,,
ncaa_softball,espn,728,Purdue Fort Wayne Mastodons,,
ncaa_softball,espn,729,IU Indianapolis Jaguars,,
ncaa_softball,espn,730,La Salle Explorers,,
ncaa_softball,espn,731,Lehigh Mountain Hawks,,
ncaa_softball,espn,732,Lipscomb Bisons,,
ncaa_softball,espn,733,Long Island University Sharks,,
ncaa_softball,espn,734,Longwood Lancers,,
ncaa_softball,espn,735,Loyola Chicago Ramblers,,
ncaa_softball,espn,736,Loyola Maryland Greyhounds,,
ncaa_softball,espn,737,Marquette Golden Eagles,,
ncaa_softball,espn,738,Marshall Thundering Herd,,
ncaa_softball,espn,739,Maryland Eastern Shore Hawks,,
ncaa_softball,espn,740,Massachusetts Minutemen,,
ncaa_softball,espn,741,McNeese Cowgirls,,
ncaa_softball,espn,742,Mississippi Valley State Delta Devils,,
ncaa_softball,espn,743,Montana Grizzlies,,
ncaa_softball,espn,744,Montana State Bobcats,,
ncaa_softball,espn,745,Morehead State Eagles,,
ncaa_softball,espn,746,Morgan State Bears,,
ncaa_softball,espn,747,Mount St. Mary's Mountaineers,,
ncaa_softball,espn,748,Murray State Racers,,
ncaa_softball,espn,749,NJIT Highlanders,,
ncaa_softball,espn,750,Omaha Mavericks,,
ncaa_softball,espn,751,New Hampshire Wildcats,,
ncaa_softball,espn,752,Niagara Purple Eagles,,
ncaa_softball,espn,753,Nicholls Colonels,,
ncaa_softball,espn,754,Norfolk State Spartans,,
ncaa_softball,espn,755,North Carolina A&T Aggies,,
ncaa_softball,espn,756,North Carolina Central Eagles,,
ncaa_softball,espn,757,North Dakota Fighting Hawks,,
ncaa_softball,espn,758,North Texas Mean Green,,
ncaa_softball,espn,759,Northeastern Huskies,,
ncaa_softball,espn,760,Northern Arizona Lumberjacks,,
ncaa_softball,espn,761,Northern Colorado Bears,,
ncaa_softball,espn,762,Northern Illinois Huskies,,
ncaa_softball,espn,763,Northern Iowa Panthers,,
ncaa_softball,espn,764,Northern Kentucky Norse,,
ncaa_softball,espn,765,Northwestern Wildcats,,
ncaa_softball,espn,766,Oakland Golden Grizzlies,,
ncaa_softball,espn,767,Pacific Tigers,,
ncaa_softball,espn,768,Penn State Nittany Lions,,
ncaa_softball,espn,769,Pennsylvania Quakers,,
ncaa_softball,espn,770,Portland Pilots,,
ncaa_softball,espn,771,Portland State Vikings,,
ncaa_softball,espn,772,Presbyterian Blue Hose,,
ncaa_softball,espn,773,Providence Friars,,
ncaa_softball,espn,774,Quinnipiac Bobcats,,
ncaa_softball,espn,775,Radford Highlanders,,
ncaa_softball,espn,776,Rhode Island Rams,,
ncaa_softball,espn,777,Rider Broncs,,
ncaa_softball,espn,778,Robert Morris Colonials,,
ncaa_softball,espn,779,Saint Joseph's Hawks,,
ncaa_softball,espn,780,Saint Mary's Gaels,,
ncaa_softball,espn,781,Santa Clara Broncos,,
ncaa_softball,espn,782,Seattle U Redhawks,,
ncaa_softball,espn,783,SIU Edwardsville Cougars,,
ncaa_softball,espn,784,South Carolina State Bulldogs,,
ncaa_softball,espn,785,South Dakota Coyotes,,
ncaa_softball,espn,786,Southern Illinois Salukis,,
ncaa_softball,espn,787,SMU Mustangs,,
ncaa_softball,espn,788,Southern Utah Thunderbirds,,
ncaa_softball,espn,789,St. Francis Brooklyn Terriers,,
ncaa_softball,espn,790,Saint Francis Red Flash,,
ncaa_softball,espn,791,Saint Peter's Peacocks,,
ncaa_softball,espn,792,Stephen F. Austin Lumberjacks,,
ncaa_softball,espn,793,Syracuse Orange,,
ncaa_softball,espn,794,Tennessee State Tigers,,
ncaa_softball,espn,795,Tennessee Tech Golden Eagles,,
ncaa_softball,espn,796,UT Martin Skyhawks,,
ncaa_softball,espn,797,Texas A&M-Corpus Christi Islanders,,
ncaa_softball,espn,798,Texas-Pan American Broncs,,
ncaa_softball,espn,799,Toledo Rockets,,
ncaa_softball,espn,800,Tulsa Golden Hurricane,,
ncaa_softball,espn,801,UAB Blazers,,
ncaa_softball,espn,802,UC Davis Aggies,,
ncaa_softball,espn,803,UMass Lowell River Hawks,,
ncaa_softball,espn,804,UMBC Retrievers,,
ncaa_softball,espn,805,Kansas City Kangaroos,,
ncaa_softball,espn,806,UNC Asheville Bulldogs,,
ncaa_softball,espn,807,South Carolina Upstate Spartans,,
ncaa_softball,espn,808,Utah State Aggies,,
ncaa_softball,espn,809,Utah Valley Wolverines,,
ncaa_softball,espn,810,UTEP Miners,,
ncaa_softball,espn,811,Vermont Catamounts,,
ncaa_softball,espn,812,Villanova Wildcats,,
ncaa_softball,espn,813,Virginia Military Keydets,,
ncaa_softball,espn,814,Wagner Seahawks,,
ncaa_softball,espn,815,Weber State Wildcats,,
ncaa_softball,espn,816,Western Illinois Leathernecks,,
ncaa_softball,espn,817,Western Michigan Broncos,,
ncaa_softball,espn,818,Wisconsin Badgers,,
ncaa_softball,espn,819,Wyoming Cowboys,,
ncaa_softball,espn,820,Yale Bulldogs,,
ncaa_softball,espn,855,Centenary (LA) Gentlemen,,
ncaa_softball,espn,857,Nebraska Kearney Lopers,,
ncaa_softball,espn,861,Albany State Golden Rams,,
ncaa_softball,espn,864,Belhaven Blazers,,
ncaa_softball,espn,865,Benedict Tigers,,
ncaa_softball,espn,866,Bethel (TN) Wildcats,,
ncaa_softball,espn,870,Case Western Reserve Spartans,,
ncaa_softball,espn,873,Centre Colonels,,
ncaa_softball,espn,876,Clark Atlanta Panthers,,
ncaa_softball,espn,877,Colorado Colorado Springs Mountain Lions,,
ncaa_softball,espn,880,Delta State Statesmen,,
ncaa_softball,espn,881,Utah Tech Trailblazers,,
ncaa_softball,espn,882,Elizabeth City State Vikings,,
ncaa_softball,espn,886,Ithaca Bombers,,
ncaa_softball,espn,887,Kentucky State Thorobreds,,
ncaa_softball,espn,893,Miles Golden Bears,,
ncaa_softball,espn,894,Minnesota State Mavericks,,
ncaa_softball,espn,895,Missouri S&T Miners,,
ncaa_softball,espn,896,Missouri Western Griffons,,
ncaa_softball,espn,898,Oklahoma Baptist Bison,,
ncaa_softball,espn,901,Ouachita Baptist Tigers,,
ncaa_softball,espn,905,Simon Fraser Red Leafs,,
ncaa_softball,espn,907,Sioux Falls Cougars,,
ncaa_softball,espn,917,Texas Woman's Pioneers,,
ncaa_softball,espn,919,Virginia Union Panthers,,
ncaa_softball,espn,922,Winston-Salem State Rams,,
ncaa_softball,espn,923,Wisconsin River Falls Falcons,,
ncaa_softball,ncaa.com,860,Alabama Huntsville Chargers,,
ncaa_softball,ncaa.com,863,Austin 'Roos,,
ncaa_softball,ncaa.com,868,Cabrini Cavaliers,,
ncaa_softball,ncaa.com,875,Claflin Panthers,,
ncaa_softball,ncaa.com,883,Goldey Beacom GOLDEY-BEACOM,,
ncaa_softball,ncaa.com,888,Lander Senators,,
ncaa_softball,ncaa.com,889,Langston Lions,,
ncaa_softball,ncaa.com,899,Oklahoma Christian OKLAHOMA CHRISTIAN,,
ncaa_softball,ncaa.com,904,Salem State Vikings,,
ncaa_softball,ncaa.com,911,Spring Hill Badgers,,
ncaa_softball,ncaa.com,913,Stillman Tigers,,
ncaa_softball,ncaa.com,915,Texas College Steers,,
ncaa_softball,ncaa.com,916,Trevecca Nazarene Trojans,,
ncaa_softball,ncaa.com,921,William Penn Statesmen,,
ncaa_whockey,espn,103,Boston College Eagles,,
ncaa_whockey,espn,104,Boston University Terriers,,
ncaa_whockey,espn,107,Holy Cross Crusaders,,
ncaa_whockey,espn,108,Harvard Crimson,,
ncaa_whockey,espn,111,Northeastern Huskies,,
ncaa_whockey,espn,121934,Franklin Pierce Ravens,,
ncaa_whockey,espn,127962,Assumption Greyhounds,,
ncaa_whockey,espn,127963,St. Michael'S College Purple Knights,,
ncaa_whockey,espn,132,Bemidji State Beavers,,
ncaa_whockey,espn,134,Minnesota Duluth Bulldogs,,
ncaa_whockey,espn,135,Minnesota Golden Gophers,,
ncaa_whockey,espn,155,North Dakota Fighting Hawks,,
ncaa_whockey,espn,159,Dartmouth Big Green,,
ncaa_whockey,espn,160,New Hampshire Wildcats,,
ncaa_whockey,espn,163,Princeton Tigers,,
ncaa_whockey,espn,172,Cornell Big Red,,
ncaa_whockey,espn,178,RIT Tigers,,
ncaa_whockey,espn,183,Syracuse Orange,,
ncaa_whockey,espn,194,Ohio State Buckeyes,,
ncaa_whockey,espn,213,Penn State Nittany Lions,,
ncaa_whockey,espn,2137,Clarkson Golden Knights,,
ncaa_whockey,espn,2142,Colgate Raiders,,
ncaa_whockey,espn,225,Brown Bears,,
ncaa_whockey,espn,2341,Long Island University Sharks,,
ncaa_whockey,espn,2364,Minnesota State Mavericks,,
ncaa_whockey,espn,2385,Mercyhurst Lakers,,
ncaa_whockey,espn,2507,Providence Friars,,
ncaa_whockey,espn,2514,Quinnipiac Bobcats,,
ncaa_whockey,espn,2523,Robert Morris Colonials,,
ncaa_whockey,espn,2528,Rensselaer Engineers,,
ncaa_whockey,espn,2529,Sacred Heart Pioneers,,
ncaa_whockey,espn,2594,St. Cloud State Huskies,,
ncaa_whockey,espn,260,Saint Michael's Purple Knights,,
ncaa_whockey,espn,261,Vermont Catamounts,,
ncaa_whockey,espn,275,Wisconsin Badgers,,
ncaa_whockey,espn,2771,Merrimack Warriors,,
ncaa_whockey,espn,2779,St. Lawrence Saints,,
ncaa_whockey,espn,2785,Union Garnet Chargers,,
ncaa_whockey,espn,2815,Lindenwood Lions,,
ncaa_whockey,espn,2830,Saint Anselm Hawks,,
ncaa_whockey,espn,284,Stonehill Skyhawks,,
ncaa_whockey,espn,2900,St. Thomas-Minnesota Tommies,,
ncaa_whockey,espn,311,Maine Black Bears,,
ncaa_whockey,espn,315,Niagara Purple Eagles,,
ncaa_whockey,espn,41,UConn Huskies,,
ncaa_whockey,espn,43,Yale Bulldogs,,
ncaa_whockey,espn,430,Post Eagles,,
nfl,espn,1,Atlanta Falcons,,
nfl,espn,10,Tennessee Titans,,
nfl,espn,11,Indianapolis Colts,,
nfl,espn,12,Kansas City Chiefs,,
nfl,espn,13,Las Vegas Raiders,,
nfl,espn,14,Los Angeles Rams,,
nfl,espn,15,Miami Dolphins,,
nfl,espn,16,Minnesota Vikings,,
nfl,espn,17,New England Patriots,,
nfl,espn,18,New Orleans Saints,,
nfl,espn,19,New York Giants,,
nfl,espn,2,Buffalo Bills,,
nfl,espn,20,New York Jets,,
nfl,espn,21,Philadelphia Eagles,,
nfl,espn,22,Arizona Cardinals,,
nfl,espn,23,Pittsburgh Steelers,,
nfl,espn,24,Los Angeles Chargers,,
nfl,espn,25,San Francisco 49ers,,
nfl,espn,26,Seattle Seahawks,,
nfl,espn,27,Tampa Bay Buccaneers,,
nfl,espn,28,Washington Commanders,,
nfl,espn,29,Carolina Panthers,,
nfl,espn,3,Chicago Bears,,
nfl,espn,30,Jacksonville Jaguars,,
nfl,espn,33,Baltimore Ravens,,
nfl,espn,34,Houston Texans,,
nfl,espn,4,Cincinnati Bengals,,
nfl,espn,5,Cleveland Browns,,
nfl,espn,6,Dallas Cowboys,,
nfl,espn,7,Denver Broncos,,
nfl,espn,8,Detroit Lions,,
nfl,espn,9,Green Bay Packers,,
nfl,espn,OAK,OAK,,
nfl,espn,SD,SD,,
nfl,espn,STL,STL,,
nfl,nflverse,ARI,Arizona Cardinals,,
nfl,nflverse,ATL,Atlanta Falcons,,
nfl,nflverse,BAL,Baltimore Ravens,,
nfl,nflverse,BUF,Buffalo Bills,,
nfl,nflverse,CAR,Carolina Panthers,,
nfl,nflverse,CHI,Chicago Bears,,
nfl,nflverse,CIN,Cincinnati Bengals,,
nfl,nflverse,CLE,Cleveland Browns,,
nfl,nflverse,DAL,Dallas Cowboys,,
nfl,nflverse,DEN,Denver Broncos,,
nfl,nflverse,DET,Detroit Lions,,
nfl,nflverse,GB,Green Bay Packers,,
nfl,nflverse,HOU,Houston Texans,,
nfl,nflverse,IND,Indianapolis Colts,,
nfl,nflverse,JAX,Jacksonville Jaguars,,
nfl,nflverse,KC,Kansas City Chiefs,,
nfl,nflverse,LA,Los Angeles Rams,,
nfl,nflverse,LAC,Los Angeles Chargers,,
nfl,nflverse,LAR,Los Angeles Rams,,
nfl,nflverse,LV,Las Vegas Raiders,,
nfl,nflverse,MIA,Miami Dolphins,,
nfl,nflverse,MIN,Minnesota Vikings,,
nfl,nflverse,NE,New England Patriots,,
nfl,nflverse,NO,New Orleans Saints,,
nfl,nflverse,NYG,New York Giants,,
nfl,nflverse,NYJ,New York Jets,,
nfl,nflverse,OAK,Oakland Raiders,,
nfl,nflverse,PHI,Philadelphia Eagles,,
nfl,nflverse,PIT,Pittsburgh Steelers,,
nfl,nflverse,SD,San Diego Chargers,,
nfl,nflverse,SEA,Seattle Seahawks,,
nfl,nflverse,SF,San Francisco 49ers,,
nfl,nflverse,STL,St. Louis Rams,,
nfl,nflverse,TB,Tampa Bay Buccaneers,,
nfl,nflverse,TEN,Tennessee Titans,,
nfl,nflverse,WAS,Washington Commanders,,
nhl,espn,1,Boston Bruins,,
nhl,espn,10,Montreal Canadiens,,
nhl,espn,11,New Jersey Devils,,
nhl,espn,12,New York Islanders,,
nhl,espn,124292,Seattle Kraken,,
nhl,espn,129764,Utah Mammoth,,
nhl,espn,13,New York Rangers,,
nhl,espn,14,Ottawa Senators,,
nhl,espn,15,Philadelphia Flyers,,
nhl,espn,16,Pittsburgh Penguins,,
nhl,espn,17,Colorado Avalanche,,
nhl,espn,18,San Jose Sharks,,
nhl,espn,19,St. Louis Blues,,
nhl,espn,2,Buffalo Sabres,,
nhl,espn,20,Tampa Bay Lightning,,
nhl,espn,21,Toronto Maple Leafs,,
nhl,espn,22,Vancouver Canucks,,
nhl,espn,23,Washington Capitals,,
nhl,espn,25,Anaheim Ducks,,
nhl,espn,26,Florida Panthers,,
nhl,espn,27,Nashville Predators,,
nhl,espn,28,Winnipeg Jets,,
nhl,espn,29,Columbus Blue Jackets,,
nhl,espn,3,Calgary Flames,,
nhl,espn,30,Minnesota Wild,,
nhl,espn,37,Vegas Golden Knights,,
nhl,espn,4,Chicago Blackhawks,,
nhl,espn,5,Detroit Red Wings,,
nhl,espn,6,Edmonton Oilers,,
nhl,espn,7,Carolina Hurricanes,,
nhl,espn,8,Los Angeles Kings,,
nhl,espn,9,Dallas Stars,,
nhl,nhl,1,NJD,1983,1992
nhl,nhl,1,NJD,1993,1999
nhl,nhl,1,NJD,2000,2027
nhl,nhl,10,TOR,1927,1927
nhl,nhl,10,TOR,1928,1938
nhl,nhl,10,TOR,1939,1963
nhl,nhl,10,TOR,1964,1967
nhl,nhl,10,TOR,1968,1970
nhl,nhl,10,TOR,1971,1982
nhl,nhl,10,TOR,1983,1987
nhl,nhl,10,TOR,1988,2016
nhl,nhl,10,TOR,2017,2027
nhl,nhl,11,ATL,2000,2011
nhl,nhl,12,CAR,1998,1999
nhl,nhl,12,CAR,2000,2013
nhl,nhl,12,CAR,2014,2027
nhl,nhl,13,FLA,1994,1999
nhl,nhl,13,FLA,2000,2016
nhl,nhl,13,FLA,2017,2027
nhl,nhl,14,TBL,1993,2001
nhl,nhl,14,TBL,2002,2007
nhl,nhl,14,TBL,2008,2011
nhl,nhl,14,TBL,2012,2027
nhl,nhl,15,WSH,1975,1995
nhl,nhl,15,WSH,1996,1998
nhl,nhl,15,WSH,1996,2007
nhl,nhl,15,WSH,1999,2007
nhl,nhl,15,WSH,2008,2027
nhl,nhl,16,CHI,1927,1957
nhl,nhl,16,CHI,1958,1962
nhl,nhl,16,CHI,1963,1965
nhl,nhl,16,CHI,1966,1989
nhl,nhl,16,CHI,1990,1996
nhl,nhl,16,CHI,1997,1999
nhl,nhl,16,CHI,1999,2025
nhl,nhl,16,CHI,2026,2027
nhl,nhl,17,DET,1933,1948
nhl,nhl,17,DET,1949,2027
nhl,nhl,18,NSH,1999,2011
nhl,nhl,18,NSH,2012,2027
nhl,nhl,18,NSH,2024,2027
nhl,nhl,19,STL,1968,1978
nhl,nhl,19,STL,1979,1984
nhl,nhl,19,STL,1985,1987
nhl,nhl,19,STL,1988,1989
nhl,nhl,19,STL,1990,1998
nhl,nhl,19,STL,1999,1999
nhl,nhl,19,STL,2000,2000
nhl,nhl,19,STL,2001,2008
nhl,nhl,19,STL,2009,2025
nhl,nhl,19,STL,2026,2027
nhl,nhl,2,NYI,1973,1995
nhl,nhl,2,NYI,1996,1997
nhl,nhl,2,NYI,1998,2010
nhl,nhl,2,NYI,2011,2017
nhl,nhl,2,NYI,2011,2027
nhl,nhl,2,NYI,2018,2027
nhl,nhl,20,CGY,1981,1994
nhl,nhl,20,CGY,1995,2000
nhl,nhl,20,CGY,1995,2020
nhl,nhl,20,CGY,2002,2020
nhl,nhl,20,CGY,2021,2025
nhl,nhl,20,CGY,2021,2027
nhl,nhl,21,COL,1996,1999
nhl,nhl,21,COL,2000,2027
nhl,nhl,22,EDM,1980,1986
nhl,nhl,22,EDM,1987,1996
nhl,nhl,22,EDM,1997,1997
nhl,nhl,22,EDM,1998,2011
nhl,nhl,22,EDM,2012,2017
nhl,nhl,22,EDM,2018,2022
nhl,nhl,22,EDM,2023,2027
nhl,nhl,23,VAN,1971,1978
nhl,nhl,23,VAN,1979,1992
nhl,nhl,23,VAN,1993,1997
nhl,nhl,23,VAN,1998,2007
nhl,nhl,23,VAN,2008,2019
nhl,nhl,23,VAN,2020,2027
nhl,nhl,24,ANA,1994,1996
nhl,nhl,24,ANA,1997,2006
nhl,nhl,24,ANA,2007,2013
nhl,nhl,24,ANA,2014,2024
nhl,nhl,24,ANA,2025,2027
nhl,nhl,25,DAL,1994,1994
nhl,nhl,25,DAL,1995,2013
nhl,nhl,25,DAL,2013,2021
nhl,nhl,25,DAL,2014,2027
nhl,nhl,25,DAL,2022,2027
nhl,nhl,25,DAL,2026,2027
nhl,nhl,26,LAK,1968,1975
nhl,nhl,26,LAK,1976,1987
nhl,nhl,26,LAK,1988,1988
nhl,nhl,26,LAK,1989,1998
nhl,nhl,26,LAK,1999,2002
nhl,nhl,26,LAK,2003,2010
nhl,nhl,26,LAK,2011,2011
nhl,nhl,26,LAK,2012,2019
nhl,nhl,26,LAK,2020,2024
nhl,nhl,26,LAK,2025,2027
nhl,nhl,27,PHX,1997,1999
nhl,nhl,27,PHX,2000,2000
nhl,nhl,27,PHX,2001,2003
nhl,nhl,27,PHX,2004,2014
nhl,nhl,28,SJS,1992,1998
nhl,nhl,28,SJS,1999,2007
nhl,nhl,28,SJS,2008,2008
nhl,nhl,28,SJS,2009,2024
nhl,nhl,28,SJS,2025,2027
nhl,nhl,29,CBJ,2001,2007
nhl,nhl,29,CBJ,2008,2027
nhl,nhl,3,NYR,1927,1935
nhl,nhl,3,NYR,1936,1947
nhl,nhl,3,NYR,1948,1952
nhl,nhl,3,NYR,1953,1967
nhl,nhl,3,NYR,1968,1971
nhl,nhl,3,NYR,1972,1978
nhl,nhl,3,NYR,1979,1999
nhl,nhl,3,NYR,2000,2027
nhl,nhl,30,MIN,2001,2013
nhl,nhl,30,MIN,2014,2027
nhl,nhl,31,MNS,1968,1985
nhl,nhl,31,MNS,1986,1991
nhl,nhl,31,MNS,1992,1993
nhl,nhl,32,QUE,1980,1995
nhl,nhl,33,WIN,1980,1990
nhl,nhl,33,WIN,1991,1996
nhl,nhl,34,HFD,1980,1992
nhl,nhl,34,HFD,1993,1997
nhl,nhl,35,CLR,1977,1982
nhl,nhl,36,SEN,1918,1934
nhl,nhl,37,HAM,1921,1921
nhl,nhl,37,HAM,1922,1923
nhl,nhl,37,HAM,1924,1925
nhl,nhl,38,PIR,1926,1928
nhl,nhl,38,PIR,1929,1929
nhl,nhl,38,PIR,1930,1930
nhl,nhl,39,QUA,1931,1931
nhl,nhl,4,PHI,1968,1999
nhl,nhl,4,PHI,2000,2023
nhl,nhl,4,PHI,2024,2027
nhl,nhl,40,DCG,1927,1930
nhl,nhl,41,MWN,1918,1918
nhl,nhl,42,QBD,1920,1920
nhl,nhl,43,MMR,1925,1925
nhl,nhl,43,MMR,1926,1935
nhl,nhl,43,MMR,1936,1938
nhl,nhl,44,NYA,1926,1930
nhl,nhl,44,NYA,1931,1935
nhl,nhl,44,NYA,1936,1939
nhl,nhl,44,NYA,1940,1940
nhl,nhl,44,NYA,1941,1941
nhl,nhl,45,SLE,1935,1935
nhl,nhl,46,OAK,1968,1970
nhl,nhl,47,AFM,1973,1980
nhl,nhl,48,KCS,1975,1976
nhl,nhl,48,KCS,1975,1977
nhl,nhl,49,CLE,1977,1978
nhl,nhl,5,PIT,1968,1968
nhl,nhl,5,PIT,1969,1972
nhl,nhl,5,PIT,1973,1992
nhl,nhl,5,PIT,1993,1999
nhl,nhl,5,PIT,2000,2002
nhl,nhl,5,PIT,2003,2006
nhl,nhl,5,PIT,2007,2016
nhl,nhl,5,PIT,2017,2027
nhl,nhl,50,DFL,1931,1932
nhl,nhl,51,BRK,1942,1942
nhl,nhl,52,WPG,2012,2027
nhl,nhl,53,ARI,2015,2021
nhl,nhl,53,ARI,2021,2024
nhl,nhl,53,ARI,2022,2024
nhl,nhl,54,VGK,2018,2027
nhl,nhl,55,SEA,2020,2027
nhl,nhl,56,CGS,1971,1974
nhl,nhl,56,CGS,1975,1976
nhl,nhl,56,CGS,1975,1977
nhl,nhl,57,TAN,1918,1919
nhl,nhl,58,TSP,1920,1922
nhl,nhl,58,TSP,1923,1925
nhl,nhl,58,TSP,1926,1926
nhl,nhl,58,TSP,1927,1927
nhl,nhl,59,UTA,2025,2025
nhl,nhl,6,BOS,1925,1926
nhl,nhl,6,BOS,1927,1932
nhl,nhl,6,BOS,1933,1934
nhl,nhl,6,BOS,1935,1940
nhl,nhl,6,BOS,1935,1948
nhl,nhl,6,BOS,1941,1948
nhl,nhl,6,BOS,1949,1949
nhl,nhl,6,BOS,1949,1955
nhl,nhl,6,BOS,1950,1995
nhl,nhl,6,BOS,1956,1967
nhl,nhl,6,BOS,1956,1995
nhl,nhl,6,BOS,1996,2007
nhl,nhl,6,BOS,2008,2008
nhl,nhl,6,BOS,2009,2023
nhl,nhl,6,BOS,2010,2023
nhl,nhl,6,BOS,2024,2024
nhl,nhl,6,BOS,2025,2025
nhl,nhl,6,BOS,2026,2027
nhl,nhl,68,UTA,2025,2027
nhl,nhl,68,UTA,2026,2027
nhl,nhl,7,BUF,1971,1996
nhl,nhl,7,BUF,1997,1999
nhl,nhl,7,BUF,2000,2006
nhl,nhl,7,BUF,2007,2010
nhl,nhl,7,BUF,2011,2020
nhl,nhl,7,BUF,2021,2027
nhl,nhl,8,MTL,1918,1919
nhl,nhl,8,MTL,1920,1921
nhl,nhl,8,MTL,1922,1922
nhl,nhl,8,MTL,1923,1925
nhl,nhl,8,MTL,1926,1932
nhl,nhl,8,MTL,1933,1947
nhl,nhl,8,MTL,1948,1956
nhl,nhl,8,MTL,1957,1999
nhl,nhl,8,MTL,2000,2027
nhl,nhl,9,OTT,1993,1997
nhl,nhl,9,OTT,1998,2007
nhl,nhl,9,OTT,2008,2020
nhl,nhl,9,OTT,2021,2027
nhl,nhl,99,LNH,1951,2005
nhl,nhl,99,LNH,2006,2023
ohl,hockeytech,1,Brantford Bulldogs,1998,2027
ohl,hockeytech,10,Kitchener Rangers,1998,2027
ohl,hockeytech,11,Owen Sound Attack,2001,2001
ohl,hockeytech,11,Owen Sound Attack,2002,2002
ohl,hockeytech,11,Owen Sound Attack,2003,2003
ohl,hockeytech,11,Owen Sound Attack,2004,2004
ohl,hockeytech,11,Owen Sound Attack,2005,2005
ohl,hockeytech,11,Owen Sound Attack,2006,2006
ohl,hockeytech,11,Owen Sound Attack,2007,2007
ohl,hockeytech,11,Owen Sound Attack,2008,2008
ohl,hockeytech,11,Owen Sound Attack,2009,2009
ohl,hockeytech,11,Owen Sound Attack,2010,2010
ohl,hockeytech,11,Owen Sound Attack,2011,2011
ohl,hockeytech,11,Owen Sound Attack,2012,2012
ohl,hockeytech,11,Owen Sound Attack,2013,2027
ohl,hockeytech,11,Owen Sound Platers,1998,1998
ohl,hockeytech,11,Owen Sound Platers,1999,1999
ohl,hockeytech,11,Owen Sound Platers,2000,2000
ohl,hockeytech,12,Sudbury Wolves,1998,2027
ohl,hockeytech,13,Flint Firebirds,1998,2027
ohl,hockeytech,14,London Knights,1998,2027
ohl,hockeytech,15,Sarnia Sting,1998,2027
ohl,hockeytech,16,Soo Greyhounds,1998,2027
ohl,hockeytech,17,Windsor Spitfires,1998,2027
ohl,hockeytech,18,Brampton Steelheads,1998,2027
ohl,hockeytech,18,Mississauga St. Michael's Majors,2008,2008
ohl,hockeytech,18,Mississauga St. Michael's Majors,2009,2009
ohl,hockeytech,18,Mississauga St. Michael's Majors,2010,2010
ohl,hockeytech,18,Mississauga St. Michael's Majors,2012,2012
ohl,hockeytech,18,Mississauga St. Michaels Majors,2011,2011
ohl,hockeytech,18,Mississauga Steelheads,2013,2013
ohl,hockeytech,18,Mississauga Steelheads,2020,2020
ohl,hockeytech,18,Mississauga Steelheads,2022,2022
ohl,hockeytech,18,Mississauga Steelheads,2023,2023
ohl,hockeytech,19,North Bay Battalion,1999,2027
ohl,hockeytech,2,Kingston Frontenacs,1998,1998
ohl,hockeytech,2,Kingston Frontenacs,1999,2027
ohl,hockeytech,2,Kingston Frontenacs,2013,2013
ohl,hockeytech,20,Niagara IceDogs,1999,2027
ohl,hockeytech,20,Niagara IceDogs,2008,2008
ohl,hockeytech,20,Niagara IceDogs,2020,2020
ohl,hockeytech,20,Niagara IceDogs,2022,2022
ohl,hockeytech,20,Niagara IceDogs,2023,2023
ohl,hockeytech,23,Val d'Or Foreurs,2000,2000
ohl,hockeytech,24,Hull Olympiques,2000,2003
ohl,hockeytech,25,Montreal Rockets,2000,2002
ohl,hockeytech,26,Rouyn-Noranda Huskies,2000,2000
ohl,hockeytech,27,Shawinigan Cataractes,2001,2002
ohl,hockeytech,28,Victoriaville Tigres,2001,2003
ohl,hockeytech,3,North Bay Centennials,1998,1998
ohl,hockeytech,34,Saginaw Spirit,2003,2027
ohl,hockeytech,4,Oshawa Generals,1998,2027
ohl,hockeytech,5,Ottawa 67's,1998,2026
ohl,hockeytech,5,Ottawa 67's,2027,2027
ohl,hockeytech,6,Peterborough Petes,1998,2027
ohl,hockeytech,7,Barrie Colts,1998,2027
ohl,hockeytech,7,Barrie Colts,2020,2020
ohl,hockeytech,7,Barrie Colts,2022,2022
ohl,hockeytech,7,Barrie Colts,2023,2023
ohl,hockeytech,8,Erie Otters,1998,2027
ohl,hockeytech,9,Guelph Storm,1998,2027
phf,nwhl.co,6335,Boston Pride,2016,2016
phf,nwhl.co,6336,Buffalo Beauts,2016,2016
phf,nwhl.co,6337,Connecticut Whale,,
phf,nwhl.co,6337,Connecticut Whale,2016,2016
phf,nwhl.co,6338,New York Riveters,2016,2016
phf,shiftstats,124984,Metropolitan Riveters,2022,2023
phf,shiftstats,207478,Montreal Force,2023,2023
phf,shiftstats,61635,Buffalo Beauts,2017,2023
phf,shiftstats,61636,Metropolitan Riveters,2017,2021
phf,shiftstats,61637,Connecticut Whale,2017,2023
phf,shiftstats,61638,Boston Pride,2017,2023
phf,shiftstats,61639,Minnesota Whitecaps,2019,2023
phf,shiftstats,79963,Toronto Six,,
phf,shiftstats,79963,Toronto Six,2021,2023
pwhl,hockeytech,1,Boston Fleet,2024,2027
pwhl,hockeytech,1,Boston Fleet,2025,2025
pwhl,hockeytech,10,PWHL Detroit,2027,2027
pwhl,hockeytech,11,PWHL Hamilton,2027,2027
pwhl,hockeytech,12,PWHL Las Vegas,2027,2027
pwhl,hockeytech,13,PWHL San Jose,2027,2027
pwhl,hockeytech,2,Minnesota Frost,2024,2027
pwhl,hockeytech,2,Minnesota Frost,2025,2025
pwhl,hockeytech,3,Montréal Victoire,2024,2027
pwhl,hockeytech,3,Montréal Victoire,2025,2025
pwhl,hockeytech,4,New York Sirens,2024,2027
pwhl,hockeytech,4,New York Sirens,2025,2025
pwhl,hockeytech,5,Ottawa Charge,2024,2027
pwhl,hockeytech,5,Ottawa Charge,2025,2025
pwhl,hockeytech,6,Toronto Sceptres,2024,2027
pwhl,hockeytech,6,Toronto Sceptres,2025,2025
pwhl,hockeytech,8,Seattle Torrent,2026,2027
pwhl,hockeytech,9,Vancouver Goldeneyes,2026,2027
qmjhl,hockeytech,1,"Moncton, Alpines",1996,1996
qmjhl,hockeytech,1,"Moncton, Wildcats",1997,1997
qmjhl,hockeytech,1,"Moncton, Wildcats",1998,1998
qmjhl,hockeytech,1,"Moncton, Wildcats",1999,1999
qmjhl,hockeytech,1,"Moncton, Wildcats",2000,2000
qmjhl,hockeytech,1,"Moncton, Wildcats",2001,2001
qmjhl,hockeytech,1,"Moncton, Wildcats",2002,2002
qmjhl,hockeytech,1,"Moncton, Wildcats",2003,2003
qmjhl,hockeytech,1,"Moncton, Wildcats",2004,2004
qmjhl,hockeytech,1,"Moncton, Wildcats",2005,2005
qmjhl,hockeytech,1,"Moncton, Wildcats",2006,2006
qmjhl,hockeytech,1,"Moncton, Wildcats",2007,2007
qmjhl,hockeytech,1,"Moncton, Wildcats",2008,2008
qmjhl,hockeytech,1,"Moncton, Wildcats",2009,2009
qmjhl,hockeytech,1,"Moncton, Wildcats",2010,2010
qmjhl,hockeytech,1,"Moncton, Wildcats",2011,2027
qmjhl,hockeytech,1,"Moncton, Wildcats",2022,2022
qmjhl,hockeytech,10,"Chicoutimi, Saguenéens",1974,1974
qmjhl,hockeytech,10,"Chicoutimi, Saguenéens",1975,1975
qmjhl,hockeytech,10,"Chicoutimi, Saguenéens",1976,1976
qmjhl,hockeytech,10,"Chicoutimi, Saguenéens",1977,1977
qmjhl,hockeytech,10,"Chicoutimi, Saguenéens",1978,1978
qmjhl,hockeytech,10,"Chicoutimi, Saguenéens",1979,1979
qmjhl,hockeytech,10,"Chicoutimi, Saguenéens",1980,1980
qmjhl,hockeytech,10,"Chicoutimi, Saguenéens",1981,1981
qmjhl,hockeytech,10,"Chicoutimi, Saguenéens",1982,1982
qmjhl,hockeytech,10,"Chicoutimi, Saguenéens",1983,1983
qmjhl,hockeytech,10,"Chicoutimi, Saguenéens",1984,1984
qmjhl,hockeytech,10,"Chicoutimi, Saguenéens",1985,1985
qmjhl,hockeytech,10,"Chicoutimi, Saguenéens",1986,1986
qmjhl,hockeytech,10,"Chicoutimi, Saguenéens",1987,1987
qmjhl,hockeytech,10,"Chicoutimi, Saguenéens",1988,1988
qmjhl,hockeytech,10,"Chicoutimi, Saguenéens",1989,1989
qmjhl,hockeytech,10,"Chicoutimi, Saguenéens",1990,1990
qmjhl,hockeytech,10,"Chicoutimi, Saguenéens",1991,1991
qmjhl,hockeytech,10,"Chicoutimi, Saguenéens",1992,1992
qmjhl,hockeytech,10,"Chicoutimi, Saguenéens",1993,1993
qmjhl,hockeytech,10,"Chicoutimi, Saguenéens",1994,1994
qmjhl,hockeytech,10,"Chicoutimi, Saguenéens",1995,1995
qmjhl,hockeytech,10,"Chicoutimi, Saguenéens",1996,1996
qmjhl,hockeytech,10,"Chicoutimi, Saguenéens",1997,1997
qmjhl,hockeytech,10,"Chicoutimi, Saguenéens",1998,1998
qmjhl,hockeytech,10,"Chicoutimi, Saguenéens",1999,1999
qmjhl,hockeytech,10,"Chicoutimi, Saguenéens",2000,2000
qmjhl,hockeytech,10,"Chicoutimi, Saguenéens",2001,2001
qmjhl,hockeytech,10,"Chicoutimi, Saguenéens",2002,2002
qmjhl,hockeytech,10,"Chicoutimi, Saguenéens",2003,2003
qmjhl,hockeytech,10,"Chicoutimi, Saguenéens",2004,2004
qmjhl,hockeytech,10,"Chicoutimi, Saguenéens",2005,2005
qmjhl,hockeytech,10,"Chicoutimi, Saguenéens",2006,2006
qmjhl,hockeytech,10,"Chicoutimi, Saguenéens",2007,2007
qmjhl,hockeytech,10,"Chicoutimi, Saguenéens",2008,2008
qmjhl,hockeytech,10,"Chicoutimi, Saguenéens",2009,2009
qmjhl,hockeytech,10,"Chicoutimi, Saguenéens",2010,2010
qmjhl,hockeytech,10,"Chicoutimi, Saguenéens",2011,2027
qmjhl,hockeytech,11,"Montréal, Bleu-Blanc-Rouge",1973,1973
qmjhl,hockeytech,11,"Montréal, Junior",1974,1974
qmjhl,hockeytech,11,"Montréal, Junior",1975,1975
qmjhl,hockeytech,11,"Montréal, Junior",1976,1976
qmjhl,hockeytech,11,"Montréal, Junior",1977,1977
qmjhl,hockeytech,11,"Montréal, Junior",1978,1978
qmjhl,hockeytech,11,"Montréal, Junior",1979,1979
qmjhl,hockeytech,11,"Montréal, Junior",1980,1980
qmjhl,hockeytech,11,"Montréal, Junior",1981,1981
qmjhl,hockeytech,11,"Montréal, Junior",1982,1982
qmjhl,hockeytech,11,"Rouyn-Noranda, Huskies",1997,1997
qmjhl,hockeytech,11,"Rouyn-Noranda, Huskies",1998,1998
qmjhl,hockeytech,11,"Rouyn-Noranda, Huskies",1999,1999
qmjhl,hockeytech,11,"Rouyn-Noranda, Huskies",2000,2000
qmjhl,hockeytech,11,"Rouyn-Noranda, Huskies",2001,2001
qmjhl,hockeytech,11,"Rouyn-Noranda, Huskies",2002,2002
qmjhl,hockeytech,11,"Rouyn-Noranda, Huskies",2003,2003
qmjhl,hockeytech,11,"Rouyn-Noranda, Huskies",2004,2004
qmjhl,hockeytech,11,"Rouyn-Noranda, Huskies",2005,2005
qmjhl,hockeytech,11,"Rouyn-Noranda, Huskies",2006,2006
qmjhl,hockeytech,11,"Rouyn-Noranda, Huskies",2007,2007
qmjhl,hockeytech,11,"Rouyn-Noranda, Huskies",2008,2008
qmjhl,hockeytech,11,"Rouyn-Noranda, Huskies",2009,2009
qmjhl,hockeytech,11,"Rouyn-Noranda, Huskies",2010,2010
qmjhl,hockeytech,11,"Rouyn-Noranda, Huskies",2011,2027
qmjhl,hockeytech,11,"Rouyn-Noranda, Huskies",2020,2020
qmjhl,hockeytech,11,"Rouyn-Noranda, Huskies",2021,2021
qmjhl,hockeytech,11,"Rouyn-Noranda, Huskies",2022,2022
qmjhl,hockeytech,11,"St-Hyacinthe, Laser",1990,1990
qmjhl,hockeytech,11,"St-Hyacinthe, Laser",1991,1991
qmjhl,hockeytech,11,"St-Hyacinthe, Laser",1992,1992
qmjhl,hockeytech,11,"St-Hyacinthe, Laser",1993,1993
qmjhl,hockeytech,11,"St-Hyacinthe, Laser",1994,1994
qmjhl,hockeytech,11,"St-Hyacinthe, Laser",1995,1995
qmjhl,hockeytech,11,"St-Hyacinthe, Laser",1996,1996
qmjhl,hockeytech,11,"Verdun, Canadien Junior",1985,1985
qmjhl,hockeytech,11,"Verdun, Canadien Junior",1986,1986
qmjhl,hockeytech,11,"Verdun, Canadien Junior",1987,1987
qmjhl,hockeytech,11,"Verdun, Canadien Junior",1988,1988
qmjhl,hockeytech,11,"Verdun, Canadien Junior",1989,1989
qmjhl,hockeytech,11,"Verdun, Junior",1983,1983
qmjhl,hockeytech,11,"Verdun, Junior",1984,1984
qmjhl,hockeytech,12,"Gatineau, Olympiques",2004,2004
qmjhl,hockeytech,12,"Gatineau, Olympiques",2005,2005
qmjhl,hockeytech,12,"Gatineau, Olympiques",2006,2006
qmjhl,hockeytech,12,"Gatineau, Olympiques",2007,2007
qmjhl,hockeytech,12,"Gatineau, Olympiques",2008,2008
qmjhl,hockeytech,12,"Gatineau, Olympiques",2009,2009
qmjhl,hockeytech,12,"Gatineau, Olympiques",2010,2010
qmjhl,hockeytech,12,"Gatineau, Olympiques",2011,2027
qmjhl,hockeytech,12,"Gatineau, Olympiques",2012,2012
qmjhl,hockeytech,12,"Gatineau, Olympiques",2017,2017
qmjhl,hockeytech,12,"Gatineau, Olympiques",2022,2022
qmjhl,hockeytech,12,"Hull, Festivals",1974,1974
qmjhl,hockeytech,12,"Hull, Festivals",1975,1975
qmjhl,hockeytech,12,"Hull, Festivals",1976,1976
qmjhl,hockeytech,12,"Hull, Olympiques",1977,1977
qmjhl,hockeytech,12,"Hull, Olympiques",1978,1978
qmjhl,hockeytech,12,"Hull, Olympiques",1979,1979
qmjhl,hockeytech,12,"Hull, Olympiques",1980,1980
qmjhl,hockeytech,12,"Hull, Olympiques",1981,1981
qmjhl,hockeytech,12,"Hull, Olympiques",1982,1982
qmjhl,hockeytech,12,"Hull, Olympiques",1983,1983
qmjhl,hockeytech,12,"Hull, Olympiques",1984,1984
qmjhl,hockeytech,12,"Hull, Olympiques",1985,1985
qmjhl,hockeytech,12,"Hull, Olympiques",1986,1986
qmjhl,hockeytech,12,"Hull, Olympiques",1987,1987
qmjhl,hockeytech,12,"Hull, Olympiques",1988,1988
qmjhl,hockeytech,12,"Hull, Olympiques",1989,1989
qmjhl,hockeytech,12,"Hull, Olympiques",1990,1990
qmjhl,hockeytech,12,"Hull, Olympiques",1991,1991
qmjhl,hockeytech,12,"Hull, Olympiques",1992,1992
qmjhl,hockeytech,12,"Hull, Olympiques",1993,1993
qmjhl,hockeytech,12,"Hull, Olympiques",1994,1994
qmjhl,hockeytech,12,"Hull, Olympiques",1995,1995
qmjhl,hockeytech,12,"Hull, Olympiques",1996,1996
qmjhl,hockeytech,12,"Hull, Olympiques",1997,1997
qmjhl,hockeytech,12,"Hull, Olympiques",1998,1998
qmjhl,hockeytech,12,"Hull, Olympiques",1999,1999
qmjhl,hockeytech,12,"Hull, Olympiques",2000,2000
qmjhl,hockeytech,12,"Hull, Olympiques",2001,2001
qmjhl,hockeytech,12,"Hull, Olympiques",2002,2002
qmjhl,hockeytech,12,"Hull, Olympiques",2003,2003
qmjhl,hockeytech,13,"Shawinigan, Bruins",1970,1970
qmjhl,hockeytech,13,"Shawinigan, Bruins",1971,1971
qmjhl,hockeytech,13,"Shawinigan, Bruins",1972,1972
qmjhl,hockeytech,13,"Shawinigan, Bruins",1973,1973
qmjhl,hockeytech,13,"Shawinigan, Cataractes",1979,1979
qmjhl,hockeytech,13,"Shawinigan, Cataractes",1980,1980
qmjhl,hockeytech,13,"Shawinigan, Cataractes",1981,1981
qmjhl,hockeytech,13,"Shawinigan, Cataractes",1982,1982
qmjhl,hockeytech,13,"Shawinigan, Cataractes",1983,1983
qmjhl,hockeytech,13,"Shawinigan, Cataractes",1984,1984
qmjhl,hockeytech,13,"Shawinigan, Cataractes",1985,1985
qmjhl,hockeytech,13,"Shawinigan, Cataractes",1986,1986
qmjhl,hockeytech,13,"Shawinigan, Cataractes",1987,1987
qmjhl,hockeytech,13,"Shawinigan, Cataractes",1988,1988
qmjhl,hockeytech,13,"Shawinigan, Cataractes",1989,1989
qmjhl,hockeytech,13,"Shawinigan, Cataractes",1990,1990
qmjhl,hockeytech,13,"Shawinigan, Cataractes",1991,1991
qmjhl,hockeytech,13,"Shawinigan, Cataractes",1992,1992
qmjhl,hockeytech,13,"Shawinigan, Cataractes",1993,1993
qmjhl,hockeytech,13,"Shawinigan, Cataractes",1994,1994
qmjhl,hockeytech,13,"Shawinigan, Cataractes",1995,1995
qmjhl,hockeytech,13,"Shawinigan, Cataractes",1996,1996
qmjhl,hockeytech,13,"Shawinigan, Cataractes",1997,1997
qmjhl,hockeytech,13,"Shawinigan, Cataractes",1998,1998
qmjhl,hockeytech,13,"Shawinigan, Cataractes",1999,1999
qmjhl,hockeytech,13,"Shawinigan, Cataractes",2000,2000
qmjhl,hockeytech,13,"Shawinigan, Cataractes",2001,2001
qmjhl,hockeytech,13,"Shawinigan, Cataractes",2002,2002
qmjhl,hockeytech,13,"Shawinigan, Cataractes",2003,2003
qmjhl,hockeytech,13,"Shawinigan, Cataractes",2004,2004
qmjhl,hockeytech,13,"Shawinigan, Cataractes",2005,2005
qmjhl,hockeytech,13,"Shawinigan, Cataractes",2006,2006
qmjhl,hockeytech,13,"Shawinigan, Cataractes",2007,2007
qmjhl,hockeytech,13,"Shawinigan, Cataractes",2008,2008
qmjhl,hockeytech,13,"Shawinigan, Cataractes",2009,2009
qmjhl,hockeytech,13,"Shawinigan, Cataractes",2010,2010
qmjhl,hockeytech,13,"Shawinigan, Cataractes",2011,2027
qmjhl,hockeytech,13,"Shawinigan, Dynamos",1974,1974
qmjhl,hockeytech,13,"Shawinigan, Dynamos",1975,1975
qmjhl,hockeytech,13,"Shawinigan, Dynamos",1976,1976
qmjhl,hockeytech,13,"Shawinigan, Dynamos",1977,1977
qmjhl,hockeytech,13,"Shawinigan, Dynamos",1978,1978
qmjhl,hockeytech,14,"Drummondville, Voltigeurs",1983,1983
qmjhl,hockeytech,14,"Drummondville, Voltigeurs",1984,1984
qmjhl,hockeytech,14,"Drummondville, Voltigeurs",1985,1985
qmjhl,hockeytech,14,"Drummondville, Voltigeurs",1986,1986
qmjhl,hockeytech,14,"Drummondville, Voltigeurs",1987,1987
qmjhl,hockeytech,14,"Drummondville, Voltigeurs",1988,1988
qmjhl,hockeytech,14,"Drummondville, Voltigeurs",1989,1989
qmjhl,hockeytech,14,"Drummondville, Voltigeurs",1990,1990
qmjhl,hockeytech,14,"Drummondville, Voltigeurs",1991,1991
qmjhl,hockeytech,14,"Drummondville, Voltigeurs",1992,1992
qmjhl,hockeytech,14,"Drummondville, Voltigeurs",1993,1993
qmjhl,hockeytech,14,"Drummondville, Voltigeurs",1994,1994
qmjhl,hockeytech,14,"Drummondville, Voltigeurs",1995,1995
qmjhl,hockeytech,14,"Drummondville, Voltigeurs",1996,1996
qmjhl,hockeytech,14,"Drummondville, Voltigeurs",1997,1997
qmjhl,hockeytech,14,"Drummondville, Voltigeurs",1998,1998
qmjhl,hockeytech,14,"Drummondville, Voltigeurs",1999,1999
qmjhl,hockeytech,14,"Drummondville, Voltigeurs",2000,2000
qmjhl,hockeytech,14,"Drummondville, Voltigeurs",2001,2001
qmjhl,hockeytech,14,"Drummondville, Voltigeurs",2002,2002
qmjhl,hockeytech,14,"Drummondville, Voltigeurs",2003,2003
qmjhl,hockeytech,14,"Drummondville, Voltigeurs",2004,2004
qmjhl,hockeytech,14,"Drummondville, Voltigeurs",2005,2005
qmjhl,hockeytech,14,"Drummondville, Voltigeurs",2006,2006
qmjhl,hockeytech,14,"Drummondville, Voltigeurs",2007,2007
qmjhl,hockeytech,14,"Drummondville, Voltigeurs",2008,2008
qmjhl,hockeytech,14,"Drummondville, Voltigeurs",2009,2009
qmjhl,hockeytech,14,"Drummondville, Voltigeurs",2010,2010
qmjhl,hockeytech,14,"Drummondville, Voltigeurs",2011,2011
qmjhl,hockeytech,14,"Drummondville, Voltigeurs",2012,2024
qmjhl,hockeytech,14,"Drummondville, Voltigeurs",2019,2019
qmjhl,hockeytech,14,"Drummondville, Voltigeurs",2020,2020
qmjhl,hockeytech,14,"Drummondville, Voltigeurs",2021,2021
qmjhl,hockeytech,14,"Drummondville, Voltigeurs",2022,2022
qmjhl,hockeytech,14,"Drummondville, Voltigeurs",2025,2025
qmjhl,hockeytech,14,"Drummondville, Voltigeurs",2026,2026
qmjhl,hockeytech,14,"Drummondville, Voltigeurs",2027,2027
qmjhl,hockeytech,15,"Val-d'Or, Foreurs",1994,1994
qmjhl,hockeytech,15,"Val-d'Or, Foreurs",1995,1995
qmjhl,hockeytech,15,"Val-d'Or, Foreurs",1996,1996
qmjhl,hockeytech,15,"Val-d'Or, Foreurs",1997,1997
qmjhl,hockeytech,15,"Val-d'Or, Foreurs",1998,1998
qmjhl,hockeytech,15,"Val-d'Or, Foreurs",1999,1999
qmjhl,hockeytech,15,"Val-d'Or, Foreurs",2000,2000
qmjhl,hockeytech,15,"Val-d'Or, Foreurs",2001,2001
qmjhl,hockeytech,15,"Val-d'Or, Foreurs",2002,2002
qmjhl,hockeytech,15,"Val-d'Or, Foreurs",2003,2003
qmjhl,hockeytech,15,"Val-d'Or, Foreurs",2004,2004
qmjhl,hockeytech,15,"Val-d'Or, Foreurs",2005,2005
qmjhl,hockeytech,15,"Val-d'Or, Foreurs",2006,2006
qmjhl,hockeytech,15,"Val-d'Or, Foreurs",2007,2007
qmjhl,hockeytech,15,"Val-d'Or, Foreurs",2008,2008
qmjhl,hockeytech,15,"Val-d'Or, Foreurs",2009,2009
qmjhl,hockeytech,15,"Val-d'Or, Foreurs",2010,2010
qmjhl,hockeytech,15,"Val-d'Or, Foreurs",2011,2027
qmjhl,hockeytech,16,"Baie-Comeau, Drakkar",1998,1998
qmjhl,hockeytech,16,"Baie-Comeau, Drakkar",1999,1999
qmjhl,hockeytech,16,"Baie-Comeau, Drakkar",2000,2000
qmjhl,hockeytech,16,"Baie-Comeau, Drakkar",2001,2001
qmjhl,hockeytech,16,"Baie-Comeau, Drakkar",2002,2002
qmjhl,hockeytech,16,"Baie-Comeau, Drakkar",2003,2003
qmjhl,hockeytech,16,"Baie-Comeau, Drakkar",2004,2004
qmjhl,hockeytech,16,"Baie-Comeau, Drakkar",2005,2005
qmjhl,hockeytech,16,"Baie-Comeau, Drakkar",2006,2006
qmjhl,hockeytech,16,"Baie-Comeau, Drakkar",2007,2007
qmjhl,hockeytech,16,"Baie-Comeau, Drakkar",2008,2008
qmjhl,hockeytech,16,"Baie-Comeau, Drakkar",2009,2009
qmjhl,hockeytech,16,"Baie-Comeau, Drakkar",2010,2010
qmjhl,hockeytech,16,"Baie-Comeau, Drakkar",2011,2027
qmjhl,hockeytech,16,"Baie-Comeau, Drakkar",2012,2012
qmjhl,hockeytech,17,"Longueuil, Chevaliers",1983,1983
qmjhl,hockeytech,17,"Longueuil, Chevaliers",1984,1984
qmjhl,hockeytech,17,"Longueuil, Chevaliers",1985,1985
qmjhl,hockeytech,17,"Longueuil, Chevaliers",1986,1986
qmjhl,hockeytech,17,"Longueuil, Chevaliers",1987,1987
qmjhl,hockeytech,17,"Victoriaville, Tigres",1988,1988
qmjhl,hockeytech,17,"Victoriaville, Tigres",1989,1989
qmjhl,hockeytech,17,"Victoriaville, Tigres",1990,1990
qmjhl,hockeytech,17,"Victoriaville, Tigres",1991,1991
qmjhl,hockeytech,17,"Victoriaville, Tigres",1992,1992
qmjhl,hockeytech,17,"Victoriaville, Tigres",1993,1993
qmjhl,hockeytech,17,"Victoriaville, Tigres",1994,1994
qmjhl,hockeytech,17,"Victoriaville, Tigres",1995,1995
qmjhl,hockeytech,17,"Victoriaville, Tigres",1996,1996
qmjhl,hockeytech,17,"Victoriaville, Tigres",1997,1997
qmjhl,hockeytech,17,"Victoriaville, Tigres",1998,1998
qmjhl,hockeytech,17,"Victoriaville, Tigres",1999,1999
qmjhl,hockeytech,17,"Victoriaville, Tigres",2000,2000
qmjhl,hockeytech,17,"Victoriaville, Tigres",2001,2001
qmjhl,hockeytech,17,"Victoriaville, Tigres",2002,2002
qmjhl,hockeytech,17,"Victoriaville, Tigres",2003,2003
qmjhl,hockeytech,17,"Victoriaville, Tigres",2004,2004
qmjhl,hockeytech,17,"Victoriaville, Tigres",2005,2005
qmjhl,hockeytech,17,"Victoriaville, Tigres",2006,2006
qmjhl,hockeytech,17,"Victoriaville, Tigres",2007,2007
qmjhl,hockeytech,17,"Victoriaville, Tigres",2008,2008
qmjhl,hockeytech,17,"Victoriaville, Tigres",2009,2009
qmjhl,hockeytech,17,"Victoriaville, Tigres",2010,2010
qmjhl,hockeytech,17,"Victoriaville, Tigres",2011,2027
qmjhl,hockeytech,18,"Rimouski, Océanic",1996,1996
qmjhl,hockeytech,18,"Rimouski, Océanic",1997,1997
qmjhl,hockeytech,18,"Rimouski, Océanic",1998,1998
qmjhl,hockeytech,18,"Rimouski, Océanic",1999,1999
qmjhl,hockeytech,18,"Rimouski, Océanic",2000,2000
qmjhl,hockeytech,18,"Rimouski, Océanic",2001,2001
qmjhl,hockeytech,18,"Rimouski, Océanic",2002,2002
qmjhl,hockeytech,18,"Rimouski, Océanic",2003,2003
qmjhl,hockeytech,18,"Rimouski, Océanic",2004,2004
qmjhl,hockeytech,18,"Rimouski, Océanic",2005,2005
qmjhl,hockeytech,18,"Rimouski, Océanic",2006,2006
qmjhl,hockeytech,18,"Rimouski, Océanic",2007,2007
qmjhl,hockeytech,18,"Rimouski, Océanic",2008,2008
qmjhl,hockeytech,18,"Rimouski, Océanic",2009,2009
qmjhl,hockeytech,18,"Rimouski, Océanic",2010,2010
qmjhl,hockeytech,18,"Rimouski, Océanic",2011,2024
qmjhl,hockeytech,18,"Rimouski, Océanic",2014,2014
qmjhl,hockeytech,18,"Rimouski, Océanic",2015,2015
qmjhl,hockeytech,18,"Rimouski, Océanic",2016,2016
qmjhl,hockeytech,18,"Rimouski, Océanic",2025,2025
qmjhl,hockeytech,18,"Rimouski, Océanic",2026,2026
qmjhl,hockeytech,18,"Rimouski, Océanic",2027,2027
qmjhl,hockeytech,18,"Sherbrooke, Castors",1970,1970
qmjhl,hockeytech,18,"Sherbrooke, Castors",1971,1971
qmjhl,hockeytech,18,"Sherbrooke, Castors",1972,1972
qmjhl,hockeytech,18,"Sherbrooke, Castors",1973,1973
qmjhl,hockeytech,18,"Sherbrooke, Castors",1974,1974
qmjhl,hockeytech,18,"Sherbrooke, Castors",1975,1975
qmjhl,hockeytech,18,"Sherbrooke, Castors",1976,1976
qmjhl,hockeytech,18,"Sherbrooke, Castors",1977,1977
qmjhl,hockeytech,18,"Sherbrooke, Castors",1978,1978
qmjhl,hockeytech,18,"Sherbrooke, Castors",1979,1979
qmjhl,hockeytech,18,"Sherbrooke, Castors",1980,1980
qmjhl,hockeytech,18,"Sherbrooke, Castors",1981,1981
qmjhl,hockeytech,18,"Sherbrooke, Castors",1982,1982
qmjhl,hockeytech,18,"St-Jean, Castors",1983,1983
qmjhl,hockeytech,18,"St-Jean, Castors",1984,1984
qmjhl,hockeytech,18,"St-Jean, Castors",1985,1985
qmjhl,hockeytech,18,"St-Jean, Castors",1986,1986
qmjhl,hockeytech,18,"St-Jean, Castors",1987,1987
qmjhl,hockeytech,18,"St-Jean, Castors",1988,1988
qmjhl,hockeytech,18,"St-Jean, Castors",1989,1989
qmjhl,hockeytech,18,"St-Jean, Lynx",1990,1990
qmjhl,hockeytech,18,"St-Jean, Lynx",1991,1991
qmjhl,hockeytech,18,"St-Jean, Lynx",1992,1992
qmjhl,hockeytech,18,"St-Jean, Lynx",1993,1993
qmjhl,hockeytech,18,"St-Jean, Lynx",1994,1994
qmjhl,hockeytech,18,"St-Jean, Lynx",1995,1995
qmjhl,hockeytech,19,"Blainville-Boisbriand, Armada",2012,2027
qmjhl,hockeytech,19,"Montréal, Junior",2009,2009
qmjhl,hockeytech,19,"Montréal, Junior",2010,2010
qmjhl,hockeytech,19,"Montréal, Juniors",2011,2011
qmjhl,hockeytech,19,"St. John's, Fog Devils",2006,2006
qmjhl,hockeytech,19,"St. John's, Fog Devils",2007,2007
qmjhl,hockeytech,19,"St. John's, Fog Devils",2008,2008
qmjhl,hockeytech,2,"Acadie-Bathurst, Titan",1999,1999
qmjhl,hockeytech,2,"Acadie-Bathurst, Titan",2000,2000
qmjhl,hockeytech,2,"Acadie-Bathurst, Titan",2001,2001
qmjhl,hockeytech,2,"Acadie-Bathurst, Titan",2002,2002
qmjhl,hockeytech,2,"Acadie-Bathurst, Titan",2003,2003
qmjhl,hockeytech,2,"Acadie-Bathurst, Titan",2004,2004
qmjhl,hockeytech,2,"Acadie-Bathurst, Titan",2005,2005
qmjhl,hockeytech,2,"Acadie-Bathurst, Titan",2006,2006
qmjhl,hockeytech,2,"Acadie-Bathurst, Titan",2007,2007
qmjhl,hockeytech,2,"Acadie-Bathurst, Titan",2008,2008
qmjhl,hockeytech,2,"Acadie-Bathurst, Titan",2009,2009
qmjhl,hockeytech,2,"Acadie-Bathurst, Titan",2010,2010
qmjhl,hockeytech,2,"Acadie-Bathurst, Titan",2011,2011
qmjhl,hockeytech,2,"Acadie-Bathurst, Titan",2012,2012
qmjhl,hockeytech,2,"Acadie-Bathurst, Titan",2013,2013
qmjhl,hockeytech,2,"Acadie-Bathurst, Titan",2014,2014
qmjhl,hockeytech,2,"Acadie-Bathurst, Titan",2015,2015
qmjhl,hockeytech,2,"Acadie-Bathurst, Titan",2016,2016
qmjhl,hockeytech,2,"Acadie-Bathurst, Titan",2017,2017
qmjhl,hockeytech,2,"Acadie-Bathurst, Titan",2018,2018
qmjhl,hockeytech,2,"Acadie-Bathurst, Titan",2019,2019
qmjhl,hockeytech,2,"Acadie-Bathurst, Titan",2020,2020
qmjhl,hockeytech,2,"Acadie-Bathurst, Titan",2021,2021
qmjhl,hockeytech,2,"Acadie-Bathurst, Titan",2022,2022
qmjhl,hockeytech,2,"Acadie-Bathurst, Titan",2023,2023
qmjhl,hockeytech,2,"Acadie-Bathurst, Titan",2024,2024
qmjhl,hockeytech,2,"Acadie-Bathurst, Titan",2025,2025
qmjhl,hockeytech,2,"Laval, National",1972,1972
qmjhl,hockeytech,2,"Laval, National",1973,1973
qmjhl,hockeytech,2,"Laval, National",1974,1974
qmjhl,hockeytech,2,"Laval, National",1975,1975
qmjhl,hockeytech,2,"Laval, National",1976,1976
qmjhl,hockeytech,2,"Laval, National",1977,1977
qmjhl,hockeytech,2,"Laval, National",1978,1978
qmjhl,hockeytech,2,"Laval, National",1979,1979
qmjhl,hockeytech,2,"Laval, Titan",1986,1986
qmjhl,hockeytech,2,"Laval, Titan",1987,1987
qmjhl,hockeytech,2,"Laval, Titan",1988,1988
qmjhl,hockeytech,2,"Laval, Titan",1989,1989
qmjhl,hockeytech,2,"Laval, Titan",1990,1990
qmjhl,hockeytech,2,"Laval, Titan",1991,1991
qmjhl,hockeytech,2,"Laval, Titan",1992,1992
qmjhl,hockeytech,2,"Laval, Titan",1993,1993
qmjhl,hockeytech,2,"Laval, Titan",1994,1994
qmjhl,hockeytech,2,"Laval, Titan C.F.",1995,1995
qmjhl,hockeytech,2,"Laval, Titan C.F.",1996,1996
qmjhl,hockeytech,2,"Laval, Titan C.F.",1997,1997
qmjhl,hockeytech,2,"Laval, Titan C.F.",1998,1998
qmjhl,hockeytech,2,"Laval, Voisins",1980,1980
qmjhl,hockeytech,2,"Laval, Voisins",1981,1981
qmjhl,hockeytech,2,"Laval, Voisins",1982,1982
qmjhl,hockeytech,2,"Laval, Voisins",1983,1983
qmjhl,hockeytech,2,"Laval, Voisins",1984,1984
qmjhl,hockeytech,2,"Laval, Voisins",1985,1985
qmjhl,hockeytech,2,"Newfoundland, Regiment",2026,2026
qmjhl,hockeytech,2,"Newfoundland, Regiment",2027,2027
qmjhl,hockeytech,2,"Rosemont, National",1970,1970
qmjhl,hockeytech,2,"Rosemont, National",1971,1971
qmjhl,hockeytech,3,"Cape Breton, Eagles",2011,2027
qmjhl,hockeytech,3,"Cape Breton, Eagles",2020,2020
qmjhl,hockeytech,3,"Cape Breton, Eagles",2021,2021
qmjhl,hockeytech,3,"Cape Breton, Eagles",2022,2022
qmjhl,hockeytech,3,"Cape Breton, Screaming Eagles",1998,1998
qmjhl,hockeytech,3,"Cape Breton, Screaming Eagles",1999,1999
qmjhl,hockeytech,3,"Cape Breton, Screaming Eagles",2000,2000
qmjhl,hockeytech,3,"Cape Breton, Screaming Eagles",2001,2001
qmjhl,hockeytech,3,"Cape Breton, Screaming Eagles",2002,2002
qmjhl,hockeytech,3,"Cape Breton, Screaming Eagles",2003,2003
qmjhl,hockeytech,3,"Cape Breton, Screaming Eagles",2004,2004
qmjhl,hockeytech,3,"Cape Breton, Screaming Eagles",2005,2005
qmjhl,hockeytech,3,"Cape Breton, Screaming Eagles",2006,2006
qmjhl,hockeytech,3,"Cape Breton, Screaming Eagles",2007,2007
qmjhl,hockeytech,3,"Cape Breton, Screaming Eagles",2008,2008
qmjhl,hockeytech,3,"Cape Breton, Screaming Eagles",2009,2009
qmjhl,hockeytech,3,"Cape Breton, Screaming Eagles",2010,2010
qmjhl,hockeytech,3,"Cape Breton, Screaming Eagles",2012,2012
qmjhl,hockeytech,3,"Granby, Bisons",1982,1982
qmjhl,hockeytech,3,"Granby, Bisons",1983,1983
qmjhl,hockeytech,3,"Granby, Bisons",1984,1984
qmjhl,hockeytech,3,"Granby, Bisons",1985,1985
qmjhl,hockeytech,3,"Granby, Bisons",1986,1986
qmjhl,hockeytech,3,"Granby, Bisons",1987,1987
qmjhl,hockeytech,3,"Granby, Bisons",1988,1988
qmjhl,hockeytech,3,"Granby, Bisons",1989,1989
qmjhl,hockeytech,3,"Granby, Bisons",1990,1990
qmjhl,hockeytech,3,"Granby, Bisons",1991,1991
qmjhl,hockeytech,3,"Granby, Bisons",1992,1992
qmjhl,hockeytech,3,"Granby, Bisons",1993,1993
qmjhl,hockeytech,3,"Granby, Bisons",1994,1994
qmjhl,hockeytech,3,"Granby, Bisons",1995,1995
qmjhl,hockeytech,3,"Granby, Prédateurs",1996,1996
qmjhl,hockeytech,3,"Granby, Prédateurs",1997,1997
qmjhl,hockeytech,3,"Sorel, Eperviers",1981,1981
qmjhl,hockeytech,3,"Sorel, Éperviers",1970,1970
qmjhl,hockeytech,3,"Sorel, Éperviers",1971,1971
qmjhl,hockeytech,3,"Sorel, Éperviers",1972,1972
qmjhl,hockeytech,3,"Sorel, Éperviers",1973,1973
qmjhl,hockeytech,3,"Sorel, Éperviers",1974,1974
qmjhl,hockeytech,3,"Sorel, Éperviers",1975,1975
qmjhl,hockeytech,3,"Sorel, Éperviers",1976,1976
qmjhl,hockeytech,3,"Sorel, Éperviers",1977,1977
qmjhl,hockeytech,3,"Verdun, Éperviers",1978,1978
qmjhl,hockeytech,3,"Verdun, Éperviers",1979,1979
qmjhl,hockeytech,3,"Verdun/Sorel, Éperviers",1980,1980
qmjhl,hockeytech,4,"Lewiston, MAINEiacs",2004,2004
qmjhl,hockeytech,4,"Lewiston, MAINEiacs",2005,2005
qmjhl,hockeytech,4,"Lewiston, MAINEiacs",2006,2006
qmjhl,hockeytech,4,"Lewiston, MAINEiacs",2007,2007
qmjhl,hockeytech,4,"Lewiston, MAINEiacs",2008,2008
qmjhl,hockeytech,4,"Lewiston, MAINEiacs",2009,2009
qmjhl,hockeytech,4,"Lewiston, MAINEiacs",2010,2010
qmjhl,hockeytech,4,"Lewiston, MAINEiacs",2011,2011
qmjhl,hockeytech,4,"Sherbrooke, Castors",1999,1999
qmjhl,hockeytech,4,"Sherbrooke, Castors",2000,2000
qmjhl,hockeytech,4,"Sherbrooke, Castors",2001,2001
qmjhl,hockeytech,4,"Sherbrooke, Castors",2002,2002
qmjhl,hockeytech,4,"Sherbrooke, Castors",2003,2003
qmjhl,hockeytech,4,"Sherbrooke, Faucons",1993,1993
qmjhl,hockeytech,4,"Sherbrooke, Faucons",1994,1994
qmjhl,hockeytech,4,"Sherbrooke, Faucons",1995,1995
qmjhl,hockeytech,4,"Sherbrooke, Faucons",1996,1996
qmjhl,hockeytech,4,"Sherbrooke, Faucons",1997,1997
qmjhl,hockeytech,4,"Sherbrooke, Faucons",1998,1998
qmjhl,hockeytech,4,"Trois-Rivières, Draveurs",1974,1974
qmjhl,hockeytech,4,"Trois-Rivières, Draveurs",1975,1975
qmjhl,hockeytech,4,"Trois-Rivières, Draveurs",1976,1976
qmjhl,hockeytech,4,"Trois-Rivières, Draveurs",1978,1978
qmjhl,hockeytech,4,"Trois-Rivières, Draveurs",1979,1979
qmjhl,hockeytech,4,"Trois-Rivières, Draveurs",1980,1980
qmjhl,hockeytech,4,"Trois-Rivières, Draveurs",1981,1981
qmjhl,hockeytech,4,"Trois-Rivières, Draveurs",1982,1982
qmjhl,hockeytech,4,"Trois-Rivières, Draveurs",1983,1983
qmjhl,hockeytech,4,"Trois-Rivières, Draveurs",1984,1984
qmjhl,hockeytech,4,"Trois-Rivières, Draveurs",1985,1985
qmjhl,hockeytech,4,"Trois-Rivières, Draveurs",1986,1986
qmjhl,hockeytech,4,"Trois-Rivières, Draveurs",1987,1987
qmjhl,hockeytech,4,"Trois-Rivières, Draveurs",1988,1988
qmjhl,hockeytech,4,"Trois-Rivières, Draveurs",1989,1989
qmjhl,hockeytech,4,"Trois-Rivières, Draveurs",1990,1990
qmjhl,hockeytech,4,"Trois-Rivières, Draveurs",1991,1991
qmjhl,hockeytech,4,"Trois-Rivières, Draveurs",1992,1992
qmjhl,hockeytech,4,"Trois-Rivières, Ducs",1970,1970
qmjhl,hockeytech,4,"Trois-Rivières, Ducs",1971,1971
qmjhl,hockeytech,4,"Trois-Rivières, Ducs",1972,1972
qmjhl,hockeytech,4,"Trois-Rivières, Ducs",1973,1973
qmjhl,hockeytech,4,Trois-Rivi�res,1977,1977
qmjhl,hockeytech,46,"Longueuil, Collège Français",1989,1989
qmjhl,hockeytech,46,"Longueuil, Collège Français",1990,1990
qmjhl,hockeytech,46,"Longueuil, Collège Français",1991,1991
qmjhl,hockeytech,46,"Québec, Remparts",1970,1970
qmjhl,hockeytech,46,"Québec, Remparts",1971,1971
qmjhl,hockeytech,46,"Québec, Remparts",1972,1972
qmjhl,hockeytech,46,"Québec, Remparts",1973,1973
qmjhl,hockeytech,46,"Québec, Remparts",1974,1974
qmjhl,hockeytech,46,"Québec, Remparts",1975,1975
qmjhl,hockeytech,46,"Québec, Remparts",1976,1976
qmjhl,hockeytech,46,"Québec, Remparts",1977,1977
qmjhl,hockeytech,46,"Québec, Remparts",1978,1978
qmjhl,hockeytech,46,"Québec, Remparts",1979,1979
qmjhl,hockeytech,46,"Québec, Remparts",1980,1980
qmjhl,hockeytech,46,"Québec, Remparts",1981,1981
qmjhl,hockeytech,46,"Québec, Remparts",1982,1982
qmjhl,hockeytech,46,"Québec, Remparts",1983,1983
qmjhl,hockeytech,46,"Québec, Remparts",1984,1984
qmjhl,hockeytech,46,"Québec, Remparts",1985,1985
qmjhl,hockeytech,46,"Verdun, Collège Français",1992,1992
qmjhl,hockeytech,46,"Verdun, Collège Français",1993,1993
qmjhl,hockeytech,46,"Verdun, Collège Français",1994,1994
qmjhl,hockeytech,47,"Drummondville, Rangers",1970,1970
qmjhl,hockeytech,47,"Drummondville, Rangers",1971,1971
qmjhl,hockeytech,47,"Drummondville, Rangers",1972,1972
qmjhl,hockeytech,47,"Drummondville, Rangers",1973,1973
qmjhl,hockeytech,47,"Drummondville, Rangers",1974,1974
qmjhl,hockeytech,48,"St-Jérôme, Alouettes",1970,1970
qmjhl,hockeytech,48,"St-Jérôme, Alouettes",1971,1971
qmjhl,hockeytech,48,"St-Jérôme, Alouettes",1972,1972
qmjhl,hockeytech,49,"Cornwall, Royals",1970,1970
qmjhl,hockeytech,49,"Cornwall, Royals",1971,1971
qmjhl,hockeytech,49,"Cornwall, Royals",1972,1972
qmjhl,hockeytech,49,"Cornwall, Royals",1973,1973
qmjhl,hockeytech,49,"Cornwall, Royals",1974,1974
qmjhl,hockeytech,49,"Cornwall, Royals",1975,1975
qmjhl,hockeytech,49,"Cornwall, Royals",1976,1976
qmjhl,hockeytech,49,"Cornwall, Royals",1977,1977
qmjhl,hockeytech,49,"Cornwall, Royals",1978,1978
qmjhl,hockeytech,49,"Cornwall, Royals",1979,1979
qmjhl,hockeytech,49,"Cornwall, Royals",1980,1980
qmjhl,hockeytech,49,"Cornwall, Royals",1981,1981
qmjhl,hockeytech,5,"Halifax, Mooseheads",1995,1995
qmjhl,hockeytech,5,"Halifax, Mooseheads",1996,1996
qmjhl,hockeytech,5,"Halifax, Mooseheads",1997,1997
qmjhl,hockeytech,5,"Halifax, Mooseheads",1998,1998
qmjhl,hockeytech,5,"Halifax, Mooseheads",1999,1999
qmjhl,hockeytech,5,"Halifax, Mooseheads",2000,2000
qmjhl,hockeytech,5,"Halifax, Mooseheads",2001,2001
qmjhl,hockeytech,5,"Halifax, Mooseheads",2002,2002
qmjhl,hockeytech,5,"Halifax, Mooseheads",2003,2003
qmjhl,hockeytech,5,"Halifax, Mooseheads",2004,2004
qmjhl,hockeytech,5,"Halifax, Mooseheads",2005,2005
qmjhl,hockeytech,5,"Halifax, Mooseheads",2006,2006
qmjhl,hockeytech,5,"Halifax, Mooseheads",2007,2007
qmjhl,hockeytech,5,"Halifax, Mooseheads",2008,2008
qmjhl,hockeytech,5,"Halifax, Mooseheads",2009,2009
qmjhl,hockeytech,5,"Halifax, Mooseheads",2010,2010
qmjhl,hockeytech,5,"Halifax, Mooseheads",2011,2022
qmjhl,hockeytech,5,"Halifax, Mooseheads",2023,2023
qmjhl,hockeytech,5,"Halifax, Mooseheads",2024,2024
qmjhl,hockeytech,5,"Halifax, Mooseheads",2025,2025
qmjhl,hockeytech,5,"Halifax, Mooseheads",2026,2026
qmjhl,hockeytech,5,"Halifax, Mooseheads",2027,2027
qmjhl,hockeytech,50,"Verdun, Maple Leafs",1970,1970
qmjhl,hockeytech,50,"Verdun, Maple Leafs",1971,1971
qmjhl,hockeytech,50,"Verdun, Maple Leafs",1972,1972
qmjhl,hockeytech,51,"Laval, Saints",1970,1970
qmjhl,hockeytech,55,"- Toronto, St. Michael's (OHL) -",2000,2001
qmjhl,hockeytech,56,"- Belleville, Bulls (OHL) -",2001,2003
qmjhl,hockeytech,57,"- Oshawa, Generals (OHL) -",2001,2002
qmjhl,hockeytech,60,"Sherbrooke, Phœnix",2013,2019
qmjhl,hockeytech,60,"Sherbrooke, Phœnix",2020,2020
qmjhl,hockeytech,60,"Sherbrooke, Phœnix",2021,2021
qmjhl,hockeytech,60,"Sherbrooke, Phœnix",2022,2022
qmjhl,hockeytech,60,"Sherbrooke, Phœnix",2023,2023
qmjhl,hockeytech,60,"Sherbrooke, Phœnix",2024,2024
qmjhl,hockeytech,60,"Sherbrooke, Phœnix",2025,2025
qmjhl,hockeytech,60,"Sherbrooke, Phœnix",2026,2026
qmjhl,hockeytech,60,"Sherbrooke, Phœnix",2027,2027
qmjhl,hockeytech,64,"Plattsburgh, Pioneers",1985,1985
qmjhl,hockeytech,66,"- Peterborough, Petes (OHL) -",2002,2002
qmjhl,hockeytech,7,"Charlottetown, Islanders",2014,2014
qmjhl,hockeytech,7,"Charlottetown, Islanders",2015,2027
qmjhl,hockeytech,7,"Montréal, Rocket",2000,2000
qmjhl,hockeytech,7,"Montréal, Rocket",2001,2001
qmjhl,hockeytech,7,"Montréal, Rocket",2002,2002
qmjhl,hockeytech,7,"Montréal, Rocket",2003,2003
qmjhl,hockeytech,7,"PEI, Rocket",2004,2004
qmjhl,hockeytech,7,"PEI, Rocket",2005,2005
qmjhl,hockeytech,7,"PEI, Rocket",2006,2006
qmjhl,hockeytech,7,"PEI, Rocket",2007,2007
qmjhl,hockeytech,7,"PEI, Rocket",2008,2008
qmjhl,hockeytech,7,"PEI, Rocket",2009,2009
qmjhl,hockeytech,7,"PEI, Rocket",2010,2010
qmjhl,hockeytech,7,"PEI, Rocket",2011,2011
qmjhl,hockeytech,7,"PEI, Rocket",2012,2012
qmjhl,hockeytech,7,"PEI, Rocket",2013,2013
qmjhl,hockeytech,8,"Saint John, Sea Dogs",2006,2006
qmjhl,hockeytech,8,"Saint John, Sea Dogs",2007,2007
qmjhl,hockeytech,8,"Saint John, Sea Dogs",2008,2008
qmjhl,hockeytech,8,"Saint John, Sea Dogs",2009,2009
qmjhl,hockeytech,8,"Saint John, Sea Dogs",2010,2010
qmjhl,hockeytech,8,"Saint John, Sea Dogs",2011,2027
qmjhl,hockeytech,9,"Beauport, Harfangs",1991,1991
qmjhl,hockeytech,9,"Beauport, Harfangs",1992,1992
qmjhl,hockeytech,9,"Beauport, Harfangs",1993,1993
qmjhl,hockeytech,9,"Beauport, Harfangs",1994,1994
qmjhl,hockeytech,9,"Beauport, Harfangs",1995,1995
qmjhl,hockeytech,9,"Beauport, Harfangs",1996,1996
qmjhl,hockeytech,9,"Beauport, Harfangs",1997,1997
qmjhl,hockeytech,9,"Québec, Remparts",1998,1998
qmjhl,hockeytech,9,"Québec, Remparts",1999,1999
qmjhl,hockeytech,9,"Québec, Remparts",2000,2000
qmjhl,hockeytech,9,"Québec, Remparts",2001,2001
qmjhl,hockeytech,9,"Québec, Remparts",2002,2002
qmjhl,hockeytech,9,"Québec, Remparts",2003,2003
qmjhl,hockeytech,9,"Québec, Remparts",2004,2004
qmjhl,hockeytech,9,"Québec, Remparts",2005,2005
qmjhl,hockeytech,9,"Québec, Remparts",2006,2006
qmjhl,hockeytech,9,"Québec, Remparts",2007,2007
qmjhl,hockeytech,9,"Québec, Remparts",2008,2008
qmjhl,hockeytech,9,"Québec, Remparts",2009,2009
qmjhl,hockeytech,9,"Québec, Remparts",2010,2010
qmjhl,hockeytech,9,"Québec, Remparts",2011,2011
qmjhl,hockeytech,9,"Québec, Remparts",2012,2012
qmjhl,hockeytech,9,"Québec, Remparts",2013,2013
qmjhl,hockeytech,9,"Québec, Remparts",2014,2014
qmjhl,hockeytech,9,"Québec, Remparts",2015,2027
soccer,espn,10,Huracán,,
soccer,espn,10000,Deportivo Maldonado,,
soccer,espn,10052,Villa San Carlos,,
soccer,espn,10054,Excursionistas,,
soccer,espn,10058,San Miguel,,
soccer,espn,10060,Barracas Central,,
soccer,espn,10064,Villa Dálmine,,
soccer,espn,1007,Defensor Sporting,,
soccer,espn,10080,Rubio Ñú,,
soccer,espn,10094,UCV FC,,
soccer,espn,101,Rayo Vallecano,,
soccer,espn,1010,OFI Crete,,
soccer,espn,10102,Claypole,,
soccer,espn,10103,Dock Sud,,
soccer,espn,10105,Ituzaingó,,
soccer,espn,10107,Liniers,,
soccer,espn,10109,Midland,,
soccer,espn,1011,Delfín,,
soccer,espn,10122,UTC,,
soccer,espn,10124,Venados FC,,
soccer,espn,10125,Tijuana,,
soccer,espn,10129,Leones Negros,,
soccer,espn,10131,Club Jaiba Brava,,
soccer,espn,10138,San Marcos de Arica,,
soccer,espn,10139,Copiapó,,
soccer,espn,10142,Deportes Iquique,,
soccer,espn,10143,San Luis,,
soccer,espn,10144,Unión La Calera,,
soccer,espn,10145,Acassuso,,
soccer,espn,10146,Atlanta,,
soccer,espn,10147,Brown de Adrogué,,
soccer,espn,10149,Colegiales,,
soccer,espn,10151,Defensores de Belgrano,,
soccer,espn,10152,Deportivo Armenio,,
soccer,espn,10154,Deportivo Morón,,
soccer,espn,10156,Flandria,,
soccer,espn,10157,San Telmo,,
soccer,espn,10158,Sarmiento (Junín),,
soccer,espn,10161,Talleres de Remedios,,
soccer,espn,10162,Temperley,,
soccer,espn,10163,Tristán Suárez,,
soccer,espn,102,Villarreal,,
soccer,espn,10207,Al Ahly,,
soccer,espn,10265,Bangu,,
soccer,espn,10266,Avenida,,
soccer,espn,10281,Botafogo-SP,,
soccer,espn,10296,Paraguay U20,,
soccer,espn,103,AC Milan,,
soccer,espn,10307,Manta F.C.,,
soccer,espn,10309,Jaguares de Córdoba,,
soccer,espn,10311,Nacional Potosí,,
soccer,espn,10318,Sport Huancayo,,
soccer,espn,1032,KSC Lokeren,,
soccer,espn,10343,Italy U21,,
soccer,espn,10357,Atlético Goianiense,,
soccer,espn,10374,Patronato,,
soccer,espn,10376,Nomme Kalju,,
soccer,espn,1038,Jamaica,,
soccer,espn,10382,1. FC Magdeburg,,
soccer,espn,10388,SV Elversberg,,
soccer,espn,104,AS Roma,,
soccer,espn,10414,FK Qarabag,,
soccer,espn,105,Atalanta,,
soccer,espn,10525,Brunei Darussalam,,
soccer,espn,10528,Central African Republic,,
soccer,espn,10529,Guam,,
soccer,espn,10532,French Guiana,,
soccer,espn,10596,St. Martin,,
soccer,espn,10597,Jong Ajax,,
soccer,espn,10606,Australia U20,,
soccer,espn,10615,Egypt U20,,
soccer,espn,10618,Excelsior Maassluis,,
soccer,espn,10629,Cultural Leonesa,,
soccer,espn,10678,Pau,,
soccer,espn,1068,Atlético Madrid,,
soccer,espn,10691,Les Herbiers,,
soccer,espn,107,Bologna,,
soccer,espn,10739,Philadelphia Union,,
soccer,espn,10743,Gimnasia y Tiro (Salta),,
soccer,espn,10834,CSKA Sofia,,
soccer,espn,109,Fiorentina,,
soccer,espn,11,Independiente,,
soccer,espn,110,Internazionale,,
soccer,espn,11017,SSV Jahn Regensburg,,
soccer,espn,111,Juventus,,
soccer,espn,111140,Mercyhurst Lakers,,
soccer,espn,11121,AD Alcorcón,,
soccer,espn,11124,Guayaquil City FC,,
soccer,espn,11126,Carpi,,
soccer,espn,11137,Virtus Entella,,
soccer,espn,11139,Sudtirol,,
soccer,espn,11143,Melbourne City FC,,
soccer,espn,11170,VV Katwijk,,
soccer,espn,112,Lazio,,
soccer,espn,11268,São Bernardo,,
soccer,espn,113,Lecce,,
soccer,espn,11336,Krasnodar,,
soccer,espn,11337,Colombia,,
soccer,espn,11399,Panama U17,,
soccer,espn,114,Napoli,,
soccer,espn,11420,RB Leipzig,,
soccer,espn,11429,Samsunspor,,
soccer,espn,11431,Panetolikos,,
soccer,espn,11485,FC Admira Wacker Modling,,
soccer,espn,11487,CD Sabadell,,
soccer,espn,115,Parma,,
soccer,espn,11505,Jagiellonia Bialystok,,
soccer,espn,11550,Odense Boldklub,,
soccer,espn,11553,Aris,,
soccer,espn,11627,Netherlands U21,,
soccer,espn,11653,Saudi Arabia U20,,
soccer,espn,11669,Belgium U21,,
soccer,espn,11676,France U21,,
soccer,espn,11677,CD Choloma,,
soccer,espn,11678,Curaçao,,
soccer,espn,11692,Portugal U21,,
soccer,espn,117,Reggina,,
soccer,espn,11706,Viktoria Plzen,,
soccer,espn,11766,Puerto Rico,,
soccer,espn,118,Udinese,,
soccer,espn,11808,Sao Tome and Principe,,
soccer,espn,11884,Red Star FC 93,,
soccer,espn,11895,Bourg-Peronnas,,
soccer,espn,119,Hellas Verona,,
soccer,espn,11913,Chippa United,,
soccer,espn,11963,Chaco For Ever,,
soccer,espn,11972,Gimnasia (Mendoza),,
soccer,espn,11978,Deportivo Maipú,,
soccer,espn,11989,Central Córdoba (Santiago del Estero),,
soccer,espn,11990,Mitre (Santiago del Estero),,
soccer,espn,11991,Sp. Belgrano,,
soccer,espn,11993,Central Norte,,
soccer,espn,11995,Cusco FC,,
soccer,espn,12,Lanús,,
soccer,espn,120,Vicenza,,
soccer,espn,12011,Orlando City SC,,
soccer,espn,12030,Rigas Futbola Skola,,
soccer,espn,12062,France U20,,
soccer,espn,121,VfL Bochum,,
soccer,espn,12124,FC Astana,,
soccer,espn,12146,Flora,,
soccer,espn,122,FC Cologne,,
soccer,espn,12215,Santa Clara,,
soccer,espn,12216,Estoril,,
soccer,espn,122813,Incarnate Word Cardinals,,
soccer,espn,123,Energie Cottbus,,
soccer,espn,124,Borussia Dortmund,,
soccer,espn,124510,St. Thomas Tommies,,
soccer,espn,12498,Vejle Boldklub,,
soccer,espn,125,Eintracht Frankfurt,,
soccer,espn,12587,Amorebieta,,
soccer,espn,12594,UCAM Murcia,,
soccer,espn,12597,Burgos,,
soccer,espn,126,SC Freiburg,,
soccer,espn,12633,Scotland,,
soccer,espn,12634,Wales,,
soccer,espn,126595,Lindenwood Lions,,
soccer,espn,126601,Southern Indiana Screaming Eagles,,
soccer,espn,126699,Stonehill Skyhawks,,
soccer,espn,12698,FC Famalicao,,
soccer,espn,127,Hamburg SV,,
soccer,espn,12705,GD Chaves,,
soccer,espn,12706,Tondela,,
soccer,espn,127922,Le Moyne Dolphins,,
soccer,espn,128,Hansa Rostock,,
soccer,espn,129,Hertha Berlin,,
soccer,espn,13,Los Andes,,
soccer,espn,130,Kaiserslautern,,
soccer,espn,13018,Ludogorets Razgrad,,
soccer,espn,13033,Al Fateh,,
soccer,espn,13061,Solihull Moors,,
soccer,espn,13083,Hapoel Be'er,,
soccer,espn,130875,ABB,,
soccer,espn,130883,Qatar U17,,
soccer,espn,130885,Fiji U17,,
soccer,espn,130886,Egypt U17,,
soccer,espn,130889,Saudi Arabia U17,,
soccer,espn,130890,Uganda U17,,
soccer,espn,130891,Republic of Ireland U17,,
soccer,espn,130894,New Haven Chargers,,
soccer,espn,130895,New Haven Chargers,,
soccer,espn,130896,Morocco U20,,
soccer,espn,130897,New Caledonia U20,,
soccer,espn,130899,Neom SC,,
soccer,espn,130906,Norway U17,,
soccer,espn,130909,Samoa U17,,
soccer,espn,130919,West Georgia Wolves,,
soccer,espn,131,Bayer Leverkusen,,
soccer,espn,131213,Aurora FC,,
soccer,espn,131235,RAAL La Louvière,,
soccer,espn,131256,Vancouver Rise FC,,
soccer,espn,131257,Calgary Wild FC,,
soccer,espn,131258,AFC Toronto,,
soccer,espn,131259,Montreal Roses FC,,
soccer,espn,131260,Halifax Tides FC,,
soccer,espn,131261,Ottawa Rapid FC,,
soccer,espn,131282,Génesis PN,,
soccer,espn,131295,Internacional Santa Tecla,,
soccer,espn,131300,West Florida Argonauts,,
soccer,espn,131361,Siwelele,,
soccer,espn,131393,CD Tenerife,,
soccer,espn,131397,HERA United,,
soccer,espn,131423,OH Leuven,,
soccer,espn,131428,De Graafschap,,
soccer,espn,13143,Joinville,,
soccer,espn,131447,Dallas Trinity FC,,
soccer,espn,131449,Fort Lauderdale United FC,,
soccer,espn,131450,DC Power FC,,
soccer,espn,131451,Lexington SC,,
soccer,espn,131452,Brooklyn FC,,
soccer,espn,131453,Sporting Jax,,
soccer,espn,131454,Carolina Ascent FC,,
soccer,espn,131455,Tampa Bay Sun FC,,
soccer,espn,131494,Macclesfield FC,,
soccer,espn,13150,Nizhny Novgorod,,
soccer,espn,131552,Örgryte IS,,
soccer,espn,131553,United States U21,,
soccer,espn,131561,Kenya,,
soccer,espn,131562,Boston Legacy FC,,
soccer,espn,131563,Denver Summit FC,,
soccer,espn,131578,Sporting JAX,,
soccer,espn,131579,Brooklyn FC,,
soccer,espn,131580,Fort Wayne,,
soccer,espn,131581,Athletic Club Boise,,
soccer,espn,131582,New York Cosmos,,
soccer,espn,131635,Internazionale,,
soccer,espn,131643,Austria Vienna,,
soccer,espn,131654,Deportivo Moquegua,,
soccer,espn,131655,FC Cajamarca,,
soccer,espn,131657,Burkina Faso,,
soccer,espn,131688,Central Español Fútbol Club,,
soccer,espn,131701,Mito Hollyhock,,
soccer,espn,131702,Leones,,
soccer,espn,131704,Chongqing Tonglianglong,,
soccer,espn,131705,Liaoning Tieren,,
soccer,espn,131723,Wales U19,,
soccer,espn,131734,Algeria U17,,
soccer,espn,131735,China U17,,
soccer,espn,131736,Cuba U17,,
soccer,espn,131737,Greece U17,,
soccer,espn,131738,Jamaica U17,,
soccer,espn,131739,Montenegro U17,,
soccer,espn,131740,Romania U17,,
soccer,espn,131741,Serbia U17,,
soccer,espn,131742,Tanzania U17,,
soccer,espn,131743,Vietnam U17,,
soccer,espn,131744,Denmark U17,,
soccer,espn,131745,Mozambique U17,,
soccer,espn,131746,Al Diriyah,,
soccer,espn,131749,Puerto Rico U17,,
soccer,espn,131750,Argentina U17,,
soccer,espn,131751,Australia U17,,
soccer,espn,131752,Venezuela U17,,
soccer,espn,131753,West Florida Argonauts,,
soccer,espn,131762,Fiji,,
soccer,espn,131784,New Caledonia,,
soccer,espn,131790,Inter de San Carlos,,
soccer,espn,131835,Deportivo San Pedro,,
soccer,espn,131858,RC Celta Fortuna,,
soccer,espn,132,Bayern Munich,,
soccer,espn,132334,Çorum FK,,
soccer,espn,132376,Ghana U17,,
soccer,espn,13238,Víkingur,,
soccer,espn,132429,Kalamata,,
soccer,espn,132447,Escorpiones Belén,,
soccer,espn,132448,CA Independiente Siguatepeque,,
soccer,espn,132449,CD Estrella Roja,,
soccer,espn,132480,Inca Aruba,,
soccer,espn,13294,Wolfsberger,,
soccer,espn,133,Schalke 04,,
soccer,espn,13310,Cameroon,,
soccer,espn,13313,South Africa,,
soccer,espn,13317,Marumo Gallants,,
soccer,espn,133875,Vanuatu,,
soccer,espn,133876,Solomon Islands,,
soccer,espn,133877,Namibia,,
soccer,espn,133983,Necaxa,,
soccer,espn,133990,Atlas,,
soccer,espn,133992,Atlético de San Luis,,
soccer,espn,134,VfB Stuttgart,,
soccer,espn,13450,Waasland-Beveren,,
soccer,espn,13481,Metropolitanos,,
soccer,espn,135,TSV 1860 Munich,,
soccer,espn,13582,Dominica,,
soccer,espn,13584,St. Vincent and the Grenadines,,
soccer,espn,13696,Western Sydney Wanderers,,
soccer,espn,137,Werder Bremen,,
soccer,espn,13783,Anzoátegui FC,,
soccer,espn,138,VfL Wolfsburg,,
soccer,espn,1382,Austria Vienna,,
soccer,espn,13884,AFC Fylde,,
soccer,espn,139,Ajax Amsterdam,,
soccer,espn,13913,Agropecuario,,
soccer,espn,14,Newell's Old Boys,,
soccer,espn,140,AZ Alkmaar,,
soccer,espn,14074,Comunicaciones,,
soccer,espn,14075,South Sudan,,
soccer,espn,141,NAC Breda,,
soccer,espn,142,Feyenoord Rotterdam,,
soccer,espn,1423,Beira Mar,,
soccer,espn,14253,Norway U21,,
soccer,espn,14269,Russia U21,,
soccer,espn,14290,Israel U21,,
soccer,espn,143,Fortuna Sittard,,
soccer,espn,144,De Graafschap,,
soccer,espn,145,FC Groningen,,
soccer,espn,14561,Chinese Taipei,,
soccer,espn,146,Heerenveen,,
soccer,espn,147,NEC Nijmegen,,
soccer,espn,148,PSV Eindhoven,,
soccer,espn,149,Roda JC Kerkrade,,
soccer,espn,15,Racing Club,,
soccer,espn,151,Sparta Rotterdam,,
soccer,espn,15106,Muangthong United,,
soccer,espn,15114,Cuba U20,,
soccer,espn,152,FC Twente,,
soccer,espn,153,FC Utrecht,,
soccer,espn,15360,Chicago Stars FC,,
soccer,espn,15362,Portland Thorns FC,,
soccer,espn,15363,Seattle Reign FC,,
soccer,espn,15364,Gotham FC,,
soccer,espn,15365,Washington Spirit,,
soccer,espn,15366,North Carolina Courage,,
soccer,espn,1538,Levante,,
soccer,espn,154,Vitesse,,
soccer,espn,15424,Paysandu,,
soccer,espn,155,RKC Waalwijk,,
soccer,espn,15515,Shanghai Port,,
soccer,espn,15582,FC Ural Ekaterinburg,,
soccer,espn,156,Willem II,,
soccer,espn,15713,FK Kukesi,,
soccer,espn,15720,Atlético de San Luis,,
soccer,espn,15784,Arouca,,
soccer,espn,159,Bordeaux,,
soccer,espn,16,River Plate,,
soccer,espn,160,Paris Saint-Germain,,
soccer,espn,162,Italy,,
soccer,espn,16218,Italy U17,,
soccer,espn,16287,Croatia U17,,
soccer,espn,16295,Morocco U17,,
soccer,espn,16301,Uzbekistan U17,,
soccer,espn,16306,Venezuela U17,,
soccer,espn,164,Spain,,
soccer,espn,16445,Uruguay U17,,
soccer,espn,165,Nantes,,
soccer,espn,166,Lille,,
soccer,espn,167,Lyon,,
soccer,espn,16721,Gibraltar,,
soccer,espn,16728,Liverpool U21,,
soccer,espn,169,Stade Rennais,,
soccer,espn,17,Rosario Central,,
soccer,espn,170,Troyes,,
soccer,espn,17086,Independiente del Valle,,
soccer,espn,17090,Deportivo La Guaira,,
soccer,espn,171,Guingamp,,
soccer,espn,17131,Caxias do Sul,,
soccer,espn,17176,Mushuc Runa,,
soccer,espn,172,AJ Auxerre,,
soccer,espn,17233,Alebrijes de Oaxaca,,
soccer,espn,173,Bastia,,
soccer,espn,17313,Cuiabá,,
soccer,espn,17317,Botafogo PB,,
soccer,espn,17325,Nacional de Manaus,,
soccer,espn,17333,Londrina,,
soccer,espn,17339,Tombense,,
soccer,espn,17346,Houston Dash,,
soccer,espn,17352,Estudiantes (Buenos Aires),,
soccer,espn,17360,Indy Eleven,,
soccer,espn,17361,Tampa Bay Rowdies,,
soccer,espn,17362,Minnesota United FC,,
soccer,espn,17363,Magallanes,,
soccer,espn,17365,Curicó Unido,,
soccer,espn,17370,Atlético FC,,
soccer,espn,17371,Bogotá FC,,
soccer,espn,17372,Boca Juniors de Cali,,
soccer,espn,17373,Barranquilla FC,,
soccer,espn,17374,Unión Magdalena,,
soccer,espn,17380,Bryant Bulldogs,,
soccer,espn,17386,East Tennessee State Buccaneers,,
soccer,espn,17390,Florida Gulf Coast Eagles,,
soccer,espn,17392,Houston Christian Huskies,,
soccer,espn,17393,Howard Bison,,
soccer,espn,174,AS Monaco,,
soccer,espn,17407,Omaha Mavericks,,
soccer,espn,17409,Presbyterian Blue Hose,,
soccer,espn,17411,Seattle U Redhawks,,
soccer,espn,17412,SIU Edwardsville Cougars,,
soccer,espn,17425,Utah Valley Wolverines,,
soccer,espn,17483,Orléans,,
soccer,espn,17491,Würzburger Kickers,,
soccer,espn,17495,FC Arsenal Tula,,
soccer,espn,175,Lens,,
soccer,espn,17514,Mineros de Zacatecas,,
soccer,espn,17516,CD Guastatoya,,
soccer,espn,17520,FC Zorya Luhansk,,
soccer,espn,17530,Venezia,,
soccer,espn,17534,Leganés,,
soccer,espn,17544,Antwerp,,
soccer,espn,17545,Richmond Kickers,,
soccer,espn,17579,Texas A&M-Corpus Christi Islanders,,
soccer,espn,17590,Abilene Christian Wildcats,,
soccer,espn,176,Marseille,,
soccer,espn,17606,New York City FC,,
soccer,espn,17637,Ecuador,,
soccer,espn,17639,South Korea,,
soccer,espn,17640,Spain,,
soccer,espn,17641,Switzerland,,
soccer,espn,17642,Thailand,,
soccer,espn,17671,Sportivo San Lorenzo,,
soccer,espn,17689,Johor Darul Ta'zim,,
soccer,espn,17692,San Martín (Burzaco),,
soccer,espn,17693,Argentino de Quilmes,,
soccer,espn,17695,Deportivo Laferrere,,
soccer,espn,17697,Defensores Unidos,,
soccer,espn,177,Metz,,
soccer,espn,17700,Argentino de Merlo,,
soccer,espn,17702,Deportivo Riestra,,
soccer,espn,17703,Sportivo Italiano,,
soccer,espn,17704,Deportivo Merlo,,
soccer,espn,17705,UAI Urquiza,,
soccer,espn,17706,Sportivo Barracas,,
soccer,espn,17733,Bali United,,
soccer,espn,17757,Port FC,,
soccer,espn,17760,Ratchaburi FC,,
soccer,espn,17796,El Kanemi Warriors,,
soccer,espn,17797,Rangers International,,
soccer,espn,178,Saint-Étienne,,
soccer,espn,17807,Shooting Stars SC,,
soccer,espn,17814,San Martín (Tucumán),,
soccer,espn,17815,Vietnam,,
soccer,espn,17826,Charlotte Independence,,
soccer,espn,17827,Pittsburgh Riverhounds,,
soccer,espn,17828,Sacramento Republic FC,,
soccer,espn,17830,Colorado Springs Switchbacks FC,,
soccer,espn,17832,Louisville City FC,,
soccer,espn,17850,Phoenix Rising FC,,
soccer,espn,17851,FC Juárez,,
soccer,espn,17855,Skenderbeu Korce,,
soccer,espn,17856,Lincoln Red Imps,,
soccer,espn,17858,Alashkert FC,,
soccer,espn,179,Toulouse,,
soccer,espn,17939,Juticalpa FC,,
soccer,espn,17972,Australia U17,,
soccer,espn,17973,Ecuador U17,,
soccer,espn,17974,Mali U17,,
soccer,espn,17975,United States U17,,
soccer,espn,17976,Chile U17,,
soccer,espn,17982,USV Hercules,,
soccer,espn,17992,Koninklijke HFC,,
soccer,espn,17997,Kerala Blasters FC,,
soccer,espn,17998,Odisha FC,,
soccer,espn,18,San Lorenzo,,
soccer,espn,180,Strasbourg,,
soccer,espn,18000,Chennaiyin FC,,
soccer,espn,18002,Mumbai City FC,,
soccer,espn,18003,FC Goa,,
soccer,espn,18004,NorthEast United FC,,
soccer,espn,18009,San José State Spartans,,
soccer,espn,18010,Grand Canyon Antelopes,,
soccer,espn,18018,Kelty Hearts,,
soccer,espn,18023,UT Rio Grande Valley Vaqueros,,
soccer,espn,18032,Incarnate Word Cardinals,,
soccer,espn,18035,Gainsborough Trinity,,
soccer,espn,18066,Annecy,,
soccer,espn,18127,Novorizontino,,
soccer,espn,18134,Portuguesa-RJ,,
soccer,espn,18153,Comerciantes Unidos,,
soccer,espn,18156,Orsomarso SC,,
soccer,espn,18159,Miami FC,,
soccer,espn,18187,Operário PR,,
soccer,espn,18191,Juazeirense,,
soccer,espn,182,Chicago Fire FC,,
soccer,espn,18203,Zhejiang Professional FC,,
soccer,espn,18206,Orlando Pride,,
soccer,espn,18210,Costa Rica U23,,
soccer,espn,18212,Brazil U23,,
soccer,espn,18214,Japan U23,,
soccer,espn,18216,Egypt U23,,
soccer,espn,18220,Spain U23,,
soccer,espn,18221,Morocco,,
soccer,espn,18224,New Zealand U23,,
soccer,espn,18227,Iraq U23,,
soccer,espn,18232,Argentina U23,,
soccer,espn,18243,Sint Maarten,,
soccer,espn,18260,Deportivo Madryn,,
soccer,espn,18265,San Antonio FC,,
soccer,espn,18267,FC Cincinnati,,
soccer,espn,18272,Kosovo,,
soccer,espn,18278,Jong FC Utrecht,,
soccer,espn,18283,FK Liepaja,,
soccer,espn,18284,Güemes,,
soccer,espn,18285,Gazovik Orenburg,,
soccer,espn,183,Columbus Crew,,
soccer,espn,18305,Germany U19,,
soccer,espn,18357,Kansas State Wildcats,,
soccer,espn,18358,Northern Kentucky Norse,,
soccer,espn,18377,TEC VV,,
soccer,espn,18390,UMass Lowell River Hawks,,
soccer,espn,18391,South Carolina Upstate Spartans,,
soccer,espn,18395,Romania,,
soccer,espn,18396,Democrata GV,,
soccer,espn,18399,URT,,
soccer,espn,184,Colorado Rapids,,
soccer,espn,18406,Ivory Coast,,
soccer,espn,18413,North Macedonia U21,,
soccer,espn,18414,Poland U21,,
soccer,espn,18415,Slovakia U21,,
soccer,espn,18418,Atlanta United FC,,
soccer,espn,18424,Anápolis,,
soccer,espn,18439,Macará,,
soccer,espn,18444,Austria,,
soccer,espn,18446,FC Tulsa,,
soccer,espn,18455,Orange County SC,,
soccer,espn,18459,Al Taawoun,,
soccer,espn,185,FC Dallas,,
soccer,espn,18597,Hearts of Oak,,
soccer,espn,186,Sporting Kansas City,,
soccer,espn,18601,Medeama,,
soccer,espn,18615,Stellenbosch,,
soccer,espn,18662,Camioneros,,
soccer,espn,187,LA Galaxy,,
soccer,espn,18736,Belgium,,
soccer,espn,18738,Vendsyssel,,
soccer,espn,18741,Saarbrücken,,
soccer,espn,18748,Jong AZ,,
soccer,espn,18765,New Caledonia U17,,
soccer,espn,18767,Spain U17,,
soccer,espn,18768,Colombia U17,,
soccer,espn,18772,Bolivia,,
soccer,espn,18774,Brighton & Hove Albion U21,,
soccer,espn,18775,Chelsea U21,,
soccer,espn,18776,Everton U21,,
soccer,espn,18777,Fulham U21,,
soccer,espn,18779,Manchester City U21,,
soccer,espn,18781,Newcastle United U21,,
soccer,espn,18785,Sunderland U21,,
soccer,espn,18787,Tottenham Hotspur U21,,
soccer,espn,18794,WSG Swarovski Tirol,,
soccer,espn,18809,UPNFM,,
soccer,espn,18825,Richards Bay FC,,
soccer,espn,18834,UT Rio Grande Valley Vaqueros,,
soccer,espn,18835,FC Zlín,,
soccer,espn,18836,HSV Hoek,,
soccer,espn,18844,Real Pilar,,
soccer,espn,18848,Chile,,
soccer,espn,18849,UIC Flames,,
soccer,espn,18851,Bengaluru FC,,
soccer,espn,18885,Hereford F.C.,,
soccer,espn,18889,Croatia,,
soccer,espn,18894,Punjab FC,,
soccer,espn,189,New England Revolution,,
soccer,espn,1895,Besiktas,,
soccer,espn,18959,Manaus,,
soccer,espn,18966,LAFC,,
soccer,espn,18986,Nashville SC,,
soccer,espn,18987,Las Vegas Lights FC,,
soccer,espn,18990,Dreams F.C.,,
soccer,espn,18995,Academia Puerto Cabello,,
soccer,espn,19,Talleres (Córdoba),,
soccer,espn,190,Red Bull New York,,
soccer,espn,19001,V-Varen Nagasaki,,
soccer,espn,19002,Montevideo City Torque,,
soccer,espn,191,San Jose Earthquakes,,
soccer,espn,19139,Dalian Professional,,
soccer,espn,19141,Utah Royals,,
soccer,espn,19145,Racing (Córdoba),,
soccer,espn,19156,Latvia,,
soccer,espn,19179,Detroit City FC,,
soccer,espn,19195,Deportes Limache,,
soccer,espn,19197,Deportes Recoleta,,
soccer,espn,19198,Deportes Santa Cruz,,
soccer,espn,19208,Türkiye U21,,
soccer,espn,19213,Scotland U21,,
soccer,espn,19243,Drita Gjilan,,
soccer,espn,19244,FC Wacker Innsbruck,,
soccer,espn,19246,Riga FC,,
soccer,espn,19250,Petrocub,,
soccer,espn,19256,OL Lyonnes,,
soccer,espn,19257,Manchester City,,
soccer,espn,19258,Paris Saint-Germain,,
soccer,espn,19262,Harrogate Town,,
soccer,espn,19267,Erzurum BB,,
soccer,espn,1928,Hong Kong,,
soccer,espn,19286,North Alabama Lions,,
soccer,espn,1929,Benfica,,
soccer,espn,19298,TS Galaxy FC,,
soccer,espn,19299,Arsenal U21,,
soccer,espn,193,D.C. United,,
soccer,espn,19313,Milwaukee Panthers,,
soccer,espn,19314,Bonaire,,
soccer,espn,19321,RKAV Volendam,,
soccer,espn,19333,California Baptist Lancers,,
soccer,espn,19340,Macarthur FC,,
soccer,espn,19344,Cornell Big Red,,
soccer,espn,19345,Poland,,
soccer,espn,19348,Croatia U21,,
soccer,espn,19349,Romania U21,,
soccer,espn,19350,Austria U21,,
soccer,espn,1936,Internacional,,
soccer,espn,19405,Birmingham Legion FC,,
soccer,espn,19407,El Paso Locomotive FC,,
soccer,espn,19408,New Mexico United,,
soccer,espn,1941,Spartak Moscow,,
soccer,espn,19410,Loudoun United FC,,
soccer,espn,19411,Hartford Athletic,,
soccer,espn,19425,Always Ready,,
soccer,espn,1963,CSKA Moscow,,
soccer,espn,19685,Estudiantes de Río Cuarto,,
soccer,espn,19960,Uruguay,,
soccer,espn,19964,Greenville Triumph,,
soccer,espn,19966,Norway U20,,
soccer,espn,19968,Birmingham City,,
soccer,espn,19970,Chelsea,,
soccer,espn,19971,Liverpool,,
soccer,espn,19972,Everton,,
soccer,espn,19973,Arsenal,,
soccer,espn,19974,Bristol City,,
soccer,espn,19975,West Ham United,,
soccer,espn,19976,Brighton & Hove Albion,,
soccer,espn,19995,Forward Madison FC,,
soccer,espn,2,Almagro,,
soccer,espn,20,Unión (Santa Fe),,
soccer,espn,20000,Chattanooga Red Wolves,,
soccer,espn,20003,Republic of Ireland U21,,
soccer,espn,20024,ARARAT-ARMENIA,,
soccer,espn,20025,Iberia 1999,,
soccer,espn,20028,Kauno Zalgiris,,
soccer,espn,20036,Deportivo Mixco,,
soccer,espn,20039,Larne,,
soccer,espn,20041,Umraniyespor,,
soccer,espn,20043,Volos NFC,,
soccer,espn,20061,Manchester United,,
soccer,espn,20062,Tottenham Hotspur,,
soccer,espn,20063,Haiti U17,,
soccer,espn,20064,Senegal U17,,
soccer,espn,20066,Cameroon U17,,
soccer,espn,20070,Gaziantep FK,,
soccer,espn,20075,Aston Villa U21,,
soccer,espn,20088,Merrimack Warriors,,
soccer,espn,20091,Barcelona,,
soccer,espn,20092,Juventus,,
soccer,espn,20093,Atlético Madrid,,
soccer,espn,20096,Anderlecht,,
soccer,espn,20103,Bayern Munich,,
soccer,espn,20107,VfL Wolfsburg,,
soccer,espn,20112,Breidablik,,
soccer,espn,20114,FC Twente,,
soccer,espn,20115,St. Pölten,,
soccer,espn,20179,FC Andorra,,
soccer,espn,202,Argentina,,
soccer,espn,20210,Paraguay,,
soccer,espn,2022,Cruzeiro,,
soccer,espn,20229,UD Ibiza,,
soccer,espn,20232,Inter Miami CF,,
soccer,espn,2026,São Paulo,,
soccer,espn,20280,Melbourne City,,
soccer,espn,20281,Brisbane Roar,,
soccer,espn,20282,Perth Glory,,
soccer,espn,20283,Western Sydney ,,
soccer,espn,20284,Melbourne Victory ,,
soccer,espn,20285,Sydney FC ,,
soccer,espn,20286,Adelaide United ,,
soccer,espn,20287,Newcastle Jets ,,
soccer,espn,20288,Canberra United ,,
soccer,espn,2029,Palmeiras,,
soccer,espn,20293,Atlético Grau,,
soccer,espn,20297,Shelbourne,,
soccer,espn,203,Mexico,,
soccer,espn,20301,Mjällby AIF,,
soccer,espn,20303,Paraguay U23,,
soccer,espn,20307,Venezuela U23,,
soccer,espn,20309,Indiana Hoosiers,,
soccer,espn,20310,Wisconsin Badgers,,
soccer,espn,20311,Gonzaga Bulldogs,,
soccer,espn,20312,Santa Clara Broncos,,
soccer,espn,20313,UCLA Bruins,,
soccer,espn,20314,San Diego Toreros,,
soccer,espn,20315,Fairleigh Dickinson Knights,,
soccer,espn,20316,Boston College Eagles,,
soccer,espn,20317,Duke Blue Devils,,
soccer,espn,20318,Long Island University Sharks,,
soccer,espn,20319,Tulsa Golden Hurricane,,
soccer,espn,20320,Oral Roberts Golden Eagles,,
soccer,espn,20321,New Mexico Lobos,,
soccer,espn,20322,Penn State Nittany Lions,,
soccer,espn,20323,Northwestern Wildcats,,
soccer,espn,20324,Western Kentucky Hilltoppers,,
soccer,espn,20325,St. John's Red Storm,,
soccer,espn,20326,Holy Cross Crusaders,,
soccer,espn,20327,SMU Mustangs,,
soccer,espn,20328,Notre Dame Fighting Irish,,
soccer,espn,20329,UConn Huskies,,
soccer,espn,20330,Saint Peter's Peacocks,,
soccer,espn,20331,Ohio State Buckeyes,,
soccer,espn,20332,Marquette Golden Eagles,,
soccer,espn,20333,VCU Rams,,
soccer,espn,20334,North Carolina Tar Heels,,
soccer,espn,20335,UC Riverside Highlanders,,
soccer,espn,20336,Virginia Cavaliers,,
soccer,espn,20337,Wake Forest Demon Deacons,,
soccer,espn,20338,Portland Pilots,,
soccer,espn,20339,Creighton Bluejays,,
soccer,espn,20340,Cal State Fullerton Titans,,
soccer,espn,20341,Maryland Terrapins,,
soccer,espn,20342,UC Santa Barbara Gauchos,,
soccer,espn,20343,San Diego State Aztecs,,
soccer,espn,20344,Saint Louis Billikens,,
soccer,espn,20345,Richmond Spiders,,
soccer,espn,20347,Monmouth Hawks,,
soccer,espn,20348,Boston University Terriers,,
soccer,espn,20350,Kansas City Kangaroos,,
soccer,espn,20351,UNC Greensboro Spartans,,
soccer,espn,20352,Charlotte 49ers,,
soccer,espn,20353,Clemson Tigers,,
soccer,espn,20354,Longwood Lancers,,
soccer,espn,20355,Seton Hall Pirates,,
soccer,espn,20357,Quinnipiac Bobcats,,
soccer,espn,20358,Binghamton Bearcats,,
soccer,espn,20359,Saint Joseph's Hawks,,
soccer,espn,20360,Washington Huskies,,
soccer,espn,20361,William & Mary Tribe,,
soccer,espn,20362,Vermont Catamounts,,
soccer,espn,20363,Army Black Knights,,
soccer,espn,20364,Akron Zips,,
soccer,espn,20365,Cleveland State Vikings,,
soccer,espn,20366,NC State Wolfpack,,
soccer,espn,20367,George Mason Patriots,,
soccer,espn,20368,South Carolina Gamecocks,,
soccer,espn,20369,Georgetown Hoyas,,
soccer,espn,20370,Vanderbilt Commodores,,
soccer,espn,20372,South Florida Bulls,,
soccer,espn,20373,College of Charleston Cougars,,
soccer,espn,20374,Rutgers Scarlet Knights,,
soccer,espn,20375,Missouri State Bears,,
soccer,espn,20377,UNLV Rebels,,
soccer,espn,20378,Duquesne Dukes,,
soccer,espn,20379,Loyola Chicago Ramblers,,
soccer,espn,20380,Northeastern Huskies,,
soccer,espn,20381,San Francisco Dons,,
soccer,espn,20382,West Virginia Mountaineers,,
soccer,espn,20383,Old Dominion Monarchs,,
soccer,espn,20384,St. Bonaventure Bonnies,,
soccer,espn,20386,Wright State Raiders,,
soccer,espn,20387,Loyola Marymount Lions,,
soccer,espn,20388,Cal State Northridge Matadors,,
soccer,espn,20389,Elon Phoenix,,
soccer,espn,20390,Loyola Maryland Greyhounds,,
soccer,espn,20391,UC Irvine Anteaters,,
soccer,espn,20392,Cincinnati Bearcats,,
soccer,espn,20393,Princeton Tigers,,
soccer,espn,20394,Memphis Tigers,,
soccer,espn,20395,UAB Blazers,,
soccer,espn,20396,Stanford Cardinal,,
soccer,espn,20397,Purdue Fort Wayne Mastodons,,
soccer,espn,20398,Oregon State Beavers,,
soccer,espn,20399,Lehigh Mountain Hawks,,
soccer,espn,204,Bolivia,,
soccer,espn,20400,Syracuse Orange,,
soccer,espn,20401,Mercer Bears,,
soccer,espn,20402,DePaul Blue Demons,,
soccer,espn,20403,Drake Bulldogs,,
soccer,espn,20405,Louisville Cardinals,,
soccer,espn,20406,Evansville Purple Aces,,
soccer,espn,20408,Gardner-Webb Runnin' Bulldogs,,
soccer,espn,20409,Virginia Tech Hokies,,
soccer,espn,20410,New Hampshire Wildcats,,
soccer,espn,20411,Massachusetts MInutewomen,,
soccer,espn,20412,UNC Wilmington Seahawks,,
soccer,espn,20413,Bowling Green Falcons,,
soccer,espn,20414,Dayton Flyers,,
soccer,espn,20415,Florida International Panthers,,
soccer,espn,20416,Alabama A&M Bulldogs,,
soccer,espn,20417,UAlbany Great Danes,,
soccer,espn,20418,Davidson Wildcats,,
soccer,espn,20419,Campbell Fighting Camels,,
soccer,espn,20420,Temple Owls,,
soccer,espn,20421,Oakland Golden Grizzlies,,
soccer,espn,20422,Columbia Lions,,
soccer,espn,20423,Belmont Bruins,,
soccer,espn,20424,Villanova Wildcats,,
soccer,espn,20425,Michigan State Spartans,,
soccer,espn,20426,Providence Friars,,
soccer,espn,20427,Kentucky Wildcats,,
soccer,espn,20428,Pennsylvania Quakers,,
soccer,espn,20429,Florida Atlantic Owls,,
soccer,espn,20430,California Golden Bears,,
soccer,espn,20431,Manhattan Jaspers,,
soccer,espn,20432,Bucknell Bison,,
soccer,espn,20433,Sacred Heart Pioneers,,
soccer,espn,20434,Mount St. Mary's Mountaineers,,
soccer,espn,20435,Yale Bulldogs,,
soccer,espn,20436,Xavier Muskateers,,
soccer,espn,20437,San José State Spartans,,
soccer,espn,20438,Maine Black Bears,,
soccer,espn,20439,Fairfield Stags,,
soccer,espn,20440,Georgia Southern Eagles,,
soccer,espn,20442,Air Force Falcons,,
soccer,espn,20443,Georgia State Panthers,,
soccer,espn,20444,IU Indianapolis Jaguars,,
soccer,espn,20445,Saint Mary's Gaels,,
soccer,espn,20446,App State Mountaineers,,
soccer,espn,20449,Buffalo Bulls,,
soccer,espn,20450,Delaware Fightin' Blue Hens,,
soccer,espn,20451,Hofstra Pride,,
soccer,espn,20452,Towson Tigers,,
soccer,espn,20453,UMBC Retrievers,,
soccer,espn,20454,American University Eagles,,
soccer,espn,20455,Eastern Illinois Panthers,,
soccer,espn,20456,Denver Pioneers,,
soccer,espn,20457,Robert Morris Colonials,,
soccer,espn,20458,Drexel Dragons,,
soccer,espn,20459,Michigan Wolverines,,
soccer,espn,20460,Western Illinois Leathernecks,,
soccer,espn,20461,Dartmouth Big Green,,
soccer,espn,20463,Furman Paladins,,
soccer,espn,20464,Northern Illinois Huskies,,
soccer,espn,20465,Western Michigan Broncos,,
soccer,espn,20466,Sacramento State Hornets,,
soccer,espn,20467,Coastal Carolina Chanticleers,,
soccer,espn,20468,Pittsburgh Panthers,,
soccer,espn,20469,UC Davis Aggies,,
soccer,espn,20470,Rhode Island Rams,,
soccer,espn,20472,Butler Bulldogs,,
soccer,espn,20473,Brown Bears,,
soccer,espn,20474,Liberty Flames,,
soccer,espn,20475,Cal Poly Mustangs,,
soccer,espn,20476,High Point Panthers,,
soccer,espn,20477,Radford Highlanders,,
soccer,espn,20479,East Carolina Pirates,,
soccer,espn,20480,La Salle Explorers,,
soccer,espn,20481,Niagara Purple Eagles,,
soccer,espn,20482,Wofford Terriers,,
soccer,espn,20483,Canisius Griffins,,
soccer,espn,20484,George Washington Revolutionaries,,
soccer,espn,20486,Marist Red Foxes,,
soccer,espn,20487,Siena Saints,,
soccer,espn,20488,Stetson Hatters,,
soccer,espn,20489,Lafayette Leopards,,
soccer,espn,20490,Oklahoma Sooners,,
soccer,espn,20491,Texas A&M Aggies,,
soccer,espn,20492,Tennessee Volunteers,,
soccer,espn,20493,Washington State Cougars,,
soccer,espn,20494,Kansas Jayhawks,,
soccer,espn,20495,Arkansas Razorbacks,,
soccer,espn,20496,Montana Grizzlies,,
soccer,espn,20497,Illinois Fighting Illini,,
soccer,espn,20498,Nebraska Cornhuskers,,
soccer,espn,20499,Florida Gators,,
soccer,espn,205,Brazil,,
soccer,espn,20500,Pacific Tigers,,
soccer,espn,20501,Oklahoma State Cowboys,,
soccer,espn,20502,Miami Hurricanes,,
soccer,espn,20503,Arizona Wildcats,,
soccer,espn,20504,UCF Knights,,
soccer,espn,20505,Florida State Seminoles,,
soccer,espn,20506,Ohio Bobcats,,
soccer,espn,20507,Colorado College Tigers,,
soccer,espn,20508,Rice Owls,,
soccer,espn,20509,Ole Miss Rebels,,
soccer,espn,20510,Miami (OH) RedHawks,,
soccer,espn,20511,USC Trojans,,
soccer,espn,20512,Colgate Raiders,,
soccer,espn,20513,Pepperdine Waves,,
soccer,espn,20514,Harvard Crimson,,
soccer,espn,20515,Fresno State Bulldogs,,
soccer,espn,20516,BYU Cougars,,
soccer,espn,20517,Texas Longhorns,,
soccer,espn,20518,TCU Horned Frogs,,
soccer,espn,20519,Purdue Boilermakers,,
soccer,espn,2052,Beijing Guoan,,
soccer,espn,20520,Utah Utes,,
soccer,espn,20521,Central Connecticut Blue Devils,,
soccer,espn,20522,Baylor Bears,,
soccer,espn,20523,Missouri Tigers,,
soccer,espn,20524,Alabama Crimson Tide,,
soccer,espn,20525,Iowa Hawkeyes,,
soccer,espn,20526,Eastern Washington Eagles,,
soccer,espn,20527,Auburn Tigers,,
soccer,espn,20528,Colorado Buffaloes,,
soccer,espn,20529,Arizona State Sun Devils,,
soccer,espn,20530,Hawai'i Rainbow Warriors,,
soccer,espn,20531,Boise State Broncos,,
soccer,espn,20532,Georgia Bulldogs,,
soccer,espn,20533,Portland State Vikings,,
soccer,espn,20534,Long Beach State 49ers,,
soccer,espn,20535,Iowa State Cyclones,,
soccer,espn,20536,LSU Tigers,,
soccer,espn,20537,Mississippi State Bulldogs,,
soccer,espn,20538,Oregon Ducks,,
soccer,espn,20539,Wyoming Cowboys,,
soccer,espn,20540,Texas Tech Red Raiders,,
soccer,espn,20541,The Citadel Bulldogs,,
soccer,espn,20542,Minnesota Golden Gophers,,
soccer,espn,20543,Navy Midshipmen,,
soccer,espn,20544,Weber State Wildcats,,
soccer,espn,20545,Western Carolina Catamounts,,
soccer,espn,20546,North Texas Mean Green,,
soccer,espn,20547,UTEP Miners,,
soccer,espn,20548,Valparaiso Beacons,,
soccer,espn,20550,Samford Bulldogs,,
soccer,espn,20551,Northwestern State Demons,,
soccer,espn,20552,Jacksonville Dolphins,,
soccer,espn,20553,Idaho Vandals,,
soccer,espn,20554,Fordham Rams,,
soccer,espn,20555,Kennesaw State Owls,,
soccer,espn,20556,James Madison Dukes,,
soccer,espn,20557,UTSA Roadrunners,,
soccer,espn,20558,Utah State Aggies,,
soccer,espn,20559,Louisiana Ragin' Cajuns,,
soccer,espn,20562,UNC Asheville Bulldogs,,
soccer,espn,20563,Middle Tennessee Blue Raiders,,
soccer,espn,20564,Central Arkansas Bears,,
soccer,espn,20565,Nicholls Colonels,,
soccer,espn,20566,Marshall Thundering Herd,,
soccer,espn,20567,Sam Houston Bearkats,,
soccer,espn,20568,Iona Gaels,,
soccer,espn,20569,VMI Keydets,,
soccer,espn,2057,Alajuelense,,
soccer,espn,20570,Stony Brook Seawolves,,
soccer,espn,20571,Detroit Mercy Titans,,
soccer,espn,20572,Illinois State Redbirds,,
soccer,espn,20573,Northern Arizona Lumberjacks,,
soccer,espn,20574,Winthrop Eagles,,
soccer,espn,20575,Rider Broncs,,
soccer,espn,20576,North Florida Ospreys,,
soccer,espn,20577,Murray State Racers,,
soccer,espn,20578,Southern Miss Golden Eagles,,
soccer,espn,20580,Idaho State Bengals,,
soccer,espn,20581,McNeese Cowboys,,
soccer,espn,20582,Southeast Missouri State Redhawks,,
soccer,espn,20583,Grambling Tigers,,
soccer,espn,20584,Toledo Rockets,,
soccer,espn,20585,Nevada Wolf Pack,,
soccer,espn,20586,Cal State Bakersfield Roadrunners,,
soccer,espn,20587,Arkansas State Red Wolves,,
soccer,espn,20589,UL Monroe Warhawks,,
soccer,espn,20590,Troy Trojans,,
soccer,espn,20591,Green Bay Phoenix,,
soccer,espn,20592,Morehead State Eagles,,
soccer,espn,20593,Stephen F. Austin Lumberjacks,,
soccer,espn,20594,Lipscomb Bisons,,
soccer,espn,20595,Alabama State Hornets,,
soccer,espn,20596,Alcorn State Braves,,
soccer,espn,20597,Arkansas-Pine Bluff Golden Lions,,
soccer,espn,20598,Austin Peay Govs,,
soccer,espn,20599,Ball State Cardinals,,
soccer,espn,206,Canada,,
soccer,espn,20600,Bryant Bulldogs,,
soccer,espn,20601,Central Michigan Chippewas,,
soccer,espn,20602,Charleston Southern Buccaneers,,
soccer,espn,20603,Chattanooga Mocs,,
soccer,espn,20604,Colorado State Rams,,
soccer,espn,20605,Delaware State Hornets,,
soccer,espn,20606,East Tennessee State Buccaneers,,
soccer,espn,20607,Eastern Kentucky Colonels,,
soccer,espn,20608,Eastern Michigan Eagles,,
soccer,espn,20609,Florida Gulf Coast Eagles,,
soccer,espn,20610,Houston Cougars,,
soccer,espn,20611,Houston Christian Huskies,,
soccer,espn,20612,Howard Bison,,
soccer,espn,20613,Indiana State Sycamores,,
soccer,espn,20614,Jackson State Tigers,,
soccer,espn,20615,Jacksonville State Gamecocks,,
soccer,espn,20616,Kent State Golden Flashes,,
soccer,espn,20617,Lamar Cardinals,,
soccer,espn,20618,Louisiana Tech Bulldogs,,
soccer,espn,20619,New Mexico State Aggies,,
soccer,espn,20620,North Dakota Fighting Hawks,,
soccer,espn,20621,North Dakota State Bison,,
soccer,espn,20622,Northern Colorado Bears,,
soccer,espn,20623,Northern Iowa Panthers,,
soccer,espn,20624,Omaha Mavericks,,
soccer,espn,20625,Prairie View A&M Lady Panthers,,
soccer,espn,20626,Presbyterian Blue Hose,,
soccer,espn,20627,SE Louisiana Lions,,
soccer,espn,20628,Seattle U Redhawks,,
soccer,espn,20629,SIU Edwardsville Cougars,,
soccer,espn,20630,South Alabama Jaguars,,
soccer,espn,20631,South Carolina State Bulldogs,,
soccer,espn,20632,South Carolina Upstate Spartans,,
soccer,espn,20633,South Dakota Coyotes,,
soccer,espn,20634,South Dakota State Jackrabbits,,
soccer,espn,20635,Southern Jaguars,,
soccer,espn,20636,Southern Utah Thunderbirds,,
soccer,espn,20637,Tennessee Tech Golden Eagles,,
soccer,espn,20638,UT Martin Skyhawks,,
soccer,espn,20639,Texas Southern Tigers,,
soccer,espn,20640,Little Rock Trojans,,
soccer,espn,20641,Utah Valley Wolverines,,
soccer,espn,20642,Wagner Seahawks,,
soccer,espn,20643,Youngstown State Penguins,,
soccer,espn,20644,Texas State Bobcats,,
soccer,espn,20646,Grand Canyon Antelopes,,
soccer,espn,20647,Northern Kentucky Norse,,
soccer,espn,20648,UMass Lowell River Hawks,,
soccer,espn,20649,Merrimack Warriors,,
soccer,espn,20651,Dominican Republic U23,,
soccer,espn,20671,Corpus Christi FC,,
soccer,espn,20684,Union Omaha,,
soccer,espn,20687,Oakland Roots,,
soccer,espn,20695,Orense,,
soccer,espn,20698,Estonia,,
soccer,espn,207,Chile,,
soccer,espn,20703,Inter D'Escaldes,,
soccer,espn,20704,FC Rotor Volgograd,,
soccer,espn,20705,Sporting San José,,
soccer,espn,20707,Aston Villa,,
soccer,espn,20710,Borac Banja Luka,,
soccer,espn,20712,FC Noah,,
soccer,espn,20721,Tepatitlán FC,,
soccer,espn,20722,Tlaxcala FC,,
soccer,espn,20728,Leeds United U21,,
soccer,espn,20729,Eyupspor,,
soccer,espn,20738,Jong Sparta Rotterdam,,
soccer,espn,20740,SC Farense,,
soccer,espn,20747,Kings Lynn Town,,
soccer,espn,20769,Banbury United,,
soccer,espn,20774,Mohun Bagan Super Giant,,
soccer,espn,20795,Zambia,,
soccer,espn,20796,Ajax Amsterdam,,
soccer,espn,20797,PEC Zwolle,,
soccer,espn,20798,ADO Den Haag,,
soccer,espn,20799,Excelsior,,
soccer,espn,208,Colombia,,
soccer,espn,20800,Heerenveen,,
soccer,espn,20802,PSV Eindhoven,,
soccer,espn,20814,Sekhukhune United FC,,
soccer,espn,20830,Benfica,,
soccer,espn,20835,Servette,,
soccer,espn,20836,Vålerenga,,
soccer,espn,20843,Hungary U21,,
soccer,espn,20844,Slovenia U21,,
soccer,espn,20851,Athletic,,
soccer,espn,20856,Degerfors IF,,
soccer,espn,20864,Malta,,
soccer,espn,20865,Northern Ireland,,
soccer,espn,20883,Slovakia ,,
soccer,espn,20884,Serbia,,
soccer,espn,20885,India,,
soccer,espn,20886,Ukraine,,
soccer,espn,20889,Independiente Petrolero,,
soccer,espn,20890,Real Tomayapo,,
soccer,espn,209,Ecuador,,
soccer,espn,20903,Bellarmine Knights,,
soccer,espn,20905,Racing Louisville FC,,
soccer,espn,20906,Austin FC,,
soccer,espn,20907,Kansas City Current,,
soccer,espn,20908,Uzbekistan,,
soccer,espn,20909,Belarus,,
soccer,espn,20910,Utah Tech Trailblazers,,
soccer,espn,20914,Venezuela,,
soccer,espn,20916,Botswana,,
soccer,espn,20919,Hungary,,
soccer,espn,20920,Bosnia-Herzegovina,,
soccer,espn,20921,Slovenia,,
soccer,espn,20922,Andorra U21,,
soccer,espn,20923,Wales U21,,
soccer,espn,20924,Gibraltar U21,,
soccer,espn,20925,Albania U21,,
soccer,espn,20926,Kosovo U21,,
soccer,espn,20927,Cyprus U21,,
soccer,espn,20928,Bulgaria U21,,
soccer,espn,20929,Greece U21,,
soccer,espn,20930,Kazakhstan U21,,
soccer,espn,20931,Montenegro U21,,
soccer,espn,20932,Luxembourg U21,,
soccer,espn,20933,Finland U21,,
soccer,espn,20934,Estonia U21,,
soccer,espn,20935,Moldova U21,,
soccer,espn,20936,Azerbaijan U21,,
soccer,espn,20937,Armenia U21,,
soccer,espn,20938,Latvia U21,,
soccer,espn,20939,Malta U21,,
soccer,espn,20940,Lithuania U21,,
soccer,espn,20941,Northern Ireland U21,,
soccer,espn,20943,San Marino U21,,
soccer,espn,20944,Faroe Islands U21,,
soccer,espn,20945,Bosnia-Herzegovina U21,,
soccer,espn,20946,RFC Seraing,,
soccer,espn,20947,France U23,,
soccer,espn,20956,Georgia U21,,
soccer,espn,20965,Guatemala,,
soccer,espn,20967,Luxembourg,,
soccer,espn,20971,Georgia,,
soccer,espn,20972,Azerbaijan,,
soccer,espn,20973,Türkiye,,
soccer,espn,20974,Bulgaria,,
soccer,espn,20983,Real Sociedad II,,
soccer,espn,20984,Feyenoord Rotterdam,,
soccer,espn,20995,Vizela,,
soccer,espn,20996,Winterthur,,
soccer,espn,21,Vélez Sarsfield,,
soccer,espn,210,Paraguay,,
soccer,espn,21005,Raków Czestochowa,,
soccer,espn,21030,Albania,,
soccer,espn,21033,Crystal Palace U21,,
soccer,espn,21035,Charlton Athletic,,
soccer,espn,21036,Leicester City,,
soccer,espn,21037,Crystal Palace,,
soccer,espn,21038,Sheffield United,,
soccer,espn,21039,Southampton,,
soccer,espn,21042,Wolverhampton,,
soccer,espn,21048,Burnley,,
soccer,espn,21053,London City Lionesses,,
soccer,espn,21060,Sunderland,,
soccer,espn,21068,Ipswich Town,,
soccer,espn,21070,Nottingham Forest,,
soccer,espn,21076,Newcastle United,,
soccer,espn,21092,C.D. Platense,,
soccer,espn,211,Peru,,
soccer,espn,21101,Southern Illinois Salukis,,
soccer,espn,21102,NJIT Highlanders,,
soccer,espn,21110,UC San Diego Tritons,,
soccer,espn,21123,Bangladesh,,
soccer,espn,21124,BK Häcken,,
soccer,espn,21127,HB Køge,,
soccer,espn,21128,Real Madrid,,
soccer,espn,21129,Mali,,
soccer,espn,21130,Peru,,
soccer,espn,21133,Wellington Phoenix,,
soccer,espn,21137,Alhama,,
soccer,espn,21140,Granada,,
soccer,espn,21145,Deportivo,,
soccer,espn,21149,FC Badalona,,
soccer,espn,21154,Espanyol,,
soccer,espn,21165,Chicago State Cougars,,
soccer,espn,21175,Dux Logroño,,
soccer,espn,21181,Dominican Republic,,
soccer,espn,212,Uruguay,,
soccer,espn,213,Venezuela,,
soccer,espn,21300,Charlotte FC,,
soccer,espn,21302,Algeria,,
soccer,espn,21313,Sportivo Ameliano,,
soccer,espn,21314,ADT,,
soccer,espn,21316,General Caballero JLM,,
soccer,espn,21355,Chengdu Rongcheng,,
soccer,espn,21361,Kyoto Sanga,,
soccer,espn,21370,Monterey Bay,,
soccer,espn,21371,Villarreal,,
soccer,espn,21372,Athletic Club,,
soccer,espn,21373,Real Betis,,
soccer,espn,21374,Valencia,,
soccer,espn,21376,Eibar,,
soccer,espn,21377,Sporting de Huelva,,
soccer,espn,21378,Alavés,,
soccer,espn,21379,Universitario de Vinto,,
soccer,espn,21380,Hamarkameratene,,
soccer,espn,21395,Faroe Islands,,
soccer,espn,214,Costa Rica,,
soccer,espn,21403,Albion FC,,
soccer,espn,21422,Angel City FC,,
soccer,espn,21423,San Diego Wave FC,,
soccer,espn,21424,Sevilla,,
soccer,espn,21425,Madrid CFF,,
soccer,espn,21426,Levante,,
soccer,espn,21428,Real Sociedad,,
soccer,espn,21476,El Salvador,,
soccer,espn,21478,Armenia,,
soccer,espn,21479,Kosovo,,
soccer,espn,21480,Montenegro,,
soccer,espn,21481,Cyprus,,
soccer,espn,21482,Moldova,,
soccer,espn,21483,Lithuania,,
soccer,espn,21484,North Macedonia,,
soccer,espn,21485,Kazakhstan,,
soccer,espn,21486,Israel,,
soccer,espn,215,Honduras,,
soccer,espn,21506,Wuhan Three Towns,,
soccer,espn,21518,Serbia U19,,
soccer,espn,21526,Ballkani,,
soccer,espn,21530,Aris Limassol,,
soccer,espn,21533,Club Atlético La Paz,,
soccer,espn,21537,Monterrey,,
soccer,espn,21538,Yverdon,,
soccer,espn,21539,Fakel Voronezh,,
soccer,espn,21540,Austria Lustenau,,
soccer,espn,21542,Cape Verde,,
soccer,espn,21546,Philippines,,
soccer,espn,21548,Hampton Pirates,,
soccer,espn,21551,California Baptist Lancers,,
soccer,espn,21555,Bellarmine Knights,,
soccer,espn,21556,Chicago State Cougars,,
soccer,espn,21557,Andorra,,
soccer,espn,21558,Chile U17,,
soccer,espn,21559,New Zealand U17,,
soccer,espn,21560,Morocco U17,,
soccer,espn,21561,Brazil U17,,
soccer,espn,21562,Germany U17,,
soccer,espn,21563,Nigeria U17,,
soccer,espn,21565,United States U17,,
soccer,espn,21566,Canada U17,,
soccer,espn,21567,France U17,,
soccer,espn,21568,Mexico U17,,
soccer,espn,21569,China PR U17,,
soccer,espn,21570,Japan U17,,
soccer,espn,21572,Spain U17,,
soccer,espn,21581,Casa Pia,,
soccer,espn,21582,Dorking Wanderers,,
soccer,espn,21583,Olancho FC,,
soccer,espn,21593,Queens University Royals,,
soccer,espn,216,Atlas,,
soccer,espn,21607,Académico de Viseu,,
soccer,espn,21610,Estrela,,
soccer,espn,21613,Alverca,,
soccer,espn,21615,Torreense,,
soccer,espn,21635,Le Havre AC,,
soccer,espn,21637,FC Fleury 91,,
soccer,espn,21638,Montpellier,,
soccer,espn,21640,Paris FC,,
soccer,espn,21653,Lindenwood Lions,,
soccer,espn,21654,East Texas A&M Lions,,
soccer,espn,21667,Queens University Royals,,
soccer,espn,21685,Roma,,
soccer,espn,21705,St. Thomas Tommies,,
soccer,espn,21706,Liechtenstein,,
soccer,espn,21707,Egypt,,
soccer,espn,21712,Southern Indiana Screaming Eagles,,
soccer,espn,21764,Iran,,
soccer,espn,21799,Ciudad de Bolívar,,
soccer,espn,218,Cruz Azul,,
soccer,espn,21812,St. Louis CITY SC,,
soccer,espn,21815,UC San Diego Tritons,,
soccer,espn,21816,Utah Tech Trailblazers,,
soccer,espn,21819,Deportivo Garcilaso,,
soccer,espn,21821,One Knoxville,,
soccer,espn,21822,Lexington,,
soccer,espn,21823,Senegal,,
soccer,espn,21824,Papua New Guinea,,
soccer,espn,21827,Al Fayha,,
soccer,espn,21828,Damac,,
soccer,espn,21829,Al Khaleej,,
soccer,espn,21831,Al Tai,,
soccer,espn,21833,Abha,,
soccer,espn,21834,Al Raed,,
soccer,espn,21835,Al Wehda,,
soccer,espn,21843,Libertad (Ecuador),,
soccer,espn,21846,Grazer AK,,
soccer,espn,21850,Rayo Zuliano,,
soccer,espn,21888,Amazonas,,
soccer,espn,219,Guadalajara,,
soccer,espn,21910,Qingdao Hainiu,,
soccer,espn,21911,Tanzania,,
soccer,espn,21922,Sabah FK,,
soccer,espn,21926,FC Stade Lausanne-Ouchy,,
soccer,espn,21927,Rodina Moscow,,
soccer,espn,21931,Morocco U23,,
soccer,espn,21943,Egnatia,,
soccer,espn,21949,FC Baltika Kaliningrad,,
soccer,espn,21950,FC Blau-Weiß Linz,,
soccer,espn,21964,Al Hazem,,
soccer,espn,21965,Al Riyadh,,
soccer,espn,21966,Al Okhdood,,
soccer,espn,21967,Real Cundinamarca,,
soccer,espn,21969,Kifisia,,
soccer,espn,21976,Stonehill Skyhawks,,
soccer,espn,21977,AZ Alkmaar,,
soccer,espn,21978,FC Utrecht,,
soccer,espn,21979,Nottingham Forest U21,,
soccer,espn,21981,Tarleton State Texans,,
soccer,espn,21987,Fuerte San Francisco,,
soccer,espn,21990,Milford FC,,
soccer,espn,220,Monterrey,,
soccer,espn,22022,Al Qadsiah,,
soccer,espn,22023,Al Najma,,
soccer,espn,22028,Al Kholood,,
soccer,espn,22029,Al Orobah,,
soccer,espn,22060,Malawi,,
soccer,espn,22064,AVS,,
soccer,espn,221,Club Atlético Morelia,,
soccer,espn,22130,Spokane Velocity FC,,
soccer,espn,22137,San Antonio Bulo Bulo,,
soccer,espn,22163,Västerås SK,,
soccer,espn,22164,Rhode Island FC,,
soccer,espn,22165,KFUM Oslo,,
soccer,espn,22167,Machida Zelvia,,
soccer,espn,22168,Los Chankas,,
soccer,espn,22174,GV San José,,
soccer,espn,22184,Inter Palmira,,
soccer,espn,22187,Bay FC,,
soccer,espn,22198,Qingdao West Coast,,
soccer,espn,22199,Shenzhen Xinpengcheng,,
soccer,espn,222,Querétaro,,
soccer,espn,22210,Puerto Rico,,
soccer,espn,22239,Mali U23,,
soccer,espn,22240,Ukraine U23,,
soccer,espn,22241,Israel U23,,
soccer,espn,22257,Denmark U19,,
soccer,espn,22266,Uzbekistan U23,,
soccer,espn,22267,Guinea U23,,
soccer,espn,22269,Lommel SK,,
soccer,espn,22271,Akron Tolyatti,,
soccer,espn,22281,Pafos,,
soccer,espn,223,Toluca,,
soccer,espn,22300,Dynamo Makhachkala,,
soccer,espn,22303,North Korea U17,,
soccer,espn,22306,Zambia U17,,
soccer,espn,22307,Kenya U17,,
soccer,espn,22309,Poland U17,,
soccer,espn,22313,Mercyhurst Lakers,,
soccer,espn,22319,Le Moyne Dolphins,,
soccer,espn,22330,Cacahuatique,,
soccer,espn,22344,Auckland FC,,
soccer,espn,22348,Durban City,,
soccer,espn,22350,Kruger United,,
soccer,espn,22408,Hammarby IF,,
soccer,espn,22414,Pachuca,,
soccer,espn,22415,América,,
soccer,espn,22488,Gibraltar,,
soccer,espn,225,Santos,,
soccer,espn,2250,Sporting CP,,
soccer,espn,22517,Deportivo Recoleta,,
soccer,espn,22522,Fagiano Okayama,,
soccer,espn,22523,Real Oruro,,
soccer,espn,22524,Westchester SC,,
soccer,espn,22525,FC Naples,,
soccer,espn,22526,AV Alta FC,,
soccer,espn,22528,Portland Hearts of Pine,,
soccer,espn,22529,San Diego FC,,
soccer,espn,22530,Bryne,,
soccer,espn,22534,Juan Pablo II,,
soccer,espn,22536,Yunnan Yukun,,
soccer,espn,22537,Dalian Yingbo,,
soccer,espn,22538,NAC Breda,,
soccer,espn,22542,Sarasota Paradise,,
soccer,espn,226,Atlante,,
soccer,espn,227,América,,
soccer,espn,2276,Al Ittihad,,
soccer,espn,228,León,,
soccer,espn,229,Necaxa,,
soccer,espn,2290,Red Star Belgrade,,
soccer,espn,231,Puebla,,
soccer,espn,232,Tigres UANL,,
soccer,espn,233,Pumas UNAM,,
soccer,espn,2339,Djurgården,,
soccer,espn,234,Pachuca,,
soccer,espn,235,Banfield,,
soccer,espn,236,Nueva Chicago,,
soccer,espn,239,Torino,,
soccer,espn,2405,Malaysia,,
soccer,espn,2428,Hannover 96,,
soccer,espn,243,Sevilla,,
soccer,espn,244,Real Betis,,
soccer,espn,245,Tenerife,,
soccer,espn,247,Partick Thistle,,
soccer,espn,248,Ayr United,,
soccer,espn,249,Raith Rovers,,
soccer,espn,2491,MSK Zilina,,
soccer,espn,2493,Pyunik,,
soccer,espn,2495,Hammarby IF,,
soccer,espn,2497,Apoel Nicosia,,
soccer,espn,250,St Mirren,,
soccer,espn,2500,Airdrieonians,,
soccer,espn,2502,Nice,,
soccer,espn,2506,Arminia Bielefeld,,
soccer,espn,251,Ross County,,
soccer,espn,252,Arbroath,,
soccer,espn,2528,Kairat Almaty,,
soccer,espn,253,Inverness Caledonian Thistle,,
soccer,espn,2533,Zenit St Petersburg,,
soccer,espn,2539,Dinamo Minsk,,
soccer,espn,254,Falkirk,,
soccer,espn,2540,FC Levadia Tallinn,,
soccer,espn,2547,KI Klaksvik,,
soccer,espn,2550,Anorthosis,,
soccer,espn,2551,Partizani Tirana,,
soccer,espn,2552,FK Suduva,,
soccer,espn,2555,Linfield,,
soccer,espn,2556,IFK Göteborg,,
soccer,espn,256,Celtic,,
soccer,espn,2564,Shamrock Rovers,,
soccer,espn,2565,PEC Zwolle,,
soccer,espn,2566,Excelsior,,
soccer,espn,2567,Burton Albion,,
soccer,espn,257,Rangers,,
soccer,espn,2570,Uzbekistan,,
soccer,espn,2572,Como,,
soccer,espn,2573,Modena,,
soccer,espn,2574,Empoli,,
soccer,espn,2575,Iraklis,,
soccer,espn,258,Hibernian,,
soccer,espn,2583,Heybridge,,
soccer,espn,2588,Guiseley,,
soccer,espn,259,Livingston,,
soccer,espn,2594,Crawley Town,,
soccer,espn,2595,Boreham Wood,,
soccer,espn,2597,Cape Verde,,
soccer,espn,260,Kilmarnock,,
soccer,espn,261,Dundee,,
soccer,espn,2613,Cove Rangers,,
soccer,espn,2619,Kazakhstan,,
soccer,espn,262,Heart of Midlothian,,
soccer,espn,2620,Egypt,,
soccer,espn,2621,Libya,,
soccer,espn,2627,Trinidad and Tobago,,
soccer,espn,263,Aberdeen,,
soccer,espn,2635,Arsenal Sarandi,,
soccer,espn,2636,Olimpo,,
soccer,espn,2637,Barbados,,
soccer,espn,2638,Antigua and Barbuda,,
soccer,espn,264,Dundee United,,
soccer,espn,2640,Bahamas,,
soccer,espn,2641,Belize,,
soccer,espn,2642,Aruba,,
soccer,espn,2643,Bermuda,,
soccer,espn,2644,British Virgin Islands,,
soccer,espn,2645,US Virgin Islands,,
soccer,espn,2646,Cayman Islands,,
soccer,espn,2647,Cuba,,
soccer,espn,2649,Dominican Republic,,
soccer,espn,265,Dunfermline Athletic,,
soccer,espn,2650,El Salvador,,
soccer,espn,2651,Grenada,,
soccer,espn,2652,Guatemala,,
soccer,espn,2653,Guyana,,
soccer,espn,2654,Haiti,,
soccer,espn,2655,Montserrat,,
soccer,espn,2658,Nicaragua,,
soccer,espn,2659,Panama,,
soccer,espn,266,Motherwell,,
soccer,espn,2661,St. Lucia,,
soccer,espn,2662,St. Kitts and Nevis,,
soccer,espn,2664,Suriname,,
soccer,espn,2665,Turks and Caicos Islands,,
soccer,espn,2666,New Zealand,,
soccer,espn,2668,Emelec,,
soccer,espn,267,St Johnstone,,
soccer,espn,2670,Libertad,,
soccer,espn,2671,Cerro Porteño,,
soccer,espn,2672,Deportivo Cali,,
soccer,espn,2673,Sporting Cristal,,
soccer,espn,2674,Santos,,
soccer,espn,2675,Club Olimpia,,
soccer,espn,2678,Cobreloa,,
soccer,espn,268,Borussia Mönchengladbach,,
soccer,espn,2680,Alianza Lima,,
soccer,espn,2681,Bolívar,,
soccer,espn,2682,Oriente Petrolero,,
soccer,espn,2683,Peñarol,,
soccer,espn,2684,Nacional,,
soccer,espn,2685,Universitario,,
soccer,espn,2686,Barcelona SC,,
soccer,espn,2687,The Strongest,,
soccer,espn,2688,Colo Colo,,
soccer,espn,269,1. FC Nürnberg,,
soccer,espn,2690,Independiente Medellín,,
soccer,espn,2697,Le Mans,,
soccer,espn,2698,Valletta,,
soccer,espn,270,St. Pauli,,
soccer,espn,271,FC Den Bosch,,
soccer,espn,2710,NSI Runavik,,
soccer,espn,2712,Derry City,,
soccer,espn,2715,Molde,,
soccer,espn,2716,Vllaznia Shkoder,,
soccer,espn,272,Sochaux,,
soccer,espn,2720,Malmö FF,,
soccer,espn,2722,Young Boys,,
soccer,espn,2723,Coleraine,,
soccer,espn,2726,ADO Den Haag,,
soccer,espn,2727,FC Volendam,,
soccer,espn,2728,Martinique,,
soccer,espn,273,Lorient,,
soccer,espn,2731,Accrington Stanley,,
soccer,espn,2734,Sampdoria,,
soccer,espn,2735,Siena,,
soccer,espn,2737,Albacete,,
soccer,espn,274,Montpellier,,
soccer,espn,2741,Quilmes,,
soccer,espn,275,Dagenham & Redbridge,,
soccer,espn,2750,Argentina,,
soccer,espn,2751,Australia,,
soccer,espn,2752,Brazil,,
soccer,espn,2753,Canada,,
soccer,espn,2754,China,,
soccer,espn,2755,France,,
soccer,espn,2756,Germany,,
soccer,espn,2757,Ghana,,
soccer,espn,2758,Japan,,
soccer,espn,2759,North Korea,,
soccer,espn,2761,Nigeria,,
soccer,espn,2762,Norway,,
soccer,espn,2763,Russia ,,
soccer,espn,2764,Sweden,,
soccer,espn,2765,United States,,
soccer,espn,278,Morecambe,,
soccer,espn,2789,Panionios,,
soccer,espn,279,Doncaster Rovers,,
soccer,espn,2790,RB Salzburg,,
soccer,espn,2791,Vålerenga,,
soccer,espn,2792,Italy,,
soccer,espn,280,Barnet,,
soccer,espn,2812,Mexico,,
soccer,espn,282,Forest Green Rovers,,
soccer,espn,2829,United States U23,,
soccer,espn,2832,Edinburgh City,,
soccer,espn,2833,United States U20,,
soccer,espn,2836,South Korea U20,,
soccer,espn,284,Yeovil Town,,
soccer,espn,2840,Argentina U20,,
soccer,espn,2841,Oman,,
soccer,espn,2844,Benin,,
soccer,espn,2845,Burkina Faso,,
soccer,espn,2847,Guinea,,
soccer,espn,2848,Kenya,,
soccer,espn,2849,Mali,,
soccer,espn,285,Stevenage,,
soccer,espn,2850,Congo DR,,
soccer,espn,2851,Rwanda,,
soccer,espn,2869,Morocco,,
soccer,espn,2874,Panama U23,,
soccer,espn,2888,Mexico U23,,
soccer,espn,2891,Haiti,,
soccer,espn,2893,Jamaica,,
soccer,espn,2894,Costa Rica,,
soccer,espn,2895,Panama,,
soccer,espn,2896,Denmark,,
soccer,espn,290,Woking,,
soccer,espn,2917,Jordan,,
soccer,espn,2918,Brazil U20,,
soccer,espn,2919,Once Caldas,,
soccer,espn,292,Chester FC,,
soccer,espn,2922,Getafe,,
soccer,espn,2923,Palermo,,
soccer,espn,2925,Cagliari,,
soccer,espn,2926,Livorno,,
soccer,espn,293,Dover Athletic,,
soccer,espn,2936,Östers IF,,
soccer,espn,2950,Mainz,,
soccer,espn,2952,Lokomotiv Plovdiv,,
soccer,espn,2975,Instituto (Córdoba),,
soccer,espn,2976,Greece,,
soccer,espn,2980,Bodo/Glimt,,
soccer,espn,2988,Rijeka,,
soccer,espn,2990,Lech Poznan,,
soccer,espn,2991,Akhmat Grozny,,
soccer,espn,2994,Braga,,
soccer,espn,3,Argentinos Juniors,,
soccer,espn,301,Luton Town,,
soccer,espn,3010,GIF Sundsvall,,
soccer,espn,3017,Halmstads BK,,
soccer,espn,3019,FC Zürich,,
soccer,espn,302,Shrewsbury Town,,
soccer,espn,3024,FC Thun,,
soccer,espn,303,Rochdale,,
soccer,espn,3039,Fredrikstad,,
soccer,espn,304,Mansfield Town,,
soccer,espn,3052,Kalmar FF,,
soccer,espn,306,Hull City,,
soccer,espn,3067,TSV Eintracht Braunschweig,,
soccer,espn,307,Plymouth Argyle,,
soccer,espn,3070,SpVgg Greuther Fürth,,
soccer,espn,3076,FC Sion,,
soccer,espn,308,Bristol Rovers,,
soccer,espn,309,Leyton Orient,,
soccer,espn,310,Southend United,,
soccer,espn,3101,FC Nordsjælland,,
soccer,espn,311,Oxford United,,
soccer,espn,3110,Maidstone United,,
soccer,espn,312,FC Halifax Town,,
soccer,espn,3129,Bromley,,
soccer,espn,313,Scunthorpe United,,
soccer,espn,3132,Randers FC,,
soccer,espn,3138,Gateshead,,
soccer,espn,314,Lincoln City,,
soccer,espn,315,York City,,
soccer,espn,3153,Viborg FF,,
soccer,espn,3170,Dijon FCO,,
soccer,espn,3171,Clermont Foot,,
soccer,espn,318,Swansea City,,
soccer,espn,320,Cheltenham Town,,
soccer,espn,321,Torquay United,,
soccer,espn,322,Carlisle United,,
soccer,espn,3226,Weymouth,,
soccer,espn,323,Hartlepool United,,
soccer,espn,3231,Sutton United,,
soccer,espn,3236,Le Havre AC,,
soccer,espn,324,Exeter City,,
soccer,espn,3240,Salernitana,,
soccer,espn,3243,Stade de Reims,,
soccer,espn,3257,Catanzaro,,
soccer,espn,3258,Catania,,
soccer,espn,3263,Genoa,,
soccer,espn,3266,Stade Laval,,
soccer,espn,3267,AS Nancy Lorraine,,
soccer,espn,3278,Aalesund,,
soccer,espn,3279,Sandefjord,,
soccer,espn,3307,SC Paderborn 07,,
soccer,espn,3308,MSV Duisburg,,
soccer,espn,331,Brighton & Hove Albion,,
soccer,espn,332,Oldham Athletic,,
soccer,espn,333,Bristol City,,
soccer,espn,3335,SC Amiens,,
soccer,espn,3337,Cesena,,
soccer,espn,334,Queens Park Rangers,,
soccer,espn,3345,Arezzo,,
soccer,espn,3346,Ascoli,,
soccer,espn,335,Huddersfield Town,,
soccer,espn,336,Stoke City,,
soccer,espn,3362,NK Celje,,
soccer,espn,337,Brentford,,
soccer,espn,3372,Cienciano del Cusco,,
soccer,espn,338,Reading,,
soccer,espn,3384,FC Tokyo,,
soccer,espn,3385,Urawa Red Diamonds,,
soccer,espn,339,Colchester United,,
soccer,espn,3393,Tokyo Verdy 1969,,
soccer,espn,3395,Goiás,,
soccer,espn,340,Notts County,,
soccer,espn,341,Swindon Town,,
soccer,espn,342,Peterborough United,,
soccer,espn,343,Chesterfield,,
soccer,espn,3432,Dorados de Sinaloa,,
soccer,espn,344,Wycombe Wanderers,,
soccer,espn,3445,Fluminense,,
soccer,espn,3448,Guarani,,
soccer,espn,345,Tranmere Rovers,,
soccer,espn,3454,Vasco da Gama,,
soccer,espn,3456,Coritiba,,
soccer,espn,3457,Vitória,,
soccer,espn,3458,Athletico-PR,,
soccer,espn,3459,Ponte Preta,,
soccer,espn,346,Blackpool,,
soccer,espn,3461,Figueirense,,
soccer,espn,347,Cardiff City,,
soccer,espn,3472,C.D. Nacional,,
soccer,espn,348,Port Vale,,
soccer,espn,349,AFC Bournemouth,,
soccer,espn,350,Wigan Athletic,,
soccer,espn,351,Cambridge United,,
soccer,espn,352,Wrexham,,
soccer,espn,353,Northampton Town,,
soccer,espn,354,Bury,,
soccer,espn,3552,Santiago Wanderers,,
soccer,espn,357,Leeds United,,
soccer,espn,358,Bolton Wanderers,,
soccer,espn,3585,AC Horsens,,
soccer,espn,359,Arsenal,,
soccer,espn,360,Manchester United,,
soccer,espn,361,Newcastle United,,
soccer,espn,3610,Cercle Brugge KSV,,
soccer,espn,3611,KAA Gent,,
soccer,espn,3616,Royal Charleroi SC,,
soccer,espn,362,Aston Villa,,
soccer,espn,363,Chelsea,,
soccer,espn,364,Liverpool,,
soccer,espn,365,Blackburn Rovers,,
soccer,espn,366,Sunderland,,
soccer,espn,367,Tottenham Hotspur,,
soccer,espn,368,Everton,,
soccer,espn,3683,Iceland,,
soccer,espn,369,Middlesbrough,,
soccer,espn,3696,Moreirense,,
soccer,espn,3698,Académica de Coimbra,,
soccer,espn,3699,Gil Vicente,,
soccer,espn,370,Fulham,,
soccer,espn,3706,Go Ahead Eagles,,
soccer,espn,3707,FC Emmen,,
soccer,espn,3708,Heracles Almelo,,
soccer,espn,371,West Ham United,,
soccer,espn,3712,Olhanense,,
soccer,espn,3713,Paços de Ferreira,,
soccer,espn,3717,Feirense,,
soccer,espn,3719,Portimonense,,
soccer,espn,372,Charlton Athletic,,
soccer,espn,3728,TOP Oss,,
soccer,espn,373,Ipswich Town,,
soccer,espn,3730,MVV Maastricht,,
soccer,espn,3731,VVV-Venlo,,
soccer,espn,3732,FC Eindhoven,,
soccer,espn,3735,Telstar,,
soccer,espn,3736,SC Cambuur,,
soccer,espn,374,Derby County,,
soccer,espn,3746,SK Sturm Graz,,
soccer,espn,3747,Granada,,
soccer,espn,375,Leicester City,,
soccer,espn,3751,Elche,,
soccer,espn,3752,Eibar,,
soccer,espn,3759,SV Josko Ried,,
soccer,espn,376,Southampton,,
soccer,espn,3769,SV Wehen Wiesbaden,,
soccer,espn,3775,Helmond Sport,,
soccer,espn,3788,Sporting Gijón,,
soccer,espn,379,Burnley,,
soccer,espn,380,Wolverhampton Wanderers,,
soccer,espn,3802,AFC Wimbledon,,
soccer,espn,3806,Slough Town,,
soccer,espn,381,Norwich City,,
soccer,espn,3812,SV Darmstadt 98,,
soccer,espn,382,Manchester City,,
soccer,espn,3822,Rio Ave,,
soccer,espn,3829,Chorley,,
soccer,espn,383,West Bromwich Albion,,
soccer,espn,384,Crystal Palace,,
soccer,espn,3841,FC Augsburg,,
soccer,espn,3842,Cádiz,,
soccer,espn,3849,FC Erzgebirge Aue,,
soccer,espn,385,Portsmouth,,
soccer,espn,3850,Krylia Sovetov,,
soccer,espn,3851,Rubin Kazan,,
soccer,espn,3852,Rostov,,
soccer,espn,386,Grimsby Town,,
soccer,espn,387,Bradford City,,
soccer,espn,388,Coventry City,,
soccer,espn,3887,Wealdstone,,
soccer,espn,389,Gillingham,,
soccer,espn,3891,Fleetwood Town,,
soccer,espn,3897,Eastleigh,,
soccer,espn,390,Milton Keynes Dons,,
soccer,espn,391,Millwall,,
soccer,espn,392,Birmingham City,,
soccer,espn,3929,FC Spartak Trnava,,
soccer,espn,393,Nottingham Forest,,
soccer,espn,394,Preston North End,,
soccer,espn,3943,Cittadella,,
soccer,espn,395,Watford,,
soccer,espn,3952,Padova,,
soccer,espn,3956,Pisa,,
soccer,espn,396,Crewe Alexandra,,
soccer,espn,397,Barnsley,,
soccer,espn,3975,Juve Stabia,,
soccer,espn,398,Sheffield United,,
soccer,espn,3988,Carrarese,,
soccer,espn,399,Sheffield Wednesday,,
soccer,espn,3991,Mantova,,
soccer,espn,3997,Sassuolo,,
soccer,espn,4,Belgrano (Córdoba),,
soccer,espn,400,Stockport County,,
soccer,espn,4007,Monza,,
soccer,espn,401,Walsall,,
soccer,espn,402,Rotherham United,,
soccer,espn,403,Alloa Athletic,,
soccer,espn,4039,AEK Larnaca,,
soccer,espn,405,Stenhousemuir,,
soccer,espn,4050,Cremonese,,
soccer,espn,4055,US Avellino,,
soccer,espn,4057,Frosinone,,
soccer,espn,4059,Benevento,,
soccer,espn,406,Queen of the South,,
soccer,espn,407,Stranraer,,
soccer,espn,408,Forfar Athletic,,
soccer,espn,409,Hamilton Academical,,
soccer,espn,411,Greenock Morton,,
soccer,espn,4128,Deportes Temuco,,
soccer,espn,4129,Everton CD,,
soccer,espn,4130,Unión San Felipe,,
soccer,espn,4132,Unión Española,,
soccer,espn,4133,Cobresal,,
soccer,espn,4134,Huachipato,,
soccer,espn,4135,Rangers de Talca,,
soccer,espn,4137,La Serena,,
soccer,espn,4138,Audax Italiano,,
soccer,espn,4139,Universidad de Chile,,
soccer,espn,414,Montrose,,
soccer,espn,415,Dumbarton,,
soccer,espn,4150,England U21,,
soccer,espn,4153,New Zealand,,
soccer,espn,416,Peterhead,,
soccer,espn,417,Stirling Albion,,
soccer,espn,4178,Republic of Ireland,,
soccer,espn,418,East Stirlingshire,,
soccer,espn,420,Albion Rovers,,
soccer,espn,4205,Liberia,,
soccer,espn,4207,Ukraine U21,,
soccer,espn,4209,Belarus U21,,
soccer,espn,421,East Fife,,
soccer,espn,4211,Uganda,,
soccer,espn,4214,Zimbabwe,,
soccer,espn,422,Queen's Park,,
soccer,espn,4231,Gabon,,
soccer,espn,4236,Dartford,,
soccer,espn,4245,Botswana,,
soccer,espn,4257,Switzerland U21,,
soccer,espn,4276,Congo,,
soccer,espn,4277,Zambia,,
soccer,espn,4282,Iceland U21,,
soccer,espn,4319,Sudan,,
soccer,espn,432,Galatasaray,,
soccer,espn,4325,Malawi,,
soccer,espn,433,Sparta Prague,,
soccer,espn,435,Olympiacos,,
soccer,espn,4356,Togo,,
soccer,espn,436,Fenerbahce,,
soccer,espn,4365,Sweden U21,,
soccer,espn,4366,Denmark U21,,
soccer,espn,437,FC Porto,,
soccer,espn,4371,Spain U21,,
soccer,espn,4375,Iraq,,
soccer,espn,4379,Germany U21,,
soccer,espn,438,Rosenborg,,
soccer,espn,4380,Syria,,
soccer,espn,4381,Bahrain,,
soccer,espn,4384,Singapore,,
soccer,espn,4385,India,,
soccer,espn,4388,Lebanon,,
soccer,espn,4390,Maldives,,
soccer,espn,4396,Thailand,,
soccer,espn,4397,United Arab Emirates,,
soccer,espn,4398,Qatar,,
soccer,espn,440,Dynamo Kyiv,,
soccer,espn,4405,SC Rheindorf Altach,,
soccer,espn,441,Anderlecht,,
soccer,espn,4411,LASK Linz,,
soccer,espn,442,Lokomotiv Moscow,,
soccer,espn,4422,Palestino,,
soccer,espn,4423,Puerto Montt,,
soccer,espn,4426,FC Dordrecht,,
soccer,espn,443,Panathinaikos,,
soccer,espn,4438,Castellón,,
soccer,espn,444,Estonia,,
soccer,espn,445,Cyprus,,
soccer,espn,4469,Ghana,,
soccer,espn,447,Faroe Islands,,
soccer,espn,4471,Karlsruher SC,,
soccer,espn,448,England,,
soccer,espn,449,Netherlands,,
soccer,espn,4492,Gimnàstic de Tarragona,,
soccer,espn,450,Czechia,,
soccer,espn,451,South Korea,,
soccer,espn,4515,Mirandés,,
soccer,espn,452,Bosnia-Herzegovina,,
soccer,espn,453,Malta,,
soccer,espn,454,Russia,,
soccer,espn,455,Greece,,
soccer,espn,456,Latvia,,
soccer,espn,457,Ukraine,,
soccer,espn,458,Finland,,
soccer,espn,459,Belgium,,
soccer,espn,460,Lithuania,,
soccer,espn,461,Israel,,
soccer,espn,462,Bulgaria,,
soccer,espn,463,North Macedonia,,
soccer,espn,464,Norway,,
soccer,espn,465,Türkiye,,
soccer,espn,466,Sweden,,
soccer,espn,467,South Africa,,
soccer,espn,468,Slovakia,,
soccer,espn,4689,Eupen,,
soccer,espn,469,Iran,,
soccer,espn,4691,Zulte-Waregem,,
soccer,espn,470,Iceland,,
soccer,espn,4703,Salford City,,
soccer,espn,471,Poland,,
soccer,espn,472,Slovenia,,
soccer,espn,473,Romania,,
soccer,espn,474,Austria,,
soccer,espn,475,Switzerland,,
soccer,espn,476,Republic of Ireland,,
soccer,espn,477,Croatia,,
soccer,espn,4771,Real Salt Lake,,
soccer,espn,4773,Portuguesa,,
soccer,espn,478,France,,
soccer,espn,4786,Madureira,,
soccer,espn,4789,Ivory Coast,,
soccer,espn,479,Denmark,,
soccer,espn,480,Hungary,,
soccer,espn,4806,Volta Redonda,,
soccer,espn,481,Germany,,
soccer,espn,4811,Caracas FC,,
soccer,espn,4812,Deportivo Cuenca,,
soccer,espn,4815,Atlético Junior,,
soccer,espn,4816,Liga de Quito,,
soccer,espn,4817,Danubio,,
soccer,espn,4818,Deportivo Táchira,,
soccer,espn,482,Portugal,,
soccer,espn,483,Moldova,,
soccer,espn,484,FCSB,,
soccer,espn,4860,North Korea,,
soccer,espn,4861,Solomon Islands,,
soccer,espn,4862,Fiji,,
soccer,espn,4863,Tahiti,,
soccer,espn,4864,Vanuatu,,
soccer,espn,4875,Confiança,,
soccer,espn,488,Wisla Krakow,,
soccer,espn,4883,Tonga,,
soccer,espn,4884,Cook Islands,,
soccer,espn,4885,Papua New Guinea,,
soccer,espn,4886,American Samoa,,
soccer,espn,4887,Samoa,,
soccer,espn,4888,New Caledonia,,
soccer,espn,489,Hajduk Split,,
soccer,espn,4895,Indonesia,,
soccer,espn,490,Levski Sofia,,
soccer,espn,4909,Cianorte,,
soccer,espn,492,Grasshoppers,,
soccer,espn,4928,Fortaleza CEIF,,
soccer,espn,4929,Santa Cruz,,
soccer,espn,493,Shakhtar Donetsk,,
soccer,espn,4935,Ypiranga,,
soccer,espn,4936,Remo,,
soccer,espn,4939,Czechia U21,,
soccer,espn,494,Slavia Prague,,
soccer,espn,4956,Costa Rica U17,,
soccer,espn,497,BATE Borisov,,
soccer,espn,498,Dinamo Tbilisi,,
soccer,espn,5,Boca Juniors,,
soccer,espn,500,Olimpija Ljubljana,,
soccer,espn,5002,Sarpsborg FK,,
soccer,espn,502,HJK Helsinki,,
soccer,espn,504,Neftchi,,
soccer,espn,5043,Östersunds FK,,
soccer,espn,510,Viking FK,,
soccer,espn,5159,England,,
soccer,espn,5171,Japan U20,,
soccer,espn,5172,Mexico U20,,
soccer,espn,519,Rapid Vienna,,
soccer,espn,5194,Ukraine U20,,
soccer,espn,5195,Panama U20,,
soccer,espn,5203,Chile U20,,
soccer,espn,5204,Spain U20,,
soccer,espn,5209,Colombia U20,,
soccer,espn,521,Slovan Bratislava,,
soccer,espn,5210,Italy U20,,
soccer,espn,5212,Nigeria U20,,
soccer,espn,5218,Beitar Jerusalem,,
soccer,espn,523,Zalgiris Vilnius,,
soccer,espn,5238,FK Rabotnicki,,
soccer,espn,5239,Zrinjski Mostar,,
soccer,espn,524,Maccabi Tel-Aviv,,
soccer,espn,525,Apollon Limassol,,
soccer,espn,526,SK Tirana,,
soccer,espn,5260,CFR Cluj-Napoca,,
soccer,espn,5263,Gimnasia y Esgrima (Jujuy),,
soccer,espn,5264,Atlético Nacional,,
soccer,espn,5267,Alianza Atlético,,
soccer,espn,5268,Trujillanos,,
soccer,espn,5270,Tromso,,
soccer,espn,5276,Levadiakos,,
soccer,espn,529,IF Elfsborg,,
soccer,espn,5291,Almere City,,
soccer,espn,5308,Vitoria Setubal,,
soccer,espn,5309,Vitória de Guimaraes,,
soccer,espn,5321,Adelaide United,,
soccer,espn,5322,Perth Glory,,
soccer,espn,5323,Newcastle Jets,,
soccer,espn,5325,Central Coast Mariners,,
soccer,espn,5326,Brisbane Roar,,
soccer,espn,5327,Sydney FC,,
soccer,espn,5328,Melbourne Victory,,
soccer,espn,5351,Ivory Coast U17,,
soccer,espn,5362,Universidad de Concepción,,
soccer,espn,5377,Brazil U17,,
soccer,espn,5379,Mexico U17,,
soccer,espn,5404,Ceuta,,
soccer,espn,541,Partizan Belgrade,,
soccer,espn,5413,Huesca,,
soccer,espn,5419,FC Cartagena,,
soccer,espn,542,Santa Coloma,,
soccer,espn,545,Rapid Bucuresti,,
soccer,espn,5463,Ponferradina,,
soccer,espn,5479,Real Cartagena,,
soccer,espn,5480,Boyacá Chicó FC,,
soccer,espn,5481,Envigado FC,,
soccer,espn,5484,Millonarios,,
soccer,espn,5485,Deportivo Pasto,,
soccer,espn,5486,Deportivo Pereira,,
soccer,espn,5487,Deportes Quindío,,
soccer,espn,5488,Independiente Santa Fe,,
soccer,espn,5489,Deportes Tolima,,
soccer,espn,5490,Cerro,,
soccer,espn,5492,Liverpool,,
soccer,espn,5501,Montevideo Wanderers,,
soccer,espn,551,FK Sarajevo,,
soccer,espn,5518,Cambodia,,
soccer,espn,552,Maritimo,,
soccer,espn,5533,Madagascar,,
soccer,espn,5534,Mauritius,,
soccer,espn,557,St. Gallen,,
soccer,espn,5570,Sport Boys,,
soccer,espn,5579,OH Leuven,,
soccer,espn,5583,Sportivo Luqueño,,
soccer,espn,5584,Nacional Asunción,,
soccer,espn,5585,Indiana Hoosiers,,
soccer,espn,5586,Wisconsin Badgers,,
soccer,espn,5587,Gonzaga Bulldogs,,
soccer,espn,5588,Santa Clara Broncos,,
soccer,espn,5589,UCLA Bruins,,
soccer,espn,559,Standard Liege,,
soccer,espn,5590,San Diego Toreros,,
soccer,espn,5591,Fairleigh Dickinson Knights,,
soccer,espn,5592,Boston College Eagles,,
soccer,espn,5593,Duke Blue Devils,,
soccer,espn,5594,Long Island University Sharks,,
soccer,espn,5595,Tulsa Golden Hurricane,,
soccer,espn,5596,Oral Roberts Golden Eagles,,
soccer,espn,5598,Penn State Nittany Lions,,
soccer,espn,5599,Northwestern Wildcats,,
soccer,espn,560,Vardar,,
soccer,espn,5601,St. John's Red Storm,,
soccer,espn,5602,Holy Cross Crusaders,,
soccer,espn,5603,SMU Mustangs,,
soccer,espn,5604,Notre Dame Fighting Irish,,
soccer,espn,5605,UConn Huskies,,
soccer,espn,5606,Saint Peter's Peacocks,,
soccer,espn,5607,Ohio State Buckeyes,,
soccer,espn,5608,Marquette Golden Eagles,,
soccer,espn,5609,VCU Rams,,
soccer,espn,561,Varteks,,
soccer,espn,5610,North Carolina Tar Heels,,
soccer,espn,5611,UC Riverside Highlanders,,
soccer,espn,5612,Virginia Cavaliers,,
soccer,espn,5613,Wake Forest Demon Deacons,,
soccer,espn,5614,Portland Pilots,,
soccer,espn,5615,Creighton Bluejays,,
soccer,espn,5616,Cal State Fullerton Titans,,
soccer,espn,5617,Maryland Terrapins,,
soccer,espn,5618,UC Santa Barbara Gauchos,,
soccer,espn,5619,San Diego State Aztecs,,
soccer,espn,562,FC Vaduz,,
soccer,espn,5620,Saint Louis Billikens,,
soccer,espn,5623,Monmouth Hawks,,
soccer,espn,5624,Boston University Terriers,,
soccer,espn,5626,Kansas City Kangaroos,,
soccer,espn,5627,UNC Greensboro Spartans,,
soccer,espn,5628,Charlotte 49ers,,
soccer,espn,5629,Clemson Tigers,,
soccer,espn,5630,Longwood Lancers,,
soccer,espn,5631,Seton Hall Pirates,,
soccer,espn,5633,Quinnipiac Bobcats,,
soccer,espn,5634,Binghamton Bearcats,,
soccer,espn,5635,Saint Joseph's Hawks,,
soccer,espn,5636,Washington Huskies,,
soccer,espn,5637,William & Mary Tribe,,
soccer,espn,5638,Vermont Catamounts,,
soccer,espn,5639,Army Black Knights,,
soccer,espn,5640,Akron Zips,,
soccer,espn,5641,Cleveland State Vikings,,
soccer,espn,5642,NC State Wolfpack,,
soccer,espn,5643,George Mason Patriots,,
soccer,espn,5644,South Carolina Gamecocks,,
soccer,espn,5645,Georgetown Hoyas,,
soccer,espn,5647,Bradley Braves,,
soccer,espn,5648,South Florida Bulls,,
soccer,espn,5649,College of Charleston Cougars,,
soccer,espn,5650,Rutgers Scarlet Knights,,
soccer,espn,5651,Missouri State Bears,,
soccer,espn,5653,UNLV Rebels,,
soccer,espn,5654,Duquesne Dukes,,
soccer,espn,5655,Loyola Chicago Ramblers,,
soccer,espn,5656,Northeastern Huskies,,
soccer,espn,5657,San Francisco Dons,,
soccer,espn,5658,West Virginia Mountaineers,,
soccer,espn,5659,Old Dominion Monarchs,,
soccer,espn,566,HB Torshavn,,
soccer,espn,5660,St. Bonaventure Bonnies,,
soccer,espn,5661,Milwaukee Panthers,,
soccer,espn,5662,Wright State Raiders,,
soccer,espn,5663,Loyola Marymount Lions,,
soccer,espn,5664,Cal State Northridge Matadors,,
soccer,espn,5665,Elon Phoenix,,
soccer,espn,5666,Loyola Maryland Greyhounds,,
soccer,espn,5667,UC Irvine Anteaters,,
soccer,espn,5669,Princeton Tigers,,
soccer,espn,5670,Memphis Tigers,,
soccer,espn,5671,UAB Blazers,,
soccer,espn,5672,Stanford Cardinal,,
soccer,espn,5673,Purdue Fort Wayne Mastodons,,
soccer,espn,5674,Oregon State Beavers,,
soccer,espn,5675,Lehigh Mountain Hawks,,
soccer,espn,5676,Syracuse Orange,,
soccer,espn,5677,Mercer Bears,,
soccer,espn,5678,DePaul Blue Demons,,
soccer,espn,5679,Drake Bulldogs,,
soccer,espn,5681,Louisville Cardinals,,
soccer,espn,5682,Evansville Purple Aces,,
soccer,espn,5684,Gardner-Webb Runnin' Bulldogs,,
soccer,espn,5685,Virginia Tech Hokies,,
soccer,espn,5686,New Hampshire Wildcats,,
soccer,espn,5687,Massachusetts MInutewomen,,
soccer,espn,5688,UNC Wilmington Seahawks,,
soccer,espn,5689,Bowling Green Falcons,,
soccer,espn,5690,Dayton Flyers,,
soccer,espn,5691,Florida International Panthers,,
soccer,espn,5693,UAlbany Great Danes,,
soccer,espn,5694,Davidson Wildcats,,
soccer,espn,5695,Campbell Fighting Camels,,
soccer,espn,5696,Temple Owls,,
soccer,espn,5697,Oakland Golden Grizzlies,,
soccer,espn,5698,Columbia Lions,,
soccer,espn,5699,Belmont Bruins,,
soccer,espn,570,Club Brugge,,
soccer,espn,5700,Villanova Wildcats,,
soccer,espn,5701,Michigan State Spartans,,
soccer,espn,5702,Providence Friars,,
soccer,espn,5703,Kentucky Wildcats,,
soccer,espn,5704,Pennsylvania Quakers,,
soccer,espn,5705,Florida Atlantic Owls,,
soccer,espn,5706,California Golden Bears,,
soccer,espn,5707,Manhattan Jaspers,,
soccer,espn,5708,Bucknell Bison,,
soccer,espn,5709,Sacred Heart Pioneers,,
soccer,espn,571,Glentoran,,
soccer,espn,5710,Mount St. Mary's Mountaineers,,
soccer,espn,5711,Yale Bulldogs,,
soccer,espn,5712,Xavier Muskateers,,
soccer,espn,5715,Fairfield Stags,,
soccer,espn,5716,Georgia Southern Eagles,,
soccer,espn,5717,Cornell Big Red,,
soccer,espn,5718,Air Force Falcons,,
soccer,espn,5719,Georgia State Panthers,,
soccer,espn,572,FC Midtjylland,,
soccer,espn,5720,IU Indianapolis Jaguars,,
soccer,espn,5721,Saint Mary's Gaels,,
soccer,espn,5724,UIC Flames,,
soccer,espn,5726,Delaware Fightin' Blue Hens,,
soccer,espn,5727,Hofstra Pride,,
soccer,espn,5729,UMBC Retrievers,,
soccer,espn,5730,American University Eagles,,
soccer,espn,5731,Eastern Illinois Panthers,,
soccer,espn,5732,Denver Pioneers,,
soccer,espn,5733,Robert Morris Colonials,,
soccer,espn,5734,Drexel Dragons,,
soccer,espn,5735,Michigan Wolverines,,
soccer,espn,5736,Western Illinois Leathernecks,,
soccer,espn,5737,Dartmouth Big Green,,
soccer,espn,5739,Furman Paladins,,
soccer,espn,5740,Northern Illinois Huskies,,
soccer,espn,5741,Western Michigan Broncos,,
soccer,espn,5742,Sacramento State Hornets,,
soccer,espn,5743,Coastal Carolina Chanticleers,,
soccer,espn,5744,Pittsburgh Panthers,,
soccer,espn,5745,UC Davis Aggies,,
soccer,espn,5746,Rhode Island Rams,,
soccer,espn,5748,Butler Bulldogs,,
soccer,espn,5749,Brown Bears,,
soccer,espn,575,Brøndby IF,,
soccer,espn,5751,Liberty Flames,,
soccer,espn,5752,Cal Poly Mustangs,,
soccer,espn,5753,High Point Panthers,,
soccer,espn,5754,Radford Highlanders,,
soccer,espn,5755,NJIT Highlanders,,
soccer,espn,5757,La Salle Explorers,,
soccer,espn,5758,Niagara Purple Eagles,,
soccer,espn,5759,Wofford Terriers,,
soccer,espn,576,The New Saints,,
soccer,espn,5760,Canisius Griffins,,
soccer,espn,5761,George Washington Revolutionaries,,
soccer,espn,5763,Marist Red Foxes,,
soccer,espn,5764,Siena Saints,,
soccer,espn,5765,Stetson Hatters,,
soccer,espn,5766,Lafayette Leopards,,
soccer,espn,5767,Buxton,,
soccer,espn,5774,Eritrea,,
soccer,espn,5775,Djibouti,,
soccer,espn,5776,Somalia,,
soccer,espn,5777,Ethiopia,,
soccer,espn,5778,Tanzania,,
soccer,espn,5779,Burundi,,
soccer,espn,578,Wales,,
soccer,espn,5780,Afghanistan,,
soccer,espn,5781,Pakistan,,
soccer,espn,5782,Sri Lanka,,
soccer,espn,5783,Bangladesh,,
soccer,espn,5784,Bhutan,,
soccer,espn,5785,Nepal,,
soccer,espn,5786,KV Kortrijk,,
soccer,espn,579,Armenia,,
soccer,espn,580,Scotland,,
soccer,espn,5807,Union St.-Gilloise,,
soccer,espn,581,Azerbaijan,,
soccer,espn,582,Luxembourg,,
soccer,espn,5826,Pacific Tigers,,
soccer,espn,583,Belarus,,
soccer,espn,5830,UCF Knights,,
soccer,espn,5838,Colgate Raiders,,
soccer,espn,584,Georgia,,
soccer,espn,5840,Harvard Crimson,,
soccer,espn,5847,Central Connecticut Blue Devils,,
soccer,espn,585,Albania,,
soccer,espn,586,Northern Ireland,,
soccer,espn,5869,Navy Midshipmen,,
soccer,espn,587,Andorra,,
soccer,espn,588,San Marino,,
soccer,espn,589,Liechtenstein,,
soccer,espn,594,Liberec,,
soccer,espn,596,Dinamo Moscow,,
soccer,espn,597,Dinamo Zagreb,,
soccer,espn,598,1. FC Union Berlin,,
soccer,espn,6,Chacarita Juniors,,
soccer,espn,6009,Lecco,,
soccer,espn,6014,Yemen,,
soccer,espn,6017,Aucas,,
soccer,espn,6037,Carabobo,,
soccer,espn,6038,Estudiantes de Mérida,,
soccer,espn,6041,Monagas SC,,
soccer,espn,6046,Aurora,,
soccer,espn,6047,Blooming,,
soccer,espn,605,PAOK,,
soccer,espn,6051,Real Potosí,,
soccer,espn,606,KVC Westerlo,,
soccer,espn,607,Silkeborg IF,,
soccer,espn,6071,Antofagasta,,
soccer,espn,6072,O'Higgins,,
soccer,espn,6077,Houston Dynamo FC,,
soccer,espn,6079,Red Bull Bragantino,,
soccer,espn,6086,Botafogo,,
soccer,espn,6087,Nova Iguaçu,,
soccer,espn,609,Sigma Olomouc,,
soccer,espn,6097,2 de Mayo,,
soccer,espn,6101,Cúcuta Deportivo,,
soccer,espn,612,Torpedo Kutaisi,,
soccer,espn,6137,Atlético Bucaramanga,,
soccer,espn,614,Sheriff Tiraspol,,
soccer,espn,615,Bohemians,,
soccer,espn,6154,América Mineiro,,
soccer,espn,6167,Palestine,,
soccer,espn,617,Omonia Nicosia,,
soccer,espn,619,NK Maribor,,
soccer,espn,6196,ASA,,
soccer,espn,620,SK Brann,,
soccer,espn,6214,Itabaiana,,
soccer,espn,6216,Slavia Sofia,,
soccer,espn,6219,Ceilândia,,
soccer,espn,622,Ferencvaros,,
soccer,espn,6229,Karpaty Lviv,,
soccer,espn,624,Algeria,,
soccer,espn,627,Japan,,
soccer,espn,6270,Juventude,,
soccer,espn,6272,Fortaleza,,
soccer,espn,6273,Grêmio,,
soccer,espn,628,Australia,,
soccer,espn,632,Aldershot Town,,
soccer,espn,633,Altrincham,,
soccer,espn,635,Newport County,,
soccer,espn,6367,FC Ingolstadt 04,,
soccer,espn,640,Ebbsfleet United,,
soccer,espn,6418,1. FC Heidenheim 1846,,
soccer,espn,642,Barrow,,
soccer,espn,6517,Czechia,,
soccer,espn,653,Angola,,
soccer,espn,654,Senegal,,
soccer,espn,6545,Varbergs BoIS FC,,
soccer,espn,655,Saudi Arabia,,
soccer,espn,656,Cameroon,,
soccer,espn,657,Nigeria,,
soccer,espn,658,China,,
soccer,espn,659,Tunisia,,
soccer,espn,660,United States,,
soccer,espn,6640,Lesotho,,
soccer,espn,6649,Belgium U17,,
soccer,espn,6672,Kristiansund BK,,
soccer,espn,6686,Eswatini,,
soccer,espn,6722,Macau,,
soccer,espn,6723,Tajikistan,,
soccer,espn,6724,Kyrgyz Republic,,
soccer,espn,6725,Namibia,,
soccer,espn,6726,Seychelles,,
soccer,espn,6741,Drogheda United,,
soccer,espn,6742,Valur Reykjavik,,
soccer,espn,6748,Tobol Kostanay,,
soccer,espn,6750,IK Start,,
soccer,espn,6756,Godoy Cruz Antonio Tomba,,
soccer,espn,6757,Serbia,,
soccer,espn,6758,Mlada Boleslav,,
soccer,espn,6762,Portuguesa,,
soccer,espn,6763,Zamora FC,,
soccer,espn,6770,Myanmar,,
soccer,espn,6775,Montenegro,,
soccer,espn,6790,Atromitos,,
soccer,espn,6800,Jacksonville Dolphins,,
soccer,espn,6802,Fordham Rams,,
soccer,espn,6804,James Madison Dukes,,
soccer,espn,6812,UNC Asheville Bulldogs,,
soccer,espn,6814,Central Arkansas Bears,,
soccer,espn,6816,Marshall Thundering Herd,,
soccer,espn,6818,Iona Gaels,,
soccer,espn,6820,VMI Keydets,,
soccer,espn,6821,Stony Brook Seawolves,,
soccer,espn,6822,Detroit Mercy Titans,,
soccer,espn,6832,Almería,,
soccer,espn,6851,Paris FC,,
soccer,espn,6866,Progreso,,
soccer,espn,6870,Kasimpasa,,
soccer,espn,6902,Shonan Bellmare,,
soccer,espn,6907,TSV Hartberg,,
soccer,espn,6927,Winthrop Eagles,,
soccer,espn,6946,Ukraine U19,,
soccer,espn,6978,Croatia U19,,
soccer,espn,6994,Grenoble,,
soccer,espn,6997,Brest,,
soccer,espn,7,Colón (Santa Fe),,
soccer,espn,7012,Rider Broncs,,
soccer,espn,7013,VfL Osnabruck,,
soccer,espn,7017,Dynamo Dresden,,
soccer,espn,7043,Rijnsburgse Boys,,
soccer,espn,7044,IJsselmeervogels,,
soccer,espn,7051,HHC Hardenberg,,
soccer,espn,7057,De Treffers,,
soccer,espn,7059,Kozakken Boys,,
soccer,espn,7069,North Florida Ospreys,,
soccer,espn,7077,Golden Arrows,,
soccer,espn,7079,AmaZulu,,
soccer,espn,7081,Kaizer Chiefs,,
soccer,espn,7084,Mamelodi Sundowns,,
soccer,espn,7085,Orlando Pirates,,
soccer,espn,7099,Polokwane City FC,,
soccer,espn,7102,Gamba Osaka,,
soccer,espn,7104,Shimizu S-Pulse,,
soccer,espn,7105,Oita Trinita,,
soccer,espn,7107,Avispa Fukuoka,,
soccer,espn,7108,Nagoya Grampus,,
soccer,espn,7109,Cerezo Osaka,,
soccer,espn,7111,JEF United Ichihara-Chiba,,
soccer,espn,7112,Kawasaki Frontale,,
soccer,espn,7114,Sanfrecce Hiroshima,,
soccer,espn,7115,Kashima Antlers,,
soccer,espn,7116,Yokohama F. Marinos,,
soccer,espn,7120,Ulsan HD,,
soccer,espn,7128,Al Ain,,
soccer,espn,7129,Al Gharafa,,
soccer,espn,7135,Al Sadd,,
soccer,espn,7137,Arema Indonesia,,
soccer,espn,7138,Buriram United,,
soccer,espn,7151,Netherlands,,
soccer,espn,7155,Chelmsford,,
soccer,espn,7156,Maidenhead United,,
soccer,espn,7166,Annan Athletic,,
soccer,espn,7224,Isidro Metapán,,
soccer,espn,7225,Alianza FC,,
soccer,espn,7226,Águila,,
soccer,espn,7229,CD FAS,,
soccer,espn,7231,CD Municipal Limeño,,
soccer,espn,7232,Luis Ángel Firpo,,
soccer,espn,7234,Pérez Zeledón,,
soccer,espn,7237,Puntarenas FC,,
soccer,espn,7239,Cartaginés,,
soccer,espn,7242,FC Motagua,,
soccer,espn,7243,Platense,,
soccer,espn,7245,Real España,,
soccer,espn,7249,Club Deportivo Marathón,,
soccer,espn,7251,Suchitepequez,,
soccer,espn,7252,Marquense,,
soccer,espn,7253,Antigua GFC,,
soccer,espn,7254,Cobán Imperial,,
soccer,espn,7257,Comunicaciones,,
soccer,espn,7258,Municipal,,
soccer,espn,7259,Xelajú MC,,
soccer,espn,7266,Lugo,,
soccer,espn,7268,Chinese Taipei,,
soccer,espn,7279,Auckland City,,
soccer,espn,7312,Melgar,,
soccer,espn,7318,Toronto FC,,
soccer,espn,7320,Eldense,,
soccer,espn,7347,Philippines,,
soccer,espn,7348,Laos,,
soccer,espn,7349,Vietnam,,
soccer,espn,7368,Gambia,,
soccer,espn,7369,Atletico Balboa,,
soccer,espn,7385,Guaraní,,
soccer,espn,7388,Novo Hamburgo,,
soccer,espn,7389,São José-RS,,
soccer,espn,7391,São Luiz-RS,,
soccer,espn,7427,Ñublense,,
soccer,espn,7445,Internacional de Bogotá,,
soccer,espn,7466,Sportivo Trinidense,,
soccer,espn,7476,Kashiwa Reysol,,
soccer,espn,7477,Vissel Kobe,,
soccer,espn,7507,Turkmenistan,,
soccer,espn,7521,Shandong Taishan,,
soccer,espn,7527,Al Rayyan,,
soccer,espn,7531,CSA,,
soccer,espn,7536,Finland,,
soccer,espn,7632,Atlético-MG,,
soccer,espn,7633,Náutico,,
soccer,espn,7634,América-RN,,
soccer,espn,7635,Sport,,
soccer,espn,7640,FC Luzern,,
soccer,espn,7648,Konyaspor,,
soccer,espn,7656,Caykur Rizespor,,
soccer,espn,7657,Guadeloupe,,
soccer,espn,7672,FC Lugano,,
soccer,espn,7698,Neuchatel Xamax,,
soccer,espn,7718,Concarneau,,
soccer,espn,7719,Rodez Aveyron,,
soccer,espn,7732,Dunkerque,,
soccer,espn,7751,Serbia U21,,
soccer,espn,7759,FC Differdange 03,,
soccer,espn,7764,Platense,,
soccer,espn,7767,Tigre,,
soccer,espn,7790,New Zealand U20,,
soccer,espn,7825,Vojvodina,,
soccer,espn,7834,BK Häcken,,
soccer,espn,7845,San Martín (San Juan),,
soccer,espn,7853,AGF,,
soccer,espn,7858,Hamrun Spartans,,
soccer,espn,7860,Lyngby Boldklub,,
soccer,espn,7868,Angers,,
soccer,espn,7869,Boulogne,,
soccer,espn,7870,CD Malacateco,,
soccer,espn,7878,Dender,,
soccer,espn,7879,KV Mechelen,,
soccer,espn,7884,Holstein Kiel,,
soccer,espn,789,Goztepe,,
soccer,espn,7911,TSG Hoffenheim,,
soccer,espn,7914,Istanbul Basaksehir,,
soccer,espn,7915,Llaneros FC,,
soccer,espn,7922,Jablonec,,
soccer,espn,793,Al Shabab,,
soccer,espn,7998,BG Tampines Rovers FC,,
soccer,espn,8,Estudiantes de La Plata,,
soccer,espn,8040,Lion City Sailors FC,,
soccer,espn,8089,CSU Craiova,,
soccer,espn,8102,AS Trencin,,
soccer,espn,8109,América de Cali,,
soccer,espn,8110,Deportes Concepcion,,
soccer,espn,8118,Sønderjyske Fodbold,,
soccer,espn,8141,Minsk,,
soccer,espn,8151,KF Shkëndija,,
soccer,espn,8169,KuPS Kuopio,,
soccer,espn,817,Al Nassr,,
soccer,espn,8186,Coquimbo Unido,,
soccer,espn,819,Flamengo,,
soccer,espn,8221,IF Brommapojkarna,,
soccer,espn,8222,GAIS,,
soccer,espn,8239,Tianjin Jinmen Tiger,,
soccer,espn,8240,Henan,,
soccer,espn,8249,Vikingur Reykjavik,,
soccer,espn,8281,FK Sutjeska,,
soccer,espn,8284,Dila Gori,,
soccer,espn,8293,Persib,,
soccer,espn,83,Barcelona,,
soccer,espn,8346,Al Ahli,,
soccer,espn,8352,Wellington Phoenix FC,,
soccer,espn,8354,Asteras Tripoli,,
soccer,espn,8363,Al Ettifaq,,
soccer,espn,8364,Al-Jazira,,
soccer,espn,8365,Al Wasl,,
soccer,espn,8377,Esperance Sportive de Tunis,,
soccer,espn,84,Mallorca,,
soccer,espn,841,Kuwait,,
soccer,espn,8412,Argentina U17,,
soccer,espn,8414,South Korea U17,,
soccer,espn,8415,France U17,,
soccer,espn,8416,Juventud,,
soccer,espn,8419,Honduras U17,,
soccer,espn,8420,Japan U17,,
soccer,espn,8422,New Zealand U17,,
soccer,espn,8425,Tajikistan U17,,
soccer,espn,8447,Córdoba,,
soccer,espn,8448,Racing Ferrol,,
soccer,espn,8451,South Africa U20,,
soccer,espn,8490,BVV Barendrecht,,
soccer,espn,8491,AFC,,
soccer,espn,8497,Quick Boys,,
soccer,espn,85,Celta Vigo,,
soccer,espn,8503,Noordwijk,,
soccer,espn,8506,Spakenburg,,
soccer,espn,8514,Police Tero,,
soccer,espn,8519,BG Pathum United,,
soccer,espn,8525,ES Setif,,
soccer,espn,8544,IFK Norrköping,,
soccer,espn,8547,IK Sirius,,
soccer,espn,858,Saprissa,,
soccer,espn,8580,Cal State Bakersfield Roadrunners,,
soccer,espn,859,AD San Carlos,,
soccer,espn,8591,Tre Fiori,,
soccer,espn,8592,Tre Penne,,
soccer,espn,8594,Fiorita,,
soccer,espn,8599,Green Bay Phoenix,,
soccer,espn,86,Real Madrid,,
soccer,espn,8600,Sierra Leone,,
soccer,espn,8601,Comoros,,
soccer,espn,8602,Guinea-Bissau,,
soccer,espn,862,Herediano,,
soccer,espn,8625,Wydad AC,,
soccer,espn,8663,Mongolia,,
soccer,espn,8664,Timor-Leste,,
soccer,espn,87,Racing Santander,,
soccer,espn,8726,Lipscomb Bisons,,
soccer,espn,874,Corinthians,,
soccer,espn,88,Espanyol,,
soccer,espn,884,Club Deportivo Olimpia,,
soccer,espn,885,Universidad Católica,,
soccer,espn,887,AEK Athens,,
soccer,espn,8897,SC East Bengal,,
soccer,espn,89,Real Sociedad,,
soccer,espn,8931,Correcaminos UAT,,
soccer,espn,8937,Niger,,
soccer,espn,8938,Equatorial Guinea,,
soccer,espn,8939,Mozambique,,
soccer,espn,8940,Mauritania,,
soccer,espn,8941,Chad,,
soccer,espn,8942,Anguilla,,
soccer,espn,8950,Defensa y Justicia,,
soccer,espn,9,Gimnasia La Plata,,
soccer,espn,90,Deportivo,,
soccer,espn,900,Boavista,,
soccer,espn,9028,Rayo Majadahonda,,
soccer,espn,9078,Alanyaspor,,
soccer,espn,909,F.C. København,,
soccer,espn,91,Real Zaragoza,,
soccer,espn,9104,Pendikspor,,
soccer,espn,9169,Mirassol,,
soccer,espn,92,Real Oviedo,,
soccer,espn,9280,Truro City,,
soccer,espn,9283,Universidad Católica (Quito),,
soccer,espn,929,Al Hilal,,
soccer,espn,9292,Técnico Universitario,,
soccer,espn,93,Athletic Club,,
soccer,espn,9318,Chapecoense,,
soccer,espn,9322,Villarreal B,,
soccer,espn,936,Sint-Truidense,,
soccer,espn,9371,Cruz Azul Hidalgo,,
soccer,espn,938,Racing Genk,,
soccer,espn,94,Valencia,,
soccer,espn,9460,Uberlândia,,
soccer,espn,9497,Guabirá,,
soccer,espn,95,Real Valladolid,,
soccer,espn,9531,Portugal,,
soccer,espn,96,Alavés,,
soccer,espn,9657,Piast Gliwice,,
soccer,espn,9681,Concordia Chiajna,,
soccer,espn,9693,Pohang Steelers,,
soccer,espn,97,Osasuna,,
soccer,espn,9707,Fortuna Düsseldorf,,
soccer,espn,9720,CF Montréal,,
soccer,espn,9723,Portland Timbers,,
soccer,espn,9726,Seattle Sounders FC,,
soccer,espn,9727,Vancouver Whitecaps,,
soccer,espn,9729,Charleston Battery,,
soccer,espn,9739,Aldosivi,,
soccer,espn,9740,Almirante Brown,,
soccer,espn,9743,Ferro Carril Oeste,,
soccer,espn,9744,Independiente Rivadavia,,
soccer,espn,9747,Atletico Rafaela,,
soccer,espn,9761,Alianza FC,,
soccer,espn,9762,Águilas Doradas,,
soccer,espn,9769,Itagüí Leones,,
soccer,espn,977,Shanghai Shenhua,,
soccer,espn,9770,Tigres FC,,
soccer,espn,9773,Patriotas,,
soccer,espn,9774,Real Santander,,
soccer,espn,9779,Spain U19,,
soccer,espn,9780,Italy U19,,
soccer,espn,9785,Atlético Tucumán,,
soccer,espn,9786,All Boys,,
soccer,espn,98,Las Palmas,,
soccer,espn,9812,Girona,,
soccer,espn,9865,FC Carl Zeiss Jena,,
soccer,espn,9867,Preußen Münster,,
soccer,espn,987,Lillestrom,,
soccer,espn,989,FC Basel,,
soccer,espn,99,Málaga,,
soccer,espn,9902,Cerro Largo,,
soccer,espn,9903,Racing (Montevideo),,
soccer,espn,991,Beerschot,,
soccer,espn,994,AIK,,
soccer,espn,995,Kocaelispor,,
soccer,espn,996,Genclerbirligi,,
soccer,espn,9965,ABC,,
soccer,espn,9966,Avaí,,
soccer,espn,9967,Bahia,,
soccer,espn,9969,Ceará,,
soccer,espn,997,Trabzonspor,,
soccer,espn,9970,CRB,,
soccer,espn,9971,Criciúma,,
soccer,espn,9973,Vila Nova,,
soccer,espn,9983,Jong PSV,,
soccer,espn,9987,GVVV,,
soccer,espn,9999,Boston River,,
soccer,ncaa.com,128250,West Chester,,
soccer,ncaa.com,130910,Spring Hill,,
soccer,ncaa.com,130913,Hawai'i Pacific,,
soccer,ncaa.com,130916,Minnesota St Moorhead,,
soccer,ncaa.com,131209,Montana State-Billings,,
soccer,ncaa.com,131216,Blackburn,,
soccer,ncaa.com,131217,Adrian,,
soccer,ncaa.com,131220,Manchester,,
soccer,ncaa.com,131239,Morningside,,
soccer,ncaa.com,131245,Quincy,,
soccer,ncaa.com,131247,Marywood,,
soccer,ncaa.com,131266,Mount St. Joseph,,
soccer,ncaa.com,131273,Schreiner,,
soccer,ncaa.com,131275,Fairmont State,,
soccer,ncaa.com,131277,Simon Fraser,,
soccer,ncaa.com,131279,Rockhurst,,
soccer,ncaa.com,131284,Westminster (UT),,
soccer,ncaa.com,131285,Allen,,
soccer,ncaa.com,131288,Virginia State,,
soccer,ncaa.com,131291,Spalding,,
soccer,ncaa.com,131303,Hanover,,
soccer,ncaa.com,131307,Farmingdale State,,
soccer,ncaa.com,131311,Virginia State,,
soccer,ncaa.com,131317,South Carolina-Aiken,,
soccer,ncaa.com,131322,Ferrum,,
soccer,ncaa.com,131327,Southern Wesleyan,,
soccer,ncaa.com,131335,St. Cloud State,,
soccer,ncaa.com,131339,Western Oregon,,
soccer,ncaa.com,131718,Concord,,
soccer,ncaa.com,131719,Delta State,,
soccer,ncaa.com,131840,St. John Fisher,,
soccer,ncaa.com,131859,Central Washington,,
soccer,ncaa.com,131878,Wilmington (OH),,
soccer,ncaa.com,131879,Sul Ross State,,
soccer,ncaa.com,131882,Concordia (TX),,
soccer,ncaa.com,131975,Guilford,,
soccer,ncaa.com,132330,Holy Family,,
soccer,ncaa.com,132362,North Greenville,,
soccer,ncaa.com,132374,SUNY Maritime,,
soccer,ncaa.com,132404,Carroll (WI),,
soccer,ncaa.com,132441,Newberry,,
soccer,ncaa.com,132477,Lakeland,,
soccer,ncaa.com,132481,Mary Baldwin,,
soccer,ncaa.com,132485,Rogers State,,
soccer,ncaa.com,132510,William Peace,,
soccer,ncaa.com,132552,St. Thomas (FL),,
soccer,ncaa.com,132553,Florida College,,
soccer,ncaa.com,132614,Bluffton,,
soccer,ncaa.com,132648,Saint Leo,,
soccer,ncaa.com,132652,Nebraska Wesleyan,,
soccer,ncaa.com,132653,Randolph,,
soccer,ncaa.com,132655,Illinois Springfield,,
soccer,ncaa.com,132657,Wartburg,,
soccer,ncaa.com,132658,Waynesburg,,
soccer,ncaa.com,132659,Ohio Northern,,
soccer,ncaa.com,132660,Rutgers-Newark,,
soccer,ncaa.com,132661,Southern Virginia,,
soccer,ncaa.com,132664,Greensboro,,
soccer,ncaa.com,132669,Eckerd,,
soccer,ncaa.com,132670,Webster,,
soccer,ncaa.com,132771,Tuskegee,,
soccer,ncaa.com,132898,Spring Hill,,
soccer,ncaa.com,132921,Keystone,,
soccer,ncaa.com,20356,Adelphi Panthers,,
ufl,espn,112646,DC DEFENDERS,,
ufl,espn,112647,Arlington Renegades,2024,2025
ufl,espn,112647,Dallas Renegades,,
ufl,espn,112651,St. Louis Battlehawks,,
ufl,espn,125957,Michigan Panthers,2024,2025
ufl,espn,126073,Birmingham Stallions,,
ufl,espn,126073,Birmingham Stallions,2024,2025
ufl,espn,126075,Houston Gamblers,,
ufl,espn,126746,San Antonio Brahmas,2024,2025
ufl,espn,129043,Memphis Showboats,2024,2025
ufl,espn,132261,Columbus Aviators,,
ufl,espn,132262,Louisville Kings,,
ufl,espn,132263,Orlando Storm,,
usfl,fox,birmingham-stallions,Birmingham Stallions,,
usfl,fox,houston-gamblers,Houston Gamblers,,
usfl,fox,memphis-showboats,Memphis Showboats,,
usfl,fox,michigan-panthers,Michigan Panthers,,
usfl,fox,new-jersey-generals,New Jersey Generals,,
usfl,fox,new-orleans-breakers,New Orleans Breakers,,
usfl,fox,philadelphia-stars,Philadelphia Stars,,
usfl,fox,pittsburgh-maulers,Pittsburgh Maulers,,
usfl,fox,tampa-bay-bandits,Tampa Bay Bandits,,
ushl,hockeytech,10,Cedar Rapids RoughRiders,2003,2027
ushl,hockeytech,10,Cedar Rapids RoughRiders,2023,2023
ushl,hockeytech,10,Cedar Rapids RoughRiders,2024,2024
ushl,hockeytech,10,Cedar Rapids RoughRiders,2025,2025
ushl,hockeytech,10,Cedar Rapids RoughRiders,2026,2026
ushl,hockeytech,11,Chicago Steel,2003,2027
ushl,hockeytech,11,Chicago Steel,2023,2023
ushl,hockeytech,11,Chicago Steel,2024,2024
ushl,hockeytech,11,Chicago Steel,2025,2025
ushl,hockeytech,11,Chicago Steel,2026,2026
ushl,hockeytech,12,Des Moines Buccaneers,2003,2027
ushl,hockeytech,12,Des Moines Buccaneers,2019,2019
ushl,hockeytech,12,Des Moines Buccaneers,2023,2023
ushl,hockeytech,12,Des Moines Buccaneers,2024,2024
ushl,hockeytech,12,Des Moines Buccaneers,2025,2025
ushl,hockeytech,12,Des Moines Buccaneers,2026,2026
ushl,hockeytech,13,Dubuque Fighting Saints,2011,2027
ushl,hockeytech,13,Dubuque Fighting Saints,2023,2023
ushl,hockeytech,13,Dubuque Fighting Saints,2024,2024
ushl,hockeytech,13,Dubuque Fighting Saints,2025,2025
ushl,hockeytech,13,Dubuque Fighting Saints,2026,2026
ushl,hockeytech,14,Fargo Force,2009,2027
ushl,hockeytech,14,Fargo Force,2023,2023
ushl,hockeytech,14,Fargo Force,2024,2024
ushl,hockeytech,14,Fargo Force,2025,2025
ushl,hockeytech,14,Fargo Force,2026,2026
ushl,hockeytech,15,Green Bay Gamblers,2003,2027
ushl,hockeytech,15,Green Bay Gamblers,2023,2023
ushl,hockeytech,15,Green Bay Gamblers,2024,2024
ushl,hockeytech,15,Green Bay Gamblers,2025,2025
ushl,hockeytech,15,Green Bay Gamblers,2026,2026
ushl,hockeytech,16,Lincoln Stars,2003,2027
ushl,hockeytech,16,Lincoln Stars,2023,2023
ushl,hockeytech,16,Lincoln Stars,2024,2024
ushl,hockeytech,16,Lincoln Stars,2025,2025
ushl,hockeytech,16,Lincoln Stars,2026,2026
ushl,hockeytech,17,Madison Capitols,2015,2027
ushl,hockeytech,17,Madison Capitols,2023,2023
ushl,hockeytech,17,Madison Capitols,2024,2024
ushl,hockeytech,17,Madison Capitols,2025,2025
ushl,hockeytech,17,Madison Capitols,2026,2026
ushl,hockeytech,18,Muskegon Lumberjacks,2011,2027
ushl,hockeytech,18,Muskegon Lumberjacks,2023,2023
ushl,hockeytech,18,Muskegon Lumberjacks,2024,2024
ushl,hockeytech,18,Muskegon Lumberjacks,2025,2025
ushl,hockeytech,18,Muskegon Lumberjacks,2026,2026
ushl,hockeytech,19,Omaha Lancers,2003,2027
ushl,hockeytech,19,Omaha Lancers,2023,2023
ushl,hockeytech,19,Omaha Lancers,2024,2024
ushl,hockeytech,19,Omaha Lancers,2025,2025
ushl,hockeytech,19,Omaha Lancers,2026,2026
ushl,hockeytech,20,Sioux Falls Stampede,2003,2027
ushl,hockeytech,20,Sioux Falls Stampede,2019,2019
ushl,hockeytech,20,Sioux Falls Stampede,2023,2023
ushl,hockeytech,20,Sioux Falls Stampede,2024,2024
ushl,hockeytech,20,Sioux Falls Stampede,2025,2025
ushl,hockeytech,20,Sioux Falls Stampede,2026,2026
ushl,hockeytech,21,USA Hockey NTDP,2010,2027
ushl,hockeytech,21,USA Hockey NTDP,2023,2023
ushl,hockeytech,21,USA Hockey NTDP,2024,2024
ushl,hockeytech,21,USA Hockey NTDP,2025,2025
ushl,hockeytech,21,USA Hockey NTDP,2026,2026
ushl,hockeytech,22,Tri-City Storm,2003,2027
ushl,hockeytech,22,Tri-City Storm,2023,2023
ushl,hockeytech,22,Tri-City Storm,2024,2024
ushl,hockeytech,22,Tri-City Storm,2025,2025
ushl,hockeytech,22,Tri-City Storm,2026,2026
ushl,hockeytech,23,Waterloo Black Hawks,2003,2027
ushl,hockeytech,23,Waterloo Black Hawks,2023,2023
ushl,hockeytech,23,Waterloo Black Hawks,2024,2024
ushl,hockeytech,23,Waterloo Black Hawks,2025,2025
ushl,hockeytech,23,Waterloo Black Hawks,2026,2026
ushl,hockeytech,24,Youngstown Phantoms,2010,2027
ushl,hockeytech,24,Youngstown Phantoms,2023,2023
ushl,hockeytech,24,Youngstown Phantoms,2024,2024
ushl,hockeytech,24,Youngstown Phantoms,2025,2025
ushl,hockeytech,24,Youngstown Phantoms,2026,2026
ushl,hockeytech,8,Sioux City Musketeers,2003,2027
ushl,hockeytech,8,Sioux City Musketeers,2023,2023
ushl,hockeytech,8,Sioux City Musketeers,2024,2024
ushl,hockeytech,8,Sioux City Musketeers,2025,2025
ushl,hockeytech,8,Sioux City Musketeers,2026,2026
ushl,hockeytech,9,Central Illinois Flying Aces,2015,2019
wbb,espn,103,Boston College Eagles,,
wbb,espn,104,Boston University Terriers,,
wbb,espn,107,Holy Cross Crusaders,,
wbb,espn,108,Harvard Crimson,,
wbb,espn,111,Northeastern Huskies,,
wbb,espn,112358,Long Island University Sharks,,
wbb,espn,113,Massachusetts Minutewomen,,
wbb,espn,116,Mount St. Mary's Mountaineers,,
wbb,espn,119,Towson Tigers,,
wbb,espn,12,Arizona Wildcats,,
wbb,espn,120,Maryland Terrapins,,
wbb,espn,127,Michigan State Spartans,,
wbb,espn,13,Cal Poly Mustangs,,
wbb,espn,130,Michigan Wolverines,,
wbb,espn,135,Minnesota Golden Gophers,,
wbb,espn,139,Saint Louis Billikens,,
wbb,espn,140,Kansas City Roos,,
wbb,espn,142,Missouri Tigers,,
wbb,espn,145,Ole Miss Rebels,,
wbb,espn,147,Montana State Bobcats,,
wbb,espn,149,Montana Lady Griz,,
wbb,espn,150,Duke Blue Devils,,
wbb,espn,151,East Carolina Pirates,,
wbb,espn,152,NC State Wolfpack,,
wbb,espn,153,North Carolina Tar Heels,,
wbb,espn,154,Wake Forest Demon Deacons,,
wbb,espn,155,North Dakota Fighting Hawks,,
wbb,espn,156,Creighton Bluejays,,
wbb,espn,158,Nebraska Cornhuskers,,
wbb,espn,159,Dartmouth Big Green,,
wbb,espn,16,Sacramento State Hornets,,
wbb,espn,160,New Hampshire Wildcats,,
wbb,espn,161,Fairleigh Dickinson Knights,,
wbb,espn,163,Princeton Tigers,,
wbb,espn,164,Rutgers Scarlet Knights,,
wbb,espn,166,New Mexico State Aggies,,
wbb,espn,167,New Mexico Lobos,,
wbb,espn,171,Columbia Lions,,
wbb,espn,172,Cornell Big Red,,
wbb,espn,179,St. Bonaventure Bonnies,,
wbb,espn,183,Syracuse Orange,,
wbb,espn,189,Bowling Green Falcons,,
wbb,espn,193,Miami (OH) RedHawks,,
wbb,espn,194,Ohio State Buckeyes,,
wbb,espn,195,Ohio Bobcats,,
wbb,espn,197,Oklahoma State Cowgirls,,
wbb,espn,198,Oral Roberts Golden Eagles,,
wbb,espn,2,Auburn Tigers,,
wbb,espn,2000,Abilene Christian Wildcats,,
wbb,espn,2005,Air Force Falcons,,
wbb,espn,2006,Akron Zips,,
wbb,espn,201,Oklahoma Sooners,,
wbb,espn,2010,Alabama A&M Bulldogs,,
wbb,espn,2011,Alabama State Lady Hornets,,
wbb,espn,2016,Alcorn State Lady Braves,,
wbb,espn,202,Tulsa Golden Hurricane,,
wbb,espn,2026,App State Mountaineers,,
wbb,espn,2029,Arkansas-Pine Bluff Golden Lions,,
wbb,espn,2031,Little Rock Trojans,,
wbb,espn,2032,Arkansas State Red Wolves,,
wbb,espn,204,Oregon State Beavers,,
wbb,espn,2046,Austin Peay Governors,,
wbb,espn,2050,Ball State Cardinals,,
wbb,espn,2057,Belmont Bruins,,
wbb,espn,2065,Bethune-Cookman Wildcats,,
wbb,espn,2066,Binghamton Bearcats,,
wbb,espn,2083,Bucknell Bison,,
wbb,espn,2084,Buffalo Bulls,,
wbb,espn,2086,Butler Bulldogs,,
wbb,espn,2097,Campbell Fighting Camels,,
wbb,espn,2099,Canisius Golden Griffins,,
wbb,espn,21,San Diego State Aztecs,,
wbb,espn,2110,Central Arkansas Bears,,
wbb,espn,2115,Central Connecticut Blue Devils,,
wbb,espn,2116,UCF Knights,,
wbb,espn,2117,Central Michigan Chippewas,,
wbb,espn,2127,Charleston Southern Buccaneers,,
wbb,espn,213,Penn State Lady Lions,,
wbb,espn,2130,Chicago State Cougars,,
wbb,espn,2132,Cincinnati Bearcats,,
wbb,espn,2142,Colgate Raiders,,
wbb,espn,2154,Coppin State Eagles,,
wbb,espn,2166,Davidson Wildcats,,
wbb,espn,2168,Dayton Flyers,,
wbb,espn,2169,Delaware State Hornets,,
wbb,espn,2172,Denver Pioneers,,
wbb,espn,2174,Detroit Mercy Titans,,
wbb,espn,218,Temple Owls,,
wbb,espn,2181,Drake Bulldogs,,
wbb,espn,2182,Drexel Dragons,,
wbb,espn,2184,Duquesne Dukes,,
wbb,espn,219,Pennsylvania Quakers,,
wbb,espn,2193,East Tennessee State Bucs,,
wbb,espn,2197,Eastern Illinois Panthers,,
wbb,espn,2198,Eastern Kentucky Colonels,,
wbb,espn,2199,Eastern Michigan Eagles,,
wbb,espn,221,Pittsburgh Panthers,,
wbb,espn,2210,Elon Phoenix,,
wbb,espn,2217,Fairfield Stags,,
wbb,espn,222,Villanova Wildcats,,
wbb,espn,2226,Florida Atlantic Owls,,
wbb,espn,2229,Florida International Panthers,,
wbb,espn,2230,Fordham Rams,,
wbb,espn,2239,Cal State Fullerton Titans,,
wbb,espn,2241,Gardner-Webb Runnin' Bulldogs,,
wbb,espn,2244,George Mason Patriots,,
wbb,espn,2247,Georgia State Panthers,,
wbb,espn,225,Brown Bears,,
wbb,espn,2250,Gonzaga Bulldogs,,
wbb,espn,2253,Grand Canyon Lopes,,
wbb,espn,2261,Hampton Lady Pirates,,
wbb,espn,227,Rhode Island Rams,,
wbb,espn,2272,High Point Panthers,,
wbb,espn,2275,Hofstra Pride,,
wbb,espn,2277,Houston Christian Huskies,,
wbb,espn,228,Clemson Tigers,,
wbb,espn,2287,Illinois State Redbirds,,
wbb,espn,2294,Iowa Hawkeyes,,
wbb,espn,2296,Jackson State Lady Tigers,,
wbb,espn,23,San José State Spartans,,
wbb,espn,2305,Kansas Jayhawks,,
wbb,espn,2306,Kansas State Wildcats,,
wbb,espn,2309,Kent State Golden Flashes,,
wbb,espn,231,Furman Paladins,,
wbb,espn,232,Charleston Cougars,,
wbb,espn,2320,Lamar Cardinals,,
wbb,espn,2325,La Salle Explorers,,
wbb,espn,2329,Lehigh Mountain Hawks,,
wbb,espn,233,South Dakota Coyotes,,
wbb,espn,2330,Le Moyne Dolphins,,
wbb,espn,2335,Liberty Flames,,
wbb,espn,2344,Longwood Lancers,,
wbb,espn,2348,Louisiana Tech Lady Techsters,,
wbb,espn,2349,UMass Lowell River Hawks,,
wbb,espn,235,Memphis Tigers,,
wbb,espn,2350,Loyola Chicago Ramblers,,
wbb,espn,2351,Loyola Marymount Lions,,
wbb,espn,2352,Loyola Maryland Greyhounds,,
wbb,espn,236,Chattanooga Mocs,,
wbb,espn,2363,Manhattan Jaspers,,
wbb,espn,2368,Marist Red Foxes,,
wbb,espn,2377,McNeese Cowgirls,,
wbb,espn,2378,UMBC Retrievers,,
wbb,espn,2379,Maryland Eastern Shore Hawks,,
wbb,espn,238,Vanderbilt Commodores,,
wbb,espn,2382,Mercer Bears,,
wbb,espn,2385,Mercyhurst Lakers,,
wbb,espn,239,Baylor Bears,,
wbb,espn,2390,Miami Hurricanes,,
wbb,espn,2393,Middle Tennessee Blue Raiders,,
wbb,espn,24,Stanford Cardinal,,
wbb,espn,2400,Mississippi Valley State Devilettes,,
wbb,espn,2405,Monmouth Hawks,,
wbb,espn,2413,Morehead State Eagles,,
wbb,espn,2415,Morgan State Lady Bears,,
wbb,espn,242,Rice Owls,,
wbb,espn,2426,Navy Midshipmen,,
wbb,espn,2427,UNC Asheville Bulldogs,,
wbb,espn,2428,North Carolina Central Eagles,,
wbb,espn,2429,Charlotte 49ers,,
wbb,espn,2430,UNC Greensboro Spartans,,
wbb,espn,2433,UL Monroe Warhawks,,
wbb,espn,2437,Omaha Mavericks,,
wbb,espn,2439,UNLV Lady Rebels,,
wbb,espn,2440,Nevada Wolf Pack,,
wbb,espn,2441,New Haven Chargers,,
wbb,espn,2443,LSU New Orleans Privateers,,
wbb,espn,2447,Nicholls Colonels,,
wbb,espn,2448,North Carolina A&T Aggies,,
wbb,espn,2449,North Dakota State Bison,,
wbb,espn,245,Texas A&M Aggies,,
wbb,espn,2450,Norfolk State Spartans,,
wbb,espn,2453,North Alabama Lions,,
wbb,espn,2454,North Florida Ospreys,,
wbb,espn,2458,Northern Colorado Bears,,
wbb,espn,2459,Northern Illinois Huskies,,
wbb,espn,2460,Northern Iowa Panthers,,
wbb,espn,2463,Cal State Northridge Matadors,,
wbb,espn,2464,Northern Arizona Lumberjacks,,
wbb,espn,2466,Northwestern State Lady Demons,,
wbb,espn,2473,Oakland Golden Grizzlies,,
wbb,espn,248,Houston Cougars,,
wbb,espn,2483,Oregon Ducks,,
wbb,espn,249,North Texas Mean Green,,
wbb,espn,2492,Pepperdine Waves,,
wbb,espn,25,California Golden Bears,,
wbb,espn,250,UT Arlington Mavericks,,
wbb,espn,2501,Portland Pilots,,
wbb,espn,2502,Portland State Vikings,,
wbb,espn,2504,Prairie View A&M Lady Panthers,,
wbb,espn,2506,Presbyterian Blue Hose,,
wbb,espn,2507,Providence Friars,,
wbb,espn,2509,Purdue Boilermakers,,
wbb,espn,251,Texas Longhorns,,
wbb,espn,2511,Queens University Royals,,
wbb,espn,2514,Quinnipiac Bobcats,,
wbb,espn,2515,Radford Highlanders,,
wbb,espn,252,BYU Cougars,,
wbb,espn,2520,Rider Broncs,,
wbb,espn,2523,Robert Morris Colonials,,
wbb,espn,2529,Sacred Heart Pioneers,,
wbb,espn,253,Southern Utah Thunderbirds,,
wbb,espn,2534,Sam Houston Bearkats,,
wbb,espn,2535,Samford Bulldogs,,
wbb,espn,2539,San Francisco Dons,,
wbb,espn,254,Utah Utes,,
wbb,espn,2540,UC Santa Barbara Gauchos,,
wbb,espn,2541,Santa Clara Broncos,,
wbb,espn,2545,SE Louisiana Lady Lions,,
wbb,espn,2546,Southeast Missouri State Redhawks,,
wbb,espn,2547,Seattle U Redhawks,,
wbb,espn,2550,Seton Hall Pirates,,
wbb,espn,256,James Madison Dukes,,
wbb,espn,2561,Siena Saints,,
wbb,espn,2565,SIU Edwardsville Cougars,,
wbb,espn,2567,SMU Mustangs,,
wbb,espn,2569,South Carolina State Lady Bulldogs,,
wbb,espn,257,Richmond Spiders,,
wbb,espn,2571,South Dakota State Jackrabbits,,
wbb,espn,2572,Southern Miss Lady Eagles,,
wbb,espn,2579,South Carolina Gamecocks,,
wbb,espn,258,Virginia Cavaliers,,
wbb,espn,2582,Southern Jaguars,,
wbb,espn,259,Virginia Tech Hokies,,
wbb,espn,2598,Saint Francis Red Wolves,,
wbb,espn,2599,St. John's Red Storm,,
wbb,espn,26,UCLA Bruins,,
wbb,espn,2603,Saint Joseph's Hawks,,
wbb,espn,2608,Saint Mary's Gaels,,
wbb,espn,261,Vermont Catamounts,,
wbb,espn,2612,Saint Peter's Peacocks,,
wbb,espn,2617,Stephen F. Austin Ladyjacks,,
wbb,espn,2619,Stony Brook Seawolves,,
wbb,espn,2623,Missouri State Lady Bears,,
wbb,espn,2627,Tarleton State Texans,,
wbb,espn,2628,TCU Horned Frogs,,
wbb,espn,2630,UT Martin Skyhawks,,
wbb,espn,2633,Tennessee Lady Volunteers,,
wbb,espn,2634,Tennessee State Lady Tigers,,
wbb,espn,2635,Tennessee Tech Golden Eagles,,
wbb,espn,2636,UTSA Roadrunners,,
wbb,espn,2638,UTEP Miners,,
wbb,espn,264,Washington Huskies,,
wbb,espn,2640,Texas Southern Tigers,,
wbb,espn,2641,Texas Tech Lady Raiders,,
wbb,espn,2649,Toledo Rockets,,
wbb,espn,265,Washington State Cougars,,
wbb,espn,2653,Troy Trojans,,
wbb,espn,2655,Tulane Green Wave,,
wbb,espn,2670,VCU Rams,,
wbb,espn,2674,Valparaiso Beacons,,
wbb,espn,2681,Wagner Seahawks,,
wbb,espn,269,Marquette Golden Eagles,,
wbb,espn,2692,Weber State Wildcats,,
wbb,espn,2697,West Florida Argonauts,,
wbb,espn,2698,West Georgia Wolves,,
wbb,espn,27,UC Riverside Highlanders,,
wbb,espn,270,Milwaukee Panthers,,
wbb,espn,2710,Western Illinois Leathernecks,,
wbb,espn,2711,Western Michigan Broncos,,
wbb,espn,2717,Western Carolina Catamounts,,
wbb,espn,2724,Wichita State Shockers,,
wbb,espn,2729,William & Mary Tribe,,
wbb,espn,2737,Winthrop Eagles,,
wbb,espn,2739,Green Bay Phoenix,,
wbb,espn,2747,Wofford Terriers,,
wbb,espn,275,Wisconsin Badgers,,
wbb,espn,2750,Wright State Raiders,,
wbb,espn,2751,Wyoming Cowgirls,,
wbb,espn,2752,Xavier Musketeers,,
wbb,espn,2754,Youngstown State Penguins,,
wbb,espn,2755,Grambling Lady Tigers,,
wbb,espn,276,Marshall Thundering Herd,,
wbb,espn,277,West Virginia Mountaineers,,
wbb,espn,2771,Merrimack Warriors,,
wbb,espn,278,Fresno State Bulldogs,,
wbb,espn,279,Pacific Tigers,,
wbb,espn,28,UC San Diego Tritons,,
wbb,espn,2803,Bryant Bulldogs,,
wbb,espn,2815,Lindenwood Lions,,
wbb,espn,282,Indiana State Sycamores,,
wbb,espn,2837,East Texas A&M Lions,,
wbb,espn,284,Stonehill Skyhawks,,
wbb,espn,2856,California Baptist Lancers,,
wbb,espn,2870,Purdue Fort Wayne Mastodons,,
wbb,espn,288,Lipscomb Bisons,,
wbb,espn,2885,NJIT Highlanders,,
wbb,espn,290,Georgia Southern Eagles,,
wbb,espn,2900,St. Thomas Tommies,,
wbb,espn,2908,South Carolina Upstate Spartans,,
wbb,espn,2916,Incarnate Word Cardinals,,
wbb,espn,292,UT Rio Grande Valley Vaqueros,,
wbb,espn,2934,Cal State Bakersfield Roadrunners,,
wbb,espn,294,Jacksonville Dolphins,,
wbb,espn,295,Old Dominion Monarchs,,
wbb,espn,299,Long Beach State Beach,,
wbb,espn,30,USC Trojans,,
wbb,espn,300,UC Irvine Anteaters,,
wbb,espn,301,San Diego Toreros,,
wbb,espn,302,UC Davis Aggies,,
wbb,espn,304,Idaho State Bengals,,
wbb,espn,305,DePaul Blue Demons,,
wbb,espn,3084,Utah Valley Wolverines,,
wbb,espn,309,Louisiana Ragin' Cajuns,,
wbb,espn,3101,Utah Tech Trailblazers,,
wbb,espn,311,Maine Black Bears,,
wbb,espn,314,Iona Gaels,,
wbb,espn,315,Niagara Purple Eagles,,
wbb,espn,322,Lafayette Leopards,,
wbb,espn,324,Coastal Carolina Chanticleers,,
wbb,espn,325,Cleveland State Vikings,,
wbb,espn,326,Texas State Bobcats,,
wbb,espn,328,Utah State Aggies,,
wbb,espn,331,Eastern Washington Eagles,,
wbb,espn,333,Alabama Crimson Tide,,
wbb,espn,338,Kennesaw State Owls,,
wbb,espn,339,Evansville Purple Aces,,
wbb,espn,344,Mississippi State Bulldogs,,
wbb,espn,349,Army Black Knights,,
wbb,espn,350,UNC Wilmington Seahawks,,
wbb,espn,356,Illinois Fighting Illini,,
wbb,espn,357,Texas A&M-Corpus Christi Islanders,,
wbb,espn,36,Colorado State Rams,,
wbb,espn,38,Colorado Buffaloes,,
wbb,espn,399,UAlbany Great Danes,,
wbb,espn,41,UConn Huskies,,
wbb,espn,43,Yale Bulldogs,,
wbb,espn,44,American University Eagles,,
wbb,espn,45,George Washington Revolutionaries,,
wbb,espn,46,Georgetown Hoyas,,
wbb,espn,47,Howard Bison,,
wbb,espn,48,Delaware Blue Hens,,
wbb,espn,5,UAB Blazers,,
wbb,espn,50,Florida A&M Rattlers,,
wbb,espn,52,Florida State Seminoles,,
wbb,espn,526,Florida Gulf Coast Eagles,,
wbb,espn,55,Jacksonville State Gamecocks,,
wbb,espn,56,Stetson Hatters,,
wbb,espn,57,Florida Gators,,
wbb,espn,58,South Florida Bulls,,
wbb,espn,59,Georgia Tech Yellow Jackets,,
wbb,espn,6,South Alabama Jaguars,,
wbb,espn,61,Georgia Lady Bulldogs,,
wbb,espn,62,Hawai'i Rainbow Warriors,,
wbb,espn,66,Iowa State Cyclones,,
wbb,espn,68,Boise State Broncos,,
wbb,espn,70,Idaho Vandals,,
wbb,espn,71,Bradley Braves,,
wbb,espn,77,Northwestern Wildcats,,
wbb,espn,79,Southern Illinois Salukis,,
wbb,espn,8,Arkansas Razorbacks,,
wbb,espn,82,UIC Flames,,
wbb,espn,84,Indiana Hoosiers,,
wbb,espn,85,IU Indianapolis Jaguars,,
wbb,espn,87,Notre Dame Fighting Irish,,
wbb,espn,88,Southern Indiana Screaming Eagles,,
wbb,espn,9,Arizona State Sun Devils,,
wbb,espn,91,Bellarmine Knights,,
wbb,espn,93,Murray State Racers,,
wbb,espn,94,Northern Kentucky Norse,,
wbb,espn,96,Kentucky Wildcats,,
wbb,espn,97,Louisville Cardinals,,
wbb,espn,98,Western Kentucky Lady Toppers,,
wbb,espn,99,LSU Tigers,,
whl,hockeytech,201,Brandon Wheat Kings,1997,2026
whl,hockeytech,202,Calgary Hitmen,1997,2026
whl,hockeytech,203,Kamloops Blazers,1997,2026
whl,hockeytech,204,Kelowna Rockets,1997,2026
whl,hockeytech,205,Lethbridge Hurricanes,1997,1997
whl,hockeytech,205,Lethbridge Hurricanes,1998,1998
whl,hockeytech,205,Lethbridge Hurricanes,1999,1999
whl,hockeytech,205,Lethbridge Hurricanes,2000,2000
whl,hockeytech,205,Lethbridge Hurricanes,2001,2001
whl,hockeytech,205,Lethbridge Hurricanes,2002,2002
whl,hockeytech,205,Lethbridge Hurricanes,2003,2003
whl,hockeytech,205,Lethbridge Hurricanes,2004,2004
whl,hockeytech,205,Lethbridge Hurricanes,2005,2005
whl,hockeytech,205,Lethbridge Hurricanes,2006,2006
whl,hockeytech,205,Lethbridge Hurricanes,2007,2007
whl,hockeytech,205,Lethbridge Hurricanes,2008,2008
whl,hockeytech,205,Lethbridge Hurricanes,2009,2009
whl,hockeytech,205,Lethbridge Hurricanes,2010,2010
whl,hockeytech,205,Lethbridge Hurricanes,2011,2011
whl,hockeytech,205,Lethbridge Hurricanes,2012,2012
whl,hockeytech,205,Lethbridge Hurricanes,2013,2013
whl,hockeytech,205,Lethbridge Hurricanes,2014,2026
whl,hockeytech,206,Medicine Hat Tigers,1997,2026
whl,hockeytech,207,Moose Jaw Warriors,1997,2026
whl,hockeytech,208,Portland Winterhawks,1997,2026
whl,hockeytech,208,Portland Winterhawks,2021,2021
whl,hockeytech,208,Portland Winterhawks,2022,2022
whl,hockeytech,208,Portland Winterhawks,2023,2023
whl,hockeytech,208,Portland Winterhawks,2024,2024
whl,hockeytech,209,Prince Albert Raiders,1997,1997
whl,hockeytech,209,Prince Albert Raiders,1998,1998
whl,hockeytech,209,Prince Albert Raiders,1999,1999
whl,hockeytech,209,Prince Albert Raiders,2000,2000
whl,hockeytech,209,Prince Albert Raiders,2001,2001
whl,hockeytech,209,Prince Albert Raiders,2002,2002
whl,hockeytech,209,Prince Albert Raiders,2003,2003
whl,hockeytech,209,Prince Albert Raiders,2004,2004
whl,hockeytech,209,Prince Albert Raiders,2005,2005
whl,hockeytech,209,Prince Albert Raiders,2006,2006
whl,hockeytech,209,Prince Albert Raiders,2007,2007
whl,hockeytech,209,Prince Albert Raiders,2008,2008
whl,hockeytech,209,Prince Albert Raiders,2009,2009
whl,hockeytech,209,Prince Albert Raiders,2010,2010
whl,hockeytech,209,Prince Albert Raiders,2011,2011
whl,hockeytech,209,Prince Albert Raiders,2012,2012
whl,hockeytech,209,Prince Albert Raiders,2013,2013
whl,hockeytech,209,Prince Albert Raiders,2014,2026
whl,hockeytech,210,Prince George Cougars,1997,2026
whl,hockeytech,211,Red Deer Rebels,1997,2026
whl,hockeytech,212,Regina Pats,1997,2026
whl,hockeytech,213,Saskatoon Blades,1997,2026
whl,hockeytech,213,Saskatoon Blades,2020,2020
whl,hockeytech,214,Seattle Thunderbirds,1997,2026
whl,hockeytech,215,Spokane Chiefs,1997,2026
whl,hockeytech,216,Swift Current Broncos,1997,2026
whl,hockeytech,217,Tri-City Americans,1997,2026
whl,hockeytech,222,Wenatchee Wild,2023,2023
whl,hockeytech,222,Wenatchee Wild,2024,2024
whl,hockeytech,222,Wenatchee Wild,2025,2025
whl,hockeytech,222,Wenatchee Wild,2026,2026
whl,hockeytech,222,Winnipeg ICE,1997,2022
whl,hockeytech,222,Winnipeg ICE,2020,2020
whl,hockeytech,223,Vancouver Giants,2002,2026
whl,hockeytech,226,Everett Silvertips,2004,2026
whl,hockeytech,226,Everett Silvertips,2018,2018
whl,hockeytech,227,Chilliwack Bruins,2007,2007
whl,hockeytech,227,Chilliwack Bruins,2008,2008
whl,hockeytech,227,Chilliwack Bruins,2009,2009
whl,hockeytech,227,Chilliwack Bruins,2010,2010
whl,hockeytech,227,Chilliwack Bruins,2011,2011
whl,hockeytech,227,Victoria Royals,2012,2026
whl,hockeytech,228,Edmonton Oil Kings,2008,2026
whl,hockeytech,277,Penticton Vees,2025,2025
whl,hockeytech,277,Penticton Vees,2026,2026
wnba,espn,11,Phoenix Mercury,,
wnba,espn,129689,Golden State Valkyries,,
wnba,espn,131935,Toronto Tempo,,
wnba,espn,132052,Portland Fire,,
wnba,espn,14,Seattle Storm,,
wnba,espn,16,Washington Mystics,,
wnba,espn,17,Las Vegas Aces,,
wnba,espn,18,Connecticut Sun,,
wnba,espn,19,Chicago Sky,,
wnba,espn,20,Atlanta Dream,,
wnba,espn,3,Dallas Wings,,
wnba,espn,5,Indiana Fever,,
wnba,espn,6,Los Angeles Sparks,,
wnba,espn,8,Minnesota Lynx,,
wnba,espn,9,New York Liberty,,
wnba,espn,CHA,CHA,,
wnba,espn,DET,DET,,
wnba,espn,HOU,HOU,,
wnba,espn,SA,SA,,
wnba,espn,SAC,SAC,,
wnba,espn,SAS,SAS,,
wnba,espn,TUL,TUL,,
xfl,espn,112646,DC Defenders,2020,2023
xfl,espn,112647,Arlington Renegades,2023,2023
xfl,espn,112647,Dallas Renegades,2020,2020
xfl,espn,112648,Houston Roughnecks,2020,2023
xfl,espn,112649,Los Angeles Wildcats,2020,2020
xfl,espn,112650,New York Guardians,2020,2020
xfl,espn,112651,St. Louis Battlehawks,2020,2023
xfl,espn,112652,Seattle Sea Dragons,2023,2023
xfl,espn,112653,Tampa Bay Vipers,2020,2020
xfl,espn,126746,San Antonio Brahmas,2023,2023
xfl,espn,126747,Vegas Vipers,2023,2023
xfl,espn,126748,Orlando Guardians,2023,2023
xfl,wayback,112652,Seattle Dragons,2020,2020
