league,team_id,name,program
aaf,719,Arizona Hotshots,pro
aaf,720,Atlanta Legends,pro
aaf,721,Birmingham Iron,pro
aaf,722,Memphis Express,pro
aaf,723,Orlando Apollos,pro
aaf,724,Salt Lake Stallions,pro
aaf,725,San Antonio Commanders,pro
aaf,726,San Diego Fleet,pro
ahl,307,Hartford Wolf Pack,pro
ahl,309,Providence Bruins,pro
ahl,310,Portland Pirates,pro
ahl,311,Lowell Lock Monsters,pro
ahl,312,Springfield Falcons,pro
ahl,313,Lehigh Valley Phantoms,pro
ahl,314,Norfolk Admirals,pro
ahl,315,Binghamton Senators,pro
ahl,316,Wilkes-Barre/Scranton Penguins,pro
ahl,317,Bridgeport Islanders,pro
ahl,318,Albany River Rats,pro
ahl,319,Hershey Bears,pro
ahl,321,Manitoba Moose,pro
ahl,323,Rochester Americans,pro
ahl,324,Syracuse Crunch,pro
ahl,325,Cleveland Barons,pro
ahl,326,Hamilton Bulldogs,pro
ahl,327,Milwaukee Admirals,pro
ahl,328,Grand Rapids Griffins,pro
ahl,329,Houston Aeros,pro
ahl,330,Chicago Wolves,pro
ahl,331,San Antonio Rampage,pro
ahl,334,Peoria Rivermen,pro
ahl,335,Toronto Marlies,pro
ahl,336,Iowa Stars,pro
ahl,337,Omaha Ak-Sar-Ben Knights,pro
ahl,344,Manchester Monarchs,pro
ahl,370,Worcester Sharks,pro
ahl,371,Quad City Flames,pro
ahl,372,Rockford IceHogs,pro
ahl,373,Cleveland Monsters,pro
ahl,375,Iowa Chops,pro
ahl,379,Abbotsford Heat,pro
ahl,380,Texas Stars,pro
ahl,383,Oklahoma City Barons,pro
ahl,384,Charlotte Checkers,pro
ahl,387,St. John's IceCaps,pro
ahl,389,Iowa Wild,pro
ahl,390,Utica Comets,pro
ahl,395,Worcester IceCats,pro
ahl,396,Edmonton Road Runners,pro
ahl,397,St. John's Maple Leafs,pro
ahl,398,Cincinnati Mighty Ducks,pro
ahl,399,Utah Grizzlies,pro
ahl,400,Adirondack Flames,pro
ahl,402,Bakersfield Condors,pro
ahl,403,Ontario Reign,pro
ahl,404,San Diego Gulls,pro
ahl,405,San Jose Barracuda,pro
ahl,406,Stockton Heat,pro
ahl,411,Springfield Thunderbirds,pro
ahl,412,Tucson Roadrunners,pro
ahl,413,Belleville Senators,pro
ahl,414,Binghamton Devils,pro
ahl,415,Laval Rocket,pro
ahl,419,Colorado Eagles,pro
ahl,437,Henderson Silver Knights,pro
ahl,440,Abbotsford Canucks,pro
ahl,444,Calgary Wranglers,pro
ahl,445,Coachella Valley Firebirds,pro
ahl,457,Hamilton Hammers,pro
cfb,101,Eureka Red Devils,football
cfb,101442,Centenary (LA) Gentlemen,football
cfb,101784,Erskine Flying Fleet,football
cfb,103,Boston College Eagles,football
cfb,107,Holy Cross Crusaders,football
cfb,108,Harvard Crimson,football
cfb,109,MIT Engineers,football
cfb,11,Colorado Mesa Mavericks,football
cfb,110,Mass Maritime Buccaneers,football
cfb,110242,West Florida Argonauts,football
cfb,110243,UT Permian Basin Falcons,football
cfb,110438,Dean Bulldogs,football
cfb,111610,St. Andrews Knights,football
cfb,111674,Alvernia Golden Wolves,football
cfb,111675,New England Nor'easters,football
cfb,112,Tufts Jumbos,football
cfb,112334,Franklin Pierce Ravens,football
cfb,112335,Wheeling Cardinals,football
cfb,113,Massachusetts Minutemen,football
cfb,114,Fitchburg State Falcons,football
cfb,118,Johns Hopkins Blue Jays,football
cfb,119,Towson Tigers,football
cfb,12,Arizona Wildcats,football
cfb,120,Maryland Terrapins,football
cfb,121,Bates Bobcats,football
cfb,122666,Barton Bulldogs,football
cfb,122774,Keystone Giants,football
cfb,123086,North American Stallions,football
cfb,124,Augsburg Auggies,football
cfb,124179,Lincoln (CA) Oaklanders,football
cfb,124180,Bluefield State Big Blue,football
cfb,125,Grand Valley State Lakers,football
cfb,125974,Hilbert Hawks,football
cfb,126,Kalamazoo Hornets,football
cfb,126086,Post Eagles,football
cfb,127,Michigan State Spartans,football
cfb,127954,Eastern Eagles,football
cfb,128,Northern Michigan Wildcats,football
cfb,129,Saginaw Valley State Cardinals,football
cfb,129469,Anderson (SC) Trojans,football
cfb,129738,Calvin Knights,football
cfb,13,Cal Poly Mustangs,football
cfb,130,Michigan Wolverines,football
cfb,131,Wayne State (MI) Warriors,football
cfb,132,Bemidji State Beavers,football
cfb,133,St. Olaf Oles,football
cfb,134,Minnesota Duluth Bulldogs,football
cfb,135,Minnesota Golden Gophers,football
cfb,137,Missouri Western Griffons,football
cfb,138,Northwest Missouri State Bearcats,football
cfb,142,Missouri Tigers,football
cfb,143,Washington St. Louis Bears,football
cfb,145,Ole Miss Rebels,football
cfb,146,Grove City Wolverines,football
cfb,147,Montana State Bobcats,football
cfb,149,Montana Grizzlies,football
cfb,150,Duke Blue Devils,football
cfb,151,East Carolina Pirates,football
cfb,152,NC State Wolfpack,football
cfb,153,North Carolina Tar Heels,football
cfb,154,Wake Forest Demon Deacons,football
cfb,155,North Dakota Fighting Hawks,football
cfb,158,Nebraska Cornhuskers,football
cfb,159,Dartmouth Big Green,football
cfb,16,Sacramento State Hornets,football
cfb,160,New Hampshire Wildcats,football
cfb,162,Hamline Pipers,football
cfb,163,Princeton Tigers,football
cfb,164,Rutgers Scarlet Knights,football
cfb,166,New Mexico State Aggies,football
cfb,167,New Mexico Lobos,football
cfb,17,Claremont Mudd Scripps Stags,football
cfb,171,Columbia Lions,football
cfb,172,Cornell Big Red,football
cfb,173,Hartwick Hawks,football
cfb,174,Hobart Statesmen,football
cfb,175,Ithaca Bombers,football
cfb,18,Bridgewater State Bears,football
cfb,183,Syracuse Orange,football
cfb,184,Rochester (NY) Yellow Jackets,football
cfb,188,Baldwin Wallace Yellow Jackets,football
cfb,189,Bowling Green Falcons,football
cfb,190,Defiance College Yellow Jackets,football
cfb,191,Heidelberg Student Princes,football
cfb,193,Miami (OH) RedHawks,football
cfb,194,Ohio State Buckeyes,football
cfb,195,Ohio Bobcats,football
cfb,196,Northeastern State RiverHawks,football
cfb,197,Oklahoma State Cowboys,football
cfb,199,Southeastern Oklahoma State Savage Storm,football
cfb,2,Auburn Tigers,football
cfb,200,Southern Nazarene Crimson Storm,football
cfb,2000,Abilene Christian Wildcats,football
cfb,2001,Adams State Grizzlies,football
cfb,2003,Adrian Bulldogs,football
cfb,2005,Air Force Falcons,football
cfb,2006,Akron Zips,football
cfb,201,Oklahoma Sooners,football
cfb,2010,Alabama A&M Bulldogs,football
cfb,2011,Alabama State Hornets,football
cfb,2013,Albany State Golden Rams,football
cfb,2015,Albright Lions,football
cfb,2016,Alcorn State Braves,football
cfb,2018,Allegheny Gators,football
cfb,2019,Allen Yellow Jackets,football
cfb,202,Tulsa Golden Hurricane,football
cfb,2022,American International Yellow Jackets,football
cfb,2023,Anderson (IN) Ravens,football
cfb,2025,Angelo State Rams,football
cfb,2026,App State Mountaineers,football
cfb,2028,Arkansas Monticello Boll Weevils,football
cfb,2029,Arkansas-Pine Bluff Golden Lions,football
cfb,203,Linfield Wildcats,football
cfb,2032,Arkansas State Red Wolves,football
cfb,2033,Arkansas Tech Wonder Boys,football
cfb,2038,Assumption Greyhounds,football
cfb,204,Oregon State Beavers,football
cfb,2042,Augustana (IL) Vikings,football
cfb,2043,Augustana (SD) Vikings,football
cfb,2044,Aurora Spartans,football
cfb,2045,Austin 'Roos,football
cfb,2046,Austin Peay Governors,football
cfb,2047,Averett Cougars,football
cfb,2049,Azusa Pacific Cougars,football
cfb,205,Pacific (OR) Boxers,football
cfb,2050,Ball State Cardinals,football
cfb,2056,Belhaven Blazers,football
cfb,2060,Bentley Falcons,football
cfb,2062,Bethany (WV) Bison,football
cfb,2064,Bethel (TN) Wildcats,football
cfb,2065,Bethune-Cookman Wildcats,football
cfb,2069,Black Hills State Yellow Jackets,football
cfb,2071,Bloomsburg Huskies,football
cfb,2074,Bluffton Beavers,football
cfb,2075,Bowie State Bulldogs,football
cfb,2079,Bridgewater Eagles,football
cfb,2083,Bucknell Bison,football
cfb,2084,Buffalo Bulls,football
cfb,2085,Buffalo State Bengals,football
cfb,2086,Butler Bulldogs,football
cfb,209,Lock Haven Bald Eagles,football
cfb,2094,Cal Lutheran Kingsmen,football
cfb,2097,Campbell Fighting Camels,football
cfb,21,San Diego State Aztecs,football
cfb,210,Millersville Marauders,football
cfb,2101,Carleton Knights,football
cfb,2102,Carnegie Mellon Tartans,football
cfb,2105,Carson Newman Eagles,football
cfb,2106,Carthage Firebirds,football
cfb,2107,Catawba Indians,football
cfb,2108,Catholic Cardinals,football
cfb,2110,Central Arkansas Bears,football
cfb,2115,Central Connecticut Blue Devils,football
cfb,2116,UCF Knights,football
cfb,2117,Central Michigan Chippewas,football
cfb,2118,Central Missouri Mules,football
cfb,2119,Central State Marauders,football
cfb,2120,Central Washington Wildcats,football
cfb,2121,Centre Colonels,football
cfb,2122,Central Oklahoma Bronchos,football
cfb,2123,Chadron State Eagles,football
cfb,2127,Charleston Southern Buccaneers,football
cfb,2128,Charleston (WV) Golden Eagles,football
cfb,213,Penn State Nittany Lions,football
cfb,2130,Chicago State Cougars,football
cfb,2132,Cincinnati Bearcats,football
cfb,2134,Clarion Golden Eagles,football
cfb,2141,Coe Kohawks,football
cfb,2142,Colgate Raiders,football
cfb,2146,Colorado School of Mines Orediggers,football
cfb,2148,Concord Mountain Lions,football
cfb,215,Slippery Rock The Rock,football
cfb,2151,Concordia Chicago Cougars,football
cfb,2152,Concordia (MN) Cobbers,football
cfb,2155,Cornell (IA) Rams,football
cfb,216,Susquehanna River Hawks,football
cfb,2166,Davidson Wildcats,football
cfb,2168,Dayton Flyers,football
cfb,2169,Delaware State Hornets,football
cfb,2170,Delta State Statesmen,football
cfb,2171,Denison Big Red,football
cfb,2175,Dickinson Red Devils,football
cfb,218,Temple Owls,football
cfb,2181,Drake Bulldogs,football
cfb,2184,Duquesne Dukes,football
cfb,2188,East Stroudsburg Warriors,football
cfb,219,Pennsylvania Quakers,football
cfb,2191,East Central Tigers,football
cfb,2193,East Tennessee State Buccaneers,football
cfb,2194,East Texas Baptist Tigers,football
cfb,2197,Eastern Illinois Panthers,football
cfb,2198,Eastern Kentucky Colonels,football
cfb,2199,Eastern Michigan Eagles,football
cfb,2201,Eastern New Mexico Greyhounds,football
cfb,2202,Eastern Oregon,football
cfb,2205,Edinboro Fighting Scots,football
cfb,2206,Edward Waters Tigers,football
cfb,2207,Elizabeth City State Vikings,football
cfb,221,Pittsburgh Panthers,football
cfb,2210,Elon Phoenix,football
cfb,2213,Emory & Henry Wasps,football
cfb,2214,Emporia State Hornets,football
cfb,222,Villanova Wildcats,football
cfb,2220,Fayetteville State Broncos,football
cfb,2221,FDU Florham Devils,football
cfb,2222,Ferris State Bulldogs,football
cfb,2224,Findlay Oilers,football
cfb,2226,Florida Atlantic Owls,football
cfb,2229,Florida International Panthers,football
cfb,223,West Chester Golden Rams,football
cfb,2230,Fordham Rams,football
cfb,2231,Fort Hays Tigers,football
cfb,2232,Fort Valley State Wildcats,football
cfb,2233,Franklin Grizzlies,football
cfb,2234,Franklin & Marshall Diplomats,football
cfb,2237,Fort Lewis Skyhawks,football
cfb,2241,Gardner-Webb Runnin' Bulldogs,football
cfb,2242,Geneva Golden Tornadoes,football
cfb,2244,George Mason University Patriots,football
cfb,2245,Georgetown (KY) Tigers,football
cfb,2247,Georgia State Panthers,football
cfb,2248,Gettysburg Bullets,football
cfb,2249,Glenville State Pioneers,football
cfb,225,Brown Bears,football
cfb,2254,Des Moines Vikings,football
cfb,2256,Greensboro Pride,football
cfb,2257,Greenville Panthers,football
cfb,2258,Guilford Quakers,football
cfb,2261,Hampton Pirates,football
cfb,2262,Hanover Panthers,football
cfb,2264,Harding Bisons,football
cfb,227,Rhode Island Rams,football
cfb,2271,Henderson State Reddies,football
cfb,2273,Hillsdale Chargers,football
cfb,2274,Hiram Terriers,football
cfb,2277,Houston Christian Huskies,football
cfb,228,Clemson Tigers,football
cfb,2280,Husson Eagles,football
cfb,2283,Benedictine (IL) Eagles,football
cfb,2286,Illinois College Blueboys,football
cfb,2287,Illinois State Redbirds,football
cfb,2291,IU Pennsylvania Crimson Hawks,football
cfb,2292,Indianapolis Greyhounds,football
cfb,2294,Iowa Hawkeyes,football
cfb,2296,Jackson State Tigers,football
cfb,23,San José State Spartans,football
cfb,2302,John Carroll Blue Streaks,football
cfb,2304,Johnson C. Smith Golden Bulls,football
cfb,2305,Kansas Jayhawks,football
cfb,2306,Kansas State Wildcats,football
cfb,2309,Kent State Golden Flashes,football
cfb,231,Furman Paladins,football
cfb,2310,Kentucky State Thorobreds,football
cfb,2315,Kutztown Golden Bears,football
cfb,2316,Kentucky Wesleyan Panthers,football
cfb,2318,La Verne Leopards,football
cfb,2320,Lamar Cardinals,football
cfb,2323,Lane College Dragons,football
cfb,2324,Langston Lions,football
cfb,2329,Lehigh Mountain Hawks,football
cfb,233,South Dakota Coyotes,football
cfb,2331,Lenoir Rhyne Bears,football
cfb,2333,Lewis & Clark River Otters,football
cfb,2335,Liberty Flames,football
cfb,2339,Lincoln (PA) Lions,football
cfb,2341,Long Island University Sharks,football
cfb,2348,Louisiana Tech Bulldogs,football
cfb,235,Memphis Tigers,football
cfb,2354,Lycoming Warriors,football
cfb,2359,Macalester Scots,football
cfb,236,Chattanooga Mocs,football
cfb,2362,Manchester Spartans,football
cfb,2364,Minnesota State Mavericks,football
cfb,2365,Mansfield Mountaineers,football
cfb,2368,Marist Red Foxes,football
cfb,2369,Mars Hill Lions,football
cfb,237,Union Garnet Chargers,football
cfb,2371,Mary Hardin Baylor Crusaders,football
cfb,2373,Maryville (TN) Scots,football
cfb,2377,McNeese Cowboys,football
cfb,238,Vanderbilt Commodores,football
cfb,2382,Mercer Bears,football
cfb,2383,Merchant Marine Mariners,football
cfb,2385,Mercyhurst Lakers,football
cfb,239,Baylor Bears,football
cfb,2390,Miami Hurricanes,football
cfb,2392,Michigan Tech Huskies,football
cfb,2393,Middle Tennessee Blue Raiders,football
cfb,2394,Middlebury Panthers,football
cfb,2396,Miles Golden Bears,football
cfb,2398,Millsaps Majors,football
cfb,2399,Minnesota Morris Cougars,football
cfb,24,Stanford Cardinal,football
cfb,2400,Mississippi Valley State Delta Devils,football
cfb,2402,Missouri S&T Miners,football
cfb,2403,Missouri Southern State Lions,football
cfb,2405,Monmouth Hawks,football
cfb,241,McMurry War Hawks,football
cfb,2413,Morehead State Eagles,football
cfb,2415,Morgan State Bears,football
cfb,2416,Morningside Chiefs,football
cfb,2419,Mount St Joseph Lions,football
cfb,242,Rice Owls,football
cfb,2422,Muhlenberg Mules,football
cfb,2424,New Mexico Highlands Cowboys,football
cfb,2426,Navy Midshipmen,football
cfb,2428,North Carolina Central Eagles,football
cfb,2429,Charlotte 49ers,football
cfb,2433,UL Monroe Warhawks,football
cfb,2438,Nebraska Kearney Lopers,football
cfb,2439,UNLV Rebels,football
cfb,2440,Nevada Wolf Pack,football
cfb,2441,New Haven Chargers,football
cfb,2442,The College of New Jersey Lions,football
cfb,2444,Newberry Wolves,football
cfb,2447,Nicholls Colonels,football
cfb,2448,North Carolina A&T Aggies,football
cfb,2449,North Dakota State Bison,football
cfb,245,Texas A&M Aggies,football
cfb,2450,Norfolk State Spartans,football
cfb,2453,North Alabama Lions,football
cfb,2458,Northern Colorado Bears,football
cfb,2459,Northern Illinois Huskies,football
cfb,246,Juniata Eagles,football
cfb,2460,Northern Iowa Panthers,football
cfb,2464,Northern Arizona Lumberjacks,football
cfb,2466,Northwestern State Demons,football
cfb,2467,Norwich Cadets,football
cfb,247,King's Monarchs,football
cfb,2477,Ohio Dominican Panthers,football
cfb,248,Houston Cougars,football
cfb,2483,Oregon Ducks,football
cfb,2486,Pacific Lutheran Lutes,football
cfb,2487,Pace Setters,football
cfb,249,North Texas Mean Green,football
cfb,25,California Golden Bears,football
cfb,2502,Portland State Vikings,football
cfb,2504,Prairie View A&M Panthers,football
cfb,2506,Presbyterian Blue Hose,football
cfb,2508,Puget Sound Loggers,football
cfb,2509,Purdue Boilermakers,football
cfb,251,Texas Longhorns,football
cfb,2516,Randolph Macon Yellow Jackets,football
cfb,2519,Rhodes Lynx,football
cfb,252,BYU Cougars,football
cfb,2523,Robert Morris Colonials,football
cfb,2524,Rockford Regents,football
cfb,2528,Rensselaer Engineers,football
cfb,2529,Sacred Heart Pioneers,football
cfb,253,Southern Utah Thunderbirds,football
cfb,2532,Salisbury Sea Gulls,football
cfb,2534,Sam Houston Bearkats,football
cfb,2535,Samford Bulldogs,football
cfb,254,Utah Utes,football
cfb,2542,Savannah State Tigers,football
cfb,2545,SE Louisiana Lions,football
cfb,2546,Southeast Missouri State Redhawks,football
cfb,255,Knox Prairie Fire,football
cfb,2551,Shaw Bears,football
cfb,2553,Sewanee Tigers,football
cfb,2557,Coast Guard Bears,football
cfb,2559,Shippensburg Raiders,football
cfb,256,James Madison Dukes,football
cfb,2560,Shorter Hawks,football
cfb,2564,Simpson (IA) Storm,football
cfb,2567,SMU Mustangs,football
cfb,2568,Southern Arkansas Muleriders,football
cfb,2569,South Carolina State Bulldogs,football
cfb,257,Richmond Spiders,football
cfb,2570,CSU Pueblo ThunderWolves,football
cfb,2571,South Dakota State Jackrabbits,football
cfb,2572,Southern Miss Golden Eagles,football
cfb,2579,South Carolina Gamecocks,football
cfb,258,Virginia Cavaliers,football
cfb,2582,Southern Jaguars,football
cfb,2583,Southern Connecticut State Owls,football
cfb,2584,Southern Oregon Raiders,football
cfb,2586,Southwest Baptist Bearcats,football
cfb,2587,Southwest Minnesota State Mustangs,football
cfb,2588,Southwestern U Pirates,football
cfb,259,Virginia Tech Hokies,football
cfb,2591,St. Ambrose Fighting Bees,football
cfb,2595,St. Francis (IL) Fighting Saints,football
cfb,2598,Saint Francis Red Flash,football
cfb,26,UCLA Bruins,football
cfb,2600,Saint John's (MN) Johnnies,football
cfb,2614,Saint Vincent Bearcats,football
cfb,2617,Stephen F. Austin Lumberjacks,football
cfb,2619,Stony Brook Seawolves,football
cfb,262,Lake Forest Foresters,football
cfb,2623,Missouri State Bears,football
cfb,2627,Tarleton State Texans,football
cfb,2628,TCU Horned Frogs,football
cfb,263,Loras Duhawks,football
cfb,2630,UT Martin Skyhawks,football
cfb,2633,Tennessee Volunteers,football
cfb,2634,Tennessee State Tigers,football
cfb,2635,Tennessee Tech Golden Eagles,football
cfb,2636,UTSA Roadrunners,football
cfb,2637,Texas College Steers,football
cfb,2638,UTEP Miners,football
cfb,2639,Texas Lutheran Bulldogs,football
cfb,264,Washington Huskies,football
cfb,2640,Texas Southern Tigers,football
cfb,2641,Texas Tech Red Raiders,football
cfb,2643,The Citadel Bulldogs,football
cfb,2644,Thiel Tomcats,football
cfb,2646,Thomas More Saints,football
cfb,2649,Toledo Rockets,football
cfb,265,Washington State Cougars,football
cfb,2651,Trine Thunder,football
cfb,2653,Troy Trojans,football
cfb,2654,Truman State Bulldogs,football
cfb,2655,Tulane Green Wave,football
cfb,2657,Tuskegee Golden Tigers,football
cfb,2658,Texas A&M-Kingsville Javelinas,football
cfb,266,Beloit Buccaneers,football
cfb,2667,Ursinus Bears,football
cfb,2673,Valdosta State Blazers,football
cfb,2674,Valparaiso Beacons,football
cfb,2676,Virginia Union Panthers,football
cfb,2678,VMI Keydets,football
cfb,268,Lawrence Vikings,football
cfb,2681,Wagner Seahawks,football
cfb,2682,Walsh Cavaliers,football
cfb,2685,Wartburg Knights,football
cfb,2686,Washington & Jefferson Presidents,football
cfb,2687,Washburn Ichabods,football
cfb,2688,Washington and Lee Generals,football
cfb,2692,Weber State Wildcats,football
cfb,2695,West Alabama Tigers,football
cfb,2698,West Georgia Wolves,football
cfb,2699,West Liberty Hilltoppers,football
cfb,2700,McDaniel Green Terror,football
cfb,2701,Montana Western Bulldogs,football
cfb,2702,Western New England Golden Bears,football
cfb,2703,Western New Mexico Mustangs,football
cfb,2704,West Texas Buffaloes,football
cfb,2706,WVU Tech Golden Bears,football
cfb,2707,West Virginia State Yellow Jackets,football
cfb,271,Wisconsin Oshkosh Titans,football
cfb,2710,Western Illinois Leathernecks,football
cfb,2711,Western Michigan Broncos,football
cfb,2714,Western Colorado Mountaineers,football
cfb,2717,Western Carolina Catamounts,football
cfb,272,Wisconsin Platteville Pioneers,football
cfb,2721,Whitworth Pirates,football
cfb,2723,Wisconsin River Falls Falcons,football
cfb,2725,Widener Pride,football
cfb,2729,William & Mary Tribe,football
cfb,2731,Williams Ephs,football
cfb,2733,Wilmington (OH) Fightin' Quakers,football
cfb,2736,Winston-Salem State Rams,football
cfb,2738,Wisconsin Eau Claire Blugolds,football
cfb,274,Maine Maritime Mariners,football
cfb,2740,Wisconsin La Crosse Eagles,football
cfb,2741,Wisconsin Lutheran Warriors,football
cfb,2743,Wisconsin Stevens Point Pointers,football
cfb,2744,Wisconsin Stout Blue Devils,football
cfb,2745,Wisconsin Whitewater Warhawks,football
cfb,2746,Wittenberg Tigers,football
cfb,2747,Wofford Terriers,football
cfb,2748,Wooster Fighting Scots,football
cfb,2749,WPI Engineers,football
cfb,275,Wisconsin Badgers,football
cfb,2751,Wyoming Cowboys,football
cfb,2754,Youngstown State Penguins,football
cfb,2755,Grambling Tigers,football
cfb,2757,Berry Vikings,football
cfb,2758,Howard Payne Yellow Jackets,football
cfb,276,Marshall Thundering Herd,football
cfb,277,West Virginia Mountaineers,football
cfb,2771,Merrimack Warriors,football
cfb,2776,Salve Regina Seahawks,football
cfb,2779,St. Lawrence Saints,football
cfb,278,Fresno State Bulldogs,football
cfb,2781,Brockport Golden Eagles,football
cfb,2782,SUNY Cortland Red Dragons,football
cfb,2790,Albion Britons,football
cfb,2800,Alma Scots,football
cfb,2802,Bethel (MN) Royals,football
cfb,2803,Bryant Bulldogs,football
cfb,2804,Chowan Hawks,football
cfb,2805,Clark Atlanta Panthers,football
cfb,2808,Delaware Valley Aggies,football
cfb,2810,Hardin Simmons Cowboys,football
cfb,2812,Hope Flying Dutchmen,football
cfb,2815,Lindenwood Lions,football
cfb,2816,McKendree Bearcats,football
cfb,2817,Minnesota St Moorhead Dragons,football
cfb,2818,Montclair State Red Hawks,football
cfb,282,Indiana State Sycamores,football
cfb,2822,North Greenville Trailblazers,football
cfb,2823,Northwestern (OK) Rangers,football
cfb,2824,Oklahoma Panhandle Aggies,football
cfb,2825,Quincy Hawks,football
cfb,2827,Rowan Profs,football
cfb,2828,Shenandoah Hornets,football
cfb,2830,Saint Anselm Hawks,football
cfb,2832,St. Norbert Green Knights,football
cfb,2834,Sul Ross State Lobos,football
cfb,2837,East Texas A&M Lions,football
cfb,2838,Tiffin Dragons,football
cfb,2839,Tusculum Pioneers,football
cfb,284,Stonehill Skyhawks,football
cfb,2842,UVA Wise Cavaliers,football
cfb,2843,Western Connecticut State Wolves,football
cfb,2844,Wayne State (NE) Wildcats,football
cfb,2845,Waynesburg Yellow Jackets,football
cfb,2848,Western Oregon Wolves,football
cfb,2849,Westminster (PA) Titans,football
cfb,2850,Whittier Poets,football
cfb,2851,Winona State Warriors,football
cfb,2858,California (PA) Vulcans,football
cfb,286,North Carolina Wesleyan Battling Bishops,football
cfb,2871,Kean Cougars,football
cfb,2876,Lincoln (MO) Blue Tigers,football
cfb,2880,Missouri Baptist Spartans,football
cfb,2882,UNC Pembroke Braves,football
cfb,2884,Nichols Bison,football
cfb,2886,Northwood Timberwolves,football
cfb,2888,Ouachita Baptist Tigers,football
cfb,2891,Ripon Red Hawks,football
cfb,2894,Sioux Falls Cougars,football
cfb,2896,Southern Virginia Knights,football
cfb,29,Redlands Bulldogs,football
cfb,290,Georgia Southern Eagles,football
cfb,2900,St. Thomas Tommies,football
cfb,2909,Westfield State Owls,football
cfb,291,Methodist Monarchs,football
cfb,2911,William Jewell Cardinals,football
cfb,2912,William Penn Statesmen,football
cfb,2913,Brevard Tornados,football
cfb,2916,Incarnate Word Cardinals,football
cfb,2919,Monmouth (IL) Fighting Scots,football
cfb,292,UT Rio Grande Valley Vaqueros,football
cfb,2923,Pomona Pitzer Sagehens,football
cfb,2927,Southwestern Oklahoma State Bulldogs,football
cfb,293,Vermont State Castleton Spartans,football
cfb,2930,Willamette Bearcats,football
cfb,2938,Huntingdon Hawks,football
cfb,2940,Livingstone Blue Bears,football
cfb,295,Old Dominion Monarchs,football
cfb,2951,SUNY Maritime Privateers,football
cfb,2963,Case Western Reserve Spartans,football
cfb,2964,Central College Dutch,football
cfb,2967,Framingham State Rams,football
cfb,2968,Gustavus Adolphus Golden Gusties,football
cfb,2969,Misericordia Cougars,football
cfb,297,Hampden Sydney Tigers,football
cfb,2970,William Paterson Pioneers,football
cfb,2972,Plymouth State Panthers,football
cfb,2974,Shepherd Rams,football
cfb,2977,Trinity (CT) Bantams,football
cfb,2980,Ohio Wesleyan Battling Bishops,football
cfb,2986,Fairmont State Falcons,football
cfb,30,USC Trojans,football
cfb,301,San Diego Toreros,football
cfb,302,UC Davis Aggies,football
cfb,304,Idaho State Bengals,football
cfb,306,Illinois Wesleyan Titans,football
cfb,3066,Concordia St. Paul Golden Bears,football
cfb,3071,North Central College Cardinals,football
cfb,308,Ashland Eagles,football
cfb,309,Louisiana Ragin' Cajuns,football
cfb,3101,Utah Tech Trailblazers,football
cfb,311,Maine Black Bears,football
cfb,3110,SUNY Morrisville Mustangs,football
cfb,3112,Christopher Newport Captains,football
cfb,3162,Alfred State Pioneers,football
cfb,317,Marietta Pioneers,football
cfb,319,Oklahoma Baptist Bison,football
cfb,32,Carroll (WI) Pioneers,football
cfb,322,Lafayette Leopards,football
cfb,323,Moravian Greyhounds,football
cfb,3237,Troy Vikings,football
cfb,324,Coastal Carolina Chanticleers,football
cfb,3253,Charlotte Saints,football
cfb,326,Texas State Bobcats,football
cfb,328,Utah State Aggies,football
cfb,33,Colby White Mules,football
cfb,330,Virginia State Trojans,football
cfb,331,Eastern Washington Eagles,football
cfb,332,Muskingum Fighting Muskies,football
cfb,333,Alabama Crimson Tide,football
cfb,336,Wesleyan (CT) Cardinals,football
cfb,338,Kennesaw State Owls,football
cfb,340,Bowdoin Polar Bears,football
cfb,341,Frostburg State Bobcats,football
cfb,344,Mississippi State Bulldogs,football
cfb,348,Hamilton Continentals,football
cfb,349,Army Black Knights,football
cfb,351,Wingate Bulldogs,football
cfb,352,Kenyon Owls,football
cfb,354,Olivet Comets,football
cfb,356,Illinois Fighting Illini,football
cfb,359,Otterbein Cardinals,football
cfb,36,Colorado State Rams,football
cfb,365,Alfred Saxons,football
cfb,366,Ferrum Panthers,football
cfb,367,Gannon Golden Knights,football
cfb,374,St. John Fisher Cardinals,football
cfb,375,St. Scholastica Saints,football
cfb,379,UMass Dartmouth Corsairs,football
cfb,38,Colorado Buffaloes,football
cfb,386,Trinity (TX) Tigers,football
cfb,388,Lebanon Valley Flying Dutchmen,football
cfb,389,Upper Iowa Peacocks,football
cfb,390,Utica Pioneers,football
cfb,391,Oberlin Yeomen,football
cfb,396,Wheaton (IL) Thunder,football
cfb,398,Wilkes Colonels,football
cfb,399,UAlbany Great Danes,football
cfb,40,Curry Colonels,football
cfb,402,Worcester State Lancers,football
cfb,409,Concordia (WI) Falcons,football
cfb,41,UConn Huskies,football
cfb,411,Chapman Panthers,football
cfb,415,George Fox Bruins,football
cfb,417,Gallaudet Bison,football
cfb,418,Hendrix Warriors,football
cfb,424,Capital Comets,football
cfb,425,Northern State Wolves,football
cfb,426,Mount Union Purple Raiders,football
cfb,427,Ohio Northern Polar Bears,football
cfb,43,Yale Bulldogs,football
cfb,433,Westminster (MO) Blue Jays,football
cfb,437,Lake Erie Storm,football
cfb,446,Martin Luther Knights,football
cfb,452,Endicott Gulls,football
cfb,455,West Virginia Wesleyan Bobcats,football
cfb,46,Georgetown Hoyas,football
cfb,47,Howard Bison,football
cfb,471,Stevenson Mustangs,football
cfb,48,Delaware Blue Hens,football
cfb,49,Dubuque Spartans,football
cfb,490,Benedict Tigers,football
cfb,5,UAB Blazers,football
cfb,50,Florida A&M Rattlers,football
cfb,509,Crown Polars,football
cfb,512,Dakota State University Trojans,football
cfb,52,Florida State Seminoles,football
cfb,530,Graceland University Graceland,football
cfb,548,LaGrange Panthers,football
cfb,55,Jacksonville State Gamecocks,football
cfb,559,University of Mary Marauders,football
cfb,56,Stetson Hatters,football
cfb,568,Minot State Beavers,football
cfb,57,Florida Gators,football
cfb,58,South Florida Bulls,football
cfb,583,Northwestern (MN) Eagles,football
cfb,59,Georgia Tech Yellow Jackets,football
cfb,6,South Alabama Jaguars,football
cfb,60,Morehouse Maroon Tigers,football
cfb,61,Georgia Bulldogs,football
cfb,611,Seton Hill Griffins,football
cfb,613,South Dakota Mines Hardrockers,football
cfb,62,Hawai'i Rainbow Warriors,football
cfb,63,Buena Vista Beavers,football
cfb,6353,Lakeland Muskies,football
cfb,65,Grinnell Pioneers,football
cfb,66,Iowa State Cyclones,football
cfb,67,Luther Norse,football
cfb,68,Boise State Broncos,football
cfb,6845,Nebraska Wesleyan Prairie Wolves,football
cfb,7,Amherst Mammoths,football
cfb,70,Idaho Vandals,football
cfb,72,Elmhurst Bluejays,football
cfb,74,Millikin Big Blue,football
cfb,75,North Park Vikings,football
cfb,77,Northwestern Wildcats,football
cfb,79,Southern Illinois Salukis,football
cfb,8,Arkansas Razorbacks,football
cfb,80,Chicago Maroons,football
cfb,81,Springfield Pride,football
cfb,83,DePauw Tigers,football
cfb,84,Indiana Hoosiers,football
cfb,86,Rose Hulman Fightin' Engineers,football
cfb,87,Notre Dame Fighting Irish,football
cfb,89,Wabash Little Giants,football
cfb,9,Arizona State Sun Devils,football
cfb,90,Pittsburg State Gorillas,football
cfb,93,Murray State Racers,football
cfb,96,Kentucky Wildcats,football
cfb,97,Louisville Cardinals,football
cfb,98,Western Kentucky Hilltoppers,football
cfb,99,LSU Tigers,football
cricket,1,England,mens
cricket,1060323,Khulna Tigers,mens
cricket,11,United States Of America,mens
cricket,1117814,Multan Sultans,mens
cricket,1121244,Sylhet Strikers,mens
cricket,1133698,Sharjah Warriorz,mens
cricket,1204494,Trent Rockets Men,mens
cricket,1204495,Southern Brave Men,mens
cricket,1204496,Sunrisers Leeds Men,mens
cricket,1204497,Welsh Fire Men,mens
cricket,1204498,MI London Men,mens
cricket,1204499,Manchester Super Giants Men,mens
cricket,1204500,London Spirit Men,mens
cricket,1204501,Birmingham Phoenix Men,mens
cricket,1208116,Birmingham Phoenix Women,womens
cricket,1208118,Manchester Super Giants Women,womens
cricket,1208119,London Spirit Women,womens
cricket,1208120,Sunrisers Leeds Women,womens
cricket,1208121,Southern Brave Women,womens
cricket,1208122,MI London Women,womens
cricket,1208123,Trent Rockets Women,womens
cricket,1208124,Welsh Fire Women,womens
cricket,1298768,Lucknow Super Giants,mens
cricket,1298769,Gujarat Titans,mens
cricket,1335270,Joburg Super Kings,mens
cricket,1335271,Pretoria Capitals,mens
cricket,1335273,Sunrisers Eastern Cape,mens
cricket,1346027,Abu Dhabi Knight Riders,mens
cricket,1346029,Dubai Capitals,mens
cricket,1346030,Gulf Giants,mens
cricket,1346066,Desert Vipers,mens
cricket,1358721,Delhi Capitals Women,womens
cricket,1358722,Gujarat Giants Women,womens
cricket,1358723,Royal Challengers Bengaluru Women,womens
cricket,1381353,Texas Super Kings,mens
cricket,1381354,Los Angeles Knight Riders,mens
cricket,1381355,MI New York,mens
cricket,1381357,San Francisco Unicorns,mens
cricket,1381359,Seattle Orcas,mens
cricket,1381360,Washington Freedom,mens
cricket,1428675,Antigua And Barbuda Falcons,mens
cricket,15,Netherlands,mens
cricket,17,Canada,mens
cricket,1812,India Women,womens
cricket,2,Australia,mens
cricket,20,Papua New Guinea,mens
cricket,2234,Ireland Women,womens
cricket,238,Australia Women,womens
cricket,2410,Netherlands Women,womens
cricket,25,Bangladesh,mens
cricket,2563,New Zealand Women,womens
cricket,27,United Arab Emirates,mens
cricket,28,Namibia,mens
cricket,29,Ireland,mens
cricket,2971,Pakistan Women,womens
cricket,299037,Bangladesh Women,womens
cricket,299041,Thailand Women,womens
cricket,3,South Africa,mens
cricket,30,Scotland,mens
cricket,33,Nepal,mens
cricket,3328,South Africa Women,womens
cricket,335970,Royal Challengers Bengaluru,mens
cricket,335971,Kolkata Knight Riders,mens
cricket,335973,Punjab Kings,mens
cricket,335974,Chennai Super Kings,mens
cricket,335975,Delhi Capitals,mens
cricket,335977,Rajasthan Royals,mens
cricket,335978,Mumbai Indians,mens
cricket,3621,Sri Lanka Women,womens
cricket,37,Oman,mens
cricket,3816,West Indies Women,womens
cricket,4,West Indies,mens
cricket,40,Afghanistan,mens
cricket,5,New Zealand,mens
cricket,509667,Adelaide Strikers,mens
cricket,509668,Brisbane Heat,mens
cricket,509669,Hobart Hurricanes,mens
cricket,509670,Perth Scorchers,mens
cricket,509671,Melbourne Renegades,mens
cricket,509672,Melbourne Stars,mens
cricket,509673,Sydney Sixers,mens
cricket,509674,Sydney Thunder,mens
cricket,599860,Rangpur Riders,mens
cricket,6,India,mens
cricket,628333,Sunrisers Hyderabad,mens
cricket,642411,Barbados Royals,mens
cricket,642413,Guyana Amazon Warriors,mens
cricket,642415,Jamaica Tallawahs,mens
cricket,642417,Saint Lucia Kings,mens
cricket,642421,Trinbago Knight Riders,mens
cricket,7,Pakistan,mens
cricket,8,Sri Lanka,mens
cricket,857687,St Kitts And Nevis Patriots,mens
cricket,896397,Brisbane Heat Women,womens
cricket,896399,Melbourne Stars Women,womens
cricket,896401,Sydney Thunder Women,womens
cricket,896403,Sydney Sixers Women,womens
cricket,896405,Perth Scorchers Women,womens
cricket,896407,Melbourne Renegades Women,womens
cricket,896431,Adelaide Strikers Women,womens
cricket,896433,Hobart Hurricanes Women,womens
cricket,9,Zimbabwe,mens
cricket,935277,Comilla Victorians,mens
cricket,942833,Chattogram Challengers,mens
cricket,942837,Dhaka Dominators,mens
cricket,953833,Peshawar Zalmi,mens
cricket,953835,Karachi Kings,mens
cricket,953843,Islamabad United,mens
cricket,953845,Quetta Gladiators,mens
cricket,953847,Lahore Qalandars,mens
cricket,975,England Women,womens
echl,1,Alaska Aces,pro
echl,10,Atlanta Gladiators,pro
echl,102,Savannah Ghost Pirates,pro
echl,106,Tahoe Knight Monsters,pro
echl,107,Bloomington Bison,pro
echl,108,Greensboro Gargoyles,pro
echl,11,Idaho Steelheads,pro
echl,113,Trenton Ironhawks,pro
echl,114,New Mexico Goatheads,pro
echl,12,Johnstown Chiefs,pro
echl,13,Las Vegas Wranglers,pro
echl,14,Long Beach Ice Dogs,pro
echl,15,Pensacola Ice Pilots,pro
echl,16,Phoenix RoadRunners,pro
echl,17,Reading Royals,pro
echl,18,South Carolina Stingrays,pro
echl,19,Stockton Thunder,pro
echl,2,Augusta Lynx,pro
echl,20,Texas Wildcatters,pro
echl,21,Toledo Walleye,pro
echl,22,Trenton Titans,pro
echl,23,Utah Grizzlies,pro
echl,24,Victoria Salmon Kings,pro
echl,25,Wheeling Nailers,pro
echl,28,Mississippi Sea Wolves,pro
echl,29,Elmira Jackals,pro
echl,3,Bakersfield Condors,pro
echl,4,Charlotte Checkers,pro
echl,49,Ontario Reign,pro
echl,5,Cincinnati Cyclones,pro
echl,50,Kalamazoo Wings,pro
echl,52,Greenville Swamp Rabbits,pro
echl,56,Colorado Eagles,pro
echl,57,Chicago Express,pro
echl,59,Evansville IceMen,pro
echl,6,Columbia Inferno,pro
echl,60,Fort Wayne Komets,pro
echl,61,Orlando Solar Bears,pro
echl,62,San Francisco Bulls,pro
echl,65,Indy Fuel,pro
echl,66,Allen Americans,pro
echl,67,Brampton Beast,pro
echl,68,Kansas City Mavericks,pro
echl,69,Quad City Mallards,pro
echl,7,Dayton Bombers,pro
echl,70,Rapid City Rush,pro
echl,71,Tulsa Oilers,pro
echl,72,Wichita Thunder,pro
echl,74,Adirondack Thunder,pro
echl,75,Manchester Monarchs,pro
echl,76,Norfolk Admirals,pro
echl,77,Worcester Railers,pro
echl,79,Jacksonville Icemen,pro
echl,8,Florida Everblades,pro
echl,82,Maine Mariners,pro
echl,89,Newfoundland Growlers,pro
echl,9,Fresno Falcons,pro
echl,98,Iowa Heartlanders,pro
echl,99,Trois-Rivières Lions,pro
mbb,103,Boston College Eagles,mens
mbb,104,Boston University Terriers,mens
mbb,107,Holy Cross Crusaders,mens
mbb,108,Harvard Crimson,mens
mbb,111,Northeastern Huskies,mens
mbb,112358,Long Island University Sharks,mens
mbb,113,Massachusetts Minutemen,mens
mbb,116,Mount St. Mary's Mountaineers,mens
mbb,119,Towson Tigers,mens
mbb,12,Arizona Wildcats,mens
mbb,120,Maryland Terrapins,mens
mbb,127,Michigan State Spartans,mens
mbb,13,Cal Poly Mustangs,mens
mbb,130,Michigan Wolverines,mens
mbb,135,Minnesota Golden Gophers,mens
mbb,139,Saint Louis Billikens,mens
mbb,140,Kansas City Roos,mens
mbb,142,Missouri Tigers,mens
mbb,145,Ole Miss Rebels,mens
mbb,147,Montana State Bobcats,mens
mbb,149,Montana Grizzlies,mens
mbb,150,Duke Blue Devils,mens
mbb,151,East Carolina Pirates,mens
mbb,152,NC State Wolfpack,mens
mbb,153,North Carolina Tar Heels,mens
mbb,154,Wake Forest Demon Deacons,mens
mbb,155,North Dakota Fighting Hawks,mens
mbb,156,Creighton Bluejays,mens
mbb,158,Nebraska Cornhuskers,mens
mbb,159,Dartmouth Big Green,mens
mbb,16,Sacramento State Hornets,mens
mbb,160,New Hampshire Wildcats,mens
mbb,161,Fairleigh Dickinson Knights,mens
mbb,163,Princeton Tigers,mens
mbb,164,Rutgers Scarlet Knights,mens
mbb,166,New Mexico State Aggies,mens
mbb,167,New Mexico Lobos,mens
mbb,171,Columbia Lions,mens
mbb,172,Cornell Big Red,mens
mbb,179,St. Bonaventure Bonnies,mens
mbb,183,Syracuse Orange,mens
mbb,189,Bowling Green Falcons,mens
mbb,193,Miami (OH) RedHawks,mens
mbb,194,Ohio State Buckeyes,mens
mbb,195,Ohio Bobcats,mens
mbb,197,Oklahoma State Cowboys,mens
mbb,198,Oral Roberts Golden Eagles,mens
mbb,2,Auburn Tigers,mens
mbb,2000,Abilene Christian Wildcats,mens
mbb,2005,Air Force Falcons,mens
mbb,2006,Akron Zips,mens
mbb,201,Oklahoma Sooners,mens
mbb,2010,Alabama A&M Bulldogs,mens
mbb,2011,Alabama State Hornets,mens
mbb,2016,Alcorn State Braves,mens
mbb,202,Tulsa Golden Hurricane,mens
mbb,2026,App State Mountaineers,mens
mbb,2029,Arkansas-Pine Bluff Golden Lions,mens
mbb,2031,Little Rock Trojans,mens
mbb,2032,Arkansas State Red Wolves,mens
mbb,204,Oregon State Beavers,mens
mbb,2046,Austin Peay Governors,mens
mbb,2050,Ball State Cardinals,mens
mbb,2057,Belmont Bruins,mens
mbb,2065,Bethune-Cookman Wildcats,mens
mbb,2066,Binghamton Bearcats,mens
mbb,2083,Bucknell Bison,mens
mbb,2084,Buffalo Bulls,mens
mbb,2086,Butler Bulldogs,mens
mbb,2097,Campbell Fighting Camels,mens
mbb,2099,Canisius Golden Griffins,mens
mbb,21,San Diego State Aztecs,mens
mbb,2110,Central Arkansas Bears,mens
mbb,2115,Central Connecticut Blue Devils,mens
mbb,2116,UCF Knights,mens
mbb,2117,Central Michigan Chippewas,mens
mbb,2127,Charleston Southern Buccaneers,mens
mbb,213,Penn State Nittany Lions,mens
mbb,2130,Chicago State Cougars,mens
mbb,2132,Cincinnati Bearcats,mens
mbb,2142,Colgate Raiders,mens
mbb,2154,Coppin State Eagles,mens
mbb,2166,Davidson Wildcats,mens
mbb,2168,Dayton Flyers,mens
mbb,2169,Delaware State Hornets,mens
mbb,2172,Denver Pioneers,mens
mbb,2174,Detroit Mercy Titans,mens
mbb,218,Temple Owls,mens
mbb,2181,Drake Bulldogs,mens
mbb,2182,Drexel Dragons,mens
mbb,2184,Duquesne Dukes,mens
mbb,219,Pennsylvania Quakers,mens
mbb,2193,East Tennessee State Buccaneers,mens
mbb,2197,Eastern Illinois Panthers,mens
mbb,2198,Eastern Kentucky Colonels,mens
mbb,2199,Eastern Michigan Eagles,mens
mbb,221,Pittsburgh Panthers,mens
mbb,2210,Elon Phoenix,mens
mbb,2217,Fairfield Stags,mens
mbb,222,Villanova Wildcats,mens
mbb,2226,Florida Atlantic Owls,mens
mbb,2229,Florida International Panthers,mens
mbb,2230,Fordham Rams,mens
mbb,2239,Cal State Fullerton Titans,mens
mbb,2241,Gardner-Webb Runnin' Bulldogs,mens
mbb,2244,George Mason Patriots,mens
mbb,2247,Georgia State Panthers,mens
mbb,225,Brown Bears,mens
mbb,2250,Gonzaga Bulldogs,mens
mbb,2253,Grand Canyon Lopes,mens
mbb,2261,Hampton Pirates,mens
mbb,227,Rhode Island Rams,mens
mbb,2272,High Point Panthers,mens
mbb,2275,Hofstra Pride,mens
mbb,2277,Houston Christian Huskies,mens
mbb,228,Clemson Tigers,mens
mbb,2287,Illinois State Redbirds,mens
mbb,2294,Iowa Hawkeyes,mens
mbb,2296,Jackson State Tigers,mens
mbb,23,San José State Spartans,mens
mbb,2305,Kansas Jayhawks,mens
mbb,2306,Kansas State Wildcats,mens
mbb,2309,Kent State Golden Flashes,mens
mbb,231,Furman Paladins,mens
mbb,232,Charleston Cougars,mens
mbb,2320,Lamar Cardinals,mens
mbb,2325,La Salle Explorers,mens
mbb,2329,Lehigh Mountain Hawks,mens
mbb,233,South Dakota Coyotes,mens
mbb,2330,Le Moyne Dolphins,mens
mbb,2335,Liberty Flames,mens
mbb,2344,Longwood Lancers,mens
mbb,2348,Louisiana Tech Bulldogs,mens
mbb,2349,UMass Lowell River Hawks,mens
mbb,235,Memphis Tigers,mens
mbb,2350,Loyola Chicago Ramblers,mens
mbb,2351,Loyola Marymount Lions,mens
mbb,2352,Loyola Maryland Greyhounds,mens
mbb,236,Chattanooga Mocs,mens
mbb,2363,Manhattan Jaspers,mens
mbb,2368,Marist Red Foxes,mens
mbb,2377,McNeese Cowboys,mens
mbb,2378,UMBC Retrievers,mens
mbb,2379,Maryland Eastern Shore Hawks,mens
mbb,238,Vanderbilt Commodores,mens
mbb,2382,Mercer Bears,mens
mbb,2385,Mercyhurst Lakers,mens
mbb,239,Baylor Bears,mens
mbb,2390,Miami Hurricanes,mens
mbb,2393,Middle Tennessee Blue Raiders,mens
mbb,24,Stanford Cardinal,mens
mbb,2400,Mississippi Valley State Delta Devils,mens
mbb,2405,Monmouth Hawks,mens
mbb,2413,Morehead State Eagles,mens
mbb,2415,Morgan State Bears,mens
mbb,242,Rice Owls,mens
mbb,2426,Navy Midshipmen,mens
mbb,2427,UNC Asheville Bulldogs,mens
mbb,2428,North Carolina Central Eagles,mens
mbb,2429,Charlotte 49ers,mens
mbb,2430,UNC Greensboro Spartans,mens
mbb,2433,UL Monroe Warhawks,mens
mbb,2437,Omaha Mavericks,mens
mbb,2439,UNLV Rebels,mens
mbb,2440,Nevada Wolf Pack,mens
mbb,2441,New Haven Chargers,mens
mbb,2443,LSU New Orleans Privateers,mens
mbb,2447,Nicholls Colonels,mens
mbb,2448,North Carolina A&T Aggies,mens
mbb,2449,North Dakota State Bison,mens
mbb,245,Texas A&M Aggies,mens
mbb,2450,Norfolk State Spartans,mens
mbb,2453,North Alabama Lions,mens
mbb,2454,North Florida Ospreys,mens
mbb,2458,Northern Colorado Bears,mens
mbb,2459,Northern Illinois Huskies,mens
mbb,2460,Northern Iowa Panthers,mens
mbb,2463,Cal State Northridge Matadors,mens
mbb,2464,Northern Arizona Lumberjacks,mens
mbb,2466,Northwestern State Demons,mens
mbb,2473,Oakland Golden Grizzlies,mens
mbb,248,Houston Cougars,mens
mbb,2483,Oregon Ducks,mens
mbb,249,North Texas Mean Green,mens
mbb,2492,Pepperdine Waves,mens
mbb,25,California Golden Bears,mens
mbb,250,UT Arlington Mavericks,mens
mbb,2501,Portland Pilots,mens
mbb,2502,Portland State Vikings,mens
mbb,2504,Prairie View A&M Panthers,mens
mbb,2506,Presbyterian Blue Hose,mens
mbb,2507,Providence Friars,mens
mbb,2509,Purdue Boilermakers,mens
mbb,251,Texas Longhorns,mens
mbb,2511,Queens University Royals,mens
mbb,2514,Quinnipiac Bobcats,mens
mbb,2515,Radford Highlanders,mens
mbb,252,BYU Cougars,mens
mbb,2520,Rider Broncs,mens
mbb,2523,Robert Morris Colonials,mens
mbb,2529,Sacred Heart Pioneers,mens
mbb,253,Southern Utah Thunderbirds,mens
mbb,2534,Sam Houston Bearkats,mens
mbb,2535,Samford Bulldogs,mens
mbb,2539,San Francisco Dons,mens
mbb,254,Utah Utes,mens
mbb,2540,UC Santa Barbara Gauchos,mens
mbb,2541,Santa Clara Broncos,mens
mbb,2545,SE Louisiana Lions,mens
mbb,2546,Southeast Missouri State Redhawks,mens
mbb,2547,Seattle U Redhawks,mens
mbb,2550,Seton Hall Pirates,mens
mbb,256,James Madison Dukes,mens
mbb,2561,Siena Saints,mens
mbb,2565,SIU Edwardsville Cougars,mens
mbb,2567,SMU Mustangs,mens
mbb,2569,South Carolina State Bulldogs,mens
mbb,257,Richmond Spiders,mens
mbb,2571,South Dakota State Jackrabbits,mens
mbb,2572,Southern Miss Golden Eagles,mens
mbb,2579,South Carolina Gamecocks,mens
mbb,258,Virginia Cavaliers,mens
mbb,2582,Southern Jaguars,mens
mbb,259,Virginia Tech Hokies,mens
mbb,2598,Saint Francis Red Wolves,mens
mbb,2599,St. John's Red Storm,mens
mbb,26,UCLA Bruins,mens
mbb,2603,Saint Joseph's Hawks,mens
mbb,2608,Saint Mary's Gaels,mens
mbb,261,Vermont Catamounts,mens
mbb,2612,Saint Peter's Peacocks,mens
mbb,2617,Stephen F. Austin Lumberjacks,mens
mbb,2619,Stony Brook Seawolves,mens
mbb,2623,Missouri State Bears,mens
mbb,2627,Tarleton State Texans,mens
mbb,2628,TCU Horned Frogs,mens
mbb,2630,UT Martin Skyhawks,mens
mbb,2633,Tennessee Volunteers,mens
mbb,2634,Tennessee State Tigers,mens
mbb,2635,Tennessee Tech Golden Eagles,mens
mbb,2636,UTSA Roadrunners,mens
mbb,2638,UTEP Miners,mens
mbb,264,Washington Huskies,mens
mbb,2640,Texas Southern Tigers,mens
mbb,2641,Texas Tech Red Raiders,mens
mbb,2643,The Citadel Bulldogs,mens
mbb,2649,Toledo Rockets,mens
mbb,265,Washington State Cougars,mens
mbb,2653,Troy Trojans,mens
mbb,2655,Tulane Green Wave,mens
mbb,2670,VCU Rams,mens
mbb,2674,Valparaiso Beacons,mens
mbb,2678,VMI Keydets,mens
mbb,2681,Wagner Seahawks,mens
mbb,269,Marquette Golden Eagles,mens
mbb,2692,Weber State Wildcats,mens
mbb,2697,West Florida Argonauts,mens
mbb,2698,West Georgia Wolves,mens
mbb,27,UC Riverside Highlanders,mens
mbb,270,Milwaukee Panthers,mens
mbb,2710,Western Illinois Leathernecks,mens
mbb,2711,Western Michigan Broncos,mens
mbb,2717,Western Carolina Catamounts,mens
mbb,2724,Wichita State Shockers,mens
mbb,2729,William & Mary Tribe,mens
mbb,2737,Winthrop Eagles,mens
mbb,2739,Green Bay Phoenix,mens
mbb,2747,Wofford Terriers,mens
mbb,275,Wisconsin Badgers,mens
mbb,2750,Wright State Raiders,mens
mbb,2751,Wyoming Cowboys,mens
mbb,2752,Xavier Musketeers,mens
mbb,2754,Youngstown State Penguins,mens
mbb,2755,Grambling Tigers,mens
mbb,276,Marshall Thundering Herd,mens
mbb,277,West Virginia Mountaineers,mens
mbb,2771,Merrimack Warriors,mens
mbb,278,Fresno State Bulldogs,mens
mbb,279,Pacific Tigers,mens
mbb,28,UC San Diego Tritons,mens
mbb,2803,Bryant Bulldogs,mens
mbb,2815,Lindenwood Lions,mens
mbb,282,Indiana State Sycamores,mens
mbb,2837,East Texas A&M Lions,mens
mbb,284,Stonehill Skyhawks,mens
mbb,2856,California Baptist Lancers,mens
mbb,2870,Purdue Fort Wayne Mastodons,mens
mbb,288,Lipscomb Bisons,mens
mbb,2885,NJIT Highlanders,mens
mbb,290,Georgia Southern Eagles,mens
mbb,2900,St. Thomas Tommies,mens
mbb,2908,South Carolina Upstate Spartans,mens
mbb,2916,Incarnate Word Cardinals,mens
mbb,292,UT Rio Grande Valley Vaqueros,mens
mbb,2934,Cal State Bakersfield Roadrunners,mens
mbb,294,Jacksonville Dolphins,mens
mbb,295,Old Dominion Monarchs,mens
mbb,299,Long Beach State Beach,mens
mbb,30,USC Trojans,mens
mbb,300,UC Irvine Anteaters,mens
mbb,301,San Diego Toreros,mens
mbb,302,UC Davis Aggies,mens
mbb,304,Idaho State Bengals,mens
mbb,305,DePaul Blue Demons,mens
mbb,3084,Utah Valley Wolverines,mens
mbb,309,Louisiana Ragin' Cajuns,mens
mbb,3101,Utah Tech Trailblazers,mens
mbb,311,Maine Black Bears,mens
mbb,314,Iona Gaels,mens
mbb,315,Niagara Purple Eagles,mens
mbb,322,Lafayette Leopards,mens
mbb,324,Coastal Carolina Chanticleers,mens
mbb,325,Cleveland State Vikings,mens
mbb,326,Texas State Bobcats,mens
mbb,328,Utah State Aggies,mens
mbb,331,Eastern Washington Eagles,mens
mbb,333,Alabama Crimson Tide,mens
mbb,338,Kennesaw State Owls,mens
mbb,339,Evansville Purple Aces,mens
mbb,344,Mississippi State Bulldogs,mens
mbb,349,Army Black Knights,mens
mbb,350,UNC Wilmington Seahawks,mens
mbb,356,Illinois Fighting Illini,mens
mbb,357,Texas A&M-Corpus Christi Islanders,mens
mbb,36,Colorado State Rams,mens
mbb,38,Colorado Buffaloes,mens
mbb,399,UAlbany Great Danes,mens
mbb,41,UConn Huskies,mens
mbb,43,Yale Bulldogs,mens
mbb,44,American University Eagles,mens
mbb,45,George Washington Revolutionaries,mens
mbb,46,Georgetown Hoyas,mens
mbb,47,Howard Bison,mens
mbb,48,Delaware Blue Hens,mens
mbb,5,UAB Blazers,mens
mbb,50,Florida A&M Rattlers,mens
mbb,52,Florida State Seminoles,mens
mbb,526,Florida Gulf Coast Eagles,mens
mbb,55,Jacksonville State Gamecocks,mens
mbb,56,Stetson Hatters,mens
mbb,57,Florida Gators,mens
mbb,58,South Florida Bulls,mens
mbb,59,Georgia Tech Yellow Jackets,mens
mbb,6,South Alabama Jaguars,mens
mbb,61,Georgia Bulldogs,mens
mbb,62,Hawai'i Rainbow Warriors,mens
mbb,66,Iowa State Cyclones,mens
mbb,68,Boise State Broncos,mens
mbb,70,Idaho Vandals,mens
mbb,71,Bradley Braves,mens
mbb,77,Northwestern Wildcats,mens
mbb,79,Southern Illinois Salukis,mens
mbb,8,Arkansas Razorbacks,mens
mbb,82,UIC Flames,mens
mbb,84,Indiana Hoosiers,mens
mbb,85,IU Indianapolis Jaguars,mens
mbb,87,Notre Dame Fighting Irish,mens
mbb,88,Southern Indiana Screaming Eagles,mens
mbb,9,Arizona State Sun Devils,mens
mbb,91,Bellarmine Knights,mens
mbb,93,Murray State Racers,mens
mbb,94,Northern Kentucky Norse,mens
mbb,96,Kentucky Wildcats,mens
mbb,97,Louisville Cardinals,mens
mbb,98,Western Kentucky Hilltoppers,mens
mbb,99,LSU Tigers,mens
milb,102,Round Rock Express,aaa
milb,103,Lake Elsinore Storm,single_a
milb,104,Jackson Generals,aa
milb,105,Sacramento River Cats,aaa
milb,106,Erie SeaWolves,aa
milb,1174,State College Spikes,short_a
milb,1270,DSL Nationals,rookie
milb,1350,Northwest Arkansas Naturals,aa
milb,1370,FCL Cardinals,rookie
milb,1390,FCL Blue Jays,rookie
milb,1410,Lehigh Valley IronPigs,aaa
milb,1610,DSL Blue Jays Red,rookie
milb,1611,DSL Rays,rookie
milb,1956,Somerset Patriots,aa
milb,1960,St. Paul Saints,aaa
milb,1991,ACL D-backs,rookie
milb,1994,ACL Rockies,rookie
milb,1995,AZL Cubs Red,rookie
milb,1996,ACL Royals Gold,rookie
milb,1997,ACL White Sox,rookie
milb,1998,FCL Astros,rookie
milb,2000,FCL Astros Orange,rookie
milb,2003,FCL Rays,rookie
milb,2097,DSL Cardinals Red,rookie
milb,2101,DSL Brewers Gold,rookie
milb,2117,DSL Mets Orange,rookie
milb,2122,DSL Padres Gold,rookie
milb,2127,DSL Miami,rookie
milb,2128,DSL Royals Fortuna,rookie
milb,2131,DSL Colorado,rookie
milb,2132,DSL Tigers 2,rookie
milb,2134,DSL Giants Black,rookie
milb,2270,DSL Cubs Red,rookie
milb,2310,Reno Aces,aaa
milb,233,Charleston RiverDogs,single_a
milb,234,Durham Bulls,aaa
milb,235,Memphis Redbirds,aaa
milb,237,Midland RockHounds,aa
milb,238,Oklahoma City Comets,aaa
milb,2412,DSL Rojos,rookie
milb,2413,DSL Rangers Red,rookie
milb,247,Birmingham Barons,aa
milb,249,Wilson Warbirds,single_a
milb,2498,Bowling Green Hot Rods,high_a
milb,259,Fresno Grizzlies,single_a
milb,260,Tulsa Drillers,aa
milb,2690,AZL Dodgers 2,rookie
milb,2730,Charlotte Stone Crabs,high_a
milb,2770,AZL Indians Red,rookie
milb,279,Palm Beach Cardinals,single_a
milb,3130,DSL Orioles Orange,rookie
milb,3390,Bradenton Marauders,single_a
milb,3410,Richmond Flying Squirrels,aa
milb,342,Albuquerque Isotopes,aaa
milb,3430,ACL Reds,rookie
milb,3705,Columbia Fireflies,single_a
milb,3712,Fayetteville Woodpeckers,single_a
milb,3898,Wichita Wind Surge,aa
milb,400,Las Vegas Aviators,aaa
milb,401,Inland Empire 66ers,single_a
milb,402,Akron RubberDucks,aa
milb,403,Everett AquaSox,high_a
milb,404,ACL Angels,rookie
milb,405,AZL Athletics Green,rookie
milb,406,ACL Brewers,rookie
milb,407,ACL Cubs,rookie
milb,408,ACL Giants,rookie
milb,409,ACL Mariners,rookie
milb,410,ACL Padres,rookie
milb,411,ACL Rangers,rookie
milb,412,ACL Royals,rookie
milb,4124,Pensacola Blue Wahoos,aa
milb,413,Greeneville Reds,rookie
milb,414,Salem RidgeYaks,single_a
milb,416,Louisville Bats,aaa
milb,417,Mobile BayBears,aa
milb,418,Chesapeake Baysox,aa
milb,419,Hillsboro Hops,high_a
milb,420,Burlington Bees,single_a
milb,421,Montgomery Biscuits,aa
milb,422,Buffalo Bisons,aaa
milb,424,Dunedin Blue Jays,single_a
milb,425,Pulaski Yankees,rookie
milb,426,Wilmington Blue Rocks,high_a
milb,427,Jersey Shore BlueClaws,high_a
milb,428,Greenville Drive,high_a
milb,429,Danville Braves,rookie
milb,430,Mississippi Braves,aa
milb,431,Gwinnett Stripers,aaa
milb,432,Rome Emperors,high_a
milb,433,Helena Brewers,rookie
milb,434,Bravos de Leon,aaa
milb,435,Vancouver Canadians,high_a
milb,436,Fredericksburg Nationals,single_a
milb,4364,Grand Junction Rockies,rookie
milb,437,Lake County Captains,high_a
milb,438,Johnson City Cardinals,rookie
milb,440,Springfield Cardinals,aa
milb,4404,DSL Pirates Gold,rookie
milb,442,Olmecas de Tabasco,aaa
milb,443,Peoria Chiefs,high_a
milb,444,Idaho Falls Chukars,rookie
milb,4444,Generales de Durango,aaa
milb,445,Columbus Clippers,aaa
milb,446,Kane County Cougars,single_a
milb,447,Algodoneros Union Laguna,aaa
milb,448,Hickory Crawdads,single_a
milb,449,Williamsport Crosscutters,short_a
milb,450,Daytona Tortugas,single_a
milb,451,Iowa Cubs,aaa
milb,452,Altoona Curve,aa
milb,453,Brooklyn Cyclones,high_a
milb,455,Princeton Rays,rookie
milb,456,Great Lakes Loons,high_a
milb,458,Auburn Doubledays,short_a
milb,459,Dayton Dragons,high_a
milb,460,Tri-City Dust Devils,high_a
milb,461,Eugene Emeralds,high_a
milb,462,Vermont Lake Monsters,short_a
milb,463,New Hampshire Fisher Cats,aa
milb,464,FCL Braves,rookie
milb,466,FCL Nationals,rookie
milb,467,FCL Marlins,rookie
milb,468,FCL Mets,rookie
milb,469,FCL Phillies,rookie
milb,470,FCL Pirates,rookie
milb,471,FCL Red Sox,rookie
milb,4725,GCL Yankees West,rookie
milb,473,FCL Tigers,rookie
milb,474,FCL Twins,rookie
milb,475,FCL Yankees,rookie
milb,476,San Jose Giants,single_a
milb,477,Greensboro Grasshoppers,high_a
milb,478,Augusta GreenJackets,single_a
milb,479,Jupiter Hammerheads,single_a
milb,480,Boise Hawks,short_a
milb,481,Hill City Howlers,single_a
milb,482,Corpus Christi Hooks,aa
milb,483,Burlington Royals,rookie
milb,484,Indianapolis Indians,aaa
milb,485,Down East Wood Ducks,single_a
milb,486,Spokane Indians,high_a
milb,487,Kannapolis Cannon Ballers,single_a
milb,488,Aberdeen IronBirds,high_a
milb,4904,El Paso Chihuahuas,aaa
milb,491,Lancaster JetHawks,high_a
milb,492,Cedar Rapids Kernels,high_a
milb,493,Frederick Keys,high_a
milb,494,Charlotte Knights,aaa
milb,495,Lexington Legends,single_a
milb,496,Leones de Yucatan,aaa
milb,498,Chattanooga Lookouts,aa
milb,499,Lansing Lugnuts,high_a
milb,500,Clinton LumberKings,single_a
milb,5005,DSL Astros Orange,rookie
milb,5010,Toros de Tijuana,aaa
milb,5015,Biloxi Shuckers,aa
milb,502,Saraperos de Saltillo,aaa
milb,5020,West Virginia Black Bears,short_a
milb,503,Florida Fire Frogs,high_a
milb,505,Binghamton Rumble Ponies,aa
milb,506,Kingsport Mets,rookie
milb,507,St. Lucie Mets,single_a
milb,5071,FCL Tigers West,rookie
milb,5085,DSL Phillies White,rookie
milb,5086,DSL Tampa Bay,rookie
milb,5087,DSL Arizona Red,rookie
milb,509,Fort Myers Mighty Mussels,single_a
milb,510,San Antonio Missions,aa
milb,511,Batavia Muckdogs,short_a
milb,512,Toledo Mud Hens,aaa
milb,513,Billings Mustangs,rookie
milb,515,Modesto Nuts,single_a
milb,516,Visalia Rawhide,single_a
milb,517,Bluefield Blue Jays,rookie
milb,518,Missoula Osprey,rookie
milb,519,Orem Owlz,rookie
milb,520,Pericos de Puebla,aaa
milb,521,Myrtle Beach Pelicans,single_a
milb,522,Reading Fightin Phils,aa
milb,523,Piratas de Campeche,aaa
milb,524,Stockton Ports,single_a
milb,525,West Virginia Power,single_a
milb,526,Rancho Cucamonga Quakes,single_a
milb,528,Rieleros de Aguascalientes,aaa
milb,529,Tacoma Rainiers,aaa
milb,530,Ogden Raptors,rookie
milb,531,Scranton/Wilkes-Barre RailRiders,aaa
milb,5316,AZL Padres 2,rookie
milb,532,Diablos Rojos del Mexico,aaa
milb,533,Worcester Red Sox,aaa
milb,534,Rochester Red Wings,aaa
milb,536,Tecos de los Dos Laredos,aaa
milb,5368,Amarillo Sod Poodles,aa
milb,537,Hudson Valley Renegades,high_a
milb,5370,ACL Giants Orange,rookie
milb,5372,GCL Phillies West,rookie
milb,5374,ACL Guardians,rookie
milb,538,Hartford Yard Goats,aa
milb,540,Frisco RoughRiders,aa
milb,541,Omaha Storm Chasers,aaa
milb,5426,ACL Athletics,rookie
milb,5427,ACL Dodgers,rookie
milb,5428,Worcester Red Sox,aaa
milb,5430,ACL Brewers Blue,rookie
milb,5434,Sugar Land Space Cowboys,aaa
milb,545,Mahoning Valley Scrappers,short_a
milb,546,Portland Sea Dogs,aa
milb,547,Harrisburg Senators,aa
milb,548,Delmarva Shorebirds,single_a
milb,550,South Bend Cubs,high_a
milb,5506,DSL CLE Goryl,rookie
milb,551,Colorado Springs Sky Sox,aaa
milb,552,Syracuse Mets,aaa
milb,553,Knoxville Smokies,aa
milb,554,Beloit Sky Carp,high_a
milb,556,Nashville Sounds,aaa
milb,557,Bristol Pirates,rookie
milb,5578,FCL Orioles Orange,rookie
milb,5579,FCL Pirates Gold,rookie
milb,558,Lowell Spinners,short_a
milb,559,Rocket City Trash Pandas,aa
milb,560,Acereros del Norte,aaa
milb,561,Salt Lake Bees,aaa
milb,562,Sultanes de Monterrey,aaa
milb,563,Hagerstown Suns,single_a
milb,564,Jacksonville Jumbo Shrimp,aaa
milb,565,Quad Cities River Bandits,high_a
milb,566,Clearwater Threshers,single_a
milb,567,Trenton Thunder,aa
milb,568,Norfolk Tides,aaa
milb,569,Tigres de Quintana Roo,aaa
milb,570,Lakeland Flying Tigers,single_a
milb,571,Norwich Sea Unicorns,short_a
milb,572,Wisconsin Timber Rattlers,high_a
milb,573,Asheville Tourists,high_a
milb,574,Arkansas Travelers,aa
milb,575,Dorados de Chihuahua,aaa
milb,576,Elizabethton Twins,rookie
milb,577,Tri-City ValleyCats,short_a
milb,578,Salem-Keizer Volcanoes,short_a
milb,579,Guerreros de Oaxaca,aaa
milb,580,Winston-Salem Dash,high_a
milb,581,Great Falls Voyagers,rookie
milb,582,West Michigan Whitecaps,high_a
milb,584,Fort Wayne TinCaps,high_a
milb,586,Staten Island Yankees,short_a
milb,587,Tampa Tarpons,single_a
milb,588,New Orleans Baby Cakes,aaa
milb,599,FCL Orioles,rookie
milb,600,DSL Angels,rookie
milb,601,DSL Astros Blue,rookie
milb,602,DSL Athletics,rookie
milb,6038,ACL D-backs Red,rookie
milb,604,DSL Blue Jays Blue,rookie
milb,605,DSL Braves,rookie
milb,607,DSL Brewers Blue,rookie
milb,608,DSL Cardinals,rookie
milb,609,DSL Cubs Blue,rookie
milb,610,DSL Arizona Black,rookie
milb,611,DSL LAD Bautista,rookie
milb,612,DSL LAD Mega,rookie
milb,615,DSL Giants Orange,rookie
milb,616,DSL CLE Mendoza,rookie
milb,617,DSL Brewers/Blue Jays,rookie
milb,618,DSL Mariners,rookie
milb,619,DSL Marlins,rookie
milb,620,DSL Mets Blue,rookie
milb,621,DSL Orioles Black,rookie
milb,622,DSL Padres Brown,rookie
milb,623,DSL Phillies,rookie
milb,624,DSL Pirates Black,rookie
milb,625,DSL Rangers Blue,rookie
milb,626,DSL Red Sox Blue,rookie
milb,627,DSL Red Sox Red,rookie
milb,628,DSL Reds,rookie
milb,629,DSL Rockies,rookie
milb,630,DSL Royals Ventura,rookie
milb,631,DSL Tigers 1,rookie
milb,632,DSL Twins,rookie
milb,6324,Hub City Spartanburgers,high_a
milb,6325,Columbus Clingstones,aa
milb,633,DSL White Sox,rookie
milb,634,DSL NYY Bombers,rookie
milb,635,DSL NYY Yankees,rookie
milb,6482,Ontario Tower Buzzers,single_a
mlb,1,Baltimore Orioles,pro
mlb,10,New York Yankees,pro
mlb,11,Athletics,pro
mlb,12,Seattle Mariners,pro
mlb,13,Texas Rangers,pro
mlb,14,Toronto Blue Jays,pro
mlb,15,Atlanta Braves,pro
mlb,16,Chicago Cubs,pro
mlb,17,Cincinnati Reds,pro
mlb,18,Houston Astros,pro
mlb,19,Los Angeles Dodgers,pro
mlb,2,Boston Red Sox,pro
mlb,20,Washington Nationals,pro
mlb,21,New York Mets,pro
mlb,22,Philadelphia Phillies,pro
mlb,23,Pittsburgh Pirates,pro
mlb,24,St. Louis Cardinals,pro
mlb,25,San Diego Padres,pro
mlb,26,San Francisco Giants,pro
mlb,27,Colorado Rockies,pro
mlb,28,Miami Marlins,pro
mlb,29,Arizona Diamondbacks,pro
mlb,3,Los Angeles Angels,pro
mlb,30,Tampa Bay Rays,pro
mlb,4,Chicago White Sox,pro
mlb,5,Cleveland Guardians,pro
mlb,6,Detroit Tigers,pro
mlb,7,Kansas City Royals,pro
mlb,8,Milwaukee Brewers,pro
mlb,9,Minnesota Twins,pro
nba,1,Atlanta Hawks,pro
nba,10,Houston Rockets,pro
nba,11,Indiana Pacers,pro
nba,12,LA Clippers,pro
nba,13,Los Angeles Lakers,pro
nba,14,Miami Heat,pro
nba,15,Milwaukee Bucks,pro
nba,16,Minnesota Timberwolves,pro
nba,17,Brooklyn Nets,pro
nba,18,New York Knicks,pro
nba,19,Orlando Magic,pro
nba,2,Boston Celtics,pro
nba,20,Philadelphia 76ers,pro
nba,21,Phoenix Suns,pro
nba,22,Portland Trail Blazers,pro
nba,23,Sacramento Kings,pro
nba,24,San Antonio Spurs,pro
nba,25,Oklahoma City Thunder,pro
nba,26,Utah Jazz,pro
nba,27,Washington Wizards,pro
nba,28,Toronto Raptors,pro
nba,29,Memphis Grizzlies,pro
nba,3,New Orleans Pelicans,pro
nba,30,Charlotte Hornets,pro
nba,4,Chicago Bulls,pro
nba,5,Cleveland Cavaliers,pro
nba,6,Dallas Mavericks,pro
nba,7,Denver Nuggets,pro
nba,8,Detroit Pistons,pro
nba,9,Golden State Warriors,pro
nbagl,1,San Diego Clippers,pro
nbagl,10,Iowa Wolves,pro
nbagl,11,Osceola Magic,pro
nbagl,12,Long Island Nets,pro
nbagl,123432,G League Ignite,pro
nbagl,124612,Mexico City Capitanes,pro
nbagl,128019,Rip City Remix,pro
nbagl,129713,Valley Suns,pro
nbagl,13,Maine Celtics,pro
nbagl,14,Memphis Hustle,pro
nbagl,15,Motor City Cruise,pro
nbagl,16,Oklahoma City Blue,pro
nbagl,17,Raptors 905,pro
nbagl,18,Rio Grande Valley Vipers,pro
nbagl,19,Salt Lake City Stars,pro
nbagl,2,Austin Spurs,pro
nbagl,20,Santa Cruz Warriors,pro
nbagl,21,Sioux Falls Skyforce,pro
nbagl,22,Coachella Valley Lakers,pro
nbagl,23,Stockton Kings,pro
nbagl,24,Texas Legends,pro
nbagl,25,Westchester Knicks,pro
nbagl,26,Windy City Bulls,pro
nbagl,27,Wisconsin Herd,pro
nbagl,28,College Park Skyhawks,pro
nbagl,3,Cleveland Charge,pro
nbagl,4,Capital City Go-Go,pro
nbagl,5,Delaware Blue Coats,pro
nbagl,6,Laketown Squadron,pro
nbagl,7,Noblesville Boom,pro
nbagl,8,Grand Rapids Gold,pro
nbagl,9,Greensboro Swarm,pro
ncaa_baseball,100,Dartmouth Big Green,mens
ncaa_baseball,101,Princeton Tigers,mens
ncaa_baseball,102,Rutgers Scarlet Knights,mens
ncaa_baseball,103,New Mexico State Aggies,mens
ncaa_baseball,104,New Mexico Lobos,mens
ncaa_baseball,105,St. Bonaventure Bonnies,mens
ncaa_baseball,106,Bowling Green Falcons,mens
ncaa_baseball,1067,Concordia St. Paul Golden Bears,mens
ncaa_baseball,107,Miami (OH) RedHawks,mens
ncaa_baseball,108,Ohio State Buckeyes,mens
ncaa_baseball,109,Ohio Bobcats,mens
ncaa_baseball,110,Oklahoma State Cowboys,mens
ncaa_baseball,1103,North Alabama Lions,mens
ncaa_baseball,1105,California Baptist Lancers,mens
ncaa_baseball,111,Oral Roberts Golden Eagles,mens
ncaa_baseball,112,Oklahoma Sooners,mens
ncaa_baseball,113,Oregon State Beavers,mens
ncaa_baseball,1139,Boise State Broncos,mens
ncaa_baseball,114,Temple Owls,mens
ncaa_baseball,1143,Bellarmine Knights,mens
ncaa_baseball,1145,Tarleton State Texans,mens
ncaa_baseball,1146,Utah Tech Trailblazers,mens
ncaa_baseball,1147,UC San Diego Tritons,mens
ncaa_baseball,1148,Merrimack Warriors,mens
ncaa_baseball,115,Pittsburgh Panthers,mens
ncaa_baseball,116,Brown Bears,mens
ncaa_baseball,117,Clemson Tigers,mens
ncaa_baseball,118,Charleston Cougars,mens
ncaa_baseball,1189,Loras Duhawks,mens
ncaa_baseball,119,Memphis Tigers,mens
ncaa_baseball,1190,Grand View Vikings,mens
ncaa_baseball,1191,Roosevelt Lakers,mens
ncaa_baseball,120,Vanderbilt Commodores,mens
ncaa_baseball,121,Baylor Bears,mens
ncaa_baseball,122,Rice Owls,mens
ncaa_baseball,123,Texas A&M Aggies,mens
ncaa_baseball,1238,Queens University Royals,mens
ncaa_baseball,1239,Upper Iowa Peacocks,mens
ncaa_baseball,124,Houston Cougars,mens
ncaa_baseball,1245,Stonehill Skyhawks,mens
ncaa_baseball,1246,Southern Indiana Screaming Eagles,mens
ncaa_baseball,1247,Linfield Wildcats,mens
ncaa_baseball,1248,Coe Kohawks,mens
ncaa_baseball,125,UT Arlington Mavericks,mens
ncaa_baseball,126,Texas Longhorns,mens
ncaa_baseball,127,BYU Cougars,mens
ncaa_baseball,1273,Tampa Spartans,mens
ncaa_baseball,1274,Florida Southern Moccasins,mens
ncaa_baseball,128,Utah Utes,mens
ncaa_baseball,1286,DePauw Tigers,mens
ncaa_baseball,1287,St. Olaf Oles,mens
ncaa_baseball,129,James Madison Dukes,mens
ncaa_baseball,129698,Mercyhurst Lakers,mens
ncaa_baseball,129699,West Georgia Wolves,mens
ncaa_baseball,129700,Pacific Lutheran Lutes,mens
ncaa_baseball,129701,Augustana (IL) Vikings,mens
ncaa_baseball,129702,Aurora Spartans,mens
ncaa_baseball,129706,New Haven Chargers,mens
ncaa_baseball,129756,Wartburg Knights,mens
ncaa_baseball,129760,Cal State Los Angeles Golden Eagles,mens
ncaa_baseball,129763,Wisconsin Platteville Pioneers,mens
ncaa_baseball,129772,Oakland City Mighty Oaks,mens
ncaa_baseball,129773,Washburn Ichabods,mens
ncaa_baseball,130,Richmond Spiders,mens
ncaa_baseball,131,Virginia Cavaliers,mens
ncaa_baseball,132,Virginia Tech Hokies,mens
ncaa_baseball,133,Washington Huskies,mens
ncaa_baseball,134,Washington State Cougars,mens
ncaa_baseball,135,Milwaukee Panthers,mens
ncaa_baseball,136,West Virginia Mountaineers,mens
ncaa_baseball,137,Fresno State Bulldogs,mens
ncaa_baseball,138,Georgia Southern Eagles,mens
ncaa_baseball,139,Jacksonville Dolphins,mens
ncaa_baseball,140,Old Dominion Monarchs,mens
ncaa_baseball,141,Long Beach State Beach,mens
ncaa_baseball,142,UC Irvine Anteaters,mens
ncaa_baseball,143,San Diego Toreros,mens
ncaa_baseball,144,Louisiana Ragin' Cajuns,mens
ncaa_baseball,145,Lafayette Leopards,mens
ncaa_baseball,146,Coastal Carolina Chanticleers,mens
ncaa_baseball,147,Texas State Bobcats,mens
ncaa_baseball,148,Alabama Crimson Tide,mens
ncaa_baseball,149,Evansville Purple Aces,mens
ncaa_baseball,150,Mississippi State Bulldogs,mens
ncaa_baseball,151,Army Black Knights,mens
ncaa_baseball,152,UNC Wilmington Seahawks,mens
ncaa_baseball,153,Illinois Fighting Illini,mens
ncaa_baseball,154,UAlbany Great Danes,mens
ncaa_baseball,155,Air Force Falcons,mens
ncaa_baseball,156,Austin Peay Governors,mens
ncaa_baseball,157,Ball State Cardinals,mens
ncaa_baseball,158,Bethune-Cookman Wildcats,mens
ncaa_baseball,159,Central Connecticut Blue Devils,mens
ncaa_baseball,160,UCF Knights,mens
ncaa_baseball,161,Cincinnati Bearcats,mens
ncaa_baseball,162,Coppin State Eagles,mens
ncaa_baseball,163,Florida Atlantic Owls,mens
ncaa_baseball,164,Florida International Panthers,mens
ncaa_baseball,165,Cal State Fullerton Titans,mens
ncaa_baseball,166,George Mason Patriots,mens
ncaa_baseball,167,Iowa Hawkeyes,mens
ncaa_baseball,168,Kansas Jayhawks,mens
ncaa_baseball,169,Kent State Golden Flashes,mens
ncaa_baseball,170,Lamar Cardinals,mens
ncaa_baseball,171,Le Moyne Dolphins,mens
ncaa_baseball,172,Liberty Flames,mens
ncaa_baseball,173,Louisiana Tech Bulldogs,mens
ncaa_baseball,174,Loyola Marymount Lions,mens
ncaa_baseball,175,Marist Red Foxes,mens
ncaa_baseball,176,Miami Hurricanes,mens
ncaa_baseball,177,Middle Tennessee Blue Raiders,mens
ncaa_baseball,178,Monmouth Hawks,mens
ncaa_baseball,179,Navy Midshipmen,mens
ncaa_baseball,180,Charlotte 49ers,mens
ncaa_baseball,181,UNC Greensboro Spartans,mens
ncaa_baseball,182,UNLV Rebels,mens
ncaa_baseball,183,Nevada Wolf Pack,mens
ncaa_baseball,184,LSU New Orleans Privateers,mens
ncaa_baseball,185,Cal State Northridge Matadors,mens
ncaa_baseball,186,Northwestern State Demons,mens
ncaa_baseball,187,Pepperdine Waves,mens
ncaa_baseball,188,Prairie View A&M Panthers,mens
ncaa_baseball,189,Purdue Boilermakers,mens
ncaa_baseball,190,Sam Houston Bearkats,mens
ncaa_baseball,191,Southeast Missouri State Redhawks,mens
ncaa_baseball,192,Southern Miss Golden Eagles,mens
ncaa_baseball,193,South Carolina Gamecocks,mens
ncaa_baseball,194,Southern Jaguars,mens
ncaa_baseball,195,St. John's Red Storm,mens
ncaa_baseball,196,Stony Brook Seawolves,mens
ncaa_baseball,197,Missouri State Bears,mens
ncaa_baseball,198,TCU Horned Frogs,mens
ncaa_baseball,199,Tennessee Volunteers,mens
ncaa_baseball,200,Texas Southern Tigers,mens
ncaa_baseball,201,Texas Tech Red Raiders,mens
ncaa_baseball,202,The Citadel Bulldogs,mens
ncaa_baseball,203,Tulane Green Wave,mens
ncaa_baseball,204,VCU Rams,mens
ncaa_baseball,205,Western Carolina Catamounts,mens
ncaa_baseball,206,Wichita State Shockers,mens
ncaa_baseball,207,Winthrop Eagles,mens
ncaa_baseball,208,Wofford Terriers,mens
ncaa_baseball,209,Youngstown State Penguins,mens
ncaa_baseball,259,Maine Black Bears,mens
ncaa_baseball,260,Alcorn State Braves,mens
ncaa_baseball,261,Little Rock Trojans,mens
ncaa_baseball,262,Belmont Bruins,mens
ncaa_baseball,263,Dallas Baptist Patriots,mens
ncaa_baseball,264,Kansas State Wildcats,mens
ncaa_baseball,265,Manhattan Jaspers,mens
ncaa_baseball,266,Sacred Heart Pioneers,mens
ncaa_baseball,267,San Francisco Dons,mens
ncaa_baseball,268,Seton Hall Pirates,mens
ncaa_baseball,269,Troy Trojans,mens
ncaa_baseball,270,Wright State Raiders,mens
ncaa_baseball,271,App State Mountaineers,mens
ncaa_baseball,272,UL Monroe Warhawks,mens
ncaa_baseball,273,Oregon Ducks,mens
ncaa_baseball,274,Samford Bulldogs,mens
ncaa_baseball,284,Columbia Lions,mens
ncaa_baseball,285,Jackson State Tigers,mens
ncaa_baseball,286,Savannah State Tigers,mens
ncaa_baseball,287,Gonzaga Bulldogs,mens
ncaa_baseball,288,Illinois State Redbirds,mens
ncaa_baseball,289,William & Mary Tribe,mens
ncaa_baseball,290,UC Santa Barbara Gauchos,mens
ncaa_baseball,291,Florida Gulf Coast Eagles,mens
ncaa_baseball,292,Binghamton Bearcats,mens
ncaa_baseball,293,Campbell Fighting Camels,mens
ncaa_baseball,294,Indiana Hoosiers,mens
ncaa_baseball,295,Mercer Bears,mens
ncaa_baseball,296,North Florida Ospreys,mens
ncaa_baseball,297,UTSA Roadrunners,mens
ncaa_baseball,298,Canisius Golden Griffins,mens
ncaa_baseball,299,Bryant Bulldogs,mens
ncaa_baseball,300,Saint Louis Billikens,mens
ncaa_baseball,301,South Dakota State Jackrabbits,mens
ncaa_baseball,302,Valparaiso Beacons,mens
ncaa_baseball,303,Elon Phoenix,mens
ncaa_baseball,304,East Tennessee State Buccaneers,mens
ncaa_baseball,305,Towson Tigers,mens
ncaa_baseball,306,Central Arkansas Bears,mens
ncaa_baseball,307,Kennesaw State Owls,mens
ncaa_baseball,308,Indiana State Sycamores,mens
ncaa_baseball,309,SE Louisiana Lions,mens
ncaa_baseball,310,North Dakota State Bison,mens
ncaa_baseball,311,Siena Saints,mens
ncaa_baseball,312,Xavier Musketeers,mens
ncaa_baseball,313,Bucknell Bison,mens
ncaa_baseball,314,Sacramento State Hornets,mens
ncaa_baseball,315,Abilene Christian Wildcats,mens
ncaa_baseball,316,Akron Zips,mens
ncaa_baseball,317,Alabama A&M Bulldogs,mens
ncaa_baseball,318,Alabama State Hornets,mens
ncaa_baseball,319,American University Eagles,mens
ncaa_baseball,320,Arkansas State Red Wolves,mens
ncaa_baseball,321,Arkansas-Pine Bluff Golden Lions,mens
ncaa_baseball,322,Boise State Broncos,mens
ncaa_baseball,323,Boston University Terriers,mens
ncaa_baseball,324,Bradley Braves,mens
ncaa_baseball,325,Buffalo Bulls,mens
ncaa_baseball,326,Butler Bulldogs,mens
ncaa_baseball,327,Cal State Bakersfield Roadrunners,mens
ncaa_baseball,328,Central Michigan Chippewas,mens
ncaa_baseball,329,Charleston Southern Buccaneers,mens
ncaa_baseball,330,Chattanooga Mocs,mens
ncaa_baseball,331,Chicago St Cougars,mens
ncaa_baseball,332,Cleveland State Vikings,mens
ncaa_baseball,333,Colgate Raiders,mens
ncaa_baseball,334,Colorado Buffaloes,mens
ncaa_baseball,335,Colorado State Rams,mens
ncaa_baseball,336,Cornell Big Red,mens
ncaa_baseball,337,Davidson Wildcats,mens
ncaa_baseball,338,Dayton Flyers,mens
ncaa_baseball,339,Delaware Blue Hens,mens
ncaa_baseball,340,Delaware State Hornets,mens
ncaa_baseball,341,Denver Pioneers,mens
ncaa_baseball,342,DePaul Blue Demons,mens
ncaa_baseball,343,Detroit Mercy Titans,mens
ncaa_baseball,344,Drake Bulldogs,mens
ncaa_baseball,345,Drexel Dragons,mens
ncaa_baseball,346,Duquesne Dukes,mens
ncaa_baseball,347,Eastern Illinois Panthers,mens
ncaa_baseball,348,Eastern Kentucky Colonels,mens
ncaa_baseball,349,Eastern Michigan Eagles,mens
ncaa_baseball,350,Eastern Washington Eagles,mens
ncaa_baseball,351,Fairfield Stags,mens
ncaa_baseball,352,Fairleigh Dickinson Knights,mens
ncaa_baseball,353,Florida A&M Rattlers,mens
ncaa_baseball,354,Fordham Rams,mens
ncaa_baseball,355,Furman Paladins,mens
ncaa_baseball,356,Gardner-Webb Runnin' Bulldogs,mens
ncaa_baseball,357,Georgetown Hoyas,mens
ncaa_baseball,358,Georgia State Panthers,mens
ncaa_baseball,359,Grambling Tigers,mens
ncaa_baseball,360,Grand Canyon Lopes,mens
ncaa_baseball,361,Green Bay Phoenix,mens
ncaa_baseball,362,Hampton Pirates,mens
ncaa_baseball,363,Harvard Crimson,mens
ncaa_baseball,364,High Point Panthers,mens
ncaa_baseball,365,Hofstra Pride,mens
ncaa_baseball,366,Holy Cross Crusaders,mens
ncaa_baseball,367,Houston Christian Huskies,mens
ncaa_baseball,368,Howard Bison,mens
ncaa_baseball,369,Idaho Vandals,mens
ncaa_baseball,370,Idaho State Bengals,mens
ncaa_baseball,371,Incarnate Word Cardinals,mens
ncaa_baseball,372,Iona Gaels,mens
ncaa_baseball,373,Iowa State Cyclones,mens
ncaa_baseball,374,Purdue Fort Wayne Mastodons,mens
ncaa_baseball,375,IU Indianapolis Jaguars,mens
ncaa_baseball,376,La Salle Explorers,mens
ncaa_baseball,377,Lehigh Mountain Hawks,mens
ncaa_baseball,378,Lipscomb Bisons,mens
ncaa_baseball,379,Long Island University Sharks,mens
ncaa_baseball,380,Longwood Lancers,mens
ncaa_baseball,381,Loyola Chicago Ramblers,mens
ncaa_baseball,382,Loyola Maryland Greyhounds,mens
ncaa_baseball,383,Marquette Golden Eagles,mens
ncaa_baseball,384,Marshall Thundering Herd,mens
ncaa_baseball,385,Maryland Eastern Shore Hawks,mens
ncaa_baseball,386,Massachusetts Minutemen,mens
ncaa_baseball,387,McNeese Cowboys,mens
ncaa_baseball,388,Mississippi Valley State Delta Devils,mens
ncaa_baseball,389,Montana Grizzlies,mens
ncaa_baseball,390,Montana State Bobcats,mens
ncaa_baseball,391,Morehead State Eagles,mens
ncaa_baseball,392,Morgan State Bears,mens
ncaa_baseball,393,Mount St. Mary's Mountaineers,mens
ncaa_baseball,394,Murray State Racers,mens
ncaa_baseball,395,NJIT Highlanders,mens
ncaa_baseball,396,Omaha Mavericks,mens
ncaa_baseball,397,New Hampshire Wildcats,mens
ncaa_baseball,398,Niagara Purple Eagles,mens
ncaa_baseball,399,Nicholls Colonels,mens
ncaa_baseball,400,Norfolk State Spartans,mens
ncaa_baseball,401,North Carolina A&T Aggies,mens
ncaa_baseball,402,North Carolina Central Eagles,mens
ncaa_baseball,403,North Dakota Fighting Hawks,mens
ncaa_baseball,404,North Texas Mean Green,mens
ncaa_baseball,405,Northeastern Huskies,mens
ncaa_baseball,406,Northern Arizona Lumberjacks,mens
ncaa_baseball,407,Northern Colorado Bears,mens
ncaa_baseball,408,Northern Illinois Huskies,mens
ncaa_baseball,409,Northern Iowa Panthers,mens
ncaa_baseball,410,Northern Kentucky Norse,mens
ncaa_baseball,411,Northwestern Wildcats,mens
ncaa_baseball,412,Oakland Golden Grizzlies,mens
ncaa_baseball,413,Pacific Tigers,mens
ncaa_baseball,414,Penn State Nittany Lions,mens
ncaa_baseball,415,Pennsylvania Quakers,mens
ncaa_baseball,416,Portland Pilots,mens
ncaa_baseball,417,Portland State Vikings,mens
ncaa_baseball,418,Presbyterian Blue Hose,mens
ncaa_baseball,419,Providence Friars,mens
ncaa_baseball,420,Quinnipiac Bobcats,mens
ncaa_baseball,421,Radford Highlanders,mens
ncaa_baseball,422,Rhode Island Rams,mens
ncaa_baseball,423,Rider Broncs,mens
ncaa_baseball,424,Robert Morris Colonials,mens
ncaa_baseball,425,Saint Joseph's Hawks,mens
ncaa_baseball,426,Saint Mary's Gaels,mens
ncaa_baseball,427,Santa Clara Broncos,mens
ncaa_baseball,428,Seattle U Redhawks,mens
ncaa_baseball,429,SIU Edwardsville Cougars,mens
ncaa_baseball,430,South Carolina State Bulldogs,mens
ncaa_baseball,431,South Dakota Coyotes,mens
ncaa_baseball,432,Southern Illinois Salukis,mens
ncaa_baseball,433,SMU Mustangs,mens
ncaa_baseball,434,Southern Utah Thunderbirds,mens
ncaa_baseball,435,St. Francis (BKN) Terriers,mens
ncaa_baseball,436,Saint Francis Red Flash,mens
ncaa_baseball,437,Saint Peter's Peacocks,mens
ncaa_baseball,438,Stephen F. Austin Lumberjacks,mens
ncaa_baseball,439,Syracuse Orange,mens
ncaa_baseball,440,Tennessee State Tigers,mens
ncaa_baseball,441,Tennessee Tech Golden Eagles,mens
ncaa_baseball,442,UT Martin Skyhawks,mens
ncaa_baseball,443,Texas A&M-Corpus Christi Islanders,mens
ncaa_baseball,444,Texas-Pan American Broncs,mens
ncaa_baseball,445,Toledo Rockets,mens
ncaa_baseball,446,Tulsa Golden Hurricane,mens
ncaa_baseball,447,UAB Blazers,mens
ncaa_baseball,448,UC Davis Aggies,mens
ncaa_baseball,449,UMass Lowell River Hawks,mens
ncaa_baseball,450,UMBC Retrievers,mens
ncaa_baseball,451,Kansas City Roos,mens
ncaa_baseball,452,UNC Asheville Bulldogs,mens
ncaa_baseball,453,South Carolina Upstate Spartans,mens
ncaa_baseball,454,Utah State Aggies,mens
ncaa_baseball,455,Utah Valley Wolverines,mens
ncaa_baseball,456,UTEP Miners,mens
ncaa_baseball,457,Vermont Catamounts,mens
ncaa_baseball,458,Villanova Wildcats,mens
ncaa_baseball,459,VMI Keydets,mens
ncaa_baseball,460,Wagner Seahawks,mens
ncaa_baseball,461,Weber State Wildcats,mens
ncaa_baseball,462,Western Illinois Leathernecks,mens
ncaa_baseball,463,Western Michigan Broncos,mens
ncaa_baseball,464,Wisconsin Badgers,mens
ncaa_baseball,465,Wyoming Cowboys,mens
ncaa_baseball,466,Yale Bulldogs,mens
ncaa_baseball,55,Auburn Tigers,mens
ncaa_baseball,56,Birmingham Southern Panthers,mens
ncaa_baseball,57,South Alabama Jaguars,mens
ncaa_baseball,58,Arkansas Razorbacks,mens
ncaa_baseball,59,Arizona State Sun Devils,mens
ncaa_baseball,60,Arizona Wildcats,mens
ncaa_baseball,61,Cal Poly Mustangs,mens
ncaa_baseball,62,San Diego State Aztecs,mens
ncaa_baseball,63,San José State Spartans,mens
ncaa_baseball,64,Stanford Cardinal,mens
ncaa_baseball,65,California Golden Bears,mens
ncaa_baseball,66,UCLA Bruins,mens
ncaa_baseball,67,UC Riverside Highlanders,mens
ncaa_baseball,68,USC Trojans,mens
ncaa_baseball,69,UConn Huskies,mens
ncaa_baseball,70,Hartford Hawks,mens
ncaa_baseball,71,George Washington Revolutionaries,mens
ncaa_baseball,72,Florida State Seminoles,mens
ncaa_baseball,73,Jacksonville State Gamecocks,mens
ncaa_baseball,74,Stetson Hatters,mens
ncaa_baseball,75,Florida Gators,mens
ncaa_baseball,76,South Florida Bulls,mens
ncaa_baseball,77,Georgia Tech Yellow Jackets,mens
ncaa_baseball,78,Georgia Bulldogs,mens
ncaa_baseball,79,Hawai'i Rainbow Warriors,mens
ncaa_baseball,80,UIC Flames,mens
ncaa_baseball,81,Notre Dame Fighting Irish,mens
ncaa_baseball,82,Kentucky Wildcats,mens
ncaa_baseball,821,Alma Scots,mens
ncaa_baseball,822,Anderson (IN) Ravens,mens
ncaa_baseball,825,Barry Buccaneers,mens
ncaa_baseball,827,Cal Poly Pomona Broncos,mens
ncaa_baseball,828,Centenary (LA) Gentlemen,mens
ncaa_baseball,829,Central Missouri Mules,mens
ncaa_baseball,83,Louisville Cardinals,mens
ncaa_baseball,830,Emporia State Hornets,mens
ncaa_baseball,831,Francis Marion Patriots,mens
ncaa_baseball,832,Hawaiʻi Pacific Sea Warriors,mens
ncaa_baseball,833,Lenoir Rhyne Bears,mens
ncaa_baseball,836,Lubbock Christian Chaparrals,mens
ncaa_baseball,839,North Georgia Saints,mens
ncaa_baseball,84,Western Kentucky Hilltoppers,mens
ncaa_baseball,841,Salisbury Sea Gulls,mens
ncaa_baseball,842,Southwestern Oklahoma State Bulldogs,mens
ncaa_baseball,844,Saint Martin's Saints,mens
ncaa_baseball,846,Texas Lutheran Bulldogs,mens
ncaa_baseball,847,Hawaiʻi Hilo Vulcans,mens
ncaa_baseball,849,Nebraska Kearney Lopers,mens
ncaa_baseball,85,LSU Tigers,mens
ncaa_baseball,850,St. Thomas Tommies,mens
ncaa_baseball,851,Valdosta State Blazers,mens
ncaa_baseball,852,Wayne State (NE) Wildcats,mens
ncaa_baseball,86,Boston College Eagles,mens
ncaa_baseball,87,Maryland Terrapins,mens
ncaa_baseball,88,Michigan State Spartans,mens
ncaa_baseball,89,Michigan Wolverines,mens
ncaa_baseball,90,Minnesota Golden Gophers,mens
ncaa_baseball,91,Missouri Tigers,mens
ncaa_baseball,92,Ole Miss Rebels,mens
ncaa_baseball,924,Truman State Bulldogs,mens
ncaa_baseball,926,Lindenwood Lions,mens
ncaa_baseball,928,Cornell (IA) Rams,mens
ncaa_baseball,929,St. Thomas (FL) Bobcats,mens
ncaa_baseball,93,Duke Blue Devils,mens
ncaa_baseball,932,UT Rio Grande Valley Vaqueros,mens
ncaa_baseball,935,Nova Southeastern Sharks,mens
ncaa_baseball,94,East Carolina Pirates,mens
ncaa_baseball,95,NC State Wolfpack,mens
ncaa_baseball,96,North Carolina Tar Heels,mens
ncaa_baseball,97,Wake Forest Demon Deacons,mens
ncaa_baseball,98,Creighton Bluejays,mens
ncaa_baseball,99,Nebraska Cornhuskers,mens
ncaa_mhockey,1,Alaska Anchorage Seawolves,mens
ncaa_mhockey,103,Boston College Eagles,mens
ncaa_mhockey,104,Boston University Terriers,mens
ncaa_mhockey,107,Holy Cross Crusaders,mens
ncaa_mhockey,108,Harvard Crimson,mens
ncaa_mhockey,110133,Long Island University Sharks,mens
ncaa_mhockey,110134,Adrian Bulldogs,mens
ncaa_mhockey,111,Northeastern Huskies,mens
ncaa_mhockey,112334,FRANKLIN PIERCE,mens
ncaa_mhockey,113,Massachusetts Minutemen,mens
ncaa_mhockey,12,Arizona Wildcats,mens
ncaa_mhockey,124,Augsburg Auggies,mens
ncaa_mhockey,126807,Anna Maria Amcats,mens
ncaa_mhockey,126808,Westfield State Owls,mens
ncaa_mhockey,126809,SUNY Canton SUNY CANT,mens
ncaa_mhockey,126810,Worcester State Lancers,mens
ncaa_mhockey,126811,Southern Maine Huskies,mens
ncaa_mhockey,126812,SUNY Cortland Red Dragons,mens
ncaa_mhockey,126814,Rivier Raiders,mens
ncaa_mhockey,126815,Framingham State Rams,mens
ncaa_mhockey,127,Michigan State Spartans,mens
ncaa_mhockey,127963,St. Michael'S College Purple Knights,mens
ncaa_mhockey,128,Northern Michigan Wildcats,mens
ncaa_mhockey,128554,Utica Pioneers,mens
ncaa_mhockey,130,Michigan Wolverines,mens
ncaa_mhockey,131,Wayne St. Falcons,mens
ncaa_mhockey,132,Bemidji State Beavers,mens
ncaa_mhockey,134,Minnesota Duluth Bulldogs,mens
ncaa_mhockey,135,Minnesota Golden Gophers,mens
ncaa_mhockey,155,North Dakota Fighting Hawks,mens
ncaa_mhockey,159,Dartmouth Big Green,mens
ncaa_mhockey,160,New Hampshire Wildcats,mens
ncaa_mhockey,163,Princeton Tigers,mens
ncaa_mhockey,172,Cornell Big Red,mens
ncaa_mhockey,178,RIT Tigers,mens
ncaa_mhockey,182,SUNY Potsdam SUNY-POTSDAM,mens
ncaa_mhockey,189,Bowling Green Falcons,mens
ncaa_mhockey,193,Miami (OH) RedHawks,mens
ncaa_mhockey,194,Ohio State Buckeyes,mens
ncaa_mhockey,195,Ohio Bobcats,mens
ncaa_mhockey,2005,Air Force Falcons,mens
ncaa_mhockey,2008,Alabama Huntsville Chargers,mens
ncaa_mhockey,2022,American International Yellow Jackets,mens
ncaa_mhockey,2038,Assumption Greyhounds,mens
ncaa_mhockey,2043,Augustana (SD) Vikings,mens
ncaa_mhockey,2060,Bentley Falcons,mens
ncaa_mhockey,2099,Canisius Golden Griffins,mens
ncaa_mhockey,213,Penn State Nittany Lions,mens
ncaa_mhockey,2137,Clarkson Golden Knights,mens
ncaa_mhockey,2142,Colgate Raiders,mens
ncaa_mhockey,2144,Colorado College Tigers,mens
ncaa_mhockey,2152,Concordia (MN) Cobbers,mens
ncaa_mhockey,2172,Denver Pioneers,mens
ncaa_mhockey,2217,Fairfield Badgers,mens
ncaa_mhockey,2222,Ferris State Bulldogs,mens
ncaa_mhockey,2224,Findlay Falcons,mens
ncaa_mhockey,225,Brown Bears,mens
ncaa_mhockey,2335,Liberty Flames,mens
ncaa_mhockey,2349,UMass Lowell River Hawks,mens
ncaa_mhockey,2364,Minnesota State Mavericks,mens
ncaa_mhockey,2385,Mercyhurst Lakers,mens
ncaa_mhockey,2392,Michigan Tech Huskies,mens
ncaa_mhockey,2394,Middlebury Panthers,mens
ncaa_mhockey,2437,Omaha Mavericks,mens
ncaa_mhockey,2507,Providence Friars,mens
ncaa_mhockey,2514,Quinnipiac Bobcats,mens
ncaa_mhockey,2523,Robert Morris Colonials,mens
ncaa_mhockey,2528,Rensselaer Engineers,mens
ncaa_mhockey,2529,Sacred Heart Pioneers,mens
ncaa_mhockey,2531,Salem State Vikings,mens
ncaa_mhockey,2594,St. Cloud State Huskies,mens
ncaa_mhockey,260,Saint Michael's Purple Knights,mens
ncaa_mhockey,261,Vermont Catamounts,mens
ncaa_mhockey,2651,Trine Thunder,mens
ncaa_mhockey,2711,Western Michigan Broncos,mens
ncaa_mhockey,2731,Williams Ephs,mens
ncaa_mhockey,2738,Wisconsin Eau Claire Blugolds,mens
ncaa_mhockey,2744,Wisconsin Stout Blue Devils,mens
ncaa_mhockey,275,Wisconsin Badgers,mens
ncaa_mhockey,2771,Merrimack Warriors,mens
ncaa_mhockey,2772,Minnesota-Crookston Golden Eagles,mens
ncaa_mhockey,2778,Scranton Falcons,mens
ncaa_mhockey,2779,St. Lawrence Saints,mens
ncaa_mhockey,2781,Brockport Golden Eagles,mens
ncaa_mhockey,2783,SUNY Geneseo SUNY-GENESEO,mens
ncaa_mhockey,2785,Union Garnet Chargers,mens
ncaa_mhockey,2802,Bethel College Minnesota Falcons,mens
ncaa_mhockey,2815,Lindenwood Lions,mens
ncaa_mhockey,2830,Saint Anselm Hawks,mens
ncaa_mhockey,284,Stonehill Skyhawks,mens
ncaa_mhockey,285,Lake Superior State Lakers,mens
ncaa_mhockey,2879,Manhattanville Valiants,mens
ncaa_mhockey,2900,St. Thomas Tommies,mens
ncaa_mhockey,298,Alaska Nanooks,mens
ncaa_mhockey,311,Maine Black Bears,mens
ncaa_mhockey,314,Iona Gaels,mens
ncaa_mhockey,315,Niagara Purple Eagles,mens
ncaa_mhockey,3256,SOUTHERN NEW HAMPSHIRE,mens
ncaa_mhockey,349,Army Black Knights,mens
ncaa_mhockey,379,UMASS DARTMOUTH,mens
ncaa_mhockey,41,UConn Huskies,mens
ncaa_mhockey,43,Yale Bulldogs,mens
ncaa_mhockey,430,Post Eagles,mens
ncaa_mhockey,6858,New England College Pilgrims,mens
ncaa_mhockey,6887,Nichols Bison,mens
ncaa_mhockey,7536,SUNY Cortland Red Dragons,mens
ncaa_mhockey,87,Notre Dame Fighting Irish,mens
ncaa_mhockey,9,Arizona State Sun Devils,mens
ncaa_softball,1104,California Baptist Lancers,womens
ncaa_softball,1106,North Alabama Lions,womens
ncaa_softball,1140,Clemson Tigers,womens
ncaa_softball,1141,Merrimack Warriors,womens
ncaa_softball,1149,Tarleton State Texans,womens
ncaa_softball,1150,Bellarmine Knights,womens
ncaa_softball,1155,UC San Diego Tritons,womens
ncaa_softball,1188,St. Thomas Tommies,womens
ncaa_softball,1193,Colorado School of Mines Orediggers,womens
ncaa_softball,1194,Corban,womens
ncaa_softball,1237,East Texas A&M Lions,womens
ncaa_softball,1240,Lindenwood Lions,womens
ncaa_softball,1241,Stonehill Skyhawks,womens
ncaa_softball,1251,Southern Indiana Screaming Eagles,womens
ncaa_softball,1254,Queens University Royals,womens
ncaa_softball,1283,Le Moyne Dolphins,womens
ncaa_softball,1285,Wofford Terriers,womens
ncaa_softball,129696,West Georgia Wolves,womens
ncaa_softball,129697,Mercyhurst Lakers,womens
ncaa_softball,129708,New Haven Chargers,womens
ncaa_softball,467,Auburn Tigers,womens
ncaa_softball,468,Birmingham Southern Panthers,womens
ncaa_softball,469,South Alabama Jaguars,womens
ncaa_softball,470,Arkansas Razorbacks,womens
ncaa_softball,471,Arizona State Sun Devils,womens
ncaa_softball,472,Arizona Wildcats,womens
ncaa_softball,473,Cal Poly Mustangs,womens
ncaa_softball,474,San Diego State Aztecs,womens
ncaa_softball,475,San José State Spartans,womens
ncaa_softball,476,Stanford Cardinal,womens
ncaa_softball,477,California Golden Bears,womens
ncaa_softball,478,UCLA Bruins,womens
ncaa_softball,479,UC Riverside Highlanders,womens
ncaa_softball,480,USC Trojans,womens
ncaa_softball,481,UConn Huskies,womens
ncaa_softball,482,Hartford Hawks,womens
ncaa_softball,483,George Washington Revolutionaries,womens
ncaa_softball,484,Florida State Seminoles,womens
ncaa_softball,485,Jacksonville State Gamecocks,womens
ncaa_softball,486,Stetson Hatters,womens
ncaa_softball,487,Florida Gators,womens
ncaa_softball,488,South Florida Bulls,womens
ncaa_softball,489,Georgia Tech Yellow Jackets,womens
ncaa_softball,490,Georgia Bulldogs,womens
ncaa_softball,491,Hawai'i Rainbow Warriors,womens
ncaa_softball,492,UIC Flames,womens
ncaa_softball,493,Notre Dame Fighting Irish,womens
ncaa_softball,494,Kentucky Wildcats,womens
ncaa_softball,495,Louisville Cardinals,womens
ncaa_softball,496,Western Kentucky Hilltoppers,womens
ncaa_softball,497,LSU Tigers,womens
ncaa_softball,498,Boston College Eagles,womens
ncaa_softball,499,Maryland Terrapins,womens
ncaa_softball,500,Michigan State Spartans,womens
ncaa_softball,501,Michigan Wolverines,womens
ncaa_softball,502,Minnesota Golden Gophers,womens
ncaa_softball,503,Missouri Tigers,womens
ncaa_softball,504,Ole Miss Rebels,womens
ncaa_softball,505,Duke Blue Devils,womens
ncaa_softball,506,East Carolina Pirates,womens
ncaa_softball,507,NC State Wolfpack,womens
ncaa_softball,508,North Carolina Tar Heels,womens
ncaa_softball,509,Wake Forest Demon Deacons,womens
ncaa_softball,510,Creighton Bluejays,womens
ncaa_softball,511,Nebraska Cornhuskers,womens
ncaa_softball,512,Dartmouth Big Green,womens
ncaa_softball,513,Princeton Tigers,womens
ncaa_softball,514,Rutgers Scarlet Knights,womens
ncaa_softball,515,New Mexico State Aggies,womens
ncaa_softball,516,New Mexico Lobos,womens
ncaa_softball,517,St. Bonaventure Bonnies,womens
ncaa_softball,518,Bowling Green Falcons,womens
ncaa_softball,519,Miami (OH) RedHawks,womens
ncaa_softball,520,Ohio State Buckeyes,womens
ncaa_softball,521,Ohio Bobcats,womens
ncaa_softball,522,Oklahoma State Cowgirls,womens
ncaa_softball,523,Oral Roberts Golden Eagles,womens
ncaa_softball,524,Oklahoma Sooners,womens
ncaa_softball,525,Oregon State Beavers,womens
ncaa_softball,526,Temple Owls,womens
ncaa_softball,527,Pittsburgh Panthers,womens
ncaa_softball,528,Brown Bears,womens
ncaa_softball,529,Clemson Tigers,womens
ncaa_softball,530,Charleston Cougars,womens
ncaa_softball,531,Memphis Tigers,womens
ncaa_softball,532,Vanderbilt Commodores,womens
ncaa_softball,533,Baylor Bears,womens
ncaa_softball,534,Rice Owls,womens
ncaa_softball,535,Texas A&M Aggies,womens
ncaa_softball,536,Houston Cougars,womens
ncaa_softball,537,UT Arlington Mavericks,womens
ncaa_softball,538,Texas Longhorns,womens
ncaa_softball,539,BYU Cougars,womens
ncaa_softball,540,Utah Utes,womens
ncaa_softball,541,James Madison Dukes,womens
ncaa_softball,542,Richmond Spiders,womens
ncaa_softball,543,Virginia Cavaliers,womens
ncaa_softball,544,Virginia Tech Hokies,womens
ncaa_softball,545,Washington Huskies,womens
ncaa_softball,546,Washington State Cougars,womens
ncaa_softball,547,Milwaukee Panthers,womens
ncaa_softball,548,West Virginia Mountaineers,womens
ncaa_softball,549,Fresno State Bulldogs,womens
ncaa_softball,550,Georgia Southern Eagles,womens
ncaa_softball,551,Jacksonville Dolphins,womens
ncaa_softball,552,Old Dominion Monarchs,womens
ncaa_softball,553,Long Beach State 49ers,womens
ncaa_softball,554,UC Irvine Anteaters,womens
ncaa_softball,555,San Diego Toreros,womens
ncaa_softball,556,Louisiana Ragin' Cajuns,womens
ncaa_softball,557,Lafayette Leopards,womens
ncaa_softball,558,Coastal Carolina Chanticleers,womens
ncaa_softball,559,Texas State Bobcats,womens
ncaa_softball,560,Alabama Crimson Tide,womens
ncaa_softball,561,Evansville Purple Aces,womens
ncaa_softball,562,Mississippi State Bulldogs,womens
ncaa_softball,563,Army Black Knights,womens
ncaa_softball,564,UNC Wilmington Seahawks,womens
ncaa_softball,565,Illinois Fighting Illini,womens
ncaa_softball,566,UAlbany Great Danes,womens
ncaa_softball,567,Air Force Falcons,womens
ncaa_softball,568,Austin Peay Governors,womens
ncaa_softball,569,Ball State Cardinals,womens
ncaa_softball,570,Bethune-Cookman Wildcats,womens
ncaa_softball,571,Central Connecticut Blue Devils,womens
ncaa_softball,572,UCF Knights,womens
ncaa_softball,573,Cincinnati Bearcats,womens
ncaa_softball,574,Coppin State Eagles,womens
ncaa_softball,575,Florida Atlantic Owls,womens
ncaa_softball,576,Florida International Panthers,womens
ncaa_softball,577,Cal State Fullerton Titans,womens
ncaa_softball,578,George Mason Patriots,womens
ncaa_softball,579,Iowa Hawkeyes,womens
ncaa_softball,580,Kansas Jayhawks,womens
ncaa_softball,581,Kent State Golden Flashes,womens
ncaa_softball,582,Lamar Cardinals,womens
ncaa_softball,583,Le Moyne Dolphins,womens
ncaa_softball,584,Liberty Flames,womens
ncaa_softball,585,Louisiana Tech Bulldogs,womens
ncaa_softball,586,Loyola Marymount Lions,womens
ncaa_softball,587,Marist Red Foxes,womens
ncaa_softball,588,Miami (FL) Hurricanes,womens
ncaa_softball,589,Middle Tennessee Blue Raiders,womens
ncaa_softball,590,Monmouth Hawks,womens
ncaa_softball,591,Navy Midshipmen,womens
ncaa_softball,592,Charlotte 49ers,womens
ncaa_softball,593,UNC Greensboro Spartans,womens
ncaa_softball,594,UNLV Rebels,womens
ncaa_softball,595,Nevada Wolf Pack,womens
ncaa_softball,596,New Orleans Privateers,womens
ncaa_softball,597,Cal State Northridge Matadors,womens
ncaa_softball,598,Northwestern State Demons,womens
ncaa_softball,599,Pepperdine Waves,womens
ncaa_softball,600,Prairie View A&M Lady Panthers,womens
ncaa_softball,601,Purdue Boilermakers,womens
ncaa_softball,602,Sam Houston Bearkats,womens
ncaa_softball,603,Southeast Missouri State Redhawks,womens
ncaa_softball,604,Southern Miss Golden Eagles,womens
ncaa_softball,605,South Carolina Gamecocks,womens
ncaa_softball,606,Southern Jaguars,womens
ncaa_softball,607,St. John's Red Storm,womens
ncaa_softball,608,Stony Brook Seawolves,womens
ncaa_softball,609,Missouri State Bears,womens
ncaa_softball,610,TCU Horned Frogs,womens
ncaa_softball,611,Tennessee Lady Volunteers,womens
ncaa_softball,612,Texas Southern Tigers,womens
ncaa_softball,613,Texas Tech Red Raiders,womens
ncaa_softball,614,The Citadel Bulldogs,womens
ncaa_softball,615,Tulane Green Wave,womens
ncaa_softball,616,Virginia Commonwealth Rams,womens
ncaa_softball,617,Western Carolina Catamounts,womens
ncaa_softball,618,Wichita State Shockers,womens
ncaa_softball,619,Winthrop Eagles,womens
ncaa_softball,620,Wofford Terriers,womens
ncaa_softball,621,Youngstown State Penguins,womens
ncaa_softball,622,Maine Black Bears,womens
ncaa_softball,623,Alcorn State Braves,womens
ncaa_softball,624,Little Rock Trojans,womens
ncaa_softball,625,Belmont Bruins,womens
ncaa_softball,626,Dallas Baptist Patriots,womens
ncaa_softball,627,Kansas State Wildcats,womens
ncaa_softball,628,Manhattan Jaspers,womens
ncaa_softball,629,Sacred Heart Pioneers,womens
ncaa_softball,630,San Francisco Dons,womens
ncaa_softball,631,Seton Hall Pirates,womens
ncaa_softball,632,Troy Trojans,womens
ncaa_softball,633,Wright State Raiders,womens
ncaa_softball,634,App State Mountaineers,womens
ncaa_softball,635,UL Monroe Warhawks,womens
ncaa_softball,636,Oregon Ducks,womens
ncaa_softball,637,Samford Bulldogs,womens
ncaa_softball,638,Columbia Lions,womens
ncaa_softball,639,Jackson State Tigers,womens
ncaa_softball,640,Savannah State Tigers,womens
ncaa_softball,641,Gonzaga Bulldogs,womens
ncaa_softball,642,Illinois State Redbirds,womens
ncaa_softball,643,William & Mary Tribe,womens
ncaa_softball,644,UC Santa Barbara Gauchos,womens
ncaa_softball,645,Florida Gulf Coast Eagles,womens
ncaa_softball,646,Binghamton Bearcats,womens
ncaa_softball,647,Campbell Fighting Camels,womens
ncaa_softball,648,Indiana Hoosiers,womens
ncaa_softball,649,Mercer Bears,womens
ncaa_softball,650,North Florida Ospreys,womens
ncaa_softball,651,UTSA Roadrunners,womens
ncaa_softball,652,Canisius Golden Griffins,womens
ncaa_softball,653,Bryant Bulldogs,womens
ncaa_softball,654,Saint Louis Billikens,womens
ncaa_softball,655,South Dakota State Jackrabbits,womens
ncaa_softball,656,Valparaiso VALPARAISO,womens
ncaa_softball,657,Elon Phoenix,womens
ncaa_softball,658,East Tennessee State Buccaneers,womens
ncaa_softball,659,Towson Tigers,womens
ncaa_softball,660,Central Arkansas Bears,womens
ncaa_softball,661,Kennesaw State Owls,womens
ncaa_softball,662,Indiana State Sycamores,womens
ncaa_softball,663,SE Louisiana Lions,womens
ncaa_softball,664,North Dakota State Bison,womens
ncaa_softball,665,Siena Saints,womens
ncaa_softball,666,Xavier Musketeers,womens
ncaa_softball,667,Bucknell Bison,womens
ncaa_softball,668,Sacramento State Hornets,womens
ncaa_softball,669,Abilene Christian Wildcats,womens
ncaa_softball,670,Akron Zips,womens
ncaa_softball,671,Alabama A&M Bulldogs,womens
ncaa_softball,672,Alabama State Hornets,womens
ncaa_softball,673,American University Eagles,womens
ncaa_softball,674,Arkansas State Red Wolves,womens
ncaa_softball,675,Arkansas-Pine Bluff Golden Lions,womens
ncaa_softball,676,Boise State Broncos,womens
ncaa_softball,677,Boston University Terriers,womens
ncaa_softball,678,Bradley Braves,womens
ncaa_softball,679,Buffalo Bulls,womens
ncaa_softball,680,Butler Bulldogs,womens
ncaa_softball,681,Cal State Bakersfield Roadrunners,womens
ncaa_softball,682,Central Michigan Chippewas,womens
ncaa_softball,683,Charleston Southern Buccaneers,womens
ncaa_softball,684,Chattanooga Mocs,womens
ncaa_softball,685,Chicago State Cougars,womens
ncaa_softball,686,Cleveland State Vikings,womens
ncaa_softball,687,Colgate Raiders,womens
ncaa_softball,688,Colorado Buffaloes,womens
ncaa_softball,689,Colorado State Rams,womens
ncaa_softball,690,Cornell Big Red,womens
ncaa_softball,691,Davidson Wildcats,womens
ncaa_softball,692,Dayton Flyers,womens
ncaa_softball,693,Delaware Blue Hens,womens
ncaa_softball,694,Delaware State Hornets,womens
ncaa_softball,695,Denver Pioneers,womens
ncaa_softball,696,DePaul Blue Demons,womens
ncaa_softball,697,Detroit Mercy Titans,womens
ncaa_softball,698,Drake Bulldogs,womens
ncaa_softball,699,Drexel Dragons,womens
ncaa_softball,700,Duquesne Dukes,womens
ncaa_softball,701,Eastern Illinois Panthers,womens
ncaa_softball,702,Eastern Kentucky Colonels,womens
ncaa_softball,703,Eastern Michigan Eagles,womens
ncaa_softball,704,Eastern Washington Eagles,womens
ncaa_softball,705,Fairfield Stags,womens
ncaa_softball,706,Fairleigh Dickinson Knights,womens
ncaa_softball,707,Florida A&M Rattlers,womens
ncaa_softball,708,Fordham Rams,womens
ncaa_softball,709,Furman Paladins,womens
ncaa_softball,710,Gardner-Webb Runnin' Bulldogs,womens
ncaa_softball,711,Georgetown Hoyas,womens
ncaa_softball,712,Georgia State Panthers,womens
ncaa_softball,713,Grambling Tigers,womens
ncaa_softball,714,Grand Canyon Lopes,womens
ncaa_softball,715,Green Bay Phoenix,womens
ncaa_softball,716,Hampton Pirates,womens
ncaa_softball,717,Harvard Crimson,womens
ncaa_softball,718,High Point Panthers,womens
ncaa_softball,719,Hofstra Pride,womens
ncaa_softball,720,Holy Cross Crusaders,womens
ncaa_softball,721,Houston Christian Huskies,womens
ncaa_softball,722,Howard Bison,womens
ncaa_softball,723,Idaho Vandals,womens
ncaa_softball,724,Idaho State Bengals,womens
ncaa_softball,725,Incarnate Word Cardinals,womens
ncaa_softball,726,Iona Gaels,womens
ncaa_softball,727,Iowa State Cyclones,womens
ncaa_softball,728,Purdue Fort Wayne Mastodons,womens
ncaa_softball,729,IU Indianapolis Jaguars,womens
ncaa_softball,730,La Salle Explorers,womens
ncaa_softball,731,Lehigh Mountain Hawks,womens
ncaa_softball,732,Lipscomb Bisons,womens
ncaa_softball,733,Long Island University Sharks,womens
ncaa_softball,734,Longwood Lancers,womens
ncaa_softball,735,Loyola Chicago Ramblers,womens
ncaa_softball,736,Loyola Maryland Greyhounds,womens
ncaa_softball,737,Marquette Golden Eagles,womens
ncaa_softball,738,Marshall Thundering Herd,womens
ncaa_softball,739,Maryland Eastern Shore Hawks,womens
ncaa_softball,740,Massachusetts Minutemen,womens
ncaa_softball,741,McNeese Cowgirls,womens
ncaa_softball,742,Mississippi Valley State Delta Devils,womens
ncaa_softball,743,Montana Grizzlies,womens
ncaa_softball,744,Montana State Bobcats,womens
ncaa_softball,745,Morehead State Eagles,womens
ncaa_softball,746,Morgan State Bears,womens
ncaa_softball,747,Mount St. Mary's Mountaineers,womens
ncaa_softball,748,Murray State Racers,womens
ncaa_softball,749,NJIT Highlanders,womens
ncaa_softball,750,Omaha Mavericks,womens
ncaa_softball,751,New Hampshire Wildcats,womens
ncaa_softball,752,Niagara Purple Eagles,womens
ncaa_softball,753,Nicholls Colonels,womens
ncaa_softball,754,Norfolk State Spartans,womens
ncaa_softball,755,North Carolina A&T Aggies,womens
ncaa_softball,756,North Carolina Central Eagles,womens
ncaa_softball,757,North Dakota Fighting Hawks,womens
ncaa_softball,758,North Texas Mean Green,womens
ncaa_softball,759,Northeastern Huskies,womens
ncaa_softball,760,Northern Arizona Lumberjacks,womens
ncaa_softball,761,Northern Colorado Bears,womens
ncaa_softball,762,Northern Illinois Huskies,womens
ncaa_softball,763,Northern Iowa Panthers,womens
ncaa_softball,764,Northern Kentucky Norse,womens
ncaa_softball,765,Northwestern Wildcats,womens
ncaa_softball,766,Oakland Golden Grizzlies,womens
ncaa_softball,767,Pacific Tigers,womens
ncaa_softball,768,Penn State Nittany Lions,womens
ncaa_softball,769,Pennsylvania Quakers,womens
ncaa_softball,770,Portland Pilots,womens
ncaa_softball,771,Portland State Vikings,womens
ncaa_softball,772,Presbyterian Blue Hose,womens
ncaa_softball,773,Providence Friars,womens
ncaa_softball,774,Quinnipiac Bobcats,womens
ncaa_softball,775,Radford Highlanders,womens
ncaa_softball,776,Rhode Island Rams,womens
ncaa_softball,777,Rider Broncs,womens
ncaa_softball,778,Robert Morris Colonials,womens
ncaa_softball,779,Saint Joseph's Hawks,womens
ncaa_softball,780,Saint Mary's Gaels,womens
ncaa_softball,781,Santa Clara Broncos,womens
ncaa_softball,782,Seattle U Redhawks,womens
ncaa_softball,783,SIU Edwardsville Cougars,womens
ncaa_softball,784,South Carolina State Bulldogs,womens
ncaa_softball,785,South Dakota Coyotes,womens
ncaa_softball,786,Southern Illinois Salukis,womens
ncaa_softball,787,SMU Mustangs,womens
ncaa_softball,788,Southern Utah Thunderbirds,womens
ncaa_softball,789,St. Francis Brooklyn Terriers,womens
ncaa_softball,790,Saint Francis Red Flash,womens
ncaa_softball,791,Saint Peter's Peacocks,womens
ncaa_softball,792,Stephen F. Austin Lumberjacks,womens
ncaa_softball,793,Syracuse Orange,womens
ncaa_softball,794,Tennessee State Tigers,womens
ncaa_softball,795,Tennessee Tech Golden Eagles,womens
ncaa_softball,796,UT Martin Skyhawks,womens
ncaa_softball,797,Texas A&M-Corpus Christi Islanders,womens
ncaa_softball,798,Texas-Pan American Broncs,womens
ncaa_softball,799,Toledo Rockets,womens
ncaa_softball,800,Tulsa Golden Hurricane,womens
ncaa_softball,801,UAB Blazers,womens
ncaa_softball,802,UC Davis Aggies,womens
ncaa_softball,803,UMass Lowell River Hawks,womens
ncaa_softball,804,UMBC Retrievers,womens
ncaa_softball,805,Kansas City Kangaroos,womens
ncaa_softball,806,UNC Asheville Bulldogs,womens
ncaa_softball,807,South Carolina Upstate Spartans,womens
ncaa_softball,808,Utah State Aggies,womens
ncaa_softball,809,Utah Valley Wolverines,womens
ncaa_softball,810,UTEP Miners,womens
ncaa_softball,811,Vermont Catamounts,womens
ncaa_softball,812,Villanova Wildcats,womens
ncaa_softball,813,Virginia Military Keydets,womens
ncaa_softball,814,Wagner Seahawks,womens
ncaa_softball,815,Weber State Wildcats,womens
ncaa_softball,816,Western Illinois Leathernecks,womens
ncaa_softball,817,Western Michigan Broncos,womens
ncaa_softball,818,Wisconsin Badgers,womens
ncaa_softball,819,Wyoming Cowboys,womens
ncaa_softball,820,Yale Bulldogs,womens
ncaa_softball,855,Centenary (LA) Gentlemen,womens
ncaa_softball,857,Nebraska Kearney Lopers,womens
ncaa_softball,860,Alabama Huntsville Chargers,womens
ncaa_softball,861,Albany State Golden Rams,womens
ncaa_softball,863,Austin 'Roos,womens
ncaa_softball,864,Belhaven Blazers,womens
ncaa_softball,865,Benedict Tigers,womens
ncaa_softball,866,Bethel (TN) Wildcats,womens
ncaa_softball,868,Cabrini Cavaliers,womens
ncaa_softball,870,Case Western Reserve Spartans,womens
ncaa_softball,873,Centre Colonels,womens
ncaa_softball,875,Claflin Panthers,womens
ncaa_softball,876,Clark Atlanta Panthers,womens
ncaa_softball,877,Colorado Colorado Springs Mountain Lions,womens
ncaa_softball,880,Delta State Statesmen,womens
ncaa_softball,881,Utah Tech Trailblazers,womens
ncaa_softball,882,Elizabeth City State Vikings,womens
ncaa_softball,883,Goldey Beacom GOLDEY-BEACOM,womens
ncaa_softball,886,Ithaca Bombers,womens
ncaa_softball,887,Kentucky State Thorobreds,womens
ncaa_softball,888,Lander Senators,womens
ncaa_softball,889,Langston Lions,womens
ncaa_softball,893,Miles Golden Bears,womens
ncaa_softball,894,Minnesota State Mavericks,womens
ncaa_softball,895,Missouri S&T Miners,womens
ncaa_softball,896,Missouri Western Griffons,womens
ncaa_softball,898,Oklahoma Baptist Bison,womens
ncaa_softball,899,Oklahoma Christian OKLAHOMA CHRISTIAN,womens
ncaa_softball,901,Ouachita Baptist Tigers,womens
ncaa_softball,904,Salem State Vikings,womens
ncaa_softball,905,Simon Fraser Red Leafs,womens
ncaa_softball,907,Sioux Falls Cougars,womens
ncaa_softball,911,Spring Hill Badgers,womens
ncaa_softball,913,Stillman Tigers,womens
ncaa_softball,915,Texas College Steers,womens
ncaa_softball,916,Trevecca Nazarene Trojans,womens
ncaa_softball,917,Texas Woman's Pioneers,womens
ncaa_softball,919,Virginia Union Panthers,womens
ncaa_softball,921,William Penn Statesmen,womens
ncaa_softball,922,Winston-Salem State Rams,womens
ncaa_softball,923,Wisconsin River Falls Falcons,womens
ncaa_whockey,103,Boston College Eagles,womens
ncaa_whockey,104,Boston University Terriers,womens
ncaa_whockey,107,Holy Cross Crusaders,womens
ncaa_whockey,108,Harvard Crimson,womens
ncaa_whockey,111,Northeastern Huskies,womens
ncaa_whockey,121934,Franklin Pierce Ravens,womens
ncaa_whockey,127962,Assumption Greyhounds,womens
ncaa_whockey,127963,St. Michael'S College Purple Knights,womens
ncaa_whockey,132,Bemidji State Beavers,womens
ncaa_whockey,134,Minnesota Duluth Bulldogs,womens
ncaa_whockey,135,Minnesota Golden Gophers,womens
ncaa_whockey,155,North Dakota Fighting Hawks,womens
ncaa_whockey,159,Dartmouth Big Green,womens
ncaa_whockey,160,New Hampshire Wildcats,womens
ncaa_whockey,163,Princeton Tigers,womens
ncaa_whockey,172,Cornell Big Red,womens
ncaa_whockey,178,RIT Tigers,womens
ncaa_whockey,183,Syracuse Orange,womens
ncaa_whockey,194,Ohio State Buckeyes,womens
ncaa_whockey,213,Penn State Nittany Lions,womens
ncaa_whockey,2137,Clarkson Golden Knights,womens
ncaa_whockey,2142,Colgate Raiders,womens
ncaa_whockey,225,Brown Bears,womens
ncaa_whockey,2341,Long Island University Sharks,womens
ncaa_whockey,2364,Minnesota State Mavericks,womens
ncaa_whockey,2385,Mercyhurst Lakers,womens
ncaa_whockey,2507,Providence Friars,womens
ncaa_whockey,2514,Quinnipiac Bobcats,womens
ncaa_whockey,2523,Robert Morris Colonials,womens
ncaa_whockey,2528,Rensselaer Engineers,womens
ncaa_whockey,2529,Sacred Heart Pioneers,womens
ncaa_whockey,2594,St. Cloud State Huskies,womens
ncaa_whockey,260,Saint Michael's Purple Knights,womens
ncaa_whockey,261,Vermont Catamounts,womens
ncaa_whockey,275,Wisconsin Badgers,womens
ncaa_whockey,2771,Merrimack Warriors,womens
ncaa_whockey,2779,St. Lawrence Saints,womens
ncaa_whockey,2785,Union Garnet Chargers,womens
ncaa_whockey,2815,Lindenwood Lions,womens
ncaa_whockey,2830,Saint Anselm Hawks,womens
ncaa_whockey,284,Stonehill Skyhawks,womens
ncaa_whockey,2900,St. Thomas-Minnesota Tommies,womens
ncaa_whockey,311,Maine Black Bears,womens
ncaa_whockey,315,Niagara Purple Eagles,womens
ncaa_whockey,41,UConn Huskies,womens
ncaa_whockey,43,Yale Bulldogs,womens
ncaa_whockey,430,Post Eagles,womens
nfl,1,Atlanta Falcons,pro
nfl,10,Tennessee Titans,pro
nfl,11,Indianapolis Colts,pro
nfl,12,Kansas City Chiefs,pro
nfl,13,Las Vegas Raiders,pro
nfl,14,Los Angeles Rams,pro
nfl,15,Miami Dolphins,pro
nfl,16,Minnesota Vikings,pro
nfl,17,New England Patriots,pro
nfl,18,New Orleans Saints,pro
nfl,19,New York Giants,pro
nfl,2,Buffalo Bills,pro
nfl,20,New York Jets,pro
nfl,21,Philadelphia Eagles,pro
nfl,22,Arizona Cardinals,pro
nfl,23,Pittsburgh Steelers,pro
nfl,24,Los Angeles Chargers,pro
nfl,25,San Francisco 49ers,pro
nfl,26,Seattle Seahawks,pro
nfl,27,Tampa Bay Buccaneers,pro
nfl,28,Washington Commanders,pro
nfl,29,Carolina Panthers,pro
nfl,3,Chicago Bears,pro
nfl,30,Jacksonville Jaguars,pro
nfl,33,Baltimore Ravens,pro
nfl,34,Houston Texans,pro
nfl,4,Cincinnati Bengals,pro
nfl,5,Cleveland Browns,pro
nfl,6,Dallas Cowboys,pro
nfl,7,Denver Broncos,pro
nfl,8,Detroit Lions,pro
nfl,9,Green Bay Packers,pro
nhl,1,Boston Bruins,pro
nhl,10,Montreal Canadiens,pro
nhl,11,New Jersey Devils,pro
nhl,12,New York Islanders,pro
nhl,124292,Seattle Kraken,pro
nhl,129764,Utah Mammoth,pro
nhl,13,New York Rangers,pro
nhl,14,Ottawa Senators,pro
nhl,15,Philadelphia Flyers,pro
nhl,16,Pittsburgh Penguins,pro
nhl,17,Colorado Avalanche,pro
nhl,18,San Jose Sharks,pro
nhl,19,St. Louis Blues,pro
nhl,2,Buffalo Sabres,pro
nhl,20,Tampa Bay Lightning,pro
nhl,21,Toronto Maple Leafs,pro
nhl,22,Vancouver Canucks,pro
nhl,23,Washington Capitals,pro
nhl,25,Anaheim Ducks,pro
nhl,26,Florida Panthers,pro
nhl,27,Nashville Predators,pro
nhl,28,Winnipeg Jets,pro
nhl,29,Columbus Blue Jackets,pro
nhl,3,Calgary Flames,pro
nhl,30,Minnesota Wild,pro
nhl,37,Vegas Golden Knights,pro
nhl,4,Chicago Blackhawks,pro
nhl,5,Detroit Red Wings,pro
nhl,6,Edmonton Oilers,pro
nhl,7,Carolina Hurricanes,pro
nhl,8,Los Angeles Kings,pro
nhl,9,Dallas Stars,pro
ohl,1,Brantford Bulldogs,junior
ohl,10,Kitchener Rangers,junior
ohl,11,Owen Sound Attack,junior
ohl,12,Sudbury Wolves,junior
ohl,13,Flint Firebirds,junior
ohl,14,London Knights,junior
ohl,15,Sarnia Sting,junior
ohl,16,Soo Greyhounds,junior
ohl,17,Windsor Spitfires,junior
ohl,18,Brampton Steelheads,junior
ohl,19,North Bay Battalion,junior
ohl,2,Kingston Frontenacs,junior
ohl,20,Niagara IceDogs,junior
ohl,23,Val d'Or Foreurs,junior
ohl,24,Hull Olympiques,junior
ohl,25,Montreal Rockets,junior
ohl,26,Rouyn-Noranda Huskies,junior
ohl,27,Shawinigan Cataractes,junior
ohl,28,Victoriaville Tigres,junior
ohl,3,North Bay Centennials,junior
ohl,34,Saginaw Spirit,junior
ohl,4,Oshawa Generals,junior
ohl,5,Ottawa 67's,junior
ohl,6,Peterborough Petes,junior
ohl,7,Barrie Colts,junior
ohl,8,Erie Otters,junior
ohl,9,Guelph Storm,junior
phf,124984,Metropolitan Riveters,pro
phf,207478,Montreal Force,pro
phf,61635,Buffalo Beauts,pro
phf,61636,Metropolitan Riveters,pro
phf,61637,Connecticut Whale,pro
phf,61638,Boston Pride,pro
phf,61639,Minnesota Whitecaps,pro
phf,79963,Toronto Six,pro
pwhl,1,Boston Fleet,pro
pwhl,10,PWHL Detroit,pro
pwhl,11,PWHL Hamilton,pro
pwhl,12,PWHL Las Vegas,pro
pwhl,13,PWHL San Jose,pro
pwhl,2,Minnesota Frost,pro
pwhl,3,Montréal Victoire,pro
pwhl,4,New York Sirens,pro
pwhl,5,Ottawa Charge,pro
pwhl,6,Toronto Sceptres,pro
pwhl,8,Seattle Torrent,pro
pwhl,9,Vancouver Goldeneyes,pro
qmjhl,1,"Moncton, Wildcats",junior
qmjhl,10,"Chicoutimi, Saguenéens",junior
qmjhl,11,"Rouyn-Noranda, Huskies",junior
qmjhl,12,"Gatineau, Olympiques",junior
qmjhl,13,"Shawinigan, Cataractes",junior
qmjhl,14,"Drummondville, Voltigeurs",junior
qmjhl,15,"Val-d'Or, Foreurs",junior
qmjhl,16,"Baie-Comeau, Drakkar",junior
qmjhl,17,"Victoriaville, Tigres",junior
qmjhl,18,"Rimouski, Océanic",junior
qmjhl,19,"Blainville-Boisbriand, Armada",junior
qmjhl,2,"Newfoundland, Regiment",junior
qmjhl,3,"Cape Breton, Eagles",junior
qmjhl,4,"Lewiston, MAINEiacs",junior
qmjhl,46,"Verdun, Collège Français",junior
qmjhl,47,"Drummondville, Rangers",junior
qmjhl,48,"St-Jérôme, Alouettes",junior
qmjhl,49,"Cornwall, Royals",junior
qmjhl,5,"Halifax, Mooseheads",junior
qmjhl,50,"Verdun, Maple Leafs",junior
qmjhl,51,"Laval, Saints",junior
qmjhl,55,"- Toronto, St. Michael's (OHL) -",junior
qmjhl,56,"- Belleville, Bulls (OHL) -",junior
qmjhl,57,"- Oshawa, Generals (OHL) -",junior
qmjhl,60,"Sherbrooke, Phœnix",junior
qmjhl,64,"Plattsburgh, Pioneers",junior
qmjhl,66,"- Peterborough, Petes (OHL) -",junior
qmjhl,7,"Charlottetown, Islanders",junior
qmjhl,8,"Saint John, Sea Dogs",junior
qmjhl,9,"Québec, Remparts",junior
soccer,10,Huracán,
soccer,10000,Deportivo Maldonado,
soccer,10052,Villa San Carlos,
soccer,10054,Excursionistas,
soccer,10058,San Miguel,
soccer,10060,Barracas Central,
soccer,10064,Villa Dálmine,
soccer,1007,Defensor Sporting,
soccer,10080,Rubio Ñú,
soccer,10094,UCV FC,
soccer,101,Rayo Vallecano,
soccer,1010,OFI Crete,
soccer,10102,Claypole,
soccer,10103,Dock Sud,
soccer,10105,Ituzaingó,
soccer,10107,Liniers,
soccer,10109,Midland,
soccer,1011,Delfín,
soccer,10122,UTC,
soccer,10124,Venados FC,
soccer,10125,Tijuana,
soccer,10129,Leones Negros,
soccer,10131,Club Jaiba Brava,
soccer,10138,San Marcos de Arica,
soccer,10139,Copiapó,
soccer,10142,Deportes Iquique,
soccer,10143,San Luis,
soccer,10144,Unión La Calera,
soccer,10145,Acassuso,
soccer,10146,Atlanta,
soccer,10147,Brown de Adrogué,
soccer,10149,Colegiales,
soccer,10151,Defensores de Belgrano,
soccer,10152,Deportivo Armenio,
soccer,10154,Deportivo Morón,
soccer,10156,Flandria,
soccer,10157,San Telmo,
soccer,10158,Sarmiento (Junín),
soccer,10161,Talleres de Remedios,
soccer,10162,Temperley,
soccer,10163,Tristán Suárez,
soccer,102,Villarreal,
soccer,10207,Al Ahly,
soccer,10265,Bangu,
soccer,10266,Avenida,
soccer,10281,Botafogo-SP,
soccer,10296,Paraguay U20,
soccer,103,AC Milan,
soccer,10307,Manta F.C.,
soccer,10309,Jaguares de Córdoba,
soccer,10311,Nacional Potosí,
soccer,10318,Sport Huancayo,
soccer,1032,KSC Lokeren,
soccer,10343,Italy U21,
soccer,10357,Atlético Goianiense,
soccer,10374,Patronato,
soccer,10376,Nomme Kalju,
soccer,1038,Jamaica,
soccer,10382,1. FC Magdeburg,
soccer,10388,SV Elversberg,
soccer,104,AS Roma,
soccer,10414,FK Qarabag,
soccer,105,Atalanta,
soccer,10525,Brunei Darussalam,
soccer,10528,Central African Republic,
soccer,10529,Guam,
soccer,10532,French Guiana,
soccer,10596,St. Martin,
soccer,10597,Jong Ajax,
soccer,10606,Australia U20,
soccer,10615,Egypt U20,
soccer,10618,Excelsior Maassluis,
soccer,10629,Cultural Leonesa,
soccer,10678,Pau,
soccer,1068,Atlético Madrid,
soccer,10691,Les Herbiers,
soccer,107,Bologna,
soccer,10739,Philadelphia Union,
soccer,10743,Gimnasia y Tiro (Salta),
soccer,10834,CSKA Sofia,
soccer,109,Fiorentina,
soccer,11,Independiente,
soccer,110,Internazionale,
soccer,11017,SSV Jahn Regensburg,
soccer,111,Juventus,
soccer,111140,Mercyhurst Lakers,
soccer,11121,AD Alcorcón,
soccer,11124,Guayaquil City FC,
soccer,11126,Carpi,
soccer,11137,Virtus Entella,
soccer,11139,Sudtirol,
soccer,11143,Melbourne City FC,
soccer,11170,VV Katwijk,
soccer,112,Lazio,
soccer,11268,São Bernardo,
soccer,113,Lecce,
soccer,11336,Krasnodar,
soccer,11337,Colombia,
soccer,11399,Panama U17,
soccer,114,Napoli,
soccer,11420,RB Leipzig,
soccer,11429,Samsunspor,
soccer,11431,Panetolikos,
soccer,11485,FC Admira Wacker Modling,
soccer,11487,CD Sabadell,
soccer,115,Parma,
soccer,11505,Jagiellonia Bialystok,
soccer,11550,Odense Boldklub,
soccer,11553,Aris,
soccer,11627,Netherlands U21,
soccer,11653,Saudi Arabia U20,
soccer,11669,Belgium U21,
soccer,11676,France U21,
soccer,11677,CD Choloma,
soccer,11678,Curaçao,
soccer,11692,Portugal U21,
soccer,117,Reggina,
soccer,11706,Viktoria Plzen,
soccer,11766,Puerto Rico,
soccer,118,Udinese,
soccer,11808,Sao Tome and Principe,
soccer,11884,Red Star FC 93,
soccer,11895,Bourg-Peronnas,
soccer,119,Hellas Verona,
soccer,11913,Chippa United,
soccer,11963,Chaco For Ever,
soccer,11972,Gimnasia (Mendoza),
soccer,11978,Deportivo Maipú,
soccer,11989,Central Córdoba (Santiago del Estero),
soccer,11990,Mitre (Santiago del Estero),
soccer,11991,Sp. Belgrano,
soccer,11993,Central Norte,
soccer,11995,Cusco FC,
soccer,12,Lanús,
soccer,120,Vicenza,
soccer,12011,Orlando City SC,
soccer,12030,Rigas Futbola Skola,
soccer,12062,France U20,
soccer,121,VfL Bochum,
soccer,12124,FC Astana,
soccer,12146,Flora,
soccer,122,FC Cologne,
soccer,12215,Santa Clara,
soccer,12216,Estoril,
soccer,122813,Incarnate Word Cardinals,
soccer,123,Energie Cottbus,
soccer,124,Borussia Dortmund,
soccer,124510,St. Thomas Tommies,
soccer,12498,Vejle Boldklub,
soccer,125,Eintracht Frankfurt,
soccer,12587,Amorebieta,
soccer,12594,UCAM Murcia,
soccer,12597,Burgos,
soccer,126,SC Freiburg,
soccer,12633,Scotland,
soccer,12634,Wales,
soccer,126595,Lindenwood Lions,
soccer,126601,Southern Indiana Screaming Eagles,
soccer,126699,Stonehill Skyhawks,
soccer,12698,FC Famalicao,
soccer,127,Hamburg SV,
soccer,12705,GD Chaves,
soccer,12706,Tondela,
soccer,127922,Le Moyne Dolphins,
soccer,128,Hansa Rostock,
soccer,128250,West Chester,
soccer,129,Hertha Berlin,
soccer,13,Los Andes,
soccer,130,Kaiserslautern,
soccer,13018,Ludogorets Razgrad,
soccer,13033,Al Fateh,
soccer,13061,Solihull Moors,
soccer,13083,Hapoel Be'er,
soccer,130875,ABB,
soccer,130883,Qatar U17,
soccer,130885,Fiji U17,
soccer,130886,Egypt U17,
soccer,130889,Saudi Arabia U17,
soccer,130890,Uganda U17,
soccer,130891,Republic of Ireland U17,
soccer,130894,New Haven Chargers,
soccer,130895,New Haven Chargers,
soccer,130896,Morocco U20,
soccer,130897,New Caledonia U20,
soccer,130899,Neom SC,
soccer,130906,Norway U17,
soccer,130909,Samoa U17,
soccer,130910,Spring Hill,
soccer,130913,Hawai'i Pacific,
soccer,130916,Minnesota St Moorhead,
soccer,130919,West Georgia Wolves,
soccer,131,Bayer Leverkusen,
soccer,131209,Montana State-Billings,
soccer,131213,Aurora FC,
soccer,131216,Blackburn,
soccer,131217,Adrian,
soccer,131220,Manchester,
soccer,131235,RAAL La Louvière,
soccer,131239,Morningside,
soccer,131245,Quincy,
soccer,131247,Marywood,
soccer,131256,Vancouver Rise FC,
soccer,131257,Calgary Wild FC,
soccer,131258,AFC Toronto,
soccer,131259,Montreal Roses FC,
soccer,131260,Halifax Tides FC,
soccer,131261,Ottawa Rapid FC,
soccer,131266,Mount St. Joseph,
soccer,131273,Schreiner,
soccer,131275,Fairmont State,
soccer,131277,Simon Fraser,
soccer,131279,Rockhurst,
soccer,131282,Génesis PN,
soccer,131284,Westminster (UT),
soccer,131285,Allen,
soccer,131288,Virginia State,
soccer,131291,Spalding,
soccer,131295,Internacional Santa Tecla,
soccer,131300,West Florida Argonauts,
soccer,131303,Hanover,
soccer,131307,Farmingdale State,
soccer,131311,Virginia State,
soccer,131317,South Carolina-Aiken,
soccer,131322,Ferrum,
soccer,131327,Southern Wesleyan,
soccer,131335,St. Cloud State,
soccer,131339,Western Oregon,
soccer,131361,Siwelele,
soccer,131393,CD Tenerife,
soccer,131397,HERA United,
soccer,131423,OH Leuven,
soccer,131428,De Graafschap,
soccer,13143,Joinville,
soccer,131447,Dallas Trinity FC,
soccer,131449,Fort Lauderdale United FC,
soccer,131450,DC Power FC,
soccer,131451,Lexington SC,
soccer,131452,Brooklyn FC,
soccer,131453,Sporting Jax,
soccer,131454,Carolina Ascent FC,
soccer,131455,Tampa Bay Sun FC,
soccer,131494,Macclesfield FC,
soccer,13150,Nizhny Novgorod,
soccer,131552,Örgryte IS,
soccer,131553,United States U21,
soccer,131561,Kenya,
soccer,131562,Boston Legacy FC,
soccer,131563,Denver Summit FC,
soccer,131578,Sporting JAX,
soccer,131579,Brooklyn FC,
soccer,131580,Fort Wayne,
soccer,131581,Athletic Club Boise,
soccer,131582,New York Cosmos,
soccer,131635,Internazionale,
soccer,131643,Austria Vienna,
soccer,131654,Deportivo Moquegua,
soccer,131655,FC Cajamarca,
soccer,131657,Burkina Faso,
soccer,131688,Central Español Fútbol Club,
soccer,131701,Mito Hollyhock,
soccer,131702,Leones,
soccer,131704,Chongqing Tonglianglong,
soccer,131705,Liaoning Tieren,
soccer,131718,Concord,
soccer,131719,Delta State,
soccer,131723,Wales U19,
soccer,131734,Algeria U17,
soccer,131735,China U17,
soccer,131736,Cuba U17,
soccer,131737,Greece U17,
soccer,131738,Jamaica U17,
soccer,131739,Montenegro U17,
soccer,131740,Romania U17,
soccer,131741,Serbia U17,
soccer,131742,Tanzania U17,
soccer,131743,Vietnam U17,
soccer,131744,Denmark U17,
soccer,131745,Mozambique U17,
soccer,131746,Al Diriyah,
soccer,131749,Puerto Rico U17,
soccer,131750,Argentina U17,
soccer,131751,Australia U17,
soccer,131752,Venezuela U17,
soccer,131753,West Florida Argonauts,
soccer,131762,Fiji,
soccer,131784,New Caledonia,
soccer,131790,Inter de San Carlos,
soccer,131835,Deportivo San Pedro,
soccer,131840,St. John Fisher,
soccer,131858,RC Celta Fortuna,
soccer,131859,Central Washington,
soccer,131878,Wilmington (OH),
soccer,131879,Sul Ross State,
soccer,131882,Concordia (TX),
soccer,131975,Guilford,
soccer,132,Bayern Munich,
soccer,132330,Holy Family,
soccer,132334,Çorum FK,
soccer,132362,North Greenville,
soccer,132374,SUNY Maritime,
soccer,132376,Ghana U17,
soccer,13238,Víkingur,
soccer,132404,Carroll (WI),
soccer,132429,Kalamata,
soccer,132441,Newberry,
soccer,132447,Escorpiones Belén,
soccer,132448,CA Independiente Siguatepeque,
soccer,132449,CD Estrella Roja,
soccer,132477,Lakeland,
soccer,132480,Inca Aruba,
soccer,132481,Mary Baldwin,
soccer,132485,Rogers State,
soccer,132510,William Peace,
soccer,132552,St. Thomas (FL),
soccer,132553,Florida College,
soccer,132614,Bluffton,
soccer,132648,Saint Leo,
soccer,132652,Nebraska Wesleyan,
soccer,132653,Randolph,
soccer,132655,Illinois Springfield,
soccer,132657,Wartburg,
soccer,132658,Waynesburg,
soccer,132659,Ohio Northern,
soccer,132660,Rutgers-Newark,
soccer,132661,Southern Virginia,
soccer,132664,Greensboro,
soccer,132669,Eckerd,
soccer,132670,Webster,
soccer,132771,Tuskegee,
soccer,132898,Spring Hill,
soccer,132921,Keystone,
soccer,13294,Wolfsberger,
soccer,133,Schalke 04,
soccer,13310,Cameroon,
soccer,13313,South Africa,
soccer,13317,Marumo Gallants,
soccer,133875,Vanuatu,
soccer,133876,Solomon Islands,
soccer,133877,Namibia,
soccer,133983,Necaxa,
soccer,133990,Atlas,
soccer,133992,Atlético de San Luis,
soccer,134,VfB Stuttgart,
soccer,13450,Waasland-Beveren,
soccer,13481,Metropolitanos,
soccer,135,TSV 1860 Munich,
soccer,13582,Dominica,
soccer,13584,St. Vincent and the Grenadines,
soccer,13696,Western Sydney Wanderers,
soccer,137,Werder Bremen,
soccer,13783,Anzoátegui FC,
soccer,138,VfL Wolfsburg,
soccer,1382,Austria Vienna,
soccer,13884,AFC Fylde,
soccer,139,Ajax Amsterdam,
soccer,13913,Agropecuario,
soccer,14,Newell's Old Boys,
soccer,140,AZ Alkmaar,
soccer,14074,Comunicaciones,
soccer,14075,South Sudan,
soccer,141,NAC Breda,
soccer,142,Feyenoord Rotterdam,
soccer,1423,Beira Mar,
soccer,14253,Norway U21,
soccer,14269,Russia U21,
soccer,14290,Israel U21,
soccer,143,Fortuna Sittard,
soccer,144,De Graafschap,
soccer,145,FC Groningen,
soccer,14561,Chinese Taipei,
soccer,146,Heerenveen,
soccer,147,NEC Nijmegen,
soccer,148,PSV Eindhoven,
soccer,149,Roda JC Kerkrade,
soccer,15,Racing Club,
soccer,151,Sparta Rotterdam,
soccer,15106,Muangthong United,
soccer,15114,Cuba U20,
soccer,152,FC Twente,
soccer,153,FC Utrecht,
soccer,15360,Chicago Stars FC,
soccer,15362,Portland Thorns FC,
soccer,15363,Seattle Reign FC,
soccer,15364,Gotham FC,
soccer,15365,Washington Spirit,
soccer,15366,North Carolina Courage,
soccer,1538,Levante,
soccer,154,Vitesse,
soccer,15424,Paysandu,
soccer,155,RKC Waalwijk,
soccer,15515,Shanghai Port,
soccer,15582,FC Ural Ekaterinburg,
soccer,156,Willem II,
soccer,15713,FK Kukesi,
soccer,15720,Atlético de San Luis,
soccer,15784,Arouca,
soccer,159,Bordeaux,
soccer,16,River Plate,
soccer,160,Paris Saint-Germain,
soccer,162,Italy,
soccer,16218,Italy U17,
soccer,16287,Croatia U17,
soccer,16295,Morocco U17,
soccer,16301,Uzbekistan U17,
soccer,16306,Venezuela U17,
soccer,164,Spain,
soccer,16445,Uruguay U17,
soccer,165,Nantes,
soccer,166,Lille,
soccer,167,Lyon,
soccer,16721,Gibraltar,
soccer,16728,Liverpool U21,
soccer,169,Stade Rennais,
soccer,17,Rosario Central,
soccer,170,Troyes,
soccer,17086,Independiente del Valle,
soccer,17090,Deportivo La Guaira,
soccer,171,Guingamp,
soccer,17131,Caxias do Sul,
soccer,17176,Mushuc Runa,
soccer,172,AJ Auxerre,
soccer,17233,Alebrijes de Oaxaca,
soccer,173,Bastia,
soccer,17313,Cuiabá,
soccer,17317,Botafogo PB,
soccer,17325,Nacional de Manaus,
soccer,17333,Londrina,
soccer,17339,Tombense,
soccer,17346,Houston Dash,
soccer,17352,Estudiantes (Buenos Aires),
soccer,17360,Indy Eleven,
soccer,17361,Tampa Bay Rowdies,
soccer,17362,Minnesota United FC,
soccer,17363,Magallanes,
soccer,17365,Curicó Unido,
soccer,17370,Atlético FC,
soccer,17371,Bogotá FC,
soccer,17372,Boca Juniors de Cali,
soccer,17373,Barranquilla FC,
soccer,17374,Unión Magdalena,
soccer,17380,Bryant Bulldogs,
soccer,17386,East Tennessee State Buccaneers,
soccer,17390,Florida Gulf Coast Eagles,
soccer,17392,Houston Christian Huskies,
soccer,17393,Howard Bison,
soccer,174,AS Monaco,
soccer,17407,Omaha Mavericks,
soccer,17409,Presbyterian Blue Hose,
soccer,17411,Seattle U Redhawks,
soccer,17412,SIU Edwardsville Cougars,
soccer,17425,Utah Valley Wolverines,
soccer,17483,Orléans,
soccer,17491,Würzburger Kickers,
soccer,17495,FC Arsenal Tula,
soccer,175,Lens,
soccer,17514,Mineros de Zacatecas,
soccer,17516,CD Guastatoya,
soccer,17520,FC Zorya Luhansk,
soccer,17530,Venezia,
soccer,17534,Leganés,
soccer,17544,Antwerp,
soccer,17545,Richmond Kickers,
soccer,17579,Texas A&M-Corpus Christi Islanders,
soccer,17590,Abilene Christian Wildcats,
soccer,176,Marseille,
soccer,17606,New York City FC,
soccer,17637,Ecuador,
soccer,17639,South Korea,
soccer,17640,Spain,
soccer,17641,Switzerland,
soccer,17642,Thailand,
soccer,17671,Sportivo San Lorenzo,
soccer,17689,Johor Darul Ta'zim,
soccer,17692,San Martín (Burzaco),
soccer,17693,Argentino de Quilmes,
soccer,17695,Deportivo Laferrere,
soccer,17697,Defensores Unidos,
soccer,177,Metz,
soccer,17700,Argentino de Merlo,
soccer,17702,Deportivo Riestra,
soccer,17703,Sportivo Italiano,
soccer,17704,Deportivo Merlo,
soccer,17705,UAI Urquiza,
soccer,17706,Sportivo Barracas,
soccer,17733,Bali United,
soccer,17757,Port FC,
soccer,17760,Ratchaburi FC,
soccer,17796,El Kanemi Warriors,
soccer,17797,Rangers International,
soccer,178,Saint-Étienne,
soccer,17807,Shooting Stars SC,
soccer,17814,San Martín (Tucumán),
soccer,17815,Vietnam,
soccer,17826,Charlotte Independence,
soccer,17827,Pittsburgh Riverhounds,
soccer,17828,Sacramento Republic FC,
soccer,17830,Colorado Springs Switchbacks FC,
soccer,17832,Louisville City FC,
soccer,17850,Phoenix Rising FC,
soccer,17851,FC Juárez,
soccer,17855,Skenderbeu Korce,
soccer,17856,Lincoln Red Imps,
soccer,17858,Alashkert FC,
soccer,179,Toulouse,
soccer,17939,Juticalpa FC,
soccer,17972,Australia U17,
soccer,17973,Ecuador U17,
soccer,17974,Mali U17,
soccer,17975,United States U17,
soccer,17976,Chile U17,
soccer,17982,USV Hercules,
soccer,17992,Koninklijke HFC,
soccer,17997,Kerala Blasters FC,
soccer,17998,Odisha FC,
soccer,18,San Lorenzo,
soccer,180,Strasbourg,
soccer,18000,Chennaiyin FC,
soccer,18002,Mumbai City FC,
soccer,18003,FC Goa,
soccer,18004,NorthEast United FC,
soccer,18009,San José State Spartans,
soccer,18010,Grand Canyon Antelopes,
soccer,18018,Kelty Hearts,
soccer,18023,UT Rio Grande Valley Vaqueros,
soccer,18032,Incarnate Word Cardinals,
soccer,18035,Gainsborough Trinity,
soccer,18066,Annecy,
soccer,18127,Novorizontino,
soccer,18134,Portuguesa-RJ,
soccer,18153,Comerciantes Unidos,
soccer,18156,Orsomarso SC,
soccer,18159,Miami FC,
soccer,18187,Operário PR,
soccer,18191,Juazeirense,
soccer,182,Chicago Fire FC,
soccer,18203,Zhejiang Professional FC,
soccer,18206,Orlando Pride,
soccer,18210,Costa Rica U23,
soccer,18212,Brazil U23,
soccer,18214,Japan U23,
soccer,18216,Egypt U23,
soccer,18220,Spain U23,
soccer,18221,Morocco,
soccer,18224,New Zealand U23,
soccer,18227,Iraq U23,
soccer,18232,Argentina U23,
soccer,18243,Sint Maarten,
soccer,18260,Deportivo Madryn,
soccer,18264,Des Moines Menace,
soccer,18265,San Antonio FC,
soccer,18267,FC Cincinnati,
soccer,18268,Chattanooga FC,
soccer,18272,Kosovo,
soccer,18278,Jong FC Utrecht,
soccer,18283,FK Liepaja,
soccer,18284,Güemes,
soccer,18285,Gazovik Orenburg,
soccer,183,Columbus Crew,
soccer,18305,Germany U19,
soccer,18357,Kansas State Wildcats,
soccer,18358,Northern Kentucky Norse,
soccer,18377,TEC VV,
soccer,18390,UMass Lowell River Hawks,
soccer,18391,South Carolina Upstate Spartans,
soccer,18395,Romania,
soccer,18396,Democrata GV,
soccer,18399,URT,
soccer,184,Colorado Rapids,
soccer,18406,Ivory Coast,
soccer,18413,North Macedonia U21,
soccer,18414,Poland U21,
soccer,18415,Slovakia U21,
soccer,18418,Atlanta United FC,
soccer,18424,Anápolis,
soccer,18439,Macará,
soccer,18444,Austria,
soccer,18446,FC Tulsa,
soccer,18455,Orange County SC,
soccer,18459,Al Taawoun,
soccer,185,FC Dallas,
soccer,18597,Hearts of Oak,
soccer,186,Sporting Kansas City,
soccer,18601,Medeama,
soccer,18615,Stellenbosch,
soccer,18662,Camioneros,
soccer,18699,FC Motown,
soccer,187,LA Galaxy,
soccer,18716,El Farolito,
soccer,18736,Belgium,
soccer,18738,Vendsyssel,
soccer,18741,Saarbrücken,
soccer,18748,Jong AZ,
soccer,18765,New Caledonia U17,
soccer,18767,Spain U17,
soccer,18768,Colombia U17,
soccer,18772,Bolivia,
soccer,18774,Brighton & Hove Albion U21,
soccer,18775,Chelsea U21,
soccer,18776,Everton U21,
soccer,18777,Fulham U21,
soccer,18779,Manchester City U21,
soccer,18781,Newcastle United U21,
soccer,18785,Sunderland U21,
soccer,18787,Tottenham Hotspur U21,
soccer,18794,WSG Swarovski Tirol,
soccer,18809,UPNFM,
soccer,18825,Richards Bay FC,
soccer,18834,UT Rio Grande Valley Vaqueros,
soccer,18835,FC Zlín,
soccer,18836,HSV Hoek,
soccer,18844,Real Pilar,
soccer,18848,Chile,
soccer,18849,UIC Flames,
soccer,18851,Bengaluru FC,
soccer,18885,Hereford F.C.,
soccer,18889,Croatia,
soccer,18894,Punjab FC,
soccer,189,New England Revolution,
soccer,1895,Besiktas,
soccer,18959,Manaus,
soccer,18966,LAFC,
soccer,18986,Nashville SC,
soccer,18987,Las Vegas Lights FC,
soccer,18990,Dreams F.C.,
soccer,18995,Academia Puerto Cabello,
soccer,19,Talleres (Córdoba),
soccer,190,Red Bull New York,
soccer,19001,V-Varen Nagasaki,
soccer,19002,Montevideo City Torque,
soccer,191,San Jose Earthquakes,
soccer,19139,Dalian Professional,
soccer,19141,Utah Royals,
soccer,19145,Racing (Córdoba),
soccer,19156,Latvia,
soccer,19179,Detroit City FC,
soccer,19181,South Georgia Tormenta FC,
soccer,19195,Deportes Limache,
soccer,19197,Deportes Recoleta,
soccer,19198,Deportes Santa Cruz,
soccer,19208,Türkiye U21,
soccer,19213,Scotland U21,
soccer,19243,Drita Gjilan,
soccer,19244,FC Wacker Innsbruck,
soccer,19246,Riga FC,
soccer,19250,Petrocub,
soccer,19256,OL Lyonnes,
soccer,19257,Manchester City,
soccer,19258,Paris Saint-Germain,
soccer,19262,Harrogate Town,
soccer,19267,Erzurum BB,
soccer,1928,Hong Kong,
soccer,19286,North Alabama Lions,
soccer,1929,Benfica,
soccer,19298,TS Galaxy FC,
soccer,19299,Arsenal U21,
soccer,193,D.C. United,
soccer,19313,Milwaukee Panthers,
soccer,19314,Bonaire,
soccer,19321,RKAV Volendam,
soccer,19333,California Baptist Lancers,
soccer,19340,Macarthur FC,
soccer,19344,Cornell Big Red,
soccer,19345,Poland,
soccer,19348,Croatia U21,
soccer,19349,Romania U21,
soccer,19350,Austria U21,
soccer,1936,Internacional,
soccer,19405,Birmingham Legion FC,
soccer,19407,El Paso Locomotive FC,
soccer,19408,New Mexico United,
soccer,1941,Spartak Moscow,
soccer,19410,Loudoun United FC,
soccer,19411,Hartford Athletic,
soccer,19425,Always Ready,
soccer,1963,CSKA Moscow,
soccer,19685,Estudiantes de Río Cuarto,
soccer,19960,Uruguay,
soccer,19964,Greenville Triumph,
soccer,19966,Norway U20,
soccer,19968,Birmingham City,
soccer,19970,Chelsea,
soccer,19971,Liverpool,
soccer,19972,Everton,
soccer,19973,Arsenal,
soccer,19974,Bristol City,
soccer,19975,West Ham United,
soccer,19976,Brighton & Hove Albion,
soccer,19985,Laredo Heat,
soccer,19987,Little Rock Rangers,
soccer,19995,Forward Madison FC,
soccer,19999,West Chester,
soccer,2,Almagro,
soccer,20,Unión (Santa Fe),
soccer,20000,Chattanooga Red Wolves,
soccer,20003,Republic of Ireland U21,
soccer,20024,ARARAT-ARMENIA,
soccer,20025,Iberia 1999,
soccer,20028,Kauno Zalgiris,
soccer,20036,Deportivo Mixco,
soccer,20039,Larne,
soccer,20041,Umraniyespor,
soccer,20043,Volos NFC,
soccer,20061,Manchester United,
soccer,20062,Tottenham Hotspur,
soccer,20063,Haiti U17,
soccer,20064,Senegal U17,
soccer,20066,Cameroon U17,
soccer,20070,Gaziantep FK,
soccer,20075,Aston Villa U21,
soccer,20088,Merrimack Warriors,
soccer,20091,Barcelona,
soccer,20092,Juventus,
soccer,20093,Atlético Madrid,
soccer,20096,Anderlecht,
soccer,20103,Bayern Munich,
soccer,20107,VfL Wolfsburg,
soccer,20112,Breidablik,
soccer,20114,FC Twente,
soccer,20115,St. Pölten,
soccer,20179,FC Andorra,
soccer,202,Argentina,
soccer,20210,Paraguay,
soccer,2022,Cruzeiro,
soccer,20229,UD Ibiza,
soccer,20232,Inter Miami CF,
soccer,2026,São Paulo,
soccer,20280,Melbourne City,
soccer,20281,Brisbane Roar,
soccer,20282,Perth Glory,
soccer,20283,Western Sydney ,
soccer,20284,Melbourne Victory ,
soccer,20285,Sydney FC ,
soccer,20286,Adelaide United ,
soccer,20287,Newcastle Jets ,
soccer,20288,Canberra United ,
soccer,2029,Palmeiras,
soccer,20293,Atlético Grau,
soccer,20297,Shelbourne,
soccer,203,Mexico,
soccer,20301,Mjällby AIF,
soccer,20303,Paraguay U23,
soccer,20307,Venezuela U23,
soccer,20309,Indiana Hoosiers,
soccer,20310,Wisconsin Badgers,
soccer,20311,Gonzaga Bulldogs,
soccer,20312,Santa Clara Broncos,
soccer,20313,UCLA Bruins,
soccer,20314,San Diego Toreros,
soccer,20315,Fairleigh Dickinson Knights,
soccer,20316,Boston College Eagles,
soccer,20317,Duke Blue Devils,
soccer,20318,Long Island University Sharks,
soccer,20319,Tulsa Golden Hurricane,
soccer,20320,Oral Roberts Golden Eagles,
soccer,20321,New Mexico Lobos,
soccer,20322,Penn State Nittany Lions,
soccer,20323,Northwestern Wildcats,
soccer,20324,Western Kentucky Hilltoppers,
soccer,20325,St. John's Red Storm,
soccer,20326,Holy Cross Crusaders,
soccer,20327,SMU Mustangs,
soccer,20328,Notre Dame Fighting Irish,
soccer,20329,UConn Huskies,
soccer,20330,Saint Peter's Peacocks,
soccer,20331,Ohio State Buckeyes,
soccer,20332,Marquette Golden Eagles,
soccer,20333,VCU Rams,
soccer,20334,North Carolina Tar Heels,
soccer,20335,UC Riverside Highlanders,
soccer,20336,Virginia Cavaliers,
soccer,20337,Wake Forest Demon Deacons,
soccer,20338,Portland Pilots,
soccer,20339,Creighton Bluejays,
soccer,20340,Cal State Fullerton Titans,
soccer,20341,Maryland Terrapins,
soccer,20342,UC Santa Barbara Gauchos,
soccer,20343,San Diego State Aztecs,
soccer,20344,Saint Louis Billikens,
soccer,20345,Richmond Spiders,
soccer,20347,Monmouth Hawks,
soccer,20348,Boston University Terriers,
soccer,20350,Kansas City Kangaroos,
soccer,20351,UNC Greensboro Spartans,
soccer,20352,Charlotte 49ers,
soccer,20353,Clemson Tigers,
soccer,20354,Longwood Lancers,
soccer,20355,Seton Hall Pirates,
soccer,20356,Adelphi Panthers,
soccer,20357,Quinnipiac Bobcats,
soccer,20358,Binghamton Bearcats,
soccer,20359,Saint Joseph's Hawks,
soccer,20360,Washington Huskies,
soccer,20361,William & Mary Tribe,
soccer,20362,Vermont Catamounts,
soccer,20363,Army Black Knights,
soccer,20364,Akron Zips,
soccer,20365,Cleveland State Vikings,
soccer,20366,NC State Wolfpack,
soccer,20367,George Mason Patriots,
soccer,20368,South Carolina Gamecocks,
soccer,20369,Georgetown Hoyas,
soccer,20370,Vanderbilt Commodores,
soccer,20372,South Florida Bulls,
soccer,20373,College of Charleston Cougars,
soccer,20374,Rutgers Scarlet Knights,
soccer,20375,Missouri State Bears,
soccer,20377,UNLV Rebels,
soccer,20378,Duquesne Dukes,
soccer,20379,Loyola Chicago Ramblers,
soccer,20380,Northeastern Huskies,
soccer,20381,San Francisco Dons,
soccer,20382,West Virginia Mountaineers,
soccer,20383,Old Dominion Monarchs,
soccer,20384,St. Bonaventure Bonnies,
soccer,20386,Wright State Raiders,
soccer,20387,Loyola Marymount Lions,
soccer,20388,Cal State Northridge Matadors,
soccer,20389,Elon Phoenix,
soccer,20390,Loyola Maryland Greyhounds,
soccer,20391,UC Irvine Anteaters,
soccer,20392,Cincinnati Bearcats,
soccer,20393,Princeton Tigers,
soccer,20394,Memphis Tigers,
soccer,20395,UAB Blazers,
soccer,20396,Stanford Cardinal,
soccer,20397,Purdue Fort Wayne Mastodons,
soccer,20398,Oregon State Beavers,
soccer,20399,Lehigh Mountain Hawks,
soccer,204,Bolivia,
soccer,20400,Syracuse Orange,
soccer,20401,Mercer Bears,
soccer,20402,DePaul Blue Demons,
soccer,20403,Drake Bulldogs,
soccer,20405,Louisville Cardinals,
soccer,20406,Evansville Purple Aces,
soccer,20408,Gardner-Webb Runnin' Bulldogs,
soccer,20409,Virginia Tech Hokies,
soccer,20410,New Hampshire Wildcats,
soccer,20411,Massachusetts MInutewomen,
soccer,20412,UNC Wilmington Seahawks,
soccer,20413,Bowling Green Falcons,
soccer,20414,Dayton Flyers,
soccer,20415,Florida International Panthers,
soccer,20416,Alabama A&M Bulldogs,
soccer,20417,UAlbany Great Danes,
soccer,20418,Davidson Wildcats,
soccer,20419,Campbell Fighting Camels,
soccer,20420,Temple Owls,
soccer,20421,Oakland Golden Grizzlies,
soccer,20422,Columbia Lions,
soccer,20423,Belmont Bruins,
soccer,20424,Villanova Wildcats,
soccer,20425,Michigan State Spartans,
soccer,20426,Providence Friars,
soccer,20427,Kentucky Wildcats,
soccer,20428,Pennsylvania Quakers,
soccer,20429,Florida Atlantic Owls,
soccer,20430,California Golden Bears,
soccer,20431,Manhattan Jaspers,
soccer,20432,Bucknell Bison,
soccer,20433,Sacred Heart Pioneers,
soccer,20434,Mount St. Mary's Mountaineers,
soccer,20435,Yale Bulldogs,
soccer,20436,Xavier Muskateers,
soccer,20437,San José State Spartans,
soccer,20438,Maine Black Bears,
soccer,20439,Fairfield Stags,
soccer,20440,Georgia Southern Eagles,
soccer,20442,Air Force Falcons,
soccer,20443,Georgia State Panthers,
soccer,20444,IU Indianapolis Jaguars,
soccer,20445,Saint Mary's Gaels,
soccer,20446,App State Mountaineers,
soccer,20449,Buffalo Bulls,
soccer,20450,Delaware Fightin' Blue Hens,
soccer,20451,Hofstra Pride,
soccer,20452,Towson Tigers,
soccer,20453,UMBC Retrievers,
soccer,20454,American University Eagles,
soccer,20455,Eastern Illinois Panthers,
soccer,20456,Denver Pioneers,
soccer,20457,Robert Morris Colonials,
soccer,20458,Drexel Dragons,
soccer,20459,Michigan Wolverines,
soccer,20460,Western Illinois Leathernecks,
soccer,20461,Dartmouth Big Green,
soccer,20463,Furman Paladins,
soccer,20464,Northern Illinois Huskies,
soccer,20465,Western Michigan Broncos,
soccer,20466,Sacramento State Hornets,
soccer,20467,Coastal Carolina Chanticleers,
soccer,20468,Pittsburgh Panthers,
soccer,20469,UC Davis Aggies,
soccer,20470,Rhode Island Rams,
soccer,20472,Butler Bulldogs,
soccer,20473,Brown Bears,
soccer,20474,Liberty Flames,
soccer,20475,Cal Poly Mustangs,
soccer,20476,High Point Panthers,
soccer,20477,Radford Highlanders,
soccer,20479,East Carolina Pirates,
soccer,20480,La Salle Explorers,
soccer,20481,Niagara Purple Eagles,
soccer,20482,Wofford Terriers,
soccer,20483,Canisius Griffins,
soccer,20484,George Washington Revolutionaries,
soccer,20486,Marist Red Foxes,
soccer,20487,Siena Saints,
soccer,20488,Stetson Hatters,
soccer,20489,Lafayette Leopards,
soccer,20490,Oklahoma Sooners,
soccer,20491,Texas A&M Aggies,
soccer,20492,Tennessee Volunteers,
soccer,20493,Washington State Cougars,
soccer,20494,Kansas Jayhawks,
soccer,20495,Arkansas Razorbacks,
soccer,20496,Montana Grizzlies,
soccer,20497,Illinois Fighting Illini,
soccer,20498,Nebraska Cornhuskers,
soccer,20499,Florida Gators,
soccer,205,Brazil,
soccer,20500,Pacific Tigers,
soccer,20501,Oklahoma State Cowboys,
soccer,20502,Miami Hurricanes,
soccer,20503,Arizona Wildcats,
soccer,20504,UCF Knights,
soccer,20505,Florida State Seminoles,
soccer,20506,Ohio Bobcats,
soccer,20507,Colorado College Tigers,
soccer,20508,Rice Owls,
soccer,20509,Ole Miss Rebels,
soccer,20510,Miami (OH) RedHawks,
soccer,20511,USC Trojans,
soccer,20512,Colgate Raiders,
soccer,20513,Pepperdine Waves,
soccer,20514,Harvard Crimson,
soccer,20515,Fresno State Bulldogs,
soccer,20516,BYU Cougars,
soccer,20517,Texas Longhorns,
soccer,20518,TCU Horned Frogs,
soccer,20519,Purdue Boilermakers,
soccer,2052,Beijing Guoan,
soccer,20520,Utah Utes,
soccer,20521,Central Connecticut Blue Devils,
soccer,20522,Baylor Bears,
soccer,20523,Missouri Tigers,
soccer,20524,Alabama Crimson Tide,
soccer,20525,Iowa Hawkeyes,
soccer,20526,Eastern Washington Eagles,
soccer,20527,Auburn Tigers,
soccer,20528,Colorado Buffaloes,
soccer,20529,Arizona State Sun Devils,
soccer,20530,Hawai'i Rainbow Warriors,
soccer,20531,Boise State Broncos,
soccer,20532,Georgia Bulldogs,
soccer,20533,Portland State Vikings,
soccer,20534,Long Beach State 49ers,
soccer,20535,Iowa State Cyclones,
soccer,20536,LSU Tigers,
soccer,20537,Mississippi State Bulldogs,
soccer,20538,Oregon Ducks,
soccer,20539,Wyoming Cowboys,
soccer,20540,Texas Tech Red Raiders,
soccer,20541,The Citadel Bulldogs,
soccer,20542,Minnesota Golden Gophers,
soccer,20543,Navy Midshipmen,
soccer,20544,Weber State Wildcats,
soccer,20545,Western Carolina Catamounts,
soccer,20546,North Texas Mean Green,
soccer,20547,UTEP Miners,
soccer,20548,Valparaiso Beacons,
soccer,20550,Samford Bulldogs,
soccer,20551,Northwestern State Demons,
soccer,20552,Jacksonville Dolphins,
soccer,20553,Idaho Vandals,
soccer,20554,Fordham Rams,
soccer,20555,Kennesaw State Owls,
soccer,20556,James Madison Dukes,
soccer,20557,UTSA Roadrunners,
soccer,20558,Utah State Aggies,
soccer,20559,Louisiana Ragin' Cajuns,
soccer,20562,UNC Asheville Bulldogs,
soccer,20563,Middle Tennessee Blue Raiders,
soccer,20564,Central Arkansas Bears,
soccer,20565,Nicholls Colonels,
soccer,20566,Marshall Thundering Herd,
soccer,20567,Sam Houston Bearkats,
soccer,20568,Iona Gaels,
soccer,20569,VMI Keydets,
soccer,2057,Alajuelense,
soccer,20570,Stony Brook Seawolves,
soccer,20571,Detroit Mercy Titans,
soccer,20572,Illinois State Redbirds,
soccer,20573,Northern Arizona Lumberjacks,
soccer,20574,Winthrop Eagles,
soccer,20575,Rider Broncs,
soccer,20576,North Florida Ospreys,
soccer,20577,Murray State Racers,
soccer,20578,Southern Miss Golden Eagles,
soccer,20580,Idaho State Bengals,
soccer,20581,McNeese Cowboys,
soccer,20582,Southeast Missouri State Redhawks,
soccer,20583,Grambling Tigers,
soccer,20584,Toledo Rockets,
soccer,20585,Nevada Wolf Pack,
soccer,20586,Cal State Bakersfield Roadrunners,
soccer,20587,Arkansas State Red Wolves,
soccer,20589,UL Monroe Warhawks,
soccer,20590,Troy Trojans,
soccer,20591,Green Bay Phoenix,
soccer,20592,Morehead State Eagles,
soccer,20593,Stephen F. Austin Lumberjacks,
soccer,20594,Lipscomb Bisons,
soccer,20595,Alabama State Hornets,
soccer,20596,Alcorn State Braves,
soccer,20597,Arkansas-Pine Bluff Golden Lions,
soccer,20598,Austin Peay Govs,
soccer,20599,Ball State Cardinals,
soccer,206,Canada,
soccer,20600,Bryant Bulldogs,
soccer,20601,Central Michigan Chippewas,
soccer,20602,Charleston Southern Buccaneers,
soccer,20603,Chattanooga Mocs,
soccer,20604,Colorado State Rams,
soccer,20605,Delaware State Hornets,
soccer,20606,East Tennessee State Buccaneers,
soccer,20607,Eastern Kentucky Colonels,
soccer,20608,Eastern Michigan Eagles,
soccer,20609,Florida Gulf Coast Eagles,
soccer,20610,Houston Cougars,
soccer,20611,Houston Christian Huskies,
soccer,20612,Howard Bison,
soccer,20613,Indiana State Sycamores,
soccer,20614,Jackson State Tigers,
soccer,20615,Jacksonville State Gamecocks,
soccer,20616,Kent State Golden Flashes,
soccer,20617,Lamar Cardinals,
soccer,20618,Louisiana Tech Bulldogs,
soccer,20619,New Mexico State Aggies,
soccer,20620,North Dakota Fighting Hawks,
soccer,20621,North Dakota State Bison,
soccer,20622,Northern Colorado Bears,
soccer,20623,Northern Iowa Panthers,
soccer,20624,Omaha Mavericks,
soccer,20625,Prairie View A&M Lady Panthers,
soccer,20626,Presbyterian Blue Hose,
soccer,20627,SE Louisiana Lions,
soccer,20628,Seattle U Redhawks,
soccer,20629,SIU Edwardsville Cougars,
soccer,20630,South Alabama Jaguars,
soccer,20631,South Carolina State Bulldogs,
soccer,20632,South Carolina Upstate Spartans,
soccer,20633,South Dakota Coyotes,
soccer,20634,South Dakota State Jackrabbits,
soccer,20635,Southern Jaguars,
soccer,20636,Southern Utah Thunderbirds,
soccer,20637,Tennessee Tech Golden Eagles,
soccer,20638,UT Martin Skyhawks,
soccer,20639,Texas Southern Tigers,
soccer,20640,Little Rock Trojans,
soccer,20641,Utah Valley Wolverines,
soccer,20642,Wagner Seahawks,
soccer,20643,Youngstown State Penguins,
soccer,20644,Texas State Bobcats,
soccer,20646,Grand Canyon Antelopes,
soccer,20647,Northern Kentucky Norse,
soccer,20648,UMass Lowell River Hawks,
soccer,20649,Merrimack Warriors,
soccer,20651,Dominican Republic U23,
soccer,20671,Corpus Christi FC,
soccer,20684,Union Omaha,
soccer,20687,Oakland Roots,
soccer,20695,Orense,
soccer,20698,Estonia,
soccer,207,Chile,
soccer,20703,Inter D'Escaldes,
soccer,20704,FC Rotor Volgograd,
soccer,20705,Sporting San José,
soccer,20707,Aston Villa,
soccer,20710,Borac Banja Luka,
soccer,20712,FC Noah,
soccer,20721,Tepatitlán FC,
soccer,20722,Tlaxcala FC,
soccer,20728,Leeds United U21,
soccer,20729,Eyupspor,
soccer,20738,Jong Sparta Rotterdam,
soccer,20740,SC Farense,
soccer,20747,Kings Lynn Town,
soccer,20769,Banbury United,
soccer,20774,Mohun Bagan Super Giant,
soccer,20795,Zambia,
soccer,20796,Ajax Amsterdam,
soccer,20797,PEC Zwolle,
soccer,20798,ADO Den Haag,
soccer,20799,Excelsior,
soccer,208,Colombia,
soccer,20800,Heerenveen,
soccer,20802,PSV Eindhoven,
soccer,20814,Sekhukhune United FC,
soccer,20830,Benfica,
soccer,20835,Servette,
soccer,20836,Vålerenga,
soccer,20843,Hungary U21,
soccer,20844,Slovenia U21,
soccer,20851,Athletic,
soccer,20856,Degerfors IF,
soccer,20864,Malta,
soccer,20865,Northern Ireland,
soccer,20883,Slovakia ,
soccer,20884,Serbia,
soccer,20885,India,
soccer,20886,Ukraine,
soccer,20889,Independiente Petrolero,
soccer,20890,Real Tomayapo,
soccer,209,Ecuador,
soccer,20903,Bellarmine Knights,
soccer,20905,Racing Louisville FC,
soccer,20906,Austin FC,
soccer,20907,Kansas City Current,
soccer,20908,Uzbekistan,
soccer,20909,Belarus,
soccer,20910,Utah Tech Trailblazers,
soccer,20914,Venezuela,
soccer,20916,Botswana,
soccer,20919,Hungary,
soccer,20920,Bosnia-Herzegovina,
soccer,20921,Slovenia,
soccer,20922,Andorra U21,
soccer,20923,Wales U21,
soccer,20924,Gibraltar U21,
soccer,20925,Albania U21,
soccer,20926,Kosovo U21,
soccer,20927,Cyprus U21,
soccer,20928,Bulgaria U21,
soccer,20929,Greece U21,
soccer,20930,Kazakhstan U21,
soccer,20931,Montenegro U21,
soccer,20932,Luxembourg U21,
soccer,20933,Finland U21,
soccer,20934,Estonia U21,
soccer,20935,Moldova U21,
soccer,20936,Azerbaijan U21,
soccer,20937,Armenia U21,
soccer,20938,Latvia U21,
soccer,20939,Malta U21,
soccer,20940,Lithuania U21,
soccer,20941,Northern Ireland U21,
soccer,20943,San Marino U21,
soccer,20944,Faroe Islands U21,
soccer,20945,Bosnia-Herzegovina U21,
soccer,20946,RFC Seraing,
soccer,20947,France U23,
soccer,20956,Georgia U21,
soccer,20965,Guatemala,
soccer,20967,Luxembourg,
soccer,20971,Georgia,
soccer,20972,Azerbaijan,
soccer,20973,Türkiye,
soccer,20974,Bulgaria,
soccer,20983,Real Sociedad II,
soccer,20984,Feyenoord Rotterdam,
soccer,20995,Vizela,
soccer,20996,Winterthur,
soccer,21,Vélez Sarsfield,
soccer,210,Paraguay,
soccer,21005,Raków Czestochowa,
soccer,21030,Albania,
soccer,21033,Crystal Palace U21,
soccer,21035,Charlton Athletic,
soccer,21036,Leicester City,
soccer,21037,Crystal Palace,
soccer,21038,Sheffield United,
soccer,21039,Southampton,
soccer,21042,Wolverhampton,
soccer,21048,Burnley,
soccer,21053,London City Lionesses,
soccer,21060,Sunderland,
soccer,21068,Ipswich Town,
soccer,21070,Nottingham Forest,
soccer,21076,Newcastle United,
soccer,21092,C.D. Platense,
soccer,211,Peru,
soccer,21101,Southern Illinois Salukis,
soccer,21102,NJIT Highlanders,
soccer,21110,UC San Diego Tritons,
soccer,21123,Bangladesh,
soccer,21124,BK Häcken,
soccer,21127,HB Køge,
soccer,21128,Real Madrid,
soccer,21129,Mali,
soccer,21130,Peru,
soccer,21133,Wellington Phoenix,
soccer,21137,Alhama,
soccer,21140,Granada,
soccer,21145,Deportivo,
soccer,21149,FC Badalona,
soccer,21154,Espanyol,
soccer,21165,Chicago State Cougars,
soccer,21175,Dux Logroño,
soccer,21181,Dominican Republic,
soccer,212,Uruguay,
soccer,213,Venezuela,
soccer,21300,Charlotte FC,
soccer,21302,Algeria,
soccer,21313,Sportivo Ameliano,
soccer,21314,ADT,
soccer,21316,General Caballero JLM,
soccer,21355,Chengdu Rongcheng,
soccer,21361,Kyoto Sanga,
soccer,21370,Monterey Bay,
soccer,21371,Villarreal,
soccer,21372,Athletic Club,
soccer,21373,Real Betis,
soccer,21374,Valencia,
soccer,21376,Eibar,
soccer,21377,Sporting de Huelva,
soccer,21378,Alavés,
soccer,21379,Universitario de Vinto,
soccer,21380,Hamarkameratene,
soccer,21395,Faroe Islands,
soccer,214,Costa Rica,
soccer,21403,Albion FC,
soccer,21416,Northern Virginia FC,
soccer,21422,Angel City FC,
soccer,21423,San Diego Wave FC,
soccer,21424,Sevilla,
soccer,21425,Madrid CFF,
soccer,21426,Levante,
soccer,21428,Real Sociedad,
soccer,21476,El Salvador,
soccer,21478,Armenia,
soccer,21479,Kosovo,
soccer,21480,Montenegro,
soccer,21481,Cyprus,
soccer,21482,Moldova,
soccer,21483,Lithuania,
soccer,21484,North Macedonia,
soccer,21485,Kazakhstan,
soccer,21486,Israel,
soccer,215,Honduras,
soccer,21506,Wuhan Three Towns,
soccer,21518,Serbia U19,
soccer,21526,Ballkani,
soccer,21530,Aris Limassol,
soccer,21533,Club Atlético La Paz,
soccer,21537,Monterrey,
soccer,21538,Yverdon,
soccer,21539,Fakel Voronezh,
soccer,21540,Austria Lustenau,
soccer,21542,Cape Verde,
soccer,21546,Philippines,
soccer,21548,Hampton Pirates,
soccer,21551,California Baptist Lancers,
soccer,21555,Bellarmine Knights,
soccer,21556,Chicago State Cougars,
soccer,21557,Andorra,
soccer,21558,Chile U17,
soccer,21559,New Zealand U17,
soccer,21560,Morocco U17,
soccer,21561,Brazil U17,
soccer,21562,Germany U17,
soccer,21563,Nigeria U17,
soccer,21565,United States U17,
soccer,21566,Canada U17,
soccer,21567,France U17,
soccer,21568,Mexico U17,
soccer,21569,China PR U17,
soccer,21570,Japan U17,
soccer,21572,Spain U17,
soccer,21581,Casa Pia,
soccer,21582,Dorking Wanderers,
soccer,21583,Olancho FC,
soccer,21593,Queens University Royals,
soccer,216,Atlas,
soccer,21607,Académico de Viseu,
soccer,21610,Estrela,
soccer,21613,Alverca,
soccer,21615,Torreense,
soccer,21635,Le Havre AC,
soccer,21637,FC Fleury 91,
soccer,21638,Montpellier,
soccer,21640,Paris FC,
soccer,21653,Lindenwood Lions,
soccer,21654,East Texas A&M Lions,
soccer,21667,Queens University Royals,
soccer,21685,Roma,
soccer,21705,St. Thomas Tommies,
soccer,21706,Liechtenstein,
soccer,21707,Egypt,
soccer,21712,Southern Indiana Screaming Eagles,
soccer,21764,Iran,
soccer,21799,Ciudad de Bolívar,
soccer,218,Cruz Azul,
soccer,21812,St. Louis CITY SC,
soccer,21815,UC San Diego Tritons,
soccer,21816,Utah Tech Trailblazers,
soccer,21819,Deportivo Garcilaso,
soccer,21821,One Knoxville,
soccer,21822,Lexington,
soccer,21823,Senegal,
soccer,21824,Papua New Guinea,
soccer,21827,Al Fayha,
soccer,21828,Damac,
soccer,21829,Al Khaleej,
soccer,21831,Al Tai,
soccer,21833,Abha,
soccer,21834,Al Raed,
soccer,21835,Al Wehda,
soccer,21843,Libertad (Ecuador),
soccer,21846,Grazer AK,
soccer,21850,Rayo Zuliano,
soccer,21888,Amazonas,
soccer,219,Guadalajara,
soccer,21910,Qingdao Hainiu,
soccer,21911,Tanzania,
soccer,21922,Sabah FK,
soccer,21926,FC Stade Lausanne-Ouchy,
soccer,21927,Rodina Moscow,
soccer,21931,Morocco U23,
soccer,21943,Egnatia,
soccer,21949,FC Baltika Kaliningrad,
soccer,21950,FC Blau-Weiß Linz,
soccer,21964,Al Hazem,
soccer,21965,Al Riyadh,
soccer,21966,Al Okhdood,
soccer,21967,Real Cundinamarca,
soccer,21969,Kifisia,
soccer,21976,Stonehill Skyhawks,
soccer,21977,AZ Alkmaar,
soccer,21978,FC Utrecht,
soccer,21979,Nottingham Forest U21,
soccer,21981,Tarleton State Texans,
soccer,21987,Fuerte San Francisco,
soccer,21990,Milford FC,
soccer,220,Monterrey,
soccer,22022,Al Qadsiah,
soccer,22023,Al Najma,
soccer,22028,Al Kholood,
soccer,22029,Al Orobah,
soccer,22060,Malawi,
soccer,22064,AVS,
soccer,221,Club Atlético Morelia,
soccer,22130,Spokane Velocity FC,
soccer,22137,San Antonio Bulo Bulo,
soccer,22163,Västerås SK,
soccer,22164,Rhode Island FC,
soccer,22165,KFUM Oslo,
soccer,22167,Machida Zelvia,
soccer,22168,Los Chankas,
soccer,22174,GV San José,
soccer,22184,Inter Palmira,
soccer,22187,Bay FC,
soccer,22198,Qingdao West Coast,
soccer,22199,Shenzhen Xinpengcheng,
soccer,222,Querétaro,
soccer,22210,Puerto Rico,
soccer,22239,Mali U23,
soccer,22240,Ukraine U23,
soccer,22241,Israel U23,
soccer,22257,Denmark U19,
soccer,22266,Uzbekistan U23,
soccer,22267,Guinea U23,
soccer,22269,Lommel SK,
soccer,22271,Akron Tolyatti,
soccer,22281,Pafos,
soccer,223,Toluca,
soccer,22300,Dynamo Makhachkala,
soccer,22303,North Korea U17,
soccer,22306,Zambia U17,
soccer,22307,Kenya U17,
soccer,22309,Poland U17,
soccer,22313,Mercyhurst Lakers,
soccer,22319,Le Moyne Dolphins,
soccer,22330,Cacahuatique,
soccer,22344,Auckland FC,
soccer,22348,Durban City,
soccer,22350,Kruger United,
soccer,22408,Hammarby IF,
soccer,22414,Pachuca,
soccer,22415,América,
soccer,22488,Gibraltar,
soccer,225,Santos,
soccer,2250,Sporting CP,
soccer,22517,Deportivo Recoleta,
soccer,22522,Fagiano Okayama,
soccer,22523,Real Oruro,
soccer,22524,Westchester SC,
soccer,22525,FC Naples,
soccer,22526,AV Alta FC,
soccer,22528,Portland Hearts of Pine,
soccer,22529,San Diego FC,
soccer,22530,Bryne,
soccer,22534,Juan Pablo II,
soccer,22536,Yunnan Yukun,
soccer,22537,Dalian Yingbo,
soccer,22538,NAC Breda,
soccer,22542,Sarasota Paradise,
soccer,226,Atlante,
soccer,227,América,
soccer,2276,Al Ittihad,
soccer,228,León,
soccer,229,Necaxa,
soccer,2290,Red Star Belgrade,
soccer,231,Puebla,
soccer,232,Tigres UANL,
soccer,233,Pumas UNAM,
soccer,2339,Djurgården,
soccer,234,Pachuca,
soccer,235,Banfield,
soccer,236,Nueva Chicago,
soccer,239,Torino,
soccer,2405,Malaysia,
soccer,2428,Hannover 96,
soccer,243,Sevilla,
soccer,244,Real Betis,
soccer,245,Tenerife,
soccer,247,Partick Thistle,
soccer,248,Ayr United,
soccer,249,Raith Rovers,
soccer,2491,MSK Zilina,
soccer,2493,Pyunik,
soccer,2495,Hammarby IF,
soccer,2497,Apoel Nicosia,
soccer,250,St Mirren,
soccer,2500,Airdrieonians,
soccer,2502,Nice,
soccer,2506,Arminia Bielefeld,
soccer,251,Ross County,
soccer,252,Arbroath,
soccer,2528,Kairat Almaty,
soccer,253,Inverness Caledonian Thistle,
soccer,2533,Zenit St Petersburg,
soccer,2539,Dinamo Minsk,
soccer,254,Falkirk,
soccer,2540,FC Levadia Tallinn,
soccer,2547,KI Klaksvik,
soccer,2550,Anorthosis,
soccer,2551,Partizani Tirana,
soccer,2552,FK Suduva,
soccer,2555,Linfield,
soccer,2556,IFK Göteborg,
soccer,256,Celtic,
soccer,2564,Shamrock Rovers,
soccer,2565,PEC Zwolle,
soccer,2566,Excelsior,
soccer,2567,Burton Albion,
soccer,257,Rangers,
soccer,2570,Uzbekistan,
soccer,2572,Como,
soccer,2573,Modena,
soccer,2574,Empoli,
soccer,2575,Iraklis,
soccer,258,Hibernian,
soccer,2583,Heybridge,
soccer,2588,Guiseley,
soccer,259,Livingston,
soccer,2594,Crawley Town,
soccer,2595,Boreham Wood,
soccer,2597,Cape Verde,
soccer,260,Kilmarnock,
soccer,261,Dundee,
soccer,2613,Cove Rangers,
soccer,2619,Kazakhstan,
soccer,262,Heart of Midlothian,
soccer,2620,Egypt,
soccer,2621,Libya,
soccer,2627,Trinidad and Tobago,
soccer,263,Aberdeen,
soccer,2635,Arsenal Sarandi,
soccer,2636,Olimpo,
soccer,2637,Barbados,
soccer,2638,Antigua and Barbuda,
soccer,264,Dundee United,
soccer,2640,Bahamas,
soccer,2641,Belize,
soccer,2642,Aruba,
soccer,2643,Bermuda,
soccer,2644,British Virgin Islands,
soccer,2645,US Virgin Islands,
soccer,2646,Cayman Islands,
soccer,2647,Cuba,
soccer,2649,Dominican Republic,
soccer,265,Dunfermline Athletic,
soccer,2650,El Salvador,
soccer,2651,Grenada,
soccer,2652,Guatemala,
soccer,2653,Guyana,
soccer,2654,Haiti,
soccer,2655,Montserrat,
soccer,2658,Nicaragua,
soccer,2659,Panama,
soccer,266,Motherwell,
soccer,2661,St. Lucia,
soccer,2662,St. Kitts and Nevis,
soccer,2664,Suriname,
soccer,2665,Turks and Caicos Islands,
soccer,2666,New Zealand,
soccer,2668,Emelec,
soccer,267,St Johnstone,
soccer,2670,Libertad,
soccer,2671,Cerro Porteño,
soccer,2672,Deportivo Cali,
soccer,2673,Sporting Cristal,
soccer,2674,Santos,
soccer,2675,Club Olimpia,
soccer,2678,Cobreloa,
soccer,268,Borussia Mönchengladbach,
soccer,2680,Alianza Lima,
soccer,2681,Bolívar,
soccer,2682,Oriente Petrolero,
soccer,2683,Peñarol,
soccer,2684,Nacional,
soccer,2685,Universitario,
soccer,2686,Barcelona SC,
soccer,2687,The Strongest,
soccer,2688,Colo Colo,
soccer,269,1. FC Nürnberg,
soccer,2690,Independiente Medellín,
soccer,2697,Le Mans,
soccer,2698,Valletta,
soccer,270,St. Pauli,
soccer,271,FC Den Bosch,
soccer,2710,NSI Runavik,
soccer,2712,Derry City,
soccer,2715,Molde,
soccer,2716,Vllaznia Shkoder,
soccer,272,Sochaux,
soccer,2720,Malmö FF,
soccer,2722,Young Boys,
soccer,2723,Coleraine,
soccer,2726,ADO Den Haag,
soccer,2727,FC Volendam,
soccer,2728,Martinique,
soccer,273,Lorient,
soccer,2731,Accrington Stanley,
soccer,2734,Sampdoria,
soccer,2735,Siena,
soccer,2737,Albacete,
soccer,274,Montpellier,
soccer,2741,Quilmes,
soccer,275,Dagenham & Redbridge,
soccer,2750,Argentina,
soccer,2751,Australia,
soccer,2752,Brazil,
soccer,2753,Canada,
soccer,2754,China,
soccer,2755,France,
soccer,2756,Germany,
soccer,2757,Ghana,
soccer,2758,Japan,
soccer,2759,North Korea,
soccer,2761,Nigeria,
soccer,2762,Norway,
soccer,2763,Russia ,
soccer,2764,Sweden,
soccer,2765,United States,
soccer,278,Morecambe,
soccer,2789,Panionios,
soccer,279,Doncaster Rovers,
soccer,2790,RB Salzburg,
soccer,2791,Vålerenga,
soccer,2792,Italy,
soccer,280,Barnet,
soccer,2812,Mexico,
soccer,282,Forest Green Rovers,
soccer,2829,United States U23,
soccer,2832,Edinburgh City,
soccer,2833,United States U20,
soccer,2836,South Korea U20,
soccer,284,Yeovil Town,
soccer,2840,Argentina U20,
soccer,2841,Oman,
soccer,2844,Benin,
soccer,2845,Burkina Faso,
soccer,2847,Guinea,
soccer,2848,Kenya,
soccer,2849,Mali,
soccer,285,Stevenage,
soccer,2850,Congo DR,
soccer,2851,Rwanda,
soccer,2869,Morocco,
soccer,2874,Panama U23,
soccer,2888,Mexico U23,
soccer,2891,Haiti,
soccer,2893,Jamaica,
soccer,2894,Costa Rica,
soccer,2895,Panama,
soccer,2896,Denmark,
soccer,290,Woking,
soccer,2917,Jordan,
soccer,2918,Brazil U20,
soccer,2919,Once Caldas,
soccer,292,Chester FC,
soccer,2922,Getafe,
soccer,2923,Palermo,
soccer,2925,Cagliari,
soccer,2926,Livorno,
soccer,293,Dover Athletic,
soccer,2936,Östers IF,
soccer,2950,Mainz,
soccer,2952,Lokomotiv Plovdiv,
soccer,2975,Instituto (Córdoba),
soccer,2976,Greece,
soccer,2980,Bodo/Glimt,
soccer,2988,Rijeka,
soccer,2990,Lech Poznan,
soccer,2991,Akhmat Grozny,
soccer,2994,Braga,
soccer,3,Argentinos Juniors,
soccer,301,Luton Town,
soccer,3010,GIF Sundsvall,
soccer,3017,Halmstads BK,
soccer,3019,FC Zürich,
soccer,302,Shrewsbury Town,
soccer,3024,FC Thun,
soccer,303,Rochdale,
soccer,3039,Fredrikstad,
soccer,304,Mansfield Town,
soccer,3052,Kalmar FF,
soccer,306,Hull City,
soccer,3067,TSV Eintracht Braunschweig,
soccer,307,Plymouth Argyle,
soccer,3070,SpVgg Greuther Fürth,
soccer,3076,FC Sion,
soccer,308,Bristol Rovers,
soccer,309,Leyton Orient,
soccer,310,Southend United,
soccer,3101,FC Nordsjælland,
soccer,311,Oxford United,
soccer,3110,Maidstone United,
soccer,312,FC Halifax Town,
soccer,3129,Bromley,
soccer,313,Scunthorpe United,
soccer,3132,Randers FC,
soccer,3138,Gateshead,
soccer,314,Lincoln City,
soccer,315,York City,
soccer,3153,Viborg FF,
soccer,3170,Dijon FCO,
soccer,3171,Clermont Foot,
soccer,318,Swansea City,
soccer,320,Cheltenham Town,
soccer,321,Torquay United,
soccer,322,Carlisle United,
soccer,3226,Weymouth,
soccer,323,Hartlepool United,
soccer,3231,Sutton United,
soccer,3236,Le Havre AC,
soccer,324,Exeter City,
soccer,3240,Salernitana,
soccer,3243,Stade de Reims,
soccer,3257,Catanzaro,
soccer,3258,Catania,
soccer,3263,Genoa,
soccer,3266,Stade Laval,
soccer,3267,AS Nancy Lorraine,
soccer,3278,Aalesund,
soccer,3279,Sandefjord,
soccer,3307,SC Paderborn 07,
soccer,3308,MSV Duisburg,
soccer,331,Brighton & Hove Albion,
soccer,332,Oldham Athletic,
soccer,333,Bristol City,
soccer,3335,SC Amiens,
soccer,3337,Cesena,
soccer,334,Queens Park Rangers,
soccer,3345,Arezzo,
soccer,3346,Ascoli,
soccer,335,Huddersfield Town,
soccer,336,Stoke City,
soccer,3362,NK Celje,
soccer,337,Brentford,
soccer,3372,Cienciano del Cusco,
soccer,338,Reading,
soccer,3384,FC Tokyo,
soccer,3385,Urawa Red Diamonds,
soccer,339,Colchester United,
soccer,3393,Tokyo Verdy 1969,
soccer,3395,Goiás,
soccer,340,Notts County,
soccer,341,Swindon Town,
soccer,342,Peterborough United,
soccer,343,Chesterfield,
soccer,3432,Dorados de Sinaloa,
soccer,344,Wycombe Wanderers,
soccer,3445,Fluminense,
soccer,3448,Guarani,
soccer,345,Tranmere Rovers,
soccer,3454,Vasco da Gama,
soccer,3456,Coritiba,
soccer,3457,Vitória,
soccer,3458,Athletico-PR,
soccer,3459,Ponte Preta,
soccer,346,Blackpool,
soccer,3461,Figueirense,
soccer,347,Cardiff City,
soccer,3472,C.D. Nacional,
soccer,348,Port Vale,
soccer,349,AFC Bournemouth,
soccer,350,Wigan Athletic,
soccer,351,Cambridge United,
soccer,352,Wrexham,
soccer,353,Northampton Town,
soccer,354,Bury,
soccer,3552,Santiago Wanderers,
soccer,357,Leeds United,
soccer,358,Bolton Wanderers,
soccer,3585,AC Horsens,
soccer,359,Arsenal,
soccer,360,Manchester United,
soccer,361,Newcastle United,
soccer,3610,Cercle Brugge KSV,
soccer,3611,KAA Gent,
soccer,3616,Royal Charleroi SC,
soccer,362,Aston Villa,
soccer,363,Chelsea,
soccer,364,Liverpool,
soccer,365,Blackburn Rovers,
soccer,366,Sunderland,
soccer,367,Tottenham Hotspur,
soccer,368,Everton,
soccer,3683,Iceland,
soccer,369,Middlesbrough,
soccer,3696,Moreirense,
soccer,3698,Académica de Coimbra,
soccer,3699,Gil Vicente,
soccer,370,Fulham,
soccer,3706,Go Ahead Eagles,
soccer,3707,FC Emmen,
soccer,3708,Heracles Almelo,
soccer,371,West Ham United,
soccer,3712,Olhanense,
soccer,3713,Paços de Ferreira,
soccer,3717,Feirense,
soccer,3719,Portimonense,
soccer,372,Charlton Athletic,
soccer,3728,TOP Oss,
soccer,373,Ipswich Town,
soccer,3730,MVV Maastricht,
soccer,3731,VVV-Venlo,
soccer,3732,FC Eindhoven,
soccer,3735,Telstar,
soccer,3736,SC Cambuur,
soccer,374,Derby County,
soccer,3746,SK Sturm Graz,
soccer,3747,Granada,
soccer,375,Leicester City,
soccer,3751,Elche,
soccer,3752,Eibar,
soccer,3759,SV Josko Ried,
soccer,376,Southampton,
soccer,3769,SV Wehen Wiesbaden,
soccer,3775,Helmond Sport,
soccer,3788,Sporting Gijón,
soccer,379,Burnley,
soccer,380,Wolverhampton Wanderers,
soccer,3802,AFC Wimbledon,
soccer,3806,Slough Town,
soccer,381,Norwich City,
soccer,3812,SV Darmstadt 98,
soccer,382,Manchester City,
soccer,3822,Rio Ave,
soccer,3829,Chorley,
soccer,383,West Bromwich Albion,
soccer,384,Crystal Palace,
soccer,3841,FC Augsburg,
soccer,3842,Cádiz,
soccer,3849,FC Erzgebirge Aue,
soccer,385,Portsmouth,
soccer,3850,Krylia Sovetov,
soccer,3851,Rubin Kazan,
soccer,3852,Rostov,
soccer,386,Grimsby Town,
soccer,387,Bradford City,
soccer,388,Coventry City,
soccer,3887,Wealdstone,
soccer,389,Gillingham,
soccer,3891,Fleetwood Town,
soccer,3897,Eastleigh,
soccer,390,Milton Keynes Dons,
soccer,391,Millwall,
soccer,392,Birmingham City,
soccer,3929,FC Spartak Trnava,
soccer,393,Nottingham Forest,
soccer,394,Preston North End,
soccer,3943,Cittadella,
soccer,395,Watford,
soccer,3952,Padova,
soccer,3956,Pisa,
soccer,396,Crewe Alexandra,
soccer,397,Barnsley,
soccer,3975,Juve Stabia,
soccer,398,Sheffield United,
soccer,3988,Carrarese,
soccer,399,Sheffield Wednesday,
soccer,3991,Mantova,
soccer,3997,Sassuolo,
soccer,4,Belgrano (Córdoba),
soccer,400,Stockport County,
soccer,4007,Monza,
soccer,401,Walsall,
soccer,402,Rotherham United,
soccer,403,Alloa Athletic,
soccer,4039,AEK Larnaca,
soccer,405,Stenhousemuir,
soccer,4050,Cremonese,
soccer,4055,US Avellino,
soccer,4057,Frosinone,
soccer,4059,Benevento,
soccer,406,Queen of the South,
soccer,407,Stranraer,
soccer,408,Forfar Athletic,
soccer,409,Hamilton Academical,
soccer,411,Greenock Morton,
soccer,4128,Deportes Temuco,
soccer,4129,Everton CD,
soccer,4130,Unión San Felipe,
soccer,4132,Unión Española,
soccer,4133,Cobresal,
soccer,4134,Huachipato,
soccer,4135,Rangers de Talca,
soccer,4137,La Serena,
soccer,4138,Audax Italiano,
soccer,4139,Universidad de Chile,
soccer,414,Montrose,
soccer,415,Dumbarton,
soccer,4150,England U21,
soccer,4153,New Zealand,
soccer,416,Peterhead,
soccer,417,Stirling Albion,
soccer,4178,Republic of Ireland,
soccer,418,East Stirlingshire,
soccer,420,Albion Rovers,
soccer,4205,Liberia,
soccer,4207,Ukraine U21,
soccer,4209,Belarus U21,
soccer,421,East Fife,
soccer,4211,Uganda,
soccer,4214,Zimbabwe,
soccer,422,Queen's Park,
soccer,4231,Gabon,
soccer,4236,Dartford,
soccer,4245,Botswana,
soccer,4257,Switzerland U21,
soccer,4276,Congo,
soccer,4277,Zambia,
soccer,4282,Iceland U21,
soccer,4319,Sudan,
soccer,432,Galatasaray,
soccer,4325,Malawi,
soccer,433,Sparta Prague,
soccer,435,Olympiacos,
soccer,4356,Togo,
soccer,436,Fenerbahce,
soccer,4365,Sweden U21,
soccer,4366,Denmark U21,
soccer,437,FC Porto,
soccer,4371,Spain U21,
soccer,4375,Iraq,
soccer,4379,Germany U21,
soccer,438,Rosenborg,
soccer,4380,Syria,
soccer,4381,Bahrain,
soccer,4384,Singapore,
soccer,4385,India,
soccer,4388,Lebanon,
soccer,4390,Maldives,
soccer,4396,Thailand,
soccer,4397,United Arab Emirates,
soccer,4398,Qatar,
soccer,440,Dynamo Kyiv,
soccer,4405,SC Rheindorf Altach,
soccer,441,Anderlecht,
soccer,4411,LASK Linz,
soccer,442,Lokomotiv Moscow,
soccer,4422,Palestino,
soccer,4423,Puerto Montt,
soccer,4426,FC Dordrecht,
soccer,443,Panathinaikos,
soccer,4438,Castellón,
soccer,444,Estonia,
soccer,445,Cyprus,
soccer,4469,Ghana,
soccer,447,Faroe Islands,
soccer,4471,Karlsruher SC,
soccer,448,England,
soccer,449,Netherlands,
soccer,4492,Gimnàstic de Tarragona,
soccer,450,Czechia,
soccer,451,South Korea,
soccer,4515,Mirandés,
soccer,452,Bosnia-Herzegovina,
soccer,453,Malta,
soccer,454,Russia,
soccer,455,Greece,
soccer,456,Latvia,
soccer,457,Ukraine,
soccer,458,Finland,
soccer,459,Belgium,
soccer,460,Lithuania,
soccer,461,Israel,
soccer,462,Bulgaria,
soccer,463,North Macedonia,
soccer,464,Norway,
soccer,465,Türkiye,
soccer,466,Sweden,
soccer,467,South Africa,
soccer,468,Slovakia,
soccer,4689,Eupen,
soccer,469,Iran,
soccer,4691,Zulte-Waregem,
soccer,470,Iceland,
soccer,4703,Salford City,
soccer,471,Poland,
soccer,472,Slovenia,
soccer,473,Romania,
soccer,474,Austria,
soccer,475,Switzerland,
soccer,476,Republic of Ireland,
soccer,477,Croatia,
soccer,4771,Real Salt Lake,
soccer,4773,Portuguesa,
soccer,478,France,
soccer,4786,Madureira,
soccer,4789,Ivory Coast,
soccer,479,Denmark,
soccer,480,Hungary,
soccer,4806,Volta Redonda,
soccer,481,Germany,
soccer,4811,Caracas FC,
soccer,4812,Deportivo Cuenca,
soccer,4815,Atlético Junior,
soccer,4816,Liga de Quito,
soccer,4817,Danubio,
soccer,4818,Deportivo Táchira,
soccer,482,Portugal,
soccer,483,Moldova,
soccer,484,FCSB,
soccer,4860,North Korea,
soccer,4861,Solomon Islands,
soccer,4862,Fiji,
soccer,4863,Tahiti,
soccer,4864,Vanuatu,
soccer,4875,Confiança,
soccer,488,Wisla Krakow,
soccer,4883,Tonga,
soccer,4884,Cook Islands,
soccer,4885,Papua New Guinea,
soccer,4886,American Samoa,
soccer,4887,Samoa,
soccer,4888,New Caledonia,
soccer,489,Hajduk Split,
soccer,4895,Indonesia,
soccer,490,Levski Sofia,
soccer,4909,Cianorte,
soccer,492,Grasshoppers,
soccer,4928,Fortaleza CEIF,
soccer,4929,Santa Cruz,
soccer,493,Shakhtar Donetsk,
soccer,4935,Ypiranga,
soccer,4936,Remo,
soccer,4939,Czechia U21,
soccer,494,Slavia Prague,
soccer,4956,Costa Rica U17,
soccer,497,BATE Borisov,
soccer,498,Dinamo Tbilisi,
soccer,5,Boca Juniors,
soccer,500,Olimpija Ljubljana,
soccer,5002,Sarpsborg FK,
soccer,502,HJK Helsinki,
soccer,504,Neftchi,
soccer,5043,Östersunds FK,
soccer,510,Viking FK,
soccer,5159,England,
soccer,5171,Japan U20,
soccer,5172,Mexico U20,
soccer,519,Rapid Vienna,
soccer,5194,Ukraine U20,
soccer,5195,Panama U20,
soccer,5203,Chile U20,
soccer,5204,Spain U20,
soccer,5209,Colombia U20,
soccer,521,Slovan Bratislava,
soccer,5210,Italy U20,
soccer,5212,Nigeria U20,
soccer,5218,Beitar Jerusalem,
soccer,523,Zalgiris Vilnius,
soccer,5238,FK Rabotnicki,
soccer,5239,Zrinjski Mostar,
soccer,524,Maccabi Tel-Aviv,
soccer,525,Apollon Limassol,
soccer,526,SK Tirana,
soccer,5260,CFR Cluj-Napoca,
soccer,5263,Gimnasia y Esgrima (Jujuy),
soccer,5264,Atlético Nacional,
soccer,5267,Alianza Atlético,
soccer,5268,Trujillanos,
soccer,5270,Tromso,
soccer,5276,Levadiakos,
soccer,529,IF Elfsborg,
soccer,5291,Almere City,
soccer,5308,Vitoria Setubal,
soccer,5309,Vitória de Guimaraes,
soccer,5321,Adelaide United,
soccer,5322,Perth Glory,
soccer,5323,Newcastle Jets,
soccer,5325,Central Coast Mariners,
soccer,5326,Brisbane Roar,
soccer,5327,Sydney FC,
soccer,5328,Melbourne Victory,
soccer,5351,Ivory Coast U17,
soccer,5362,Universidad de Concepción,
soccer,5377,Brazil U17,
soccer,5379,Mexico U17,
soccer,5404,Ceuta,
soccer,541,Partizan Belgrade,
soccer,5413,Huesca,
soccer,5419,FC Cartagena,
soccer,542,Santa Coloma,
soccer,545,Rapid Bucuresti,
soccer,5463,Ponferradina,
soccer,5479,Real Cartagena,
soccer,5480,Boyacá Chicó FC,
soccer,5481,Envigado FC,
soccer,5484,Millonarios,
soccer,5485,Deportivo Pasto,
soccer,5486,Deportivo Pereira,
soccer,5487,Deportes Quindío,
soccer,5488,Independiente Santa Fe,
soccer,5489,Deportes Tolima,
soccer,5490,Cerro,
soccer,5492,Liverpool,
soccer,5501,Montevideo Wanderers,
soccer,551,FK Sarajevo,
soccer,5518,Cambodia,
soccer,552,Maritimo,
soccer,5533,Madagascar,
soccer,5534,Mauritius,
soccer,557,St. Gallen,
soccer,5570,Sport Boys,
soccer,5579,OH Leuven,
soccer,5583,Sportivo Luqueño,
soccer,5584,Nacional Asunción,
soccer,5585,Indiana Hoosiers,
soccer,5586,Wisconsin Badgers,
soccer,5587,Gonzaga Bulldogs,
soccer,5588,Santa Clara Broncos,
soccer,5589,UCLA Bruins,
soccer,559,Standard Liege,
soccer,5590,San Diego Toreros,
soccer,5591,Fairleigh Dickinson Knights,
soccer,5592,Boston College Eagles,
soccer,5593,Duke Blue Devils,
soccer,5594,Long Island University Sharks,
soccer,5595,Tulsa Golden Hurricane,
soccer,5596,Oral Roberts Golden Eagles,
soccer,5598,Penn State Nittany Lions,
soccer,5599,Northwestern Wildcats,
soccer,560,Vardar,
soccer,5601,St. John's Red Storm,
soccer,5602,Holy Cross Crusaders,
soccer,5603,SMU Mustangs,
soccer,5604,Notre Dame Fighting Irish,
soccer,5605,UConn Huskies,
soccer,5606,Saint Peter's Peacocks,
soccer,5607,Ohio State Buckeyes,
soccer,5608,Marquette Golden Eagles,
soccer,5609,VCU Rams,
soccer,561,Varteks,
soccer,5610,North Carolina Tar Heels,
soccer,5611,UC Riverside Highlanders,
soccer,5612,Virginia Cavaliers,
soccer,5613,Wake Forest Demon Deacons,
soccer,5614,Portland Pilots,
soccer,5615,Creighton Bluejays,
soccer,5616,Cal State Fullerton Titans,
soccer,5617,Maryland Terrapins,
soccer,5618,UC Santa Barbara Gauchos,
soccer,5619,San Diego State Aztecs,
soccer,562,FC Vaduz,
soccer,5620,Saint Louis Billikens,
soccer,5623,Monmouth Hawks,
soccer,5624,Boston University Terriers,
soccer,5626,Kansas City Kangaroos,
soccer,5627,UNC Greensboro Spartans,
soccer,5628,Charlotte 49ers,
soccer,5629,Clemson Tigers,
soccer,5630,Longwood Lancers,
soccer,5631,Seton Hall Pirates,
soccer,5633,Quinnipiac Bobcats,
soccer,5634,Binghamton Bearcats,
soccer,5635,Saint Joseph's Hawks,
soccer,5636,Washington Huskies,
soccer,5637,William & Mary Tribe,
soccer,5638,Vermont Catamounts,
soccer,5639,Army Black Knights,
soccer,5640,Akron Zips,
soccer,5641,Cleveland State Vikings,
soccer,5642,NC State Wolfpack,
soccer,5643,George Mason Patriots,
soccer,5644,South Carolina Gamecocks,
soccer,5645,Georgetown Hoyas,
soccer,5647,Bradley Braves,
soccer,5648,South Florida Bulls,
soccer,5649,College of Charleston Cougars,
soccer,5650,Rutgers Scarlet Knights,
soccer,5651,Missouri State Bears,
soccer,5653,UNLV Rebels,
soccer,5654,Duquesne Dukes,
soccer,5655,Loyola Chicago Ramblers,
soccer,5656,Northeastern Huskies,
soccer,5657,San Francisco Dons,
soccer,5658,West Virginia Mountaineers,
soccer,5659,Old Dominion Monarchs,
soccer,566,HB Torshavn,
soccer,5660,St. Bonaventure Bonnies,
soccer,5661,Milwaukee Panthers,
soccer,5662,Wright State Raiders,
soccer,5663,Loyola Marymount Lions,
soccer,5664,Cal State Northridge Matadors,
soccer,5665,Elon Phoenix,
soccer,5666,Loyola Maryland Greyhounds,
soccer,5667,UC Irvine Anteaters,
soccer,5669,Princeton Tigers,
soccer,5670,Memphis Tigers,
soccer,5671,UAB Blazers,
soccer,5672,Stanford Cardinal,
soccer,5673,Purdue Fort Wayne Mastodons,
soccer,5674,Oregon State Beavers,
soccer,5675,Lehigh Mountain Hawks,
soccer,5676,Syracuse Orange,
soccer,5677,Mercer Bears,
soccer,5678,DePaul Blue Demons,
soccer,5679,Drake Bulldogs,
soccer,5681,Louisville Cardinals,
soccer,5682,Evansville Purple Aces,
soccer,5684,Gardner-Webb Runnin' Bulldogs,
soccer,5685,Virginia Tech Hokies,
soccer,5686,New Hampshire Wildcats,
soccer,5687,Massachusetts MInutewomen,
soccer,5688,UNC Wilmington Seahawks,
soccer,5689,Bowling Green Falcons,
soccer,5690,Dayton Flyers,
soccer,5691,Florida International Panthers,
soccer,5693,UAlbany Great Danes,
soccer,5694,Davidson Wildcats,
soccer,5695,Campbell Fighting Camels,
soccer,5696,Temple Owls,
soccer,5697,Oakland Golden Grizzlies,
soccer,5698,Columbia Lions,
soccer,5699,Belmont Bruins,
soccer,570,Club Brugge,
soccer,5700,Villanova Wildcats,
soccer,5701,Michigan State Spartans,
soccer,5702,Providence Friars,
soccer,5703,Kentucky Wildcats,
soccer,5704,Pennsylvania Quakers,
soccer,5705,Florida Atlantic Owls,
soccer,5706,California Golden Bears,
soccer,5707,Manhattan Jaspers,
soccer,5708,Bucknell Bison,
soccer,5709,Sacred Heart Pioneers,
soccer,571,Glentoran,
soccer,5710,Mount St. Mary's Mountaineers,
soccer,5711,Yale Bulldogs,
soccer,5712,Xavier Muskateers,
soccer,5715,Fairfield Stags,
soccer,5716,Georgia Southern Eagles,
soccer,5717,Cornell Big Red,
soccer,5718,Air Force Falcons,
soccer,5719,Georgia State Panthers,
soccer,572,FC Midtjylland,
soccer,5720,IU Indianapolis Jaguars,
soccer,5721,Saint Mary's Gaels,
soccer,5724,UIC Flames,
soccer,5726,Delaware Fightin' Blue Hens,
soccer,5727,Hofstra Pride,
soccer,5729,UMBC Retrievers,
soccer,5730,American University Eagles,
soccer,5731,Eastern Illinois Panthers,
soccer,5732,Denver Pioneers,
soccer,5733,Robert Morris Colonials,
soccer,5734,Drexel Dragons,
soccer,5735,Michigan Wolverines,
soccer,5736,Western Illinois Leathernecks,
soccer,5737,Dartmouth Big Green,
soccer,5739,Furman Paladins,
soccer,5740,Northern Illinois Huskies,
soccer,5741,Western Michigan Broncos,
soccer,5742,Sacramento State Hornets,
soccer,5743,Coastal Carolina Chanticleers,
soccer,5744,Pittsburgh Panthers,
soccer,5745,UC Davis Aggies,
soccer,5746,Rhode Island Rams,
soccer,5748,Butler Bulldogs,
soccer,5749,Brown Bears,
soccer,575,Brøndby IF,
soccer,5751,Liberty Flames,
soccer,5752,Cal Poly Mustangs,
soccer,5753,High Point Panthers,
soccer,5754,Radford Highlanders,
soccer,5755,NJIT Highlanders,
soccer,5757,La Salle Explorers,
soccer,5758,Niagara Purple Eagles,
soccer,5759,Wofford Terriers,
soccer,576,The New Saints,
soccer,5760,Canisius Griffins,
soccer,5761,George Washington Revolutionaries,
soccer,5763,Marist Red Foxes,
soccer,5764,Siena Saints,
soccer,5765,Stetson Hatters,
soccer,5766,Lafayette Leopards,
soccer,5767,Buxton,
soccer,5774,Eritrea,
soccer,5775,Djibouti,
soccer,5776,Somalia,
soccer,5777,Ethiopia,
soccer,5778,Tanzania,
soccer,5779,Burundi,
soccer,578,Wales,
soccer,5780,Afghanistan,
soccer,5781,Pakistan,
soccer,5782,Sri Lanka,
soccer,5783,Bangladesh,
soccer,5784,Bhutan,
soccer,5785,Nepal,
soccer,5786,KV Kortrijk,
soccer,579,Armenia,
soccer,580,Scotland,
soccer,5807,Union St.-Gilloise,
soccer,581,Azerbaijan,
soccer,582,Luxembourg,
soccer,5826,Pacific Tigers,
soccer,583,Belarus,
soccer,5830,UCF Knights,
soccer,5838,Colgate Raiders,
soccer,584,Georgia,
soccer,5840,Harvard Crimson,
soccer,5847,Central Connecticut Blue Devils,
soccer,585,Albania,
soccer,586,Northern Ireland,
soccer,5869,Navy Midshipmen,
soccer,587,Andorra,
soccer,588,San Marino,
soccer,589,Liechtenstein,
soccer,594,Liberec,
soccer,596,Dinamo Moscow,
soccer,597,Dinamo Zagreb,
soccer,598,1. FC Union Berlin,
soccer,6,Chacarita Juniors,
soccer,6009,Lecco,
soccer,6014,Yemen,
soccer,6017,Aucas,
soccer,6037,Carabobo,
soccer,6038,Estudiantes de Mérida,
soccer,6041,Monagas SC,
soccer,6046,Aurora,
soccer,6047,Blooming,
soccer,605,PAOK,
soccer,6051,Real Potosí,
soccer,606,KVC Westerlo,
soccer,607,Silkeborg IF,
soccer,6071,Antofagasta,
soccer,6072,O'Higgins,
soccer,6077,Houston Dynamo FC,
soccer,6079,Red Bull Bragantino,
soccer,6086,Botafogo,
soccer,6087,Nova Iguaçu,
soccer,609,Sigma Olomouc,
soccer,6097,2 de Mayo,
soccer,6101,Cúcuta Deportivo,
soccer,612,Torpedo Kutaisi,
soccer,6137,Atlético Bucaramanga,
soccer,614,Sheriff Tiraspol,
soccer,615,Bohemians,
soccer,6154,América Mineiro,
soccer,6167,Palestine,
soccer,617,Omonia Nicosia,
soccer,619,NK Maribor,
soccer,6196,ASA,
soccer,620,SK Brann,
soccer,6214,Itabaiana,
soccer,6216,Slavia Sofia,
soccer,6219,Ceilândia,
soccer,622,Ferencvaros,
soccer,6229,Karpaty Lviv,
soccer,624,Algeria,
soccer,627,Japan,
soccer,6270,Juventude,
soccer,6272,Fortaleza,
soccer,6273,Grêmio,
soccer,628,Australia,
soccer,632,Aldershot Town,
soccer,633,Altrincham,
soccer,635,Newport County,
soccer,6367,FC Ingolstadt 04,
soccer,640,Ebbsfleet United,
soccer,6418,1. FC Heidenheim 1846,
soccer,642,Barrow,
soccer,6517,Czechia,
soccer,653,Angola,
soccer,654,Senegal,
soccer,6545,Varbergs BoIS FC,
soccer,655,Saudi Arabia,
soccer,656,Cameroon,
soccer,657,Nigeria,
soccer,658,China,
soccer,659,Tunisia,
soccer,660,United States,
soccer,6640,Lesotho,
soccer,6649,Belgium U17,
soccer,6672,Kristiansund BK,
soccer,6686,Eswatini,
soccer,6722,Macau,
soccer,6723,Tajikistan,
soccer,6724,Kyrgyz Republic,
soccer,6725,Namibia,
soccer,6726,Seychelles,
soccer,6741,Drogheda United,
soccer,6742,Valur Reykjavik,
soccer,6748,Tobol Kostanay,
soccer,6750,IK Start,
soccer,6756,Godoy Cruz Antonio Tomba,
soccer,6757,Serbia,
soccer,6758,Mlada Boleslav,
soccer,6762,Portuguesa,
soccer,6763,Zamora FC,
soccer,6770,Myanmar,
soccer,6775,Montenegro,
soccer,6790,Atromitos,
soccer,6800,Jacksonville Dolphins,
soccer,6802,Fordham Rams,
soccer,6804,James Madison Dukes,
soccer,6812,UNC Asheville Bulldogs,
soccer,6814,Central Arkansas Bears,
soccer,6816,Marshall Thundering Herd,
soccer,6818,Iona Gaels,
soccer,6820,VMI Keydets,
soccer,6821,Stony Brook Seawolves,
soccer,6822,Detroit Mercy Titans,
soccer,6832,Almería,
soccer,6851,Paris FC,
soccer,6866,Progreso,
soccer,6870,Kasimpasa,
soccer,6902,Shonan Bellmare,
soccer,6907,TSV Hartberg,
soccer,6927,Winthrop Eagles,
soccer,6946,Ukraine U19,
soccer,6978,Croatia U19,
soccer,6994,Grenoble,
soccer,6997,Brest,
soccer,7,Colón (Santa Fe),
soccer,7012,Rider Broncs,
soccer,7013,VfL Osnabruck,
soccer,7017,Dynamo Dresden,
soccer,7043,Rijnsburgse Boys,
soccer,7044,IJsselmeervogels,
soccer,7051,HHC Hardenberg,
soccer,7057,De Treffers,
soccer,7059,Kozakken Boys,
soccer,7069,North Florida Ospreys,
soccer,7077,Golden Arrows,
soccer,7079,AmaZulu,
soccer,7081,Kaizer Chiefs,
soccer,7084,Mamelodi Sundowns,
soccer,7085,Orlando Pirates,
soccer,7099,Polokwane City FC,
soccer,7102,Gamba Osaka,
soccer,7104,Shimizu S-Pulse,
soccer,7105,Oita Trinita,
soccer,7107,Avispa Fukuoka,
soccer,7108,Nagoya Grampus,
soccer,7109,Cerezo Osaka,
soccer,7111,JEF United Ichihara-Chiba,
soccer,7112,Kawasaki Frontale,
soccer,7114,Sanfrecce Hiroshima,
soccer,7115,Kashima Antlers,
soccer,7116,Yokohama F. Marinos,
soccer,7120,Ulsan HD,
soccer,7128,Al Ain,
soccer,7129,Al Gharafa,
soccer,7135,Al Sadd,
soccer,7137,Arema Indonesia,
soccer,7138,Buriram United,
soccer,7151,Netherlands,
soccer,7155,Chelmsford,
soccer,7156,Maidenhead United,
soccer,7166,Annan Athletic,
soccer,7224,Isidro Metapán,
soccer,7225,Alianza FC,
soccer,7226,Águila,
soccer,7229,CD FAS,
soccer,7231,CD Municipal Limeño,
soccer,7232,Luis Ángel Firpo,
soccer,7234,Pérez Zeledón,
soccer,7237,Puntarenas FC,
soccer,7239,Cartaginés,
soccer,7242,FC Motagua,
soccer,7243,Platense,
soccer,7245,Real España,
soccer,7249,Club Deportivo Marathón,
soccer,7251,Suchitepequez,
soccer,7252,Marquense,
soccer,7253,Antigua GFC,
soccer,7254,Cobán Imperial,
soccer,7257,Comunicaciones,
soccer,7258,Municipal,
soccer,7259,Xelajú MC,
soccer,7266,Lugo,
soccer,7268,Chinese Taipei,
soccer,7279,Auckland City,
soccer,7312,Melgar,
soccer,7318,Toronto FC,
soccer,7320,Eldense,
soccer,7347,Philippines,
soccer,7348,Laos,
soccer,7349,Vietnam,
soccer,7368,Gambia,
soccer,7369,Atletico Balboa,
soccer,7385,Guaraní,
soccer,7388,Novo Hamburgo,
soccer,7389,São José-RS,
soccer,7391,São Luiz-RS,
soccer,7427,Ñublense,
soccer,7445,Internacional de Bogotá,
soccer,7466,Sportivo Trinidense,
soccer,7476,Kashiwa Reysol,
soccer,7477,Vissel Kobe,
soccer,7507,Turkmenistan,
soccer,7521,Shandong Taishan,
soccer,7527,Al Rayyan,
soccer,7531,CSA,
soccer,7536,Finland,
soccer,7632,Atlético-MG,
soccer,7633,Náutico,
soccer,7634,América-RN,
soccer,7635,Sport,
soccer,7640,FC Luzern,
soccer,7648,Konyaspor,
soccer,7656,Caykur Rizespor,
soccer,7657,Guadeloupe,
soccer,7672,FC Lugano,
soccer,7698,Neuchatel Xamax,
soccer,7718,Concarneau,
soccer,7719,Rodez Aveyron,
soccer,7732,Dunkerque,
soccer,7751,Serbia U21,
soccer,7759,FC Differdange 03,
soccer,7764,Platense,
soccer,7767,Tigre,
soccer,7790,New Zealand U20,
soccer,7825,Vojvodina,
soccer,7834,BK Häcken,
soccer,7845,San Martín (San Juan),
soccer,7853,AGF,
soccer,7858,Hamrun Spartans,
soccer,7860,Lyngby Boldklub,
soccer,7868,Angers,
soccer,7869,Boulogne,
soccer,7870,CD Malacateco,
soccer,7878,Dender,
soccer,7879,KV Mechelen,
soccer,7884,Holstein Kiel,
soccer,789,Goztepe,
soccer,7911,TSG Hoffenheim,
soccer,7914,Istanbul Basaksehir,
soccer,7915,Llaneros FC,
soccer,7922,Jablonec,
soccer,793,Al Shabab,
soccer,7998,BG Tampines Rovers FC,
soccer,8,Estudiantes de La Plata,
soccer,8040,Lion City Sailors FC,
soccer,8089,CSU Craiova,
soccer,8102,AS Trencin,
soccer,8109,América de Cali,
soccer,8110,Deportes Concepcion,
soccer,8118,Sønderjyske Fodbold,
soccer,8141,Minsk,
soccer,8151,KF Shkëndija,
soccer,8169,KuPS Kuopio,
soccer,817,Al Nassr,
soccer,8186,Coquimbo Unido,
soccer,819,Flamengo,
soccer,8221,IF Brommapojkarna,
soccer,8222,GAIS,
soccer,8239,Tianjin Jinmen Tiger,
soccer,8240,Henan,
soccer,8249,Vikingur Reykjavik,
soccer,8281,FK Sutjeska,
soccer,8284,Dila Gori,
soccer,8293,Persib,
soccer,83,Barcelona,
soccer,8346,Al Ahli,
soccer,8352,Wellington Phoenix FC,
soccer,8354,Asteras Tripoli,
soccer,8363,Al Ettifaq,
soccer,8364,Al-Jazira,
soccer,8365,Al Wasl,
soccer,8377,Esperance Sportive de Tunis,
soccer,84,Mallorca,
soccer,841,Kuwait,
soccer,8412,Argentina U17,
soccer,8414,South Korea U17,
soccer,8415,France U17,
soccer,8416,Juventud,
soccer,8419,Honduras U17,
soccer,8420,Japan U17,
soccer,8422,New Zealand U17,
soccer,8425,Tajikistan U17,
soccer,8447,Córdoba,
soccer,8448,Racing Ferrol,
soccer,8451,South Africa U20,
soccer,8490,BVV Barendrecht,
soccer,8491,AFC,
soccer,8497,Quick Boys,
soccer,85,Celta Vigo,
soccer,8503,Noordwijk,
soccer,8506,Spakenburg,
soccer,8514,Police Tero,
soccer,8519,BG Pathum United,
soccer,8525,ES Setif,
soccer,8544,IFK Norrköping,
soccer,8547,IK Sirius,
soccer,858,Saprissa,
soccer,8580,Cal State Bakersfield Roadrunners,
soccer,859,AD San Carlos,
soccer,8591,Tre Fiori,
soccer,8592,Tre Penne,
soccer,8594,Fiorita,
soccer,8599,Green Bay Phoenix,
soccer,86,Real Madrid,
soccer,8600,Sierra Leone,
soccer,8601,Comoros,
soccer,8602,Guinea-Bissau,
soccer,862,Herediano,
soccer,8625,Wydad AC,
soccer,8663,Mongolia,
soccer,8664,Timor-Leste,
soccer,87,Racing Santander,
soccer,8726,Lipscomb Bisons,
soccer,874,Corinthians,
soccer,88,Espanyol,
soccer,884,Club Deportivo Olimpia,
soccer,885,Universidad Católica,
soccer,887,AEK Athens,
soccer,8897,SC East Bengal,
soccer,89,Real Sociedad,
soccer,8931,Correcaminos UAT,
soccer,8937,Niger,
soccer,8938,Equatorial Guinea,
soccer,8939,Mozambique,
soccer,8940,Mauritania,
soccer,8941,Chad,
soccer,8942,Anguilla,
soccer,8950,Defensa y Justicia,
soccer,9,Gimnasia La Plata,
soccer,90,Deportivo,
soccer,900,Boavista,
soccer,9028,Rayo Majadahonda,
soccer,9078,Alanyaspor,
soccer,909,F.C. København,
soccer,91,Real Zaragoza,
soccer,9104,Pendikspor,
soccer,9169,Mirassol,
soccer,92,Real Oviedo,
soccer,9280,Truro City,
soccer,9283,Universidad Católica (Quito),
soccer,929,Al Hilal,
soccer,9292,Técnico Universitario,
soccer,93,Athletic Club,
soccer,9318,Chapecoense,
soccer,9322,Villarreal B,
soccer,936,Sint-Truidense,
soccer,9371,Cruz Azul Hidalgo,
soccer,938,Racing Genk,
soccer,94,Valencia,
soccer,9460,Uberlândia,
soccer,9497,Guabirá,
soccer,95,Real Valladolid,
soccer,9531,Portugal,
soccer,96,Alavés,
soccer,9657,Piast Gliwice,
soccer,9681,Concordia Chiajna,
soccer,9693,Pohang Steelers,
soccer,97,Osasuna,
soccer,9707,Fortuna Düsseldorf,
soccer,9720,CF Montréal,
soccer,9723,Portland Timbers,
soccer,9726,Seattle Sounders FC,
soccer,9727,Vancouver Whitecaps,
soccer,9729,Charleston Battery,
soccer,9739,Aldosivi,
soccer,9740,Almirante Brown,
soccer,9743,Ferro Carril Oeste,
soccer,9744,Independiente Rivadavia,
soccer,9747,Atletico Rafaela,
soccer,9761,Alianza FC,
soccer,9762,Águilas Doradas,
soccer,9769,Itagüí Leones,
soccer,977,Shanghai Shenhua,
soccer,9770,Tigres FC,
soccer,9773,Patriotas,
soccer,9774,Real Santander,
soccer,9779,Spain U19,
soccer,9780,Italy U19,
soccer,9785,Atlético Tucumán,
soccer,9786,All Boys,
soccer,98,Las Palmas,
soccer,9812,Girona,
soccer,9865,FC Carl Zeiss Jena,
soccer,9867,Preußen Münster,
soccer,987,Lillestrom,
soccer,989,FC Basel,
soccer,99,Málaga,
soccer,9902,Cerro Largo,
soccer,9903,Racing (Montevideo),
soccer,991,Beerschot,
soccer,994,AIK,
soccer,995,Kocaelispor,
soccer,996,Genclerbirligi,
soccer,9965,ABC,
soccer,9966,Avaí,
soccer,9967,Bahia,
soccer,9969,Ceará,
soccer,997,Trabzonspor,
soccer,9970,CRB,
soccer,9971,Criciúma,
soccer,9973,Vila Nova,
soccer,9983,Jong PSV,
soccer,9987,GVVV,
soccer,9999,Boston River,
ufl,112646,DC DEFENDERS,pro
ufl,112647,Dallas Renegades,pro
ufl,112651,St. Louis Battlehawks,pro
ufl,125957,Michigan Panthers,pro
ufl,126073,Birmingham Stallions,pro
ufl,126075,Houston Gamblers,pro
ufl,126746,San Antonio Brahmas,pro
ufl,129043,Memphis Showboats,pro
ufl,132261,Columbus Aviators,pro
ufl,132262,Louisville Kings,pro
ufl,132263,Orlando Storm,pro
usfl,birmingham-stallions,Birmingham Stallions,pro
usfl,houston-gamblers,Houston Gamblers,pro
usfl,memphis-showboats,Memphis Showboats,pro
usfl,michigan-panthers,Michigan Panthers,pro
usfl,new-jersey-generals,New Jersey Generals,pro
usfl,new-orleans-breakers,New Orleans Breakers,pro
usfl,philadelphia-stars,Philadelphia Stars,pro
usfl,pittsburgh-maulers,Pittsburgh Maulers,pro
usfl,tampa-bay-bandits,Tampa Bay Bandits,pro
ushl,10,Cedar Rapids RoughRiders,junior
ushl,11,Chicago Steel,junior
ushl,12,Des Moines Buccaneers,junior
ushl,13,Dubuque Fighting Saints,junior
ushl,14,Fargo Force,junior
ushl,15,Green Bay Gamblers,junior
ushl,16,Lincoln Stars,junior
ushl,17,Madison Capitols,junior
ushl,18,Muskegon Lumberjacks,junior
ushl,19,Omaha Lancers,junior
ushl,20,Sioux Falls Stampede,junior
ushl,21,USA Hockey NTDP,junior
ushl,22,Tri-City Storm,junior
ushl,23,Waterloo Black Hawks,junior
ushl,24,Youngstown Phantoms,junior
ushl,8,Sioux City Musketeers,junior
ushl,9,Central Illinois Flying Aces,junior
wbb,103,Boston College Eagles,womens
wbb,104,Boston University Terriers,womens
wbb,107,Holy Cross Crusaders,womens
wbb,108,Harvard Crimson,womens
wbb,111,Northeastern Huskies,womens
wbb,112358,Long Island University Sharks,womens
wbb,113,Massachusetts Minutewomen,womens
wbb,116,Mount St. Mary's Mountaineers,womens
wbb,119,Towson Tigers,womens
wbb,12,Arizona Wildcats,womens
wbb,120,Maryland Terrapins,womens
wbb,127,Michigan State Spartans,womens
wbb,13,Cal Poly Mustangs,womens
wbb,130,Michigan Wolverines,womens
wbb,135,Minnesota Golden Gophers,womens
wbb,139,Saint Louis Billikens,womens
wbb,140,Kansas City Roos,womens
wbb,142,Missouri Tigers,womens
wbb,145,Ole Miss Rebels,womens
wbb,147,Montana State Bobcats,womens
wbb,149,Montana Lady Griz,womens
wbb,150,Duke Blue Devils,womens
wbb,151,East Carolina Pirates,womens
wbb,152,NC State Wolfpack,womens
wbb,153,North Carolina Tar Heels,womens
wbb,154,Wake Forest Demon Deacons,womens
wbb,155,North Dakota Fighting Hawks,womens
wbb,156,Creighton Bluejays,womens
wbb,158,Nebraska Cornhuskers,womens
wbb,159,Dartmouth Big Green,womens
wbb,16,Sacramento State Hornets,womens
wbb,160,New Hampshire Wildcats,womens
wbb,161,Fairleigh Dickinson Knights,womens
wbb,163,Princeton Tigers,womens
wbb,164,Rutgers Scarlet Knights,womens
wbb,166,New Mexico State Aggies,womens
wbb,167,New Mexico Lobos,womens
wbb,171,Columbia Lions,womens
wbb,172,Cornell Big Red,womens
wbb,179,St. Bonaventure Bonnies,womens
wbb,183,Syracuse Orange,womens
wbb,189,Bowling Green Falcons,womens
wbb,193,Miami (OH) RedHawks,womens
wbb,194,Ohio State Buckeyes,womens
wbb,195,Ohio Bobcats,womens
wbb,197,Oklahoma State Cowgirls,womens
wbb,198,Oral Roberts Golden Eagles,womens
wbb,2,Auburn Tigers,womens
wbb,2000,Abilene Christian Wildcats,womens
wbb,2005,Air Force Falcons,womens
wbb,2006,Akron Zips,womens
wbb,201,Oklahoma Sooners,womens
wbb,2010,Alabama A&M Bulldogs,womens
wbb,2011,Alabama State Lady Hornets,womens
wbb,2016,Alcorn State Lady Braves,womens
wbb,202,Tulsa Golden Hurricane,womens
wbb,2026,App State Mountaineers,womens
wbb,2029,Arkansas-Pine Bluff Golden Lions,womens
wbb,2031,Little Rock Trojans,womens
wbb,2032,Arkansas State Red Wolves,womens
wbb,204,Oregon State Beavers,womens
wbb,2046,Austin Peay Governors,womens
wbb,2050,Ball State Cardinals,womens
wbb,2057,Belmont Bruins,womens
wbb,2065,Bethune-Cookman Wildcats,womens
wbb,2066,Binghamton Bearcats,womens
wbb,2083,Bucknell Bison,womens
wbb,2084,Buffalo Bulls,womens
wbb,2086,Butler Bulldogs,womens
wbb,2097,Campbell Fighting Camels,womens
wbb,2099,Canisius Golden Griffins,womens
wbb,21,San Diego State Aztecs,womens
wbb,2110,Central Arkansas Bears,womens
wbb,2115,Central Connecticut Blue Devils,womens
wbb,2116,UCF Knights,womens
wbb,2117,Central Michigan Chippewas,womens
wbb,2127,Charleston Southern Buccaneers,womens
wbb,213,Penn State Lady Lions,womens
wbb,2130,Chicago State Cougars,womens
wbb,2132,Cincinnati Bearcats,womens
wbb,2142,Colgate Raiders,womens
wbb,2154,Coppin State Eagles,womens
wbb,2166,Davidson Wildcats,womens
wbb,2168,Dayton Flyers,womens
wbb,2169,Delaware State Hornets,womens
wbb,2172,Denver Pioneers,womens
wbb,2174,Detroit Mercy Titans,womens
wbb,218,Temple Owls,womens
wbb,2181,Drake Bulldogs,womens
wbb,2182,Drexel Dragons,womens
wbb,2184,Duquesne Dukes,womens
wbb,219,Pennsylvania Quakers,womens
wbb,2193,East Tennessee State Bucs,womens
wbb,2197,Eastern Illinois Panthers,womens
wbb,2198,Eastern Kentucky Colonels,womens
wbb,2199,Eastern Michigan Eagles,womens
wbb,221,Pittsburgh Panthers,womens
wbb,2210,Elon Phoenix,womens
wbb,2217,Fairfield Stags,womens
wbb,222,Villanova Wildcats,womens
wbb,2226,Florida Atlantic Owls,womens
wbb,2229,Florida International Panthers,womens
wbb,2230,Fordham Rams,womens
wbb,2239,Cal State Fullerton Titans,womens
wbb,2241,Gardner-Webb Runnin' Bulldogs,womens
wbb,2244,George Mason Patriots,womens
wbb,2247,Georgia State Panthers,womens
wbb,225,Brown Bears,womens
wbb,2250,Gonzaga Bulldogs,womens
wbb,2253,Grand Canyon Lopes,womens
wbb,2261,Hampton Lady Pirates,womens
wbb,227,Rhode Island Rams,womens
wbb,2272,High Point Panthers,womens
wbb,2275,Hofstra Pride,womens
wbb,2277,Houston Christian Huskies,womens
wbb,228,Clemson Tigers,womens
wbb,2287,Illinois State Redbirds,womens
wbb,2294,Iowa Hawkeyes,womens
wbb,2296,Jackson State Lady Tigers,womens
wbb,23,San José State Spartans,womens
wbb,2305,Kansas Jayhawks,womens
wbb,2306,Kansas State Wildcats,womens
wbb,2309,Kent State Golden Flashes,womens
wbb,231,Furman Paladins,womens
wbb,232,Charleston Cougars,womens
wbb,2320,Lamar Cardinals,womens
wbb,2325,La Salle Explorers,womens
wbb,2329,Lehigh Mountain Hawks,womens
wbb,233,South Dakota Coyotes,womens
wbb,2330,Le Moyne Dolphins,womens
wbb,2335,Liberty Flames,womens
wbb,2344,Longwood Lancers,womens
wbb,2348,Louisiana Tech Lady Techsters,womens
wbb,2349,UMass Lowell River Hawks,womens
wbb,235,Memphis Tigers,womens
wbb,2350,Loyola Chicago Ramblers,womens
wbb,2351,Loyola Marymount Lions,womens
wbb,2352,Loyola Maryland Greyhounds,womens
wbb,236,Chattanooga Mocs,womens
wbb,2363,Manhattan Jaspers,womens
wbb,2368,Marist Red Foxes,womens
wbb,2377,McNeese Cowgirls,womens
wbb,2378,UMBC Retrievers,womens
wbb,2379,Maryland Eastern Shore Hawks,womens
wbb,238,Vanderbilt Commodores,womens
wbb,2382,Mercer Bears,womens
wbb,2385,Mercyhurst Lakers,womens
wbb,239,Baylor Bears,womens
wbb,2390,Miami Hurricanes,womens
wbb,2393,Middle Tennessee Blue Raiders,womens
wbb,24,Stanford Cardinal,womens
wbb,2400,Mississippi Valley State Devilettes,womens
wbb,2405,Monmouth Hawks,womens
wbb,2413,Morehead State Eagles,womens
wbb,2415,Morgan State Lady Bears,womens
wbb,242,Rice Owls,womens
wbb,2426,Navy Midshipmen,womens
wbb,2427,UNC Asheville Bulldogs,womens
wbb,2428,North Carolina Central Eagles,womens
wbb,2429,Charlotte 49ers,womens
wbb,2430,UNC Greensboro Spartans,womens
wbb,2433,UL Monroe Warhawks,womens
wbb,2437,Omaha Mavericks,womens
wbb,2439,UNLV Lady Rebels,womens
wbb,2440,Nevada Wolf Pack,womens
wbb,2441,New Haven Chargers,womens
wbb,2443,LSU New Orleans Privateers,womens
wbb,2447,Nicholls Colonels,womens
wbb,2448,North Carolina A&T Aggies,womens
wbb,2449,North Dakota State Bison,womens
wbb,245,Texas A&M Aggies,womens
wbb,2450,Norfolk State Spartans,womens
wbb,2453,North Alabama Lions,womens
wbb,2454,North Florida Ospreys,womens
wbb,2458,Northern Colorado Bears,womens
wbb,2459,Northern Illinois Huskies,womens
wbb,2460,Northern Iowa Panthers,womens
wbb,2463,Cal State Northridge Matadors,womens
wbb,2464,Northern Arizona Lumberjacks,womens
wbb,2466,Northwestern State Lady Demons,womens
wbb,2473,Oakland Golden Grizzlies,womens
wbb,248,Houston Cougars,womens
wbb,2483,Oregon Ducks,womens
wbb,249,North Texas Mean Green,womens
wbb,2492,Pepperdine Waves,womens
wbb,25,California Golden Bears,womens
wbb,250,UT Arlington Mavericks,womens
wbb,2501,Portland Pilots,womens
wbb,2502,Portland State Vikings,womens
wbb,2504,Prairie View A&M Lady Panthers,womens
wbb,2506,Presbyterian Blue Hose,womens
wbb,2507,Providence Friars,womens
wbb,2509,Purdue Boilermakers,womens
wbb,251,Texas Longhorns,womens
wbb,2511,Queens University Royals,womens
wbb,2514,Quinnipiac Bobcats,womens
wbb,2515,Radford Highlanders,womens
wbb,252,BYU Cougars,womens
wbb,2520,Rider Broncs,womens
wbb,2523,Robert Morris Colonials,womens
wbb,2529,Sacred Heart Pioneers,womens
wbb,253,Southern Utah Thunderbirds,womens
wbb,2534,Sam Houston Bearkats,womens
wbb,2535,Samford Bulldogs,womens
wbb,2539,San Francisco Dons,womens
wbb,254,Utah Utes,womens
wbb,2540,UC Santa Barbara Gauchos,womens
wbb,2541,Santa Clara Broncos,womens
wbb,2545,SE Louisiana Lady Lions,womens
wbb,2546,Southeast Missouri State Redhawks,womens
wbb,2547,Seattle U Redhawks,womens
wbb,2550,Seton Hall Pirates,womens
wbb,256,James Madison Dukes,womens
wbb,2561,Siena Saints,womens
wbb,2565,SIU Edwardsville Cougars,womens
wbb,2567,SMU Mustangs,womens
wbb,2569,South Carolina State Lady Bulldogs,womens
wbb,257,Richmond Spiders,womens
wbb,2571,South Dakota State Jackrabbits,womens
wbb,2572,Southern Miss Lady Eagles,womens
wbb,2579,South Carolina Gamecocks,womens
wbb,258,Virginia Cavaliers,womens
wbb,2582,Southern Jaguars,womens
wbb,259,Virginia Tech Hokies,womens
wbb,2598,Saint Francis Red Wolves,womens
wbb,2599,St. John's Red Storm,womens
wbb,26,UCLA Bruins,womens
wbb,2603,Saint Joseph's Hawks,womens
wbb,2608,Saint Mary's Gaels,womens
wbb,261,Vermont Catamounts,womens
wbb,2612,Saint Peter's Peacocks,womens
wbb,2617,Stephen F. Austin Ladyjacks,womens
wbb,2619,Stony Brook Seawolves,womens
wbb,2623,Missouri State Lady Bears,womens
wbb,2627,Tarleton State Texans,womens
wbb,2628,TCU Horned Frogs,womens
wbb,2630,UT Martin Skyhawks,womens
wbb,2633,Tennessee Lady Volunteers,womens
wbb,2634,Tennessee State Lady Tigers,womens
wbb,2635,Tennessee Tech Golden Eagles,womens
wbb,2636,UTSA Roadrunners,womens
wbb,2638,UTEP Miners,womens
wbb,264,Washington Huskies,womens
wbb,2640,Texas Southern Tigers,womens
wbb,2641,Texas Tech Lady Raiders,womens
wbb,2649,Toledo Rockets,womens
wbb,265,Washington State Cougars,womens
wbb,2653,Troy Trojans,womens
wbb,2655,Tulane Green Wave,womens
wbb,2670,VCU Rams,womens
wbb,2674,Valparaiso Beacons,womens
wbb,2681,Wagner Seahawks,womens
wbb,269,Marquette Golden Eagles,womens
wbb,2692,Weber State Wildcats,womens
wbb,2697,West Florida Argonauts,womens
wbb,2698,West Georgia Wolves,womens
wbb,27,UC Riverside Highlanders,womens
wbb,270,Milwaukee Panthers,womens
wbb,2710,Western Illinois Leathernecks,womens
wbb,2711,Western Michigan Broncos,womens
wbb,2717,Western Carolina Catamounts,womens
wbb,2724,Wichita State Shockers,womens
wbb,2729,William & Mary Tribe,womens
wbb,2737,Winthrop Eagles,womens
wbb,2739,Green Bay Phoenix,womens
wbb,2747,Wofford Terriers,womens
wbb,275,Wisconsin Badgers,womens
wbb,2750,Wright State Raiders,womens
wbb,2751,Wyoming Cowgirls,womens
wbb,2752,Xavier Musketeers,womens
wbb,2754,Youngstown State Penguins,womens
wbb,2755,Grambling Lady Tigers,womens
wbb,276,Marshall Thundering Herd,womens
wbb,277,West Virginia Mountaineers,womens
wbb,2771,Merrimack Warriors,womens
wbb,278,Fresno State Bulldogs,womens
wbb,279,Pacific Tigers,womens
wbb,28,UC San Diego Tritons,womens
wbb,2803,Bryant Bulldogs,womens
wbb,2815,Lindenwood Lions,womens
wbb,282,Indiana State Sycamores,womens
wbb,2837,East Texas A&M Lions,womens
wbb,284,Stonehill Skyhawks,womens
wbb,2856,California Baptist Lancers,womens
wbb,2870,Purdue Fort Wayne Mastodons,womens
wbb,288,Lipscomb Bisons,womens
wbb,2885,NJIT Highlanders,womens
wbb,290,Georgia Southern Eagles,womens
wbb,2900,St. Thomas Tommies,womens
wbb,2908,South Carolina Upstate Spartans,womens
wbb,2916,Incarnate Word Cardinals,womens
wbb,292,UT Rio Grande Valley Vaqueros,womens
wbb,2934,Cal State Bakersfield Roadrunners,womens
wbb,294,Jacksonville Dolphins,womens
wbb,295,Old Dominion Monarchs,womens
wbb,299,Long Beach State Beach,womens
wbb,30,USC Trojans,womens
wbb,300,UC Irvine Anteaters,womens
wbb,301,San Diego Toreros,womens
wbb,302,UC Davis Aggies,womens
wbb,304,Idaho State Bengals,womens
wbb,305,DePaul Blue Demons,womens
wbb,3084,Utah Valley Wolverines,womens
wbb,309,Louisiana Ragin' Cajuns,womens
wbb,3101,Utah Tech Trailblazers,womens
wbb,311,Maine Black Bears,womens
wbb,314,Iona Gaels,womens
wbb,315,Niagara Purple Eagles,womens
wbb,322,Lafayette Leopards,womens
wbb,324,Coastal Carolina Chanticleers,womens
wbb,325,Cleveland State Vikings,womens
wbb,326,Texas State Bobcats,womens
wbb,328,Utah State Aggies,womens
wbb,331,Eastern Washington Eagles,womens
wbb,333,Alabama Crimson Tide,womens
wbb,338,Kennesaw State Owls,womens
wbb,339,Evansville Purple Aces,womens
wbb,344,Mississippi State Bulldogs,womens
wbb,349,Army Black Knights,womens
wbb,350,UNC Wilmington Seahawks,womens
wbb,356,Illinois Fighting Illini,womens
wbb,357,Texas A&M-Corpus Christi Islanders,womens
wbb,36,Colorado State Rams,womens
wbb,38,Colorado Buffaloes,womens
wbb,399,UAlbany Great Danes,womens
wbb,41,UConn Huskies,womens
wbb,43,Yale Bulldogs,womens
wbb,44,American University Eagles,womens
wbb,45,George Washington Revolutionaries,womens
wbb,46,Georgetown Hoyas,womens
wbb,47,Howard Bison,womens
wbb,48,Delaware Blue Hens,womens
wbb,5,UAB Blazers,womens
wbb,50,Florida A&M Rattlers,womens
wbb,52,Florida State Seminoles,womens
wbb,526,Florida Gulf Coast Eagles,womens
wbb,55,Jacksonville State Gamecocks,womens
wbb,56,Stetson Hatters,womens
wbb,57,Florida Gators,womens
wbb,58,South Florida Bulls,womens
wbb,59,Georgia Tech Yellow Jackets,womens
wbb,6,South Alabama Jaguars,womens
wbb,61,Georgia Lady Bulldogs,womens
wbb,62,Hawai'i Rainbow Warriors,womens
wbb,66,Iowa State Cyclones,womens
wbb,68,Boise State Broncos,womens
wbb,70,Idaho Vandals,womens
wbb,71,Bradley Braves,womens
wbb,77,Northwestern Wildcats,womens
wbb,79,Southern Illinois Salukis,womens
wbb,8,Arkansas Razorbacks,womens
wbb,82,UIC Flames,womens
wbb,84,Indiana Hoosiers,womens
wbb,85,IU Indianapolis Jaguars,womens
wbb,87,Notre Dame Fighting Irish,womens
wbb,88,Southern Indiana Screaming Eagles,womens
wbb,9,Arizona State Sun Devils,womens
wbb,91,Bellarmine Knights,womens
wbb,93,Murray State Racers,womens
wbb,94,Northern Kentucky Norse,womens
wbb,96,Kentucky Wildcats,womens
wbb,97,Louisville Cardinals,womens
wbb,98,Western Kentucky Lady Toppers,womens
wbb,99,LSU Tigers,womens
whl,201,Brandon Wheat Kings,junior
whl,202,Calgary Hitmen,junior
whl,203,Kamloops Blazers,junior
whl,204,Kelowna Rockets,junior
whl,205,Lethbridge Hurricanes,junior
whl,206,Medicine Hat Tigers,junior
whl,207,Moose Jaw Warriors,junior
whl,208,Portland Winterhawks,junior
whl,209,Prince Albert Raiders,junior
whl,210,Prince George Cougars,junior
whl,211,Red Deer Rebels,junior
whl,212,Regina Pats,junior
whl,213,Saskatoon Blades,junior
whl,214,Seattle Thunderbirds,junior
whl,215,Spokane Chiefs,junior
whl,216,Swift Current Broncos,junior
whl,217,Tri-City Americans,junior
whl,222,Wenatchee Wild,junior
whl,223,Vancouver Giants,junior
whl,226,Everett Silvertips,junior
whl,227,Victoria Royals,junior
whl,228,Edmonton Oil Kings,junior
whl,277,Penticton Vees,junior
wnba,11,Phoenix Mercury,pro
wnba,129689,Golden State Valkyries,pro
wnba,131935,Toronto Tempo,pro
wnba,132052,Portland Fire,pro
wnba,14,Seattle Storm,pro
wnba,16,Washington Mystics,pro
wnba,17,Las Vegas Aces,pro
wnba,18,Connecticut Sun,pro
wnba,19,Chicago Sky,pro
wnba,20,Atlanta Dream,pro
wnba,3,Dallas Wings,pro
wnba,5,Indiana Fever,pro
wnba,6,Los Angeles Sparks,pro
wnba,8,Minnesota Lynx,pro
wnba,9,New York Liberty,pro
xfl,112646,DC Defenders,pro
xfl,112647,Arlington Renegades,pro
xfl,112648,Houston Roughnecks,pro
xfl,112649,Los Angeles Wildcats,pro
xfl,112650,New York Guardians,pro
xfl,112651,St. Louis Battlehawks,pro
xfl,112652,Seattle Sea Dragons,pro
xfl,112653,Tampa Bay Vipers,pro
xfl,126746,San Antonio Brahmas,pro
xfl,126747,Vegas Vipers,pro
xfl,126748,Orlando Guardians,pro
