"sport","key","canon"
"cfb","AAC","AAC"
"cfb","AAMU","AAMU"
"cfb","AAWU","Pac-12"
"cfb","ABILENE CHRISTIAN","ACU"
"cfb","ABILENE CHRISTIAN WILDCATS","ACU"
"cfb","ABILENE CHRSTN","ACU"
"cfb","ACC","ACC"
"cfb","ACU","ACU"
"cfb","AF","AF"
"cfb","AFA","AF"
"cfb","AIR FORCE","AF"
"cfb","AIR FORCE FALCONS","AF"
"cfb","AKR","AKR"
"cfb","AKRON","AKR"
"cfb","AKRON ZIPS","AKR"
"cfb","ALA","ALA"
"cfb","ALABAMA","ALA"
"cfb","ALABAMA A&M","AAMU"
"cfb","ALABAMA A&M BULLDOGS","AAMU"
"cfb","ALABAMA CRIMSON TIDE","ALA"
"cfb","ALABAMA ST","ALST"
"cfb","ALABAMA ST.","ALST"
"cfb","ALABAMA STATE","ALST"
"cfb","ALABAMA STATE HORNETS","ALST"
"cfb","ALBANY","UALB"
"cfb","ALBANY (NY)","UALB"
"cfb","ALCN","ALCN"
"cfb","ALCORN","ALCN"
"cfb","ALCORN ST","ALCN"
"cfb","ALCORN ST.","ALCN"
"cfb","ALCORN STATE","ALCN"
"cfb","ALCORN STATE BRAVES","ALCN"
"cfb","ALST","ALST"
"cfb","AMER","AAC"
"cfb","AMERICAN","AAC"
"cfb","AMERICAN ATHLETIC","AAC"
"cfb","AMERICAN ATHLETIC CONFERENCE","AAC"
"cfb","AMERICAN CONFERENCE","AAC"
"cfb","APP","APP"
"cfb","APP STATE","APP"
"cfb","APP STATE MOUNTAINEERS","APP"
"cfb","APPALACHIAN ST.","APP"
"cfb","APPALACHIAN STATE","APP"
"cfb","APSU","APSU"
"cfb","AR-PINE BLUFF","UAPB"
"cfb","ARIZ","ARIZ"
"cfb","ARIZONA","ARIZ"
"cfb","ARIZONA ST","ASU"
"cfb","ARIZONA ST.","ASU"
"cfb","ARIZONA STATE","ASU"
"cfb","ARIZONA STATE SUN DEVILS","ASU"
"cfb","ARIZONA WILDCATS","ARIZ"
"cfb","ARK","ARK"
"cfb","ARK.-PINE BLUFF","UAPB"
"cfb","ARKANSAS","ARK"
"cfb","ARKANSAS PINE BLUFF","UAPB"
"cfb","ARKANSAS RAZORBACKS","ARK"
"cfb","ARKANSAS ST","ARST"
"cfb","ARKANSAS ST.","ARST"
"cfb","ARKANSAS STATE","ARST"
"cfb","ARKANSAS STATE RED WOLVES","ARST"
"cfb","ARKANSAS-PINE BLUFF","UAPB"
"cfb","ARKANSAS-PINE BLUFF GOLDEN LIONS","UAPB"
"cfb","ARMY","ARMY"
"cfb","ARMY BLACK KNIGHTS","ARMY"
"cfb","ARMY WEST POINT","ARMY"
"cfb","ARST","ARST"
"cfb","ASU","ASU"
"cfb","ATHLETIC ASSOCIATION OF WESTERN UNIVERSITIES","Pac-12"
"cfb","ATLANTIC COAST CONFERENCE","ACC"
"cfb","AUB","AUB"
"cfb","AUBURN","AUB"
"cfb","AUBURN TIGERS","AUB"
"cfb","AUSTIN PEAY","APSU"
"cfb","AUSTIN PEAY GOVERNORS","APSU"
"cfb","B10","Big Ten"
"cfb","B12","Big 12"
"cfb","B1G","Big Ten"
"cfb","BALL","BALL"
"cfb","BALL ST.","BALL"
"cfb","BALL STATE","BALL"
"cfb","BALL STATE CARDINALS","BALL"
"cfb","BAY","BAY"
"cfb","BAYLOR","BAY"
"cfb","BAYLOR BEARS","BAY"
"cfb","BC","BC"
"cfb","BCU","BCU"
"cfb","BELT","Sun Belt"
"cfb","BETHUNE","BCU"
"cfb","BETHUNE COOKMAN","BCU"
"cfb","BETHUNE-COOKMAN","BCU"
"cfb","BETHUNE-COOKMAN WILDCATS","BCU"
"cfb","BGSU","BGSU"
"cfb","BIG 12","Big 12"
"cfb","BIG 12 CONFERENCE","Big 12"
"cfb","BIG SKY","Big Sky"
"cfb","BIG SKY CONFERENCE","Big Sky"
"cfb","BIG SOUTH-OHIO VALLEY CONFERENCE FOOTBALL ASSOCIATION","OVC"
"cfb","BIG SOUTH-OVC","OVC"
"cfb","BIG SOUTH-OVC FOOTBALL ASSOCIATION","OVC"
"cfb","BIG TEN","Big Ten"
"cfb","BIG TEN CONFERENCE","Big Ten"
"cfb","BIG10","Big Ten"
"cfb","BIG12","Big 12"
"cfb","BOIS","BOIS"
"cfb","BOISE ST","BOIS"
"cfb","BOISE ST.","BOIS"
"cfb","BOISE STATE","BOIS"
"cfb","BOISE STATE BRONCOS","BOIS"
"cfb","BOSTON COLLEGE","BC"
"cfb","BOSTON COLLEGE EAGLES","BC"
"cfb","BOWLING GREEN","BGSU"
"cfb","BOWLING GREEN FALCONS","BGSU"
"cfb","BRIGHAM YOUNG","BYU"
"cfb","BROWN","BRWN"
"cfb","BROWN BEARS","BRWN"
"cfb","BRWN","BRWN"
"cfb","BRY","BRY"
"cfb","BRYANT","BRY"
"cfb","BRYANT BULLDOGS","BRY"
"cfb","BSKY","Big Sky"
"cfb","BSOVC","OVC"
"cfb","BTLR","BTLR"
"cfb","BUCK","BUCK"
"cfb","BUCKNELL","BUCK"
"cfb","BUCKNELL BISON","BUCK"
"cfb","BUF","BUF"
"cfb","BUFF","BUF"
"cfb","BUFFALO","BUF"
"cfb","BUFFALO BULLS","BUF"
"cfb","BUTLER","BTLR"
"cfb","BUTLER BULLDOGS","BTLR"
"cfb","BYU","BYU"
"cfb","BYU COUGARS","BYU"
"cfb","C ARKANSAS","CARK"
"cfb","C CONNECTICUT","CCSU"
"cfb","C MICHIGAN","CMU"
"cfb","C-USA","CUSA"
"cfb","CAA","CAA"
"cfb","CAL","CAL"
"cfb","CAL POLY","CP"
"cfb","CAL POLY MUSTANGS","CP"
"cfb","CALIFORNIA","CAL"
"cfb","CALIFORNIA GOLDEN BEARS","CAL"
"cfb","CAM","CAM"
"cfb","CAMPBELL","CAM"
"cfb","CAMPBELL FIGHTING CAMELS","CAM"
"cfb","CARK","CARK"
"cfb","CCSU","CCSU"
"cfb","CCU","CCU"
"cfb","CENTRAL ARK.","CARK"
"cfb","CENTRAL ARKANSAS","CARK"
"cfb","CENTRAL ARKANSAS BEARS","CARK"
"cfb","CENTRAL CONN. ST.","CCSU"
"cfb","CENTRAL CONNECTICUT","CCSU"
"cfb","CENTRAL CONNECTICUT BLUE DEVILS","CCSU"
"cfb","CENTRAL CONNECTICUT STATE","CCSU"
"cfb","CENTRAL MICH.","CMU"
"cfb","CENTRAL MICHIGAN","CMU"
"cfb","CENTRAL MICHIGAN CHIPPEWAS","CMU"
"cfb","CHARLESTON SO","CHSO"
"cfb","CHARLESTON SO.","CHSO"
"cfb","CHARLESTON SOUTHERN","CHSO"
"cfb","CHARLESTON SOUTHERN BUCCANEERS","CHSO"
"cfb","CHARLOTTE","CLT"
"cfb","CHARLOTTE 49ERS","CLT"
"cfb","CHATTANOOGA","UTC"
"cfb","CHATTANOOGA MOCS","UTC"
"cfb","CHICAGO ST","CHST"
"cfb","CHICAGO ST.","CHST"
"cfb","CHICAGO STATE","CHST"
"cfb","CHICAGO STATE COUGARS","CHST"
"cfb","CHSO","CHSO"
"cfb","CHST","CHST"
"cfb","CIN","CIN"
"cfb","CINCINNATI","CIN"
"cfb","CINCINNATI BEARCATS","CIN"
"cfb","CIT","CIT"
"cfb","CLEM","CLEM"
"cfb","CLEMSON","CLEM"
"cfb","CLEMSON TIGERS","CLEM"
"cfb","CLT","CLT"
"cfb","CMU","CMU"
"cfb","COASTAL","CCU"
"cfb","COASTAL ATHLETIC","CAA"
"cfb","COASTAL ATHLETIC ASSOCIATION","CAA"
"cfb","COASTAL ATHLETIC ASSOCIATION FOOTBALL CONFERENCE","CAA"
"cfb","COASTAL CAROLINA","CCU"
"cfb","COASTAL CAROLINA CHANTICLEERS","CCU"
"cfb","COLG","COLG"
"cfb","COLGATE","COLG"
"cfb","COLGATE RAIDERS","COLG"
"cfb","COLO","COLO"
"cfb","COLONIAL","Patriot"
"cfb","COLONIAL ATHLETIC ASSOCIATION","CAA"
"cfb","COLONIAL LEAGUE","Patriot"
"cfb","COLORADO","COLO"
"cfb","COLORADO BUFFALOES","COLO"
"cfb","COLORADO ST","CSU"
"cfb","COLORADO ST.","CSU"
"cfb","COLORADO STATE","CSU"
"cfb","COLORADO STATE RAMS","CSU"
"cfb","COLU","COLU"
"cfb","COLUMBIA","COLU"
"cfb","COLUMBIA LIONS","COLU"
"cfb","CONFERENCE USA","CUSA"
"cfb","CONN","CONN"
"cfb","CONNECTICUT","CONN"
"cfb","COR","COR"
"cfb","CORNELL","COR"
"cfb","CORNELL BIG RED","COR"
"cfb","CP","CP"
"cfb","CSU","CSU"
"cfb","CUSA","CUSA"
"cfb","DART","DART"
"cfb","DARTMOUTH","DART"
"cfb","DARTMOUTH BIG GREEN","DART"
"cfb","DAV","DAV"
"cfb","DAVIDSON","DAV"
"cfb","DAVIDSON WILDCATS","DAV"
"cfb","DAY","DAY"
"cfb","DAYTON","DAY"
"cfb","DAYTON FLYERS","DAY"
"cfb","DEL","DEL"
"cfb","DELAWARE","DEL"
"cfb","DELAWARE BLUE HENS","DEL"
"cfb","DELAWARE ST","DSU"
"cfb","DELAWARE ST.","DSU"
"cfb","DELAWARE STATE","DSU"
"cfb","DELAWARE STATE HORNETS","DSU"
"cfb","DIVISION I-A INDEPENDENTS","FBS Indep."
"cfb","DIVISION I-AA INDEPENDENTS","FCS Indep."
"cfb","DIXIE ST.","UTU"
"cfb","DRAKE","DRKE"
"cfb","DRAKE BULLDOGS","DRKE"
"cfb","DRKE","DRKE"
"cfb","DSU","DSU"
"cfb","DUKE","DUKE"
"cfb","DUKE BLUE DEVILS","DUKE"
"cfb","DUQ","DUQ"
"cfb","DUQUESNE","DUQ"
"cfb","DUQUESNE DUKES","DUQ"
"cfb","E ILLINOIS","EIU"
"cfb","E KENTUCKY","EKU"
"cfb","E MICHIGAN","EMU"
"cfb","E WASHINGTON","EWU"
"cfb","EAST CAROLINA","ECU"
"cfb","EAST CAROLINA PIRATES","ECU"
"cfb","EAST TENNESSEE ST.","ETSU"
"cfb","EAST TENNESSEE STATE","ETSU"
"cfb","EAST TENNESSEE STATE BUCCANEERS","ETSU"
"cfb","EAST TEXAS A&M","ETAM"
"cfb","EAST TEXAS A&M LIONS","ETAM"
"cfb","EASTERN ILL.","EIU"
"cfb","EASTERN ILLINOIS","EIU"
"cfb","EASTERN ILLINOIS PANTHERS","EIU"
"cfb","EASTERN KENTUCKY","EKU"
"cfb","EASTERN KENTUCKY COLONELS","EKU"
"cfb","EASTERN KY.","EKU"
"cfb","EASTERN MICH.","EMU"
"cfb","EASTERN MICHIGAN","EMU"
"cfb","EASTERN MICHIGAN EAGLES","EMU"
"cfb","EASTERN WASH.","EWU"
"cfb","EASTERN WASHINGTON","EWU"
"cfb","EASTERN WASHINGTON EAGLES","EWU"
"cfb","ECU","ECU"
"cfb","EIU","EIU"
"cfb","EKU","EKU"
"cfb","ELON","ELON"
"cfb","ELON PHOENIX","ELON"
"cfb","EMU","EMU"
"cfb","ETAM","ETAM"
"cfb","ETSU","ETSU"
"cfb","EWU","EWU"
"cfb","FAMU","FAMU"
"cfb","FAU","FAU"
"cfb","FBS INDEP.","FBS Indep."
"cfb","FBS INDEPENDENTS","FBS Indep."
"cfb","FCS INDEP.","FCS Indep."
"cfb","FCS INDEPENDENTS","FCS Indep."
"cfb","FIU","FIU"
"cfb","FLA","FLA"
"cfb","FLA. ATLANTIC","FAU"
"cfb","FLORIDA","FLA"
"cfb","FLORIDA A&M","FAMU"
"cfb","FLORIDA A&M RATTLERS","FAMU"
"cfb","FLORIDA ATLANTIC","FAU"
"cfb","FLORIDA ATLANTIC OWLS","FAU"
"cfb","FLORIDA GATORS","FLA"
"cfb","FLORIDA INTERNATIONAL","FIU"
"cfb","FLORIDA INTERNATIONAL PANTHERS","FIU"
"cfb","FLORIDA ST","FSU"
"cfb","FLORIDA ST.","FSU"
"cfb","FLORIDA STATE","FSU"
"cfb","FLORIDA STATE SEMINOLES","FSU"
"cfb","FOR","FOR"
"cfb","FORDHAM","FOR"
"cfb","FORDHAM RAMS","FOR"
"cfb","FRES","FRES"
"cfb","FRESNO ST","FRES"
"cfb","FRESNO ST.","FRES"
"cfb","FRESNO STATE","FRES"
"cfb","FRESNO STATE BULLDOGS","FRES"
"cfb","FSU","FSU"
"cfb","FUR","FUR"
"cfb","FURMAN","FUR"
"cfb","FURMAN PALADINS","FUR"
"cfb","GA SOUTHERN","GASO"
"cfb","GA. SOUTHERN","GASO"
"cfb","GARDNER WEBB","GWEB"
"cfb","GARDNER-WEBB","GWEB"
"cfb","GARDNER-WEBB RUNNIN' BULLDOGS","GWEB"
"cfb","GASO","GASO"
"cfb","GAST","GAST"
"cfb","GATEWAY","MVFC"
"cfb","GATEWAY COLLEGIATE ATHLETIC","MVFC"
"cfb","GATEWAY COLLEGIATE ATHLETIC CONFERENCE","MVFC"
"cfb","GATEWAY FOOTBALL","MVFC"
"cfb","GATEWAY FOOTBALL CONFERENCE","MVFC"
"cfb","GCAC","MVFC"
"cfb","GEORGETOWN","GTWN"
"cfb","GEORGETOWN HOYAS","GTWN"
"cfb","GEORGIA","UGA"
"cfb","GEORGIA BULLDOGS","UGA"
"cfb","GEORGIA SOUTHERN","GASO"
"cfb","GEORGIA SOUTHERN EAGLES","GASO"
"cfb","GEORGIA ST","GAST"
"cfb","GEORGIA ST.","GAST"
"cfb","GEORGIA STATE","GAST"
"cfb","GEORGIA STATE PANTHERS","GAST"
"cfb","GEORGIA TECH","GT"
"cfb","GEORGIA TECH YELLOW JACKETS","GT"
"cfb","GFC","MVFC"
"cfb","GRAM","GRAM"
"cfb","GRAMBLING","GRAM"
"cfb","GRAMBLING ST.","GRAM"
"cfb","GRAMBLING TIGERS","GRAM"
"cfb","GT","GT"
"cfb","GTWN","GTWN"
"cfb","GWEB","GWEB"
"cfb","HAMP","HAMP"
"cfb","HAMPTON","HAMP"
"cfb","HAMPTON PIRATES","HAMP"
"cfb","HARV","HARV"
"cfb","HARVARD","HARV"
"cfb","HARVARD CRIMSON","HARV"
"cfb","HAW","HAW"
"cfb","HAWAI'I","HAW"
"cfb","HAWAI'I RAINBOW WARRIORS","HAW"
"cfb","HAWAII","HAW"
"cfb","HC","HC"
"cfb","HCU","HCU"
"cfb","HOLY CROSS","HC"
"cfb","HOLY CROSS CRUSADERS","HC"
"cfb","HOU","HOU"
"cfb","HOU CHRISTIAN","HCU"
"cfb","HOUSTON","HOU"
"cfb","HOUSTON BAPTIST","HCU"
"cfb","HOUSTON CHRISTIAN","HCU"
"cfb","HOUSTON CHRISTIAN HUSKIES","HCU"
"cfb","HOUSTON COUGARS","HOU"
"cfb","HOW","HOW"
"cfb","HOWARD","HOW"
"cfb","HOWARD BISON","HOW"
"cfb","I-A INDEPENDENTS","FBS Indep."
"cfb","I-AA INDEPENDENTS","FCS Indep."
"cfb","IDAHO","IDHO"
"cfb","IDAHO ST","IDST"
"cfb","IDAHO ST.","IDST"
"cfb","IDAHO STATE","IDST"
"cfb","IDAHO STATE BENGALS","IDST"
"cfb","IDAHO VANDALS","IDHO"
"cfb","IDHO","IDHO"
"cfb","IDST","IDST"
"cfb","ILL","ILL"
"cfb","ILLINOIS","ILL"
"cfb","ILLINOIS FIGHTING ILLINI","ILL"
"cfb","ILLINOIS ST","ILST"
"cfb","ILLINOIS ST.","ILST"
"cfb","ILLINOIS STATE","ILST"
"cfb","ILLINOIS STATE REDBIRDS","ILST"
"cfb","ILST","ILST"
"cfb","INCARNATE WORD","UIW"
"cfb","INCARNATE WORD CARDINALS","UIW"
"cfb","INDAA","FCS Indep."
"cfb","INDEPENDENTS","FBS Indep."
"cfb","INDIANA","IU"
"cfb","INDIANA HOOSIERS","IU"
"cfb","INDIANA ST","INST"
"cfb","INDIANA ST.","INST"
"cfb","INDIANA STATE","INST"
"cfb","INDIANA STATE SYCAMORES","INST"
"cfb","INST","INST"
"cfb","IOWA","IOWA"
"cfb","IOWA HAWKEYES","IOWA"
"cfb","IOWA ST.","ISU"
"cfb","IOWA STATE","ISU"
"cfb","IOWA STATE CYCLONES","ISU"
"cfb","ISU","ISU"
"cfb","IU","IU"
"cfb","IVY","Ivy"
"cfb","IVY LEAGUE","Ivy"
"cfb","JACKSON ST","JKST"
"cfb","JACKSON ST.","JKST"
"cfb","JACKSON STATE","JKST"
"cfb","JACKSON STATE TIGERS","JKST"
"cfb","JACKSONVILLE ST.","JXST"
"cfb","JACKSONVILLE STATE","JXST"
"cfb","JACKSONVILLE STATE GAMECOCKS","JXST"
"cfb","JAMES MADISON","JMU"
"cfb","JAMES MADISON DUKES","JMU"
"cfb","JAX STATE","JXST"
"cfb","JKST","JKST"
"cfb","JMU","JMU"
"cfb","JXST","JXST"
"cfb","KANSAS","KU"
"cfb","KANSAS JAYHAWKS","KU"
"cfb","KANSAS ST","KSU"
"cfb","KANSAS ST.","KSU"
"cfb","KANSAS STATE","KSU"
"cfb","KANSAS STATE WILDCATS","KSU"
"cfb","KENN","KENN"
"cfb","KENNESAW ST","KENN"
"cfb","KENNESAW ST.","KENN"
"cfb","KENNESAW STATE","KENN"
"cfb","KENNESAW STATE OWLS","KENN"
"cfb","KENT","KENT"
"cfb","KENT ST.","KENT"
"cfb","KENT STATE","KENT"
"cfb","KENT STATE GOLDEN FLASHES","KENT"
"cfb","KENTUCKY","UK"
"cfb","KENTUCKY WILDCATS","UK"
"cfb","KSU","KSU"
"cfb","KU","KU"
"cfb","LAF","LAF"
"cfb","LAFAYETTE","LAF"
"cfb","LAFAYETTE LEOPARDS","LAF"
"cfb","LAM","LAM"
"cfb","LAMAR","LAM"
"cfb","LAMAR CARDINALS","LAM"
"cfb","LAMAR UNIVERSITY","LAM"
"cfb","LAND","Southland"
"cfb","LEH","LEH"
"cfb","LEHIGH","LEH"
"cfb","LEHIGH MOUNTAIN HAWKS","LEH"
"cfb","LIB","LIB"
"cfb","LIBERTY","LIB"
"cfb","LIBERTY FLAMES","LIB"
"cfb","LIN","LIN"
"cfb","LINDENWOOD","LIN"
"cfb","LINDENWOOD LIONS","LIN"
"cfb","LIU","LIU"
"cfb","LONG ISLAND","LIU"
"cfb","LONG ISLAND UNIVERSITY","LIU"
"cfb","LONG ISLAND UNIVERSITY SHARKS","LIU"
"cfb","LOU","LOU"
"cfb","LOUISIANA","UL"
"cfb","LOUISIANA MONROE","ULM"
"cfb","LOUISIANA RAGIN' CAJUNS","UL"
"cfb","LOUISIANA STATE","LSU"
"cfb","LOUISIANA TECH","LT"
"cfb","LOUISIANA TECH BULLDOGS","LT"
"cfb","LOUISIANA-MONROE","ULM"
"cfb","LOUISVILLE","LOU"
"cfb","LOUISVILLE CARDINALS","LOU"
"cfb","LSU","LSU"
"cfb","LSU TIGERS","LSU"
"cfb","LT","LT"
"cfb","M-OH","M-OH"
"cfb","MAC","MAC"
"cfb","MAINE","ME"
"cfb","MAINE BLACK BEARS","ME"
"cfb","MARIST","MRST"
"cfb","MARIST RED FOXES","MRST"
"cfb","MARSHALL","MRSH"
"cfb","MARSHALL THUNDERING HERD","MRSH"
"cfb","MARYLAND","MD"
"cfb","MARYLAND TERRAPINS","MD"
"cfb","MASS","MASS"
"cfb","MASSACHUSETTS","MASS"
"cfb","MASSACHUSETTS MINUTEMEN","MASS"
"cfb","MCN","MCN"
"cfb","MCNEESE","MCN"
"cfb","MCNEESE COWBOYS","MCN"
"cfb","MCNEESE ST.","MCN"
"cfb","MD","MD"
"cfb","ME","ME"
"cfb","MEAC","MEAC"
"cfb","MEM","MEM"
"cfb","MEMPHIS","MEM"
"cfb","MEMPHIS TIGERS","MEM"
"cfb","MER","MER"
"cfb","MERC","MERC"
"cfb","MERCER","MER"
"cfb","MERCER BEARS","MER"
"cfb","MERCYHURST","MERC"
"cfb","MERCYHURST LAKERS","MERC"
"cfb","MERRIMACK","MRMK"
"cfb","MERRIMACK WARRIORS","MRMK"
"cfb","MIA","MIA"
"cfb","MIAMI","MIA"
"cfb","MIAMI (FL)","MIA"
"cfb","MIAMI (OH)","M-OH"
"cfb","MIAMI (OH) REDHAWKS","M-OH"
"cfb","MIAMI FL","MIA"
"cfb","MIAMI HURRICANES","MIA"
"cfb","MIAMI OH","M-OH"
"cfb","MICH","MICH"
"cfb","MICHIGAN","MICH"
"cfb","MICHIGAN ST","MSU"
"cfb","MICHIGAN ST.","MSU"
"cfb","MICHIGAN STATE","MSU"
"cfb","MICHIGAN STATE SPARTANS","MSU"
"cfb","MICHIGAN WOLVERINES","MICH"
"cfb","MID-AMERICAN","MAC"
"cfb","MID-AMERICAN CONFERENCE","MAC"
"cfb","MID-EASTERN ATHLETIC CONFERENCE","MEAC"
"cfb","MIDAM","MAC"
"cfb","MIDDLE TENN.","MTSU"
"cfb","MIDDLE TENNESSEE","MTSU"
"cfb","MIDDLE TENNESSEE BLUE RAIDERS","MTSU"
"cfb","MINN","MINN"
"cfb","MINNESOTA","MINN"
"cfb","MINNESOTA GOLDEN GOPHERS","MINN"
"cfb","MISS","MISS"
"cfb","MISS VALLEY ST","MVSU"
"cfb","MISSISSIPPI","MISS"
"cfb","MISSISSIPPI ST","MSST"
"cfb","MISSISSIPPI ST.","MSST"
"cfb","MISSISSIPPI STATE","MSST"
"cfb","MISSISSIPPI STATE BULLDOGS","MSST"
"cfb","MISSISSIPPI VAL.","MVSU"
"cfb","MISSISSIPPI VALLEY ST.","MVSU"
"cfb","MISSISSIPPI VALLEY STATE","MVSU"
"cfb","MISSISSIPPI VALLEY STATE DELTA DEVILS","MVSU"
"cfb","MISSOURI","MIZ"
"cfb","MISSOURI ST","MOST"
"cfb","MISSOURI ST.","MOST"
"cfb","MISSOURI STATE","MOST"
"cfb","MISSOURI STATE BEARS","MOST"
"cfb","MISSOURI TIGERS","MIZ"
"cfb","MISSOURI VALLEY","MVFC"
"cfb","MISSOURI VALLEY FOOTBALL CONFERENCE","MVFC"
"cfb","MIZ","MIZ"
"cfb","MONM","MONM"
"cfb","MONMOUTH","MONM"
"cfb","MONMOUTH HAWKS","MONM"
"cfb","MONT","MONT"
"cfb","MONTANA","MONT"
"cfb","MONTANA GRIZZLIES","MONT"
"cfb","MONTANA ST","MTST"
"cfb","MONTANA ST.","MTST"
"cfb","MONTANA STATE","MTST"
"cfb","MONTANA STATE BOBCATS","MTST"
"cfb","MORE","MORE"
"cfb","MOREHEAD ST","MORE"
"cfb","MOREHEAD ST.","MORE"
"cfb","MOREHEAD STATE","MORE"
"cfb","MOREHEAD STATE EAGLES","MORE"
"cfb","MORG","MORG"
"cfb","MORGAN ST","MORG"
"cfb","MORGAN ST.","MORG"
"cfb","MORGAN STATE","MORG"
"cfb","MORGAN STATE BEARS","MORG"
"cfb","MOST","MOST"
"cfb","MOUNTAIN WEST","Mountain West"
"cfb","MOUNTAIN WEST CONFERENCE","Mountain West"
"cfb","MRMK","MRMK"
"cfb","MRSH","MRSH"
"cfb","MRST","MRST"
"cfb","MSST","MSST"
"cfb","MSU","MSU"
"cfb","MTST","MTST"
"cfb","MTSU","MTSU"
"cfb","MUR","MUR"
"cfb","MURRAY ST","MUR"
"cfb","MURRAY ST.","MUR"
"cfb","MURRAY STATE","MUR"
"cfb","MURRAY STATE RACERS","MUR"
"cfb","MVFC","MVFC"
"cfb","MVSU","MVSU"
"cfb","MWC","Mountain West"
"cfb","MWEST","Mountain West"
"cfb","N ARIZONA","NAU"
"cfb","N COLORADO","UNCO"
"cfb","N DAKOTA ST","NDSU"
"cfb","N ILLINOIS","NIU"
"cfb","N'WESTERN ST","NWST"
"cfb","N.C. A&T","NCAT"
"cfb","N.C. CENTRAL","NCCU"
"cfb","N.C. STATE","NCSU"
"cfb","NAU","NAU"
"cfb","NAVY","NAVY"
"cfb","NAVY MIDSHIPMEN","NAVY"
"cfb","NC A&T","NCAT"
"cfb","NC CENTRAL","NCCU"
"cfb","NC STATE","NCSU"
"cfb","NC STATE WOLFPACK","NCSU"
"cfb","NCAT","NCAT"
"cfb","NCCU","NCCU"
"cfb","NCSU","NCSU"
"cfb","ND","ND"
"cfb","NDSU","NDSU"
"cfb","NEAST","NEC"
"cfb","NEB","NEB"
"cfb","NEBRASKA","NEB"
"cfb","NEBRASKA CORNHUSKERS","NEB"
"cfb","NEC","NEC"
"cfb","NEV","NEV"
"cfb","NEVADA","NEV"
"cfb","NEVADA WOLF PACK","NEV"
"cfb","NEVADA-LAS VEGAS","UNLV"
"cfb","NEW HAMPSHIRE","UNH"
"cfb","NEW HAMPSHIRE WILDCATS","UNH"
"cfb","NEW HAVEN","NHVN"
"cfb","NEW HAVEN CHARGERS","NHVN"
"cfb","NEW MEXICO","UNM"
"cfb","NEW MEXICO LOBOS","UNM"
"cfb","NEW MEXICO ST","NMSU"
"cfb","NEW MEXICO ST.","NMSU"
"cfb","NEW MEXICO STATE","NMSU"
"cfb","NEW MEXICO STATE AGGIES","NMSU"
"cfb","NHVN","NHVN"
"cfb","NICH","NICH"
"cfb","NICHOLLS","NICH"
"cfb","NICHOLLS COLONELS","NICH"
"cfb","NICHOLLS ST.","NICH"
"cfb","NICHOLLS STATE","NICH"
"cfb","NIU","NIU"
"cfb","NMSU","NMSU"
"cfb","NORF","NORF"
"cfb","NORFOLK ST","NORF"
"cfb","NORFOLK ST.","NORF"
"cfb","NORFOLK STATE","NORF"
"cfb","NORFOLK STATE SPARTANS","NORF"
"cfb","NORTH ALA.","UNA"
"cfb","NORTH ALABAMA","UNA"
"cfb","NORTH ALABAMA LIONS","UNA"
"cfb","NORTH CAROLINA","UNC"
"cfb","NORTH CAROLINA A&T","NCAT"
"cfb","NORTH CAROLINA A&T AGGIES","NCAT"
"cfb","NORTH CAROLINA CENTRAL","NCCU"
"cfb","NORTH CAROLINA CENTRAL EAGLES","NCCU"
"cfb","NORTH CAROLINA TAR HEELS","UNC"
"cfb","NORTH DAKOTA","UND"
"cfb","NORTH DAKOTA FIGHTING HAWKS","UND"
"cfb","NORTH DAKOTA ST.","NDSU"
"cfb","NORTH DAKOTA STATE","NDSU"
"cfb","NORTH DAKOTA STATE BISON","NDSU"
"cfb","NORTH TEXAS","UNT"
"cfb","NORTH TEXAS MEAN GREEN","UNT"
"cfb","NORTHEAST","NEC"
"cfb","NORTHEAST CONFERENCE","NEC"
"cfb","NORTHERN ARIZ.","NAU"
"cfb","NORTHERN ARIZONA","NAU"
"cfb","NORTHERN ARIZONA LUMBERJACKS","NAU"
"cfb","NORTHERN COLO.","UNCO"
"cfb","NORTHERN COLORADO","UNCO"
"cfb","NORTHERN COLORADO BEARS","UNCO"
"cfb","NORTHERN ILL.","NIU"
"cfb","NORTHERN ILLINOIS","NIU"
"cfb","NORTHERN ILLINOIS HUSKIES","NIU"
"cfb","NORTHERN IOWA","UNI"
"cfb","NORTHERN IOWA PANTHERS","UNI"
"cfb","NORTHWESTERN","NU"
"cfb","NORTHWESTERN ST.","NWST"
"cfb","NORTHWESTERN STATE","NWST"
"cfb","NORTHWESTERN STATE DEMONS","NWST"
"cfb","NORTHWESTERN WILDCATS","NU"
"cfb","NOTRE DAME","ND"
"cfb","NOTRE DAME FIGHTING IRISH","ND"
"cfb","NU","NU"
"cfb","NWST","NWST"
"cfb","ODU","ODU"
"cfb","OHIO","OHIO"
"cfb","OHIO BOBCATS","OHIO"
"cfb","OHIO ST.","OSU"
"cfb","OHIO STATE","OSU"
"cfb","OHIO STATE BUCKEYES","OSU"
"cfb","OHIO VALLEY CONFERENCE","OVC"
"cfb","OKLAHOMA","OU"
"cfb","OKLAHOMA SOONERS","OU"
"cfb","OKLAHOMA ST","OKST"
"cfb","OKLAHOMA ST.","OKST"
"cfb","OKLAHOMA STATE","OKST"
"cfb","OKLAHOMA STATE COWBOYS","OKST"
"cfb","OKST","OKST"
"cfb","OLD DOMINION","ODU"
"cfb","OLD DOMINION MONARCHS","ODU"
"cfb","OLE MISS","MISS"
"cfb","OLE MISS REBELS","MISS"
"cfb","ORE","ORE"
"cfb","OREGON","ORE"
"cfb","OREGON DUCKS","ORE"
"cfb","OREGON ST","ORST"
"cfb","OREGON ST.","ORST"
"cfb","OREGON STATE","ORST"
"cfb","OREGON STATE BEAVERS","ORST"
"cfb","ORST","ORST"
"cfb","OSU","OSU"
"cfb","OU","OU"
"cfb","OVC","OVC"
"cfb","OVC-BIG SOUTH","OVC"
"cfb","OVC-BIG SOUTH FOOTBALL ASSOCIATION","OVC"
"cfb","OVCBS","OVC"
"cfb","PAC","Pac-12"
"cfb","PAC-10","Pac-12"
"cfb","PAC-12","Pac-12"
"cfb","PAC-12 CONFERENCE","Pac-12"
"cfb","PAC-8","Pac-12"
"cfb","PAC12","Pac-12"
"cfb","PACIFIC 10","Pac-12"
"cfb","PACIFIC 8 CONFERENCE","Pac-12"
"cfb","PACIFIC-10 CONFERENCE","Pac-12"
"cfb","PACIFIC-8 CONFERENCE","Pac-12"
"cfb","PAT","Patriot"
"cfb","PATRIOT","Patriot"
"cfb","PATRIOT LEAGUE","Patriot"
"cfb","PENN","PENN"
"cfb","PENN ST.","PSU"
"cfb","PENN STATE","PSU"
"cfb","PENN STATE NITTANY LIONS","PSU"
"cfb","PENNSYLVANIA","PENN"
"cfb","PENNSYLVANIA QUAKERS","PENN"
"cfb","PFL","Pioneer"
"cfb","PIONEER","Pioneer"
"cfb","PIONEER FOOTBALL LEAGUE","Pioneer"
"cfb","PITT","PITT"
"cfb","PITTSBURGH","PITT"
"cfb","PITTSBURGH PANTHERS","PITT"
"cfb","PL","Patriot"
"cfb","PORTLAND ST","PRST"
"cfb","PORTLAND ST.","PRST"
"cfb","PORTLAND STATE","PRST"
"cfb","PORTLAND STATE VIKINGS","PRST"
"cfb","PRAIRIE VIEW","PV"
"cfb","PRAIRIE VIEW A&M","PV"
"cfb","PRAIRIE VIEW A&M PANTHERS","PV"
"cfb","PRES","PRES"
"cfb","PRESBYTERIAN","PRES"
"cfb","PRESBYTERIAN BLUE HOSE","PRES"
"cfb","PRIN","PRIN"
"cfb","PRINCETON","PRIN"
"cfb","PRINCETON TIGERS","PRIN"
"cfb","PRST","PRST"
"cfb","PSU","PSU"
"cfb","PUR","PUR"
"cfb","PURDUE","PUR"
"cfb","PURDUE BOILERMAKERS","PUR"
"cfb","PV","PV"
"cfb","RGV","RGV"
"cfb","RHODE ISLAND","URI"
"cfb","RHODE ISLAND RAMS","URI"
"cfb","RICE","RICE"
"cfb","RICE OWLS","RICE"
"cfb","RICH","RICH"
"cfb","RICHMOND","RICH"
"cfb","RICHMOND SPIDERS","RICH"
"cfb","RMU","RMU"
"cfb","ROBERT MORRIS","RMU"
"cfb","ROBERT MORRIS COLONIALS","RMU"
"cfb","RUTG","RUTG"
"cfb","RUTGERS","RUTG"
"cfb","RUTGERS SCARLET KNIGHTS","RUTG"
"cfb","S DAKOTA ST","SDST"
"cfb","S ILLINOIS","SIU"
"cfb","SAC","SAC"
"cfb","SACRAMENTO ST","SAC"
"cfb","SACRAMENTO ST.","SAC"
"cfb","SACRAMENTO STATE","SAC"
"cfb","SACRAMENTO STATE HORNETS","SAC"
"cfb","SACRED HEART","SHU"
"cfb","SACRED HEART PIONEERS","SHU"
"cfb","SAINT FRANCIS","SFPA"
"cfb","SAINT FRANCIS (PA)","SFPA"
"cfb","SAINT FRANCIS RED FLASH","SFPA"
"cfb","SAM","SAM"
"cfb","SAM HOUSTON","SHSU"
"cfb","SAM HOUSTON BEARKATS","SHSU"
"cfb","SAM HOUSTON ST.","SHSU"
"cfb","SAMFORD","SAM"
"cfb","SAMFORD BULLDOGS","SAM"
"cfb","SAN DIEGO","USD"
"cfb","SAN DIEGO ST","SDSU"
"cfb","SAN DIEGO ST.","SDSU"
"cfb","SAN DIEGO STATE","SDSU"
"cfb","SAN DIEGO STATE AZTECS","SDSU"
"cfb","SAN DIEGO TOREROS","USD"
"cfb","SAN JOSE ST.","SJSU"
"cfb","SAN JOSÉ ST","SJSU"
"cfb","SAN JOSÉ STATE","SJSU"
"cfb","SAN JOSÉ STATE SPARTANS","SJSU"
"cfb","SB","Sun Belt"
"cfb","SBC","Sun Belt"
"cfb","SC","SC"
"cfb","SC STATE","SCST"
"cfb","SCST","SCST"
"cfb","SDAK","SDAK"
"cfb","SDST","SDST"
"cfb","SDSU","SDSU"
"cfb","SE LOUISIANA","SELA"
"cfb","SE LOUISIANA LIONS","SELA"
"cfb","SE MISSOURI","SEMO"
"cfb","SEC","SEC"
"cfb","SELA","SELA"
"cfb","SEMO","SEMO"
"cfb","SF AUSTIN","SFA"
"cfb","SFA","SFA"
"cfb","SFPA","SFPA"
"cfb","SHSU","SHSU"
"cfb","SHU","SHU"
"cfb","SIU","SIU"
"cfb","SJSU","SJSU"
"cfb","SLC","Southland"
"cfb","SLND","Southland"
"cfb","SMU","SMU"
"cfb","SMU MUSTANGS","SMU"
"cfb","SOCON","SoCon"
"cfb","SOU","SOU"
"cfb","SOUTH ALABAMA","USA"
"cfb","SOUTH ALABAMA JAGUARS","USA"
"cfb","SOUTH CAROLINA","SC"
"cfb","SOUTH CAROLINA GAMECOCKS","SC"
"cfb","SOUTH CAROLINA ST.","SCST"
"cfb","SOUTH CAROLINA STATE","SCST"
"cfb","SOUTH CAROLINA STATE BULLDOGS","SCST"
"cfb","SOUTH DAKOTA","SDAK"
"cfb","SOUTH DAKOTA COYOTES","SDAK"
"cfb","SOUTH DAKOTA ST.","SDST"
"cfb","SOUTH DAKOTA STATE","SDST"
"cfb","SOUTH DAKOTA STATE JACKRABBITS","SDST"
"cfb","SOUTH FLA.","USF"
"cfb","SOUTH FLORIDA","USF"
"cfb","SOUTH FLORIDA BULLS","USF"
"cfb","SOUTHEAST MISSOURI","SEMO"
"cfb","SOUTHEAST MISSOURI ST.","SEMO"
"cfb","SOUTHEAST MISSOURI STATE","SEMO"
"cfb","SOUTHEAST MISSOURI STATE REDHAWKS","SEMO"
"cfb","SOUTHEAST MO. ST.","SEMO"
"cfb","SOUTHEASTERN CONFERENCE","SEC"
"cfb","SOUTHEASTERN LA.","SELA"
"cfb","SOUTHEASTERN LOUISIANA","SELA"
"cfb","SOUTHERN","SOU"
"cfb","SOUTHERN CALIFORNIA","USC"
"cfb","SOUTHERN CONFERENCE","SoCon"
"cfb","SOUTHERN ILL.","SIU"
"cfb","SOUTHERN ILLINOIS","SIU"
"cfb","SOUTHERN ILLINOIS SALUKIS","SIU"
"cfb","SOUTHERN JAGUARS","SOU"
"cfb","SOUTHERN METHODIST","SMU"
"cfb","SOUTHERN MISS","USM"
"cfb","SOUTHERN MISS GOLDEN EAGLES","USM"
"cfb","SOUTHERN MISS.","USM"
"cfb","SOUTHERN MISSISSIPPI","USM"
"cfb","SOUTHERN U.","SOU"
"cfb","SOUTHERN UTAH","SUU"
"cfb","SOUTHERN UTAH THUNDERBIRDS","SUU"
"cfb","SOUTHLAND","Southland"
"cfb","SOUTHLAND CONFERENCE","Southland"
"cfb","SOUTHWEST ATHLETIC CONFERENCE","SWAC"
"cfb","SOUTHWESTERN ATHLETIC CONFERENCE","SWAC"
"cfb","ST THOMAS","STMN"
"cfb","ST. THOMAS","STMN"
"cfb","ST. THOMAS (MN)","STMN"
"cfb","ST. THOMAS TOMMIES","STMN"
"cfb","STAN","STAN"
"cfb","STANFORD","STAN"
"cfb","STANFORD CARDINAL","STAN"
"cfb","STBK","STBK"
"cfb","STEPHEN F. AUSTIN","SFA"
"cfb","STEPHEN F. AUSTIN LUMBERJACKS","SFA"
"cfb","STET","STET"
"cfb","STETSON","STET"
"cfb","STETSON HATTERS","STET"
"cfb","STMN","STMN"
"cfb","STO","STO"
"cfb","STONEHILL","STO"
"cfb","STONEHILL SKYHAWKS","STO"
"cfb","STONY BROOK","STBK"
"cfb","STONY BROOK SEAWOLVES","STBK"
"cfb","SUN BELT","Sun Belt"
"cfb","SUN BELT CONFERENCE","Sun Belt"
"cfb","SUU","SUU"
"cfb","SWAC","SWAC"
"cfb","SYR","SYR"
"cfb","SYRACUSE","SYR"
"cfb","SYRACUSE ORANGE","SYR"
"cfb","TA&M","TA&M"
"cfb","TAR","TAR"
"cfb","TARLETON ST","TAR"
"cfb","TARLETON ST.","TAR"
"cfb","TARLETON STATE","TAR"
"cfb","TARLETON STATE TEXANS","TAR"
"cfb","TCU","TCU"
"cfb","TCU HORNED FROGS","TCU"
"cfb","TEM","TEM"
"cfb","TEMPLE","TEM"
"cfb","TEMPLE OWLS","TEM"
"cfb","TENN","TENN"
"cfb","TENNESSEE","TENN"
"cfb","TENNESSEE MARTIN","UTM"
"cfb","TENNESSEE ST","TNST"
"cfb","TENNESSEE ST.","TNST"
"cfb","TENNESSEE STATE","TNST"
"cfb","TENNESSEE STATE TIGERS","TNST"
"cfb","TENNESSEE TECH","TNTC"
"cfb","TENNESSEE TECH GOLDEN EAGLES","TNTC"
"cfb","TENNESSEE VOLUNTEERS","TENN"
"cfb","TENNESSEE-MARTIN","UTM"
"cfb","TEX","TEX"
"cfb","TEX. A&M-COMMERCE","ETAM"
"cfb","TEXAS","TEX"
"cfb","TEXAS A&M","TA&M"
"cfb","TEXAS A&M AGGIES","TA&M"
"cfb","TEXAS CHRISTIAN","TCU"
"cfb","TEXAS LONGHORNS","TEX"
"cfb","TEXAS SOUTHERN","TXSO"
"cfb","TEXAS SOUTHERN TIGERS","TXSO"
"cfb","TEXAS ST","TXST"
"cfb","TEXAS ST.","TXST"
"cfb","TEXAS STATE","TXST"
"cfb","TEXAS STATE BOBCATS","TXST"
"cfb","TEXAS TECH","TTU"
"cfb","TEXAS TECH RED RAIDERS","TTU"
"cfb","TEXAS-RIO GRANDE VALLEY","RGV"
"cfb","THE CITADEL","CIT"
"cfb","THE CITADEL BULLDOGS","CIT"
"cfb","THE IVY LEAGUE","Ivy"
"cfb","TLSA","TLSA"
"cfb","TNST","TNST"
"cfb","TNTC","TNTC"
"cfb","TOL","TOL"
"cfb","TOLEDO","TOL"
"cfb","TOLEDO ROCKETS","TOL"
"cfb","TOW","TOW"
"cfb","TOWSON","TOW"
"cfb","TOWSON TIGERS","TOW"
"cfb","TROY","TROY"
"cfb","TROY TROJANS","TROY"
"cfb","TTU","TTU"
"cfb","TULANE","TULN"
"cfb","TULANE GREEN WAVE","TULN"
"cfb","TULN","TULN"
"cfb","TULSA","TLSA"
"cfb","TULSA GOLDEN HURRICANE","TLSA"
"cfb","TXSO","TXSO"
"cfb","TXST","TXST"
"cfb","UAB","UAB"
"cfb","UAB BLAZERS","UAB"
"cfb","UALB","UALB"
"cfb","UALBANY","UALB"
"cfb","UALBANY GREAT DANES","UALB"
"cfb","UAPB","UAPB"
"cfb","UC DAVIS","UCD"
"cfb","UC DAVIS AGGIES","UCD"
"cfb","UCD","UCD"
"cfb","UCF","UCF"
"cfb","UCF KNIGHTS","UCF"
"cfb","UCLA","UCLA"
"cfb","UCLA BRUINS","UCLA"
"cfb","UCONN","CONN"
"cfb","UCONN HUSKIES","CONN"
"cfb","UGA","UGA"
"cfb","UIW","UIW"
"cfb","UK","UK"
"cfb","UL","UL"
"cfb","UL MONROE","ULM"
"cfb","UL MONROE WARHAWKS","ULM"
"cfb","ULM","ULM"
"cfb","UMASS","MASS"
"cfb","UNA","UNA"
"cfb","UNC","UNC"
"cfb","UNCO","UNCO"
"cfb","UND","UND"
"cfb","UNH","UNH"
"cfb","UNI","UNI"
"cfb","UNLV","UNLV"
"cfb","UNLV REBELS","UNLV"
"cfb","UNM","UNM"
"cfb","UNT","UNT"
"cfb","URI","URI"
"cfb","USA","USA"
"cfb","USC","USC"
"cfb","USC TROJANS","USC"
"cfb","USD","USD"
"cfb","USF","USF"
"cfb","USM","USM"
"cfb","USU","USU"
"cfb","UT MARTIN","UTM"
"cfb","UT MARTIN SKYHAWKS","UTM"
"cfb","UT RIO GRANDE","RGV"
"cfb","UT RIO GRANDE VALLEY","RGV"
"cfb","UT RIO GRANDE VALLEY VAQUEROS","RGV"
"cfb","UTAH","UTAH"
"cfb","UTAH ST.","USU"
"cfb","UTAH STATE","USU"
"cfb","UTAH STATE AGGIES","USU"
"cfb","UTAH TECH","UTU"
"cfb","UTAH TECH TRAILBLAZERS","UTU"
"cfb","UTAH UTES","UTAH"
"cfb","UTC","UTC"
"cfb","UTEP","UTEP"
"cfb","UTEP MINERS","UTEP"
"cfb","UTM","UTM"
"cfb","UTRGV","RGV"
"cfb","UTSA","UTSA"
"cfb","UTSA ROADRUNNERS","UTSA"
"cfb","UTU","UTU"
"cfb","UVA","UVA"
"cfb","UWF","UWF"
"cfb","VAL","VAL"
"cfb","VALPARAISO","VAL"
"cfb","VALPARAISO BEACONS","VAL"
"cfb","VAN","VAN"
"cfb","VANDERBILT","VAN"
"cfb","VANDERBILT COMMODORES","VAN"
"cfb","VILL","VILL"
"cfb","VILLANOVA","VILL"
"cfb","VILLANOVA WILDCATS","VILL"
"cfb","VIRGINIA","UVA"
"cfb","VIRGINIA CAVALIERS","UVA"
"cfb","VIRGINIA TECH","VT"
"cfb","VIRGINIA TECH HOKIES","VT"
"cfb","VMI","VMI"
"cfb","VMI KEYDETS","VMI"
"cfb","VT","VT"
"cfb","W CAROLINA","WCU"
"cfb","W ILLINOIS","WIU"
"cfb","W MICHIGAN","WMU"
"cfb","W&M","W&M"
"cfb","WAC","WAC"
"cfb","WAG","WAG"
"cfb","WAGNER","WAG"
"cfb","WAGNER SEAHAWKS","WAG"
"cfb","WAKE","WAKE"
"cfb","WAKE FOREST","WAKE"
"cfb","WAKE FOREST DEMON DEACONS","WAKE"
"cfb","WASH","WASH"
"cfb","WASHINGTON","WASH"
"cfb","WASHINGTON HUSKIES","WASH"
"cfb","WASHINGTON ST","WSU"
"cfb","WASHINGTON ST.","WSU"
"cfb","WASHINGTON STATE","WSU"
"cfb","WASHINGTON STATE COUGARS","WSU"
"cfb","WCU","WCU"
"cfb","WEB","WEB"
"cfb","WEBER ST","WEB"
"cfb","WEBER ST.","WEB"
"cfb","WEBER STATE","WEB"
"cfb","WEBER STATE WILDCATS","WEB"
"cfb","WEST FLORIDA","UWF"
"cfb","WEST FLORIDA ARGONAUTS","UWF"
"cfb","WEST GA.","WGA"
"cfb","WEST GEORGIA","WGA"
"cfb","WEST GEORGIA WOLVES","WGA"
"cfb","WEST VIRGINIA","WVU"
"cfb","WEST VIRGINIA MOUNTAINEERS","WVU"
"cfb","WESTERN ATHLETIC","WAC"
"cfb","WESTERN ATHLETIC CONFERENCE","WAC"
"cfb","WESTERN CARO.","WCU"
"cfb","WESTERN CAROLINA","WCU"
"cfb","WESTERN CAROLINA CATAMOUNTS","WCU"
"cfb","WESTERN CONFERENCE","Big Ten"
"cfb","WESTERN ILL.","WIU"
"cfb","WESTERN ILLINOIS","WIU"
"cfb","WESTERN ILLINOIS LEATHERNECKS","WIU"
"cfb","WESTERN KENTUCKY","WKU"
"cfb","WESTERN KENTUCKY HILLTOPPERS","WKU"
"cfb","WESTERN KY","WKU"
"cfb","WESTERN KY.","WKU"
"cfb","WESTERN MICH.","WMU"
"cfb","WESTERN MICHIGAN","WMU"
"cfb","WESTERN MICHIGAN BRONCOS","WMU"
"cfb","WGA","WGA"
"cfb","WILLIAM & MARY","W&M"
"cfb","WILLIAM & MARY TRIBE","W&M"
"cfb","WIS","WIS"
"cfb","WISCONSIN","WIS"
"cfb","WISCONSIN BADGERS","WIS"
"cfb","WIU","WIU"
"cfb","WKU","WKU"
"cfb","WMU","WMU"
"cfb","WOF","WOF"
"cfb","WOFFORD","WOF"
"cfb","WOFFORD TERRIERS","WOF"
"cfb","WSU","WSU"
"cfb","WVU","WVU"
"cfb","WYO","WYO"
"cfb","WYOMING","WYO"
"cfb","WYOMING COWBOYS","WYO"
"cfb","YALE","YALE"
"cfb","YALE BULLDOGS","YALE"
"cfb","YOUNGSTOWN ST","YSU"
"cfb","YOUNGSTOWN ST.","YSU"
"cfb","YOUNGSTOWN STATE","YSU"
"cfb","YOUNGSTOWN STATE PENGUINS","YSU"
"cfb","YSU","YSU"
"mbb","A&M-CORPUS CHRISTI","AMCC"
"mbb","A-10","A-10"
"mbb","A-SUN","Atlantic Sun"
"mbb","A10","A-10"
"mbb","AAC","AAC"
"mbb","AAMU","AAMU"
"mbb","ABILENE CHRISTIAN","ACU"
"mbb","ABILENE CHRISTIAN WILDCATS","ACU"
"mbb","ABILENE CHRSTN","ACU"
"mbb","ACC","ACC"
"mbb","ACU","ACU"
"mbb","AE","Am. East"
"mbb","AEAST","Am. East"
"mbb","AEC","Am. East"
"mbb","AF","AF"
"mbb","AFA","AF"
"mbb","AIR FORCE","AF"
"mbb","AIR FORCE FALCONS","AF"
"mbb","AKR","AKR"
"mbb","AKRON","AKR"
"mbb","AKRON ZIPS","AKR"
"mbb","ALA","ALA"
"mbb","ALABAMA","ALA"
"mbb","ALABAMA A&M","AAMU"
"mbb","ALABAMA A&M BULLDOGS","AAMU"
"mbb","ALABAMA CRIMSON TIDE","ALA"
"mbb","ALABAMA ST","ALST"
"mbb","ALABAMA ST.","ALST"
"mbb","ALABAMA STATE","ALST"
"mbb","ALABAMA STATE HORNETS","ALST"
"mbb","ALBANY","UALB"
"mbb","ALBANY (NY)","UALB"
"mbb","ALCN","ALCN"
"mbb","ALCORN","ALCN"
"mbb","ALCORN ST","ALCN"
"mbb","ALCORN ST.","ALCN"
"mbb","ALCORN STATE","ALCN"
"mbb","ALCORN STATE BRAVES","ALCN"
"mbb","ALST","ALST"
"mbb","AM. EAST","Am. East"
"mbb","AMCC","AMCC"
"mbb","AMER","AMER"
"mbb","AMERICA EAST","Am. East"
"mbb","AMERICA EAST CONFERENCE","Am. East"
"mbb","AMERICAN","AMER"
"mbb","AMERICAN ATHLETIC CONFERENCE","AAC"
"mbb","AMERICAN CONFERENCE","AAC"
"mbb","AMERICAN UNIVERSITY","AMER"
"mbb","AMERICAN UNIVERSITY EAGLES","AMER"
"mbb","APP","APP"
"mbb","APP STATE","APP"
"mbb","APP STATE MOUNTAINEERS","APP"
"mbb","APPALACHIAN ST.","APP"
"mbb","APPALACHIAN STATE","APP"
"mbb","APSU","APSU"
"mbb","AR-PINE BLUFF","UAPB"
"mbb","ARIZ","ARIZ"
"mbb","ARIZONA","ARIZ"
"mbb","ARIZONA ST","ASU"
"mbb","ARIZONA ST.","ASU"
"mbb","ARIZONA STATE","ASU"
"mbb","ARIZONA STATE SUN DEVILS","ASU"
"mbb","ARIZONA WILDCATS","ARIZ"
"mbb","ARK","ARK"
"mbb","ARK.-PINE BLUFF","UAPB"
"mbb","ARKANSAS","ARK"
"mbb","ARKANSAS PINE BLUFF","UAPB"
"mbb","ARKANSAS RAZORBACKS","ARK"
"mbb","ARKANSAS ST","ARST"
"mbb","ARKANSAS ST.","ARST"
"mbb","ARKANSAS STATE","ARST"
"mbb","ARKANSAS STATE RED WOLVES","ARST"
"mbb","ARKANSAS-PINE BLUFF","UAPB"
"mbb","ARKANSAS-PINE BLUFF GOLDEN LIONS","UAPB"
"mbb","ARMY","ARMY"
"mbb","ARMY BLACK KNIGHTS","ARMY"
"mbb","ARMY WEST POINT","ARMY"
"mbb","ARST","ARST"
"mbb","ASU","ASU"
"mbb","ASUN","Atlantic Sun"
"mbb","ASUN CONFERENCE","Atlantic Sun"
"mbb","ATL10","A-10"
"mbb","ATLANTIC 10","A-10"
"mbb","ATLANTIC 10 CONFERENCE","A-10"
"mbb","ATLANTIC COAST CONFERENCE","ACC"
"mbb","ATLANTIC SUN","Atlantic Sun"
"mbb","ATLANTIC SUN CONFERENCE","Atlantic Sun"
"mbb","AUB","AUB"
"mbb","AUBURN","AUB"
"mbb","AUBURN TIGERS","AUB"
"mbb","AUSTIN PEAY","APSU"
"mbb","AUSTIN PEAY GOVERNORS","APSU"
"mbb","B10","Big Ten"
"mbb","B12","Big 12"
"mbb","BAKERSFIELD","CSUB"
"mbb","BALL","BALL"
"mbb","BALL ST.","BALL"
"mbb","BALL STATE","BALL"
"mbb","BALL STATE CARDINALS","BALL"
"mbb","BAY","BAY"
"mbb","BAYLOR","BAY"
"mbb","BAYLOR BEARS","BAY"
"mbb","BC","BC"
"mbb","BCU","BCU"
"mbb","BE","Big East"
"mbb","BEL","BEL"
"mbb","BELL","BELL"
"mbb","BELLARMINE","BELL"
"mbb","BELLARMINE KNIGHTS","BELL"
"mbb","BELMONT","BEL"
"mbb","BELMONT BRUINS","BEL"
"mbb","BELT","Sun Belt"
"mbb","BETHUNE","BCU"
"mbb","BETHUNE COOKMAN","BCU"
"mbb","BETHUNE-COOKMAN","BCU"
"mbb","BETHUNE-COOKMAN WILDCATS","BCU"
"mbb","BGSU","BGSU"
"mbb","BIG 12","Big 12"
"mbb","BIG 12 CONFERENCE","Big 12"
"mbb","BIG EAST","Big East"
"mbb","BIG EAST CONFERENCE","Big East"
"mbb","BIG SKY","Big Sky"
"mbb","BIG SKY CONFERENCE","Big Sky"
"mbb","BIG SOUTH","Big South"
"mbb","BIG SOUTH CONFERENCE","Big South"
"mbb","BIG TEN","Big Ten"
"mbb","BIG TEN CONFERENCE","Big Ten"
"mbb","BIG WEST","Big West"
"mbb","BIG WEST CONFERENCE","Big West"
"mbb","BIG10","Big Ten"
"mbb","BIG12","Big 12"
"mbb","BIGE","Big East"
"mbb","BIGW","Big West"
"mbb","BING","BING"
"mbb","BINGHAMTON","BING"
"mbb","BINGHAMTON BEARCATS","BING"
"mbb","BOIS","BOIS"
"mbb","BOISE ST","BOIS"
"mbb","BOISE ST.","BOIS"
"mbb","BOISE STATE","BOIS"
"mbb","BOISE STATE BRONCOS","BOIS"
"mbb","BOSTON COLLEGE","BC"
"mbb","BOSTON COLLEGE EAGLES","BC"
"mbb","BOSTON U","BU"
"mbb","BOSTON U.","BU"
"mbb","BOSTON UNIVERSITY","BU"
"mbb","BOSTON UNIVERSITY TERRIERS","BU"
"mbb","BOWLING GREEN","BGSU"
"mbb","BOWLING GREEN FALCONS","BGSU"
"mbb","BRAD","BRAD"
"mbb","BRADLEY","BRAD"
"mbb","BRADLEY BRAVES","BRAD"
"mbb","BRIGHAM YOUNG","BYU"
"mbb","BROWN","BRWN"
"mbb","BROWN BEARS","BRWN"
"mbb","BRWN","BRWN"
"mbb","BRY","BRY"
"mbb","BRYANT","BRY"
"mbb","BRYANT BULLDOGS","BRY"
"mbb","BSKY","Big Sky"
"mbb","BSOU","Big South"
"mbb","BSTH","Big South"
"mbb","BTLR","BTLR"
"mbb","BU","BU"
"mbb","BUCK","BUCK"
"mbb","BUCKNELL","BUCK"
"mbb","BUCKNELL BISON","BUCK"
"mbb","BUF","BUF"
"mbb","BUFF","BUF"
"mbb","BUFFALO","BUF"
"mbb","BUFFALO BULLS","BUF"
"mbb","BUT","BTLR"
"mbb","BUTLER","BTLR"
"mbb","BUTLER BULLDOGS","BTLR"
"mbb","BW","Big West"
"mbb","BYU","BYU"
"mbb","BYU COUGARS","BYU"
"mbb","C ARKANSAS","CARK"
"mbb","C CONNECTICUT","CCSU"
"mbb","C MICHIGAN","CMU"
"mbb","C-USA","CUSA"
"mbb","CA BAPTIST","CBU"
"mbb","CAA","CAA"
"mbb","CAL","CAL"
"mbb","CAL BAPTIST","CBU"
"mbb","CAL POLY","CP"
"mbb","CAL POLY MUSTANGS","CP"
"mbb","CAL ST. BAKERSFIELD","CSUB"
"mbb","CAL ST. FULLERTON","CSUF"
"mbb","CAL ST. NORTHRIDGE","CSUN"
"mbb","CAL STATE BAKERSFIELD","CSUB"
"mbb","CAL STATE BAKERSFIELD ROADRUNNERS","CSUB"
"mbb","CAL STATE FULLERTON","CSUF"
"mbb","CAL STATE FULLERTON TITANS","CSUF"
"mbb","CAL STATE NORTHRIDGE","CSUN"
"mbb","CAL STATE NORTHRIDGE MATADORS","CSUN"
"mbb","CALIFORNIA","CAL"
"mbb","CALIFORNIA BAPTIST","CBU"
"mbb","CALIFORNIA BAPTIST LANCERS","CBU"
"mbb","CALIFORNIA GOLDEN BEARS","CAL"
"mbb","CAM","CAM"
"mbb","CAMPBELL","CAM"
"mbb","CAMPBELL FIGHTING CAMELS","CAM"
"mbb","CAN","CAN"
"mbb","CANISIUS","CAN"
"mbb","CANISIUS GOLDEN GRIFFINS","CAN"
"mbb","CARK","CARK"
"mbb","CBU","CBU"
"mbb","CCSU","CCSU"
"mbb","CCU","CCU"
"mbb","CENTRAL ARK.","CARK"
"mbb","CENTRAL ARKANSAS","CARK"
"mbb","CENTRAL ARKANSAS BEARS","CARK"
"mbb","CENTRAL CONN. ST.","CCSU"
"mbb","CENTRAL CONNECTICUT","CCSU"
"mbb","CENTRAL CONNECTICUT BLUE DEVILS","CCSU"
"mbb","CENTRAL CONNECTICUT STATE","CCSU"
"mbb","CENTRAL MICH.","CMU"
"mbb","CENTRAL MICHIGAN","CMU"
"mbb","CENTRAL MICHIGAN CHIPPEWAS","CMU"
"mbb","CHARLESTON","COFC"
"mbb","CHARLESTON COUGARS","COFC"
"mbb","CHARLESTON SO","CHSO"
"mbb","CHARLESTON SO.","CHSO"
"mbb","CHARLESTON SOUTHERN","CHSO"
"mbb","CHARLESTON SOUTHERN BUCCANEERS","CHSO"
"mbb","CHARLOTTE","CLT"
"mbb","CHARLOTTE 49ERS","CLT"
"mbb","CHATTANOOGA","UTC"
"mbb","CHATTANOOGA MOCS","UTC"
"mbb","CHICAGO ST","CHST"
"mbb","CHICAGO ST.","CHST"
"mbb","CHICAGO STATE","CHST"
"mbb","CHICAGO STATE COUGARS","CHST"
"mbb","CHSO","CHSO"
"mbb","CHST","CHST"
"mbb","CIN","CIN"
"mbb","CINCINNATI","CIN"
"mbb","CINCINNATI BEARCATS","CIN"
"mbb","CIT","CIT"
"mbb","CLE","CLE"
"mbb","CLEM","CLEM"
"mbb","CLEMSON","CLEM"
"mbb","CLEMSON TIGERS","CLEM"
"mbb","CLEVELAND ST","CLE"
"mbb","CLEVELAND ST.","CLE"
"mbb","CLEVELAND STATE","CLE"
"mbb","CLEVELAND STATE VIKINGS","CLE"
"mbb","CLT","CLT"
"mbb","CMU","CMU"
"mbb","COASTAL","CCU"
"mbb","COASTAL ATHLETIC ASSOCIATION","CAA"
"mbb","COASTAL CAROLINA","CCU"
"mbb","COASTAL CAROLINA CHANTICLEERS","CCU"
"mbb","COFC","COFC"
"mbb","COL. OF CHARLESTON","COFC"
"mbb","COLG","COLG"
"mbb","COLGATE","COLG"
"mbb","COLGATE RAIDERS","COLG"
"mbb","COLLEGE OF CHARLESTON","COFC"
"mbb","COLO","COLO"
"mbb","COLONIAL","CAA"
"mbb","COLONIAL ATHLETIC ASSOCIATION","CAA"
"mbb","COLORADO","COLO"
"mbb","COLORADO BUFFALOES","COLO"
"mbb","COLORADO ST","CSU"
"mbb","COLORADO ST.","CSU"
"mbb","COLORADO STATE","CSU"
"mbb","COLORADO STATE RAMS","CSU"
"mbb","COLU","COLU"
"mbb","COLUMBIA","COLU"
"mbb","COLUMBIA LIONS","COLU"
"mbb","CONFERENCE USA","CUSA"
"mbb","CONN","CONN"
"mbb","CONNECTICUT","CONN"
"mbb","COPP","COPP"
"mbb","COPPIN ST","COPP"
"mbb","COPPIN ST.","COPP"
"mbb","COPPIN STATE","COPP"
"mbb","COPPIN STATE EAGLES","COPP"
"mbb","COR","COR"
"mbb","CORNELL","COR"
"mbb","CORNELL BIG RED","COR"
"mbb","CP","CP"
"mbb","CREI","CREI"
"mbb","CREIGHTON","CREI"
"mbb","CREIGHTON BLUEJAYS","CREI"
"mbb","CSU","CSU"
"mbb","CSU BAKERSFIELD","CSUB"
"mbb","CSU NORTHRIDGE","CSUN"
"mbb","CSUB","CSUB"
"mbb","CSUF","CSUF"
"mbb","CSUN","CSUN"
"mbb","CUSA","CUSA"
"mbb","DART","DART"
"mbb","DARTMOUTH","DART"
"mbb","DARTMOUTH BIG GREEN","DART"
"mbb","DAV","DAV"
"mbb","DAVIDSON","DAV"
"mbb","DAVIDSON WILDCATS","DAV"
"mbb","DAY","DAY"
"mbb","DAYTON","DAY"
"mbb","DAYTON FLYERS","DAY"
"mbb","DEL","DEL"
"mbb","DELAWARE","DEL"
"mbb","DELAWARE BLUE HENS","DEL"
"mbb","DELAWARE ST","DSU"
"mbb","DELAWARE ST.","DSU"
"mbb","DELAWARE STATE","DSU"
"mbb","DELAWARE STATE HORNETS","DSU"
"mbb","DEN","DEN"
"mbb","DENVER","DEN"
"mbb","DENVER PIONEERS","DEN"
"mbb","DEP","DEP"
"mbb","DEPAUL","DEP"
"mbb","DEPAUL BLUE DEMONS","DEP"
"mbb","DETM","DETM"
"mbb","DETROIT MERCY","DETM"
"mbb","DETROIT MERCY TITANS","DETM"
"mbb","DIXIE ST.","UTU"
"mbb","DRAKE","DRKE"
"mbb","DRAKE BULLDOGS","DRKE"
"mbb","DREX","DREX"
"mbb","DREXEL","DREX"
"mbb","DREXEL DRAGONS","DREX"
"mbb","DRKE","DRKE"
"mbb","DSU","DSU"
"mbb","DUKE","DUKE"
"mbb","DUKE BLUE DEVILS","DUKE"
"mbb","DUQ","DUQ"
"mbb","DUQUESNE","DUQ"
"mbb","DUQUESNE DUKES","DUQ"
"mbb","E ILLINOIS","EIU"
"mbb","E KENTUCKY","EKU"
"mbb","E MICHIGAN","EMU"
"mbb","E WASHINGTON","EWU"
"mbb","EAST CAROLINA","ECU"
"mbb","EAST CAROLINA PIRATES","ECU"
"mbb","EAST TENNESSEE ST.","ETSU"
"mbb","EAST TENNESSEE STATE","ETSU"
"mbb","EAST TENNESSEE STATE BUCCANEERS","ETSU"
"mbb","EAST TEXAS A&M","ETAM"
"mbb","EAST TEXAS A&M LIONS","ETAM"
"mbb","EASTERN ILL.","EIU"
"mbb","EASTERN ILLINOIS","EIU"
"mbb","EASTERN ILLINOIS PANTHERS","EIU"
"mbb","EASTERN KENTUCKY","EKU"
"mbb","EASTERN KENTUCKY COLONELS","EKU"
"mbb","EASTERN KY.","EKU"
"mbb","EASTERN MICH.","EMU"
"mbb","EASTERN MICHIGAN","EMU"
"mbb","EASTERN MICHIGAN EAGLES","EMU"
"mbb","EASTERN WASH.","EWU"
"mbb","EASTERN WASHINGTON","EWU"
"mbb","EASTERN WASHINGTON EAGLES","EWU"
"mbb","ECU","ECU"
"mbb","EIU","EIU"
"mbb","EKU","EKU"
"mbb","ELON","ELON"
"mbb","ELON PHOENIX","ELON"
"mbb","EMU","EMU"
"mbb","ETAM","ETAM"
"mbb","ETSU","ETSU"
"mbb","EVAN","EVAN"
"mbb","EVANSVILLE","EVAN"
"mbb","EVANSVILLE PURPLE ACES","EVAN"
"mbb","EWU","EWU"
"mbb","FAIR","FAIR"
"mbb","FAIRFIELD","FAIR"
"mbb","FAIRFIELD STAGS","FAIR"
"mbb","FAIRLEIGH DICKINSON","FDU"
"mbb","FAIRLEIGH DICKINSON KNIGHTS","FDU"
"mbb","FAMU","FAMU"
"mbb","FAU","FAU"
"mbb","FDU","FDU"
"mbb","FGCU","FGCU"
"mbb","FIU","FIU"
"mbb","FLA","FLA"
"mbb","FLA. ATLANTIC","FAU"
"mbb","FLORIDA","FLA"
"mbb","FLORIDA A&M","FAMU"
"mbb","FLORIDA A&M RATTLERS","FAMU"
"mbb","FLORIDA ATLANTIC","FAU"
"mbb","FLORIDA ATLANTIC OWLS","FAU"
"mbb","FLORIDA GATORS","FLA"
"mbb","FLORIDA GULF COAST","FGCU"
"mbb","FLORIDA GULF COAST EAGLES","FGCU"
"mbb","FLORIDA INTERNATIONAL","FIU"
"mbb","FLORIDA INTERNATIONAL PANTHERS","FIU"
"mbb","FLORIDA ST","FSU"
"mbb","FLORIDA ST.","FSU"
"mbb","FLORIDA STATE","FSU"
"mbb","FLORIDA STATE SEMINOLES","FSU"
"mbb","FOR","FOR"
"mbb","FORDHAM","FOR"
"mbb","FORDHAM RAMS","FOR"
"mbb","FRES","FRES"
"mbb","FRESNO ST","FRES"
"mbb","FRESNO ST.","FRES"
"mbb","FRESNO STATE","FRES"
"mbb","FRESNO STATE BULLDOGS","FRES"
"mbb","FSU","FSU"
"mbb","FULLERTON","CSUF"
"mbb","FUR","FUR"
"mbb","FURMAN","FUR"
"mbb","FURMAN PALADINS","FUR"
"mbb","G WASHINGTON","GW"
"mbb","GA SOUTHERN","GASO"
"mbb","GA. SOUTHERN","GASO"
"mbb","GARDNER WEBB","GWEB"
"mbb","GARDNER-WEBB","GWEB"
"mbb","GARDNER-WEBB RUNNIN' BULLDOGS","GWEB"
"mbb","GASO","GASO"
"mbb","GAST","GAST"
"mbb","GB","GB"
"mbb","GCU","GCU"
"mbb","GEORGE MASON","GMU"
"mbb","GEORGE MASON PATRIOTS","GMU"
"mbb","GEORGE WASHINGTON","GW"
"mbb","GEORGE WASHINGTON REVOLUTIONARIES","GW"
"mbb","GEORGETOWN","GTWN"
"mbb","GEORGETOWN HOYAS","GTWN"
"mbb","GEORGIA","UGA"
"mbb","GEORGIA BULLDOGS","UGA"
"mbb","GEORGIA SOUTHERN","GASO"
"mbb","GEORGIA SOUTHERN EAGLES","GASO"
"mbb","GEORGIA ST","GAST"
"mbb","GEORGIA ST.","GAST"
"mbb","GEORGIA STATE","GAST"
"mbb","GEORGIA STATE PANTHERS","GAST"
"mbb","GEORGIA TECH","GT"
"mbb","GEORGIA TECH YELLOW JACKETS","GT"
"mbb","GMU","GMU"
"mbb","GONZ","GONZ"
"mbb","GONZAGA","GONZ"
"mbb","GONZAGA BULLDOGS","GONZ"
"mbb","GRAM","GRAM"
"mbb","GRAMBLING","GRAM"
"mbb","GRAMBLING ST.","GRAM"
"mbb","GRAMBLING TIGERS","GRAM"
"mbb","GRAND CANYON","GCU"
"mbb","GRAND CANYON LOPES","GCU"
"mbb","GREEN BAY","GB"
"mbb","GREEN BAY PHOENIX","GB"
"mbb","GT","GT"
"mbb","GTWN","GTWN"
"mbb","GW","GW"
"mbb","GWEB","GWEB"
"mbb","HALL","HALL"
"mbb","HAMP","HAMP"
"mbb","HAMPTON","HAMP"
"mbb","HAMPTON PIRATES","HAMP"
"mbb","HARV","HARV"
"mbb","HARVARD","HARV"
"mbb","HARVARD CRIMSON","HARV"
"mbb","HAW","HAW"
"mbb","HAWAI'I","HAW"
"mbb","HAWAI'I RAINBOW WARRIORS","HAW"
"mbb","HAWAII","HAW"
"mbb","HC","HC"
"mbb","HCU","HCU"
"mbb","HIGH POINT","HPU"
"mbb","HIGH POINT PANTHERS","HPU"
"mbb","HOF","HOF"
"mbb","HOFSTRA","HOF"
"mbb","HOFSTRA PRIDE","HOF"
"mbb","HOLY CROSS","HC"
"mbb","HOLY CROSS CRUSADERS","HC"
"mbb","HOR","Horizon"
"mbb","HORIZON","Horizon"
"mbb","HORIZON LEAGUE","Horizon"
"mbb","HORZ","Horizon"
"mbb","HOU","HOU"
"mbb","HOU CHRISTIAN","HCU"
"mbb","HOUSTON","HOU"
"mbb","HOUSTON BAPTIST","HCU"
"mbb","HOUSTON CHRISTIAN","HCU"
"mbb","HOUSTON CHRISTIAN HUSKIES","HCU"
"mbb","HOUSTON COUGARS","HOU"
"mbb","HOW","HOW"
"mbb","HOWARD","HOW"
"mbb","HOWARD BISON","HOW"
"mbb","HPU","HPU"
"mbb","IDAHO","IDHO"
"mbb","IDAHO ST","IDST"
"mbb","IDAHO ST.","IDST"
"mbb","IDAHO STATE","IDST"
"mbb","IDAHO STATE BENGALS","IDST"
"mbb","IDAHO VANDALS","IDHO"
"mbb","IDHO","IDHO"
"mbb","IDST","IDST"
"mbb","ILL","ILL"
"mbb","ILLINOIS","ILL"
"mbb","ILLINOIS CHICAGO","UIC"
"mbb","ILLINOIS FIGHTING ILLINI","ILL"
"mbb","ILLINOIS ST","ILST"
"mbb","ILLINOIS ST.","ILST"
"mbb","ILLINOIS STATE","ILST"
"mbb","ILLINOIS STATE REDBIRDS","ILST"
"mbb","ILLINOIS-CHICAGO","UIC"
"mbb","ILST","ILST"
"mbb","INCARNATE WORD","UIW"
"mbb","INCARNATE WORD CARDINALS","UIW"
"mbb","INDIANA","IU"
"mbb","INDIANA HOOSIERS","IU"
"mbb","INDIANA ST","INST"
"mbb","INDIANA ST.","INST"
"mbb","INDIANA STATE","INST"
"mbb","INDIANA STATE SYCAMORES","INST"
"mbb","INST","INST"
"mbb","IONA","IONA"
"mbb","IONA GAELS","IONA"
"mbb","IOWA","IOWA"
"mbb","IOWA HAWKEYES","IOWA"
"mbb","IOWA ST.","ISU"
"mbb","IOWA STATE","ISU"
"mbb","IOWA STATE CYCLONES","ISU"
"mbb","ISU","ISU"
"mbb","IU","IU"
"mbb","IU INDIANAPOLIS","IUIN"
"mbb","IU INDIANAPOLIS JAGUARS","IUIN"
"mbb","IU INDY","IUIN"
"mbb","IUIN","IUIN"
"mbb","IUPUI","IUIN"
"mbb","IVY","Ivy"
"mbb","IVY LEAGUE","Ivy"
"mbb","JACKSON ST","JKST"
"mbb","JACKSON ST.","JKST"
"mbb","JACKSON STATE","JKST"
"mbb","JACKSON STATE TIGERS","JKST"
"mbb","JACKSONVILLE","JAX"
"mbb","JACKSONVILLE DOLPHINS","JAX"
"mbb","JACKSONVILLE ST.","JXST"
"mbb","JACKSONVILLE STATE","JXST"
"mbb","JACKSONVILLE STATE GAMECOCKS","JXST"
"mbb","JAMES MADISON","JMU"
"mbb","JAMES MADISON DUKES","JMU"
"mbb","JAX","JAX"
"mbb","JAX STATE","JXST"
"mbb","JKST","JKST"
"mbb","JMU","JMU"
"mbb","JOES","JOES"
"mbb","JXST","JXST"
"mbb","KANSAS","KU"
"mbb","KANSAS CITY","KC"
"mbb","KANSAS CITY ROOS","KC"
"mbb","KANSAS JAYHAWKS","KU"
"mbb","KANSAS ST","KSU"
"mbb","KANSAS ST.","KSU"
"mbb","KANSAS STATE","KSU"
"mbb","KANSAS STATE WILDCATS","KSU"
"mbb","KC","KC"
"mbb","KENN","KENN"
"mbb","KENNESAW ST","KENN"
"mbb","KENNESAW ST.","KENN"
"mbb","KENNESAW STATE","KENN"
"mbb","KENNESAW STATE OWLS","KENN"
"mbb","KENT","KENT"
"mbb","KENT ST.","KENT"
"mbb","KENT STATE","KENT"
"mbb","KENT STATE GOLDEN FLASHES","KENT"
"mbb","KENTUCKY","UK"
"mbb","KENTUCKY WILDCATS","UK"
"mbb","KSU","KSU"
"mbb","KU","KU"
"mbb","L-MD","L-MD"
"mbb","LA SALLE","LAS"
"mbb","LA SALLE EXPLORERS","LAS"
"mbb","LAF","LAF"
"mbb","LAFAYETTE","LAF"
"mbb","LAFAYETTE LEOPARDS","LAF"
"mbb","LAM","LAM"
"mbb","LAMAR","LAM"
"mbb","LAMAR CARDINALS","LAM"
"mbb","LAMAR UNIVERSITY","LAM"
"mbb","LAND","Southland"
"mbb","LAS","LAS"
"mbb","LBSU","LBSU"
"mbb","LE MOYNE","LEM"
"mbb","LE MOYNE DOLPHINS","LEM"
"mbb","LEH","LEH"
"mbb","LEHIGH","LEH"
"mbb","LEHIGH MOUNTAIN HAWKS","LEH"
"mbb","LEM","LEM"
"mbb","LIB","LIB"
"mbb","LIBERTY","LIB"
"mbb","LIBERTY FLAMES","LIB"
"mbb","LIN","LIN"
"mbb","LINDENWOOD","LIN"
"mbb","LINDENWOOD LIONS","LIN"
"mbb","LIP","LIP"
"mbb","LIPSCOMB","LIP"
"mbb","LIPSCOMB BISONS","LIP"
"mbb","LITTLE ROCK","LR"
"mbb","LITTLE ROCK TROJANS","LR"
"mbb","LIU","LIU"
"mbb","LIU BROOKLYN","LIU"
"mbb","LMU","LMU"
"mbb","LMU (CA)","LMU"
"mbb","LONG","LONG"
"mbb","LONG BEACH ST","LBSU"
"mbb","LONG BEACH ST.","LBSU"
"mbb","LONG BEACH STATE","LBSU"
"mbb","LONG BEACH STATE BEACH","LBSU"
"mbb","LONG ISLAND","LIU"
"mbb","LONG ISLAND UNIVERSITY","LIU"
"mbb","LONG ISLAND UNIVERSITY SHARKS","LIU"
"mbb","LONGWOOD","LONG"
"mbb","LONGWOOD LANCERS","LONG"
"mbb","LOU","LOU"
"mbb","LOUISIANA","UL"
"mbb","LOUISIANA MONROE","ULM"
"mbb","LOUISIANA RAGIN' CAJUNS","UL"
"mbb","LOUISIANA STATE","LSU"
"mbb","LOUISIANA TECH","LT"
"mbb","LOUISIANA TECH BULLDOGS","LT"
"mbb","LOUISIANA-MONROE","ULM"
"mbb","LOUISVILLE","LOU"
"mbb","LOUISVILLE CARDINALS","LOU"
"mbb","LOYOLA (IL)","LUC"
"mbb","LOYOLA (MD)","L-MD"
"mbb","LOYOLA CHICAGO","LUC"
"mbb","LOYOLA CHICAGO RAMBLERS","LUC"
"mbb","LOYOLA MARYLAND","L-MD"
"mbb","LOYOLA MARYLAND GREYHOUNDS","L-MD"
"mbb","LOYOLA MARYMOUNT","LMU"
"mbb","LOYOLA MARYMOUNT LIONS","LMU"
"mbb","LOYOLA MD","L-MD"
"mbb","LR","LR"
"mbb","LSU","LSU"
"mbb","LSU N ORLEANS","NOLA"
"mbb","LSU NEW ORLEANS","NOLA"
"mbb","LSU NEW ORLEANS PRIVATEERS","NOLA"
"mbb","LSU TIGERS","LSU"
"mbb","LT","LT"
"mbb","LUC","LUC"
"mbb","M-OH","M-OH"
"mbb","MAAC","MAAC"
"mbb","MAC","MAC"
"mbb","MAINE","ME"
"mbb","MAINE BLACK BEARS","ME"
"mbb","MAN","MAN"
"mbb","MANHATTAN","MAN"
"mbb","MANHATTAN JASPERS","MAN"
"mbb","MARIST","MRST"
"mbb","MARIST RED FOXES","MRST"
"mbb","MARQ","MARQ"
"mbb","MARQUETTE","MARQ"
"mbb","MARQUETTE GOLDEN EAGLES","MARQ"
"mbb","MARSHALL","MRSH"
"mbb","MARSHALL THUNDERING HERD","MRSH"
"mbb","MARYLAND","MD"
"mbb","MARYLAND EASTERN SHORE","UMES"
"mbb","MARYLAND EASTERN SHORE HAWKS","UMES"
"mbb","MARYLAND TERRAPINS","MD"
"mbb","MARYLAND-EASTERN SHORE","UMES"
"mbb","MASS","MASS"
"mbb","MASSACHUSETTS","MASS"
"mbb","MASSACHUSETTS MINUTEMEN","MASS"
"mbb","MASSACHUSETTS-LOWELL","UML"
"mbb","MCC","Horizon"
"mbb","MCN","MCN"
"mbb","MCNEESE","MCN"
"mbb","MCNEESE COWBOYS","MCN"
"mbb","MCNEESE ST.","MCN"
"mbb","MCON","Summit"
"mbb","MD","MD"
"mbb","MD EASTERN","UMES"
"mbb","ME","ME"
"mbb","MEAC","MEAC"
"mbb","MEM","MEM"
"mbb","MEMPHIS","MEM"
"mbb","MEMPHIS TIGERS","MEM"
"mbb","MER","MER"
"mbb","MERC","MERC"
"mbb","MERCER","MER"
"mbb","MERCER BEARS","MER"
"mbb","MERCYHURST","MERC"
"mbb","MERCYHURST LAKERS","MERC"
"mbb","MERRIMACK","MRMK"
"mbb","MERRIMACK WARRIORS","MRMK"
"mbb","METRO","MAAC"
"mbb","METRO ATLANTIC ATHLETIC CONFERENCE","MAAC"
"mbb","METRO CONFERENCE","MAAC"
"mbb","MIA","MIA"
"mbb","MIAMI","MIA"
"mbb","MIAMI (FL)","MIA"
"mbb","MIAMI (OH)","M-OH"
"mbb","MIAMI (OH) REDHAWKS","M-OH"
"mbb","MIAMI FL","MIA"
"mbb","MIAMI HURRICANES","MIA"
"mbb","MIAMI OH","M-OH"
"mbb","MICH","MICH"
"mbb","MICHIGAN","MICH"
"mbb","MICHIGAN ST","MSU"
"mbb","MICHIGAN ST.","MSU"
"mbb","MICHIGAN STATE","MSU"
"mbb","MICHIGAN STATE SPARTANS","MSU"
"mbb","MICHIGAN WOLVERINES","MICH"
"mbb","MID CONTINENT CONFERENCE","Summit"
"mbb","MID-AMERICAN","MAC"
"mbb","MID-AMERICAN CONFERENCE","MAC"
"mbb","MID-CON","Summit"
"mbb","MID-CONTINENT CONFERENCE","Summit"
"mbb","MID-EASTERN ATHLETIC CONFERENCE","MEAC"
"mbb","MIDAM","MAC"
"mbb","MIDCO","Summit"
"mbb","MIDDLE TENN.","MTSU"
"mbb","MIDDLE TENNESSEE","MTSU"
"mbb","MIDDLE TENNESSEE BLUE RAIDERS","MTSU"
"mbb","MIDWESTERN COLLEGIATE CONFERENCE","Horizon"
"mbb","MILW","MILW"
"mbb","MILWAUKEE","MILW"
"mbb","MILWAUKEE PANTHERS","MILW"
"mbb","MINN","MINN"
"mbb","MINNESOTA","MINN"
"mbb","MINNESOTA GOLDEN GOPHERS","MINN"
"mbb","MISS","MISS"
"mbb","MISS VALLEY ST","MVSU"
"mbb","MISSISSIPPI","MISS"
"mbb","MISSISSIPPI ST","MSST"
"mbb","MISSISSIPPI ST.","MSST"
"mbb","MISSISSIPPI STATE","MSST"
"mbb","MISSISSIPPI STATE BULLDOGS","MSST"
"mbb","MISSISSIPPI VAL.","MVSU"
"mbb","MISSISSIPPI VALLEY ST.","MVSU"
"mbb","MISSISSIPPI VALLEY STATE","MVSU"
"mbb","MISSISSIPPI VALLEY STATE DELTA DEVILS","MVSU"
"mbb","MISSOURI","MIZ"
"mbb","MISSOURI ST","MOST"
"mbb","MISSOURI ST.","MOST"
"mbb","MISSOURI STATE","MOST"
"mbb","MISSOURI STATE BEARS","MOST"
"mbb","MISSOURI TIGERS","MIZ"
"mbb","MISSOURI VALLEY","MVC"
"mbb","MISSOURI VALLEY CONFERENCE","MVC"
"mbb","MIZ","MIZ"
"mbb","MONM","MONM"
"mbb","MONMOUTH","MONM"
"mbb","MONMOUTH HAWKS","MONM"
"mbb","MONT","MONT"
"mbb","MONTANA","MONT"
"mbb","MONTANA GRIZZLIES","MONT"
"mbb","MONTANA ST","MTST"
"mbb","MONTANA ST.","MTST"
"mbb","MONTANA STATE","MTST"
"mbb","MONTANA STATE BOBCATS","MTST"
"mbb","MORE","MORE"
"mbb","MOREHEAD ST","MORE"
"mbb","MOREHEAD ST.","MORE"
"mbb","MOREHEAD STATE","MORE"
"mbb","MOREHEAD STATE EAGLES","MORE"
"mbb","MORG","MORG"
"mbb","MORGAN ST","MORG"
"mbb","MORGAN ST.","MORG"
"mbb","MORGAN STATE","MORG"
"mbb","MORGAN STATE BEARS","MORG"
"mbb","MOST","MOST"
"mbb","MOUNT ST MARYS","MSM"
"mbb","MOUNT ST. MARY'S","MSM"
"mbb","MOUNT ST. MARY'S MOUNTAINEERS","MSM"
"mbb","MOUNTAIN WEST","Mountain West"
"mbb","MOUNTAIN WEST CONFERENCE","Mountain West"
"mbb","MRMK","MRMK"
"mbb","MRSH","MRSH"
"mbb","MRST","MRST"
"mbb","MSM","MSM"
"mbb","MSST","MSST"
"mbb","MSU","MSU"
"mbb","MTST","MTST"
"mbb","MTSU","MTSU"
"mbb","MUR","MUR"
"mbb","MURRAY ST","MUR"
"mbb","MURRAY ST.","MUR"
"mbb","MURRAY STATE","MUR"
"mbb","MURRAY STATE RACERS","MUR"
"mbb","MVC","MVC"
"mbb","MVSU","MVSU"
"mbb","MWC","Mountain West"
"mbb","MWEST","Mountain West"
"mbb","N ARIZONA","NAU"
"mbb","N COLORADO","UNCO"
"mbb","N DAKOTA ST","NDSU"
"mbb","N ILLINOIS","NIU"
"mbb","N KENTUCKY","NKU"
"mbb","N'WESTERN ST","NWST"
"mbb","N.C. A&T","NCAT"
"mbb","N.C. CENTRAL","NCCU"
"mbb","N.C. STATE","NCSU"
"mbb","NAU","NAU"
"mbb","NAVY","NAVY"
"mbb","NAVY MIDSHIPMEN","NAVY"
"mbb","NC A&T","NCAT"
"mbb","NC CENTRAL","NCCU"
"mbb","NC STATE","NCSU"
"mbb","NC STATE WOLFPACK","NCSU"
"mbb","NCAT","NCAT"
"mbb","NCCU","NCCU"
"mbb","NCSU","NCSU"
"mbb","ND","ND"
"mbb","NDSU","NDSU"
"mbb","NE","NE"
"mbb","NEAST","NEC"
"mbb","NEB","NEB"
"mbb","NEBRASKA","NEB"
"mbb","NEBRASKA CORNHUSKERS","NEB"
"mbb","NEBRASKA OMAHA","OMA"
"mbb","NEC","NEC"
"mbb","NEV","NEV"
"mbb","NEVADA","NEV"
"mbb","NEVADA WOLF PACK","NEV"
"mbb","NEVADA-LAS VEGAS","UNLV"
"mbb","NEW HAMPSHIRE","UNH"
"mbb","NEW HAMPSHIRE WILDCATS","UNH"
"mbb","NEW HAVEN","NHVN"
"mbb","NEW HAVEN CHARGERS","NHVN"
"mbb","NEW MEXICO","UNM"
"mbb","NEW MEXICO LOBOS","UNM"
"mbb","NEW MEXICO ST","NMSU"
"mbb","NEW MEXICO ST.","NMSU"
"mbb","NEW MEXICO STATE","NMSU"
"mbb","NEW MEXICO STATE AGGIES","NMSU"
"mbb","NEW ORLEANS","NOLA"
"mbb","NHVN","NHVN"
"mbb","NIA","NIA"
"mbb","NIAGARA","NIA"
"mbb","NIAGARA PURPLE EAGLES","NIA"
"mbb","NICH","NICH"
"mbb","NICHOLLS","NICH"
"mbb","NICHOLLS COLONELS","NICH"
"mbb","NICHOLLS ST.","NICH"
"mbb","NICHOLLS STATE","NICH"
"mbb","NIU","NIU"
"mbb","NJIT","NJIT"
"mbb","NJIT HIGHLANDERS","NJIT"
"mbb","NKU","NKU"
"mbb","NMSU","NMSU"
"mbb","NOLA","NOLA"
"mbb","NORF","NORF"
"mbb","NORFOLK ST","NORF"
"mbb","NORFOLK ST.","NORF"
"mbb","NORFOLK STATE","NORF"
"mbb","NORFOLK STATE SPARTANS","NORF"
"mbb","NORTH ALA.","UNA"
"mbb","NORTH ALABAMA","UNA"
"mbb","NORTH ALABAMA LIONS","UNA"
"mbb","NORTH CAROLINA","UNC"
"mbb","NORTH CAROLINA A&T","NCAT"
"mbb","NORTH CAROLINA A&T AGGIES","NCAT"
"mbb","NORTH CAROLINA CENTRAL","NCCU"
"mbb","NORTH CAROLINA CENTRAL EAGLES","NCCU"
"mbb","NORTH CAROLINA TAR HEELS","UNC"
"mbb","NORTH DAKOTA","UND"
"mbb","NORTH DAKOTA FIGHTING HAWKS","UND"
"mbb","NORTH DAKOTA ST.","NDSU"
"mbb","NORTH DAKOTA STATE","NDSU"
"mbb","NORTH DAKOTA STATE BISON","NDSU"
"mbb","NORTH FLORIDA","UNF"
"mbb","NORTH FLORIDA OSPREYS","UNF"
"mbb","NORTH TEXAS","UNT"
"mbb","NORTH TEXAS MEAN GREEN","UNT"
"mbb","NORTHEAST","NEC"
"mbb","NORTHEAST CONFERENCE","NEC"
"mbb","NORTHEASTERN","NE"
"mbb","NORTHEASTERN HUSKIES","NE"
"mbb","NORTHERN ARIZ.","NAU"
"mbb","NORTHERN ARIZONA","NAU"
"mbb","NORTHERN ARIZONA LUMBERJACKS","NAU"
"mbb","NORTHERN COLO.","UNCO"
"mbb","NORTHERN COLORADO","UNCO"
"mbb","NORTHERN COLORADO BEARS","UNCO"
"mbb","NORTHERN ILL.","NIU"
"mbb","NORTHERN ILLINOIS","NIU"
"mbb","NORTHERN ILLINOIS HUSKIES","NIU"
"mbb","NORTHERN IOWA","UNI"
"mbb","NORTHERN IOWA PANTHERS","UNI"
"mbb","NORTHERN KENTUCKY","NKU"
"mbb","NORTHERN KENTUCKY NORSE","NKU"
"mbb","NORTHERN KY.","NKU"
"mbb","NORTHWESTERN","NU"
"mbb","NORTHWESTERN ST.","NWST"
"mbb","NORTHWESTERN STATE","NWST"
"mbb","NORTHWESTERN STATE DEMONS","NWST"
"mbb","NORTHWESTERN WILDCATS","NU"
"mbb","NOTRE DAME","ND"
"mbb","NOTRE DAME FIGHTING IRISH","ND"
"mbb","NU","NU"
"mbb","NWST","NWST"
"mbb","OAK","OAK"
"mbb","OAKLAND","OAK"
"mbb","OAKLAND GOLDEN GRIZZLIES","OAK"
"mbb","ODU","ODU"
"mbb","OHIO","OHIO"
"mbb","OHIO BOBCATS","OHIO"
"mbb","OHIO ST.","OSU"
"mbb","OHIO STATE","OSU"
"mbb","OHIO STATE BUCKEYES","OSU"
"mbb","OHIO VALLEY","OVC"
"mbb","OHIO VALLEY CONFERENCE","OVC"
"mbb","OKLAHOMA","OU"
"mbb","OKLAHOMA SOONERS","OU"
"mbb","OKLAHOMA ST","OKST"
"mbb","OKLAHOMA ST.","OKST"
"mbb","OKLAHOMA STATE","OKST"
"mbb","OKLAHOMA STATE COWBOYS","OKST"
"mbb","OKST","OKST"
"mbb","OLD DOMINION","ODU"
"mbb","OLD DOMINION MONARCHS","ODU"
"mbb","OLE MISS","MISS"
"mbb","OLE MISS REBELS","MISS"
"mbb","OMA","OMA"
"mbb","OMAHA","OMA"
"mbb","OMAHA MAVERICKS","OMA"
"mbb","ORAL ROBERTS","ORU"
"mbb","ORAL ROBERTS GOLDEN EAGLES","ORU"
"mbb","ORE","ORE"
"mbb","OREGON","ORE"
"mbb","OREGON DUCKS","ORE"
"mbb","OREGON ST","ORST"
"mbb","OREGON ST.","ORST"
"mbb","OREGON STATE","ORST"
"mbb","OREGON STATE BEAVERS","ORST"
"mbb","ORST","ORST"
"mbb","ORU","ORU"
"mbb","OSU","OSU"
"mbb","OU","OU"
"mbb","OVC","OVC"
"mbb","P10","Pac-12"
"mbb","P12","Pac-12"
"mbb","PAC","PAC"
"mbb","PAC-10","Pac-12"
"mbb","PAC-12","Pac-12"
"mbb","PAC-12 CONFERENCE","Pac-12"
"mbb","PAC12","Pac-12"
"mbb","PACIFIC","PAC"
"mbb","PACIFIC TIGERS","PAC"
"mbb","PACIFIC-10 CONFERENCE","Pac-12"
"mbb","PAT","Patriot"
"mbb","PATRIOT","Patriot"
"mbb","PATRIOT LEAGUE","Patriot"
"mbb","PENN","PENN"
"mbb","PENN ST.","PSU"
"mbb","PENN STATE","PSU"
"mbb","PENN STATE NITTANY LIONS","PSU"
"mbb","PENNSYLVANIA","PENN"
"mbb","PENNSYLVANIA QUAKERS","PENN"
"mbb","PEPP","PEPP"
"mbb","PEPPERDINE","PEPP"
"mbb","PEPPERDINE WAVES","PEPP"
"mbb","PFW","PFW"
"mbb","PITT","PITT"
"mbb","PITTSBURGH","PITT"
"mbb","PITTSBURGH PANTHERS","PITT"
"mbb","PL","Patriot"
"mbb","PORT","PORT"
"mbb","PORTLAND","PORT"
"mbb","PORTLAND PILOTS","PORT"
"mbb","PORTLAND ST","PRST"
"mbb","PORTLAND ST.","PRST"
"mbb","PORTLAND STATE","PRST"
"mbb","PORTLAND STATE VIKINGS","PRST"
"mbb","PRAIRIE VIEW","PV"
"mbb","PRAIRIE VIEW A&M","PV"
"mbb","PRAIRIE VIEW A&M PANTHERS","PV"
"mbb","PRES","PRES"
"mbb","PRESBYTERIAN","PRES"
"mbb","PRESBYTERIAN BLUE HOSE","PRES"
"mbb","PRIN","PRIN"
"mbb","PRINCETON","PRIN"
"mbb","PRINCETON TIGERS","PRIN"
"mbb","PROV","PROV"
"mbb","PROVIDENCE","PROV"
"mbb","PROVIDENCE FRIARS","PROV"
"mbb","PRST","PRST"
"mbb","PSU","PSU"
"mbb","PUR","PUR"
"mbb","PURDUE","PUR"
"mbb","PURDUE BOILERMAKERS","PUR"
"mbb","PURDUE FORT WAYNE","PFW"
"mbb","PURDUE FORT WAYNE MASTODONS","PFW"
"mbb","PURDUE FW","PFW"
"mbb","PV","PV"
"mbb","QUC","QUC"
"mbb","QUEENS","QUC"
"mbb","QUEENS (NC)","QUC"
"mbb","QUEENS UNIVERSITY","QUC"
"mbb","QUEENS UNIVERSITY ROYALS","QUC"
"mbb","QUIN","QUIN"
"mbb","QUINNIPIAC","QUIN"
"mbb","QUINNIPIAC BOBCATS","QUIN"
"mbb","RAD","RAD"
"mbb","RADFORD","RAD"
"mbb","RADFORD HIGHLANDERS","RAD"
"mbb","RGV","RGV"
"mbb","RHODE ISLAND","URI"
"mbb","RHODE ISLAND RAMS","URI"
"mbb","RICE","RICE"
"mbb","RICE OWLS","RICE"
"mbb","RICH","RICH"
"mbb","RICHMOND","RICH"
"mbb","RICHMOND SPIDERS","RICH"
"mbb","RID","RID"
"mbb","RIDER","RID"
"mbb","RIDER BRONCS","RID"
"mbb","RMU","RMU"
"mbb","ROBERT MORRIS","RMU"
"mbb","ROBERT MORRIS COLONIALS","RMU"
"mbb","RUTG","RUTG"
"mbb","RUTGERS","RUTG"
"mbb","RUTGERS SCARLET KNIGHTS","RUTG"
"mbb","S DAKOTA ST","SDST"
"mbb","S ILLINOIS","SIU"
"mbb","S INDIANA","USI"
"mbb","SAC","SAC"
"mbb","SACRAMENTO ST","SAC"
"mbb","SACRAMENTO ST.","SAC"
"mbb","SACRAMENTO STATE","SAC"
"mbb","SACRAMENTO STATE HORNETS","SAC"
"mbb","SACRED HEART","SHU"
"mbb","SACRED HEART PIONEERS","SHU"
"mbb","SAINT FRANCIS","SFPA"
"mbb","SAINT FRANCIS (PA)","SFPA"
"mbb","SAINT FRANCIS RED WOLVES","SFPA"
"mbb","SAINT JOSEPH'S","JOES"
"mbb","SAINT JOSEPH'S HAWKS","JOES"
"mbb","SAINT LOUIS","SLU"
"mbb","SAINT LOUIS BILLIKENS","SLU"
"mbb","SAINT MARY'S","SMC"
"mbb","SAINT MARY'S (CA)","SMC"
"mbb","SAINT MARY'S GAELS","SMC"
"mbb","SAINT PETER'S","SPU"
"mbb","SAINT PETER'S PEACOCKS","SPU"
"mbb","SAM","SAM"
"mbb","SAM HOUSTON","SHSU"
"mbb","SAM HOUSTON BEARKATS","SHSU"
"mbb","SAM HOUSTON ST.","SHSU"
"mbb","SAMFORD","SAM"
"mbb","SAMFORD BULLDOGS","SAM"
"mbb","SAN DIEGO","USD"
"mbb","SAN DIEGO ST","SDSU"
"mbb","SAN DIEGO ST.","SDSU"
"mbb","SAN DIEGO STATE","SDSU"
"mbb","SAN DIEGO STATE AZTECS","SDSU"
"mbb","SAN DIEGO TOREROS","USD"
"mbb","SAN FRANCISCO","SF"
"mbb","SAN FRANCISCO DONS","SF"
"mbb","SAN JOSE ST.","SJSU"
"mbb","SAN JOSÉ ST","SJSU"
"mbb","SAN JOSÉ STATE","SJSU"
"mbb","SAN JOSÉ STATE SPARTANS","SJSU"
"mbb","SANTA BARBARA","UCSB"
"mbb","SANTA CLARA","SCU"
"mbb","SANTA CLARA BRONCOS","SCU"
"mbb","SB","Sun Belt"
"mbb","SBU","SBU"
"mbb","SC","SC"
"mbb","SC STATE","SCST"
"mbb","SC UPSTATE","UPST"
"mbb","SCST","SCST"
"mbb","SCU","SCU"
"mbb","SDAK","SDAK"
"mbb","SDST","SDST"
"mbb","SDSU","SDSU"
"mbb","SE LOUISIANA","SELA"
"mbb","SE LOUISIANA LIONS","SELA"
"mbb","SE MISSOURI","SEMO"
"mbb","SEA","SEA"
"mbb","SEATTLE","SEA"
"mbb","SEATTLE U","SEA"
"mbb","SEATTLE U REDHAWKS","SEA"
"mbb","SEC","SEC"
"mbb","SELA","SELA"
"mbb","SEMO","SEMO"
"mbb","SETON HALL","HALL"
"mbb","SETON HALL PIRATES","HALL"
"mbb","SF","SF"
"mbb","SF AUSTIN","SFA"
"mbb","SFA","SFA"
"mbb","SFPA","SFPA"
"mbb","SHSU","SHSU"
"mbb","SHU","SHU"
"mbb","SIE","SIE"
"mbb","SIENA","SIE"
"mbb","SIENA SAINTS","SIE"
"mbb","SIU","SIU"
"mbb","SIU EDWARDSVILLE","SIUE"
"mbb","SIU EDWARDSVILLE COUGARS","SIUE"
"mbb","SIUE","SIUE"
"mbb","SJSU","SJSU"
"mbb","SJU","SJU"
"mbb","SLND","Southland"
"mbb","SLU","SLU"
"mbb","SMC","SMC"
"mbb","SMU","SMU"
"mbb","SMU MUSTANGS","SMU"
"mbb","SOCON","SoCon"
"mbb","SOU","SOU"
"mbb","SOUTH ALABAMA","USA"
"mbb","SOUTH ALABAMA JAGUARS","USA"
"mbb","SOUTH CAROLINA","SC"
"mbb","SOUTH CAROLINA GAMECOCKS","SC"
"mbb","SOUTH CAROLINA ST.","SCST"
"mbb","SOUTH CAROLINA STATE","SCST"
"mbb","SOUTH CAROLINA STATE BULLDOGS","SCST"
"mbb","SOUTH CAROLINA UPSTATE","UPST"
"mbb","SOUTH CAROLINA UPSTATE SPARTANS","UPST"
"mbb","SOUTH DAKOTA","SDAK"
"mbb","SOUTH DAKOTA COYOTES","SDAK"
"mbb","SOUTH DAKOTA ST.","SDST"
"mbb","SOUTH DAKOTA STATE","SDST"
"mbb","SOUTH DAKOTA STATE JACKRABBITS","SDST"
"mbb","SOUTH FLA.","USF"
"mbb","SOUTH FLORIDA","USF"
"mbb","SOUTH FLORIDA BULLS","USF"
"mbb","SOUTHEAST MISSOURI","SEMO"
"mbb","SOUTHEAST MISSOURI ST.","SEMO"
"mbb","SOUTHEAST MISSOURI STATE","SEMO"
"mbb","SOUTHEAST MISSOURI STATE REDHAWKS","SEMO"
"mbb","SOUTHEAST MO. ST.","SEMO"
"mbb","SOUTHEASTERN CONFERENCE","SEC"
"mbb","SOUTHEASTERN LA.","SELA"
"mbb","SOUTHEASTERN LOUISIANA","SELA"
"mbb","SOUTHERN","SOU"
"mbb","SOUTHERN CALIFORNIA","USC"
"mbb","SOUTHERN CONFERENCE","SoCon"
"mbb","SOUTHERN ILL.","SIU"
"mbb","SOUTHERN ILLINOIS","SIU"
"mbb","SOUTHERN ILLINOIS SALUKIS","SIU"
"mbb","SOUTHERN IND.","USI"
"mbb","SOUTHERN INDIANA","USI"
"mbb","SOUTHERN INDIANA SCREAMING EAGLES","USI"
"mbb","SOUTHERN JAGUARS","SOU"
"mbb","SOUTHERN METHODIST","SMU"
"mbb","SOUTHERN MISS","USM"
"mbb","SOUTHERN MISS GOLDEN EAGLES","USM"
"mbb","SOUTHERN MISS.","USM"
"mbb","SOUTHERN MISSISSIPPI","USM"
"mbb","SOUTHERN U.","SOU"
"mbb","SOUTHERN UTAH","SUU"
"mbb","SOUTHERN UTAH THUNDERBIRDS","SUU"
"mbb","SOUTHLAND","Southland"
"mbb","SOUTHLAND CONFERENCE","Southland"
"mbb","SOUTHWESTERN ATHLETIC CONFERENCE","SWAC"
"mbb","SPU","SPU"
"mbb","ST BONAVENTURE","SBU"
"mbb","ST JOHN'S","SJU"
"mbb","ST THOMAS","STMN"
"mbb","ST. BONAVENTURE","SBU"
"mbb","ST. BONAVENTURE BONNIES","SBU"
"mbb","ST. JOHN'S","SJU"
"mbb","ST. JOHN'S (NY)","SJU"
"mbb","ST. JOHN'S RED STORM","SJU"
"mbb","ST. THOMAS","STMN"
"mbb","ST. THOMAS (MN)","STMN"
"mbb","ST. THOMAS TOMMIES","STMN"
"mbb","STAN","STAN"
"mbb","STANFORD","STAN"
"mbb","STANFORD CARDINAL","STAN"
"mbb","STBK","STBK"
"mbb","STEPHEN F. AUSTIN","SFA"
"mbb","STEPHEN F. AUSTIN LUMBERJACKS","SFA"
"mbb","STET","STET"
"mbb","STETSON","STET"
"mbb","STETSON HATTERS","STET"
"mbb","STMN","STMN"
"mbb","STO","STO"
"mbb","STONEHILL","STO"
"mbb","STONEHILL SKYHAWKS","STO"
"mbb","STONY BROOK","STBK"
"mbb","STONY BROOK SEAWOLVES","STBK"
"mbb","SUM","Summit"
"mbb","SUMM","Summit"
"mbb","SUMMIT","Summit"
"mbb","SUMMIT LEAGUE","Summit"
"mbb","SUN BELT","Sun Belt"
"mbb","SUN BELT CONFERENCE","Sun Belt"
"mbb","SUU","SUU"
"mbb","SWAC","SWAC"
"mbb","SYR","SYR"
"mbb","SYRACUSE","SYR"
"mbb","SYRACUSE ORANGE","SYR"
"mbb","TA&M","TA&M"
"mbb","TAAC","Atlantic Sun"
"mbb","TAMUCC","AMCC"
"mbb","TAR","TAR"
"mbb","TARLETON ST","TAR"
"mbb","TARLETON ST.","TAR"
"mbb","TARLETON STATE","TAR"
"mbb","TARLETON STATE TEXANS","TAR"
"mbb","TCU","TCU"
"mbb","TCU HORNED FROGS","TCU"
"mbb","TEM","TEM"
"mbb","TEMPLE","TEM"
"mbb","TEMPLE OWLS","TEM"
"mbb","TENN","TENN"
"mbb","TENNESSEE","TENN"
"mbb","TENNESSEE MARTIN","UTM"
"mbb","TENNESSEE ST","TNST"
"mbb","TENNESSEE ST.","TNST"
"mbb","TENNESSEE STATE","TNST"
"mbb","TENNESSEE STATE TIGERS","TNST"
"mbb","TENNESSEE TECH","TNTC"
"mbb","TENNESSEE TECH GOLDEN EAGLES","TNTC"
"mbb","TENNESSEE VOLUNTEERS","TENN"
"mbb","TENNESSEE-MARTIN","UTM"
"mbb","TEX","TEX"
"mbb","TEX. A&M-COMMERCE","ETAM"
"mbb","TEXAS","TEX"
"mbb","TEXAS A&M","TA&M"
"mbb","TEXAS A&M AGGIES","TA&M"
"mbb","TEXAS A&M CORPUS CHRIS","AMCC"
"mbb","TEXAS A&M-CC","AMCC"
"mbb","TEXAS A&M-CORPUS CHRISTI","AMCC"
"mbb","TEXAS A&M-CORPUS CHRISTI ISLANDERS","AMCC"
"mbb","TEXAS CHRISTIAN","TCU"
"mbb","TEXAS LONGHORNS","TEX"
"mbb","TEXAS SOUTHERN","TXSO"
"mbb","TEXAS SOUTHERN TIGERS","TXSO"
"mbb","TEXAS ST","TXST"
"mbb","TEXAS ST.","TXST"
"mbb","TEXAS STATE","TXST"
"mbb","TEXAS STATE BOBCATS","TXST"
"mbb","TEXAS TECH","TTU"
"mbb","TEXAS TECH RED RAIDERS","TTU"
"mbb","TEXAS-RIO GRANDE VALLEY","RGV"
"mbb","THE CITADEL","CIT"
"mbb","THE CITADEL BULLDOGS","CIT"
"mbb","THE SUMMIT LEAGUE","Summit"
"mbb","TLSA","TLSA"
"mbb","TNST","TNST"
"mbb","TNTC","TNTC"
"mbb","TOL","TOL"
"mbb","TOLEDO","TOL"
"mbb","TOLEDO ROCKETS","TOL"
"mbb","TOW","TOW"
"mbb","TOWSON","TOW"
"mbb","TOWSON TIGERS","TOW"
"mbb","TRANS AMERICA ATHLETIC CONFERENCE","Atlantic Sun"
"mbb","TROY","TROY"
"mbb","TROY TROJANS","TROY"
"mbb","TTU","TTU"
"mbb","TULANE","TULN"
"mbb","TULANE GREEN WAVE","TULN"
"mbb","TULN","TULN"
"mbb","TULSA","TLSA"
"mbb","TULSA GOLDEN HURRICANE","TLSA"
"mbb","TXSO","TXSO"
"mbb","TXST","TXST"
"mbb","UAB","UAB"
"mbb","UAB BLAZERS","UAB"
"mbb","UALB","UALB"
"mbb","UALBANY","UALB"
"mbb","UALBANY GREAT DANES","UALB"
"mbb","UAPB","UAPB"
"mbb","UC DAVIS","UCD"
"mbb","UC DAVIS AGGIES","UCD"
"mbb","UC IRVINE","UCI"
"mbb","UC IRVINE ANTEATERS","UCI"
"mbb","UC RIVERSIDE","UCR"
"mbb","UC RIVERSIDE HIGHLANDERS","UCR"
"mbb","UC SAN DIEGO","UCSD"
"mbb","UC SAN DIEGO TRITONS","UCSD"
"mbb","UC SANTA BARBARA","UCSB"
"mbb","UC SANTA BARBARA GAUCHOS","UCSB"
"mbb","UCD","UCD"
"mbb","UCF","UCF"
"mbb","UCF KNIGHTS","UCF"
"mbb","UCI","UCI"
"mbb","UCLA","UCLA"
"mbb","UCLA BRUINS","UCLA"
"mbb","UCONN","CONN"
"mbb","UCONN HUSKIES","CONN"
"mbb","UCR","UCR"
"mbb","UCSB","UCSB"
"mbb","UCSD","UCSD"
"mbb","UGA","UGA"
"mbb","UIC","UIC"
"mbb","UIC FLAMES","UIC"
"mbb","UIW","UIW"
"mbb","UK","UK"
"mbb","UL","UL"
"mbb","UL MONROE","ULM"
"mbb","UL MONROE WARHAWKS","ULM"
"mbb","ULM","ULM"
"mbb","UMASS","MASS"
"mbb","UMASS LOWELL","UML"
"mbb","UMASS LOWELL RIVER HAWKS","UML"
"mbb","UMBC","UMBC"
"mbb","UMBC RETRIEVERS","UMBC"
"mbb","UMES","UMES"
"mbb","UMKC","KC"
"mbb","UML","UML"
"mbb","UNA","UNA"
"mbb","UNC","UNC"
"mbb","UNC ASHEVILLE","UNCA"
"mbb","UNC ASHEVILLE BULLDOGS","UNCA"
"mbb","UNC GREENSBORO","UNCG"
"mbb","UNC GREENSBORO SPARTANS","UNCG"
"mbb","UNC WILMINGTON","UNCW"
"mbb","UNC WILMINGTON SEAHAWKS","UNCW"
"mbb","UNCA","UNCA"
"mbb","UNCG","UNCG"
"mbb","UNCO","UNCO"
"mbb","UNCW","UNCW"
"mbb","UND","UND"
"mbb","UNF","UNF"
"mbb","UNH","UNH"
"mbb","UNI","UNI"
"mbb","UNLV","UNLV"
"mbb","UNLV REBELS","UNLV"
"mbb","UNM","UNM"
"mbb","UNO","NOLA"
"mbb","UNT","UNT"
"mbb","UPST","UPST"
"mbb","URI","URI"
"mbb","USA","USA"
"mbb","USC","USC"
"mbb","USC TROJANS","USC"
"mbb","USC UPSTATE","UPST"
"mbb","USD","USD"
"mbb","USF","USF"
"mbb","USI","USI"
"mbb","USM","USM"
"mbb","USU","USU"
"mbb","UT ARLINGTON","UTA"
"mbb","UT ARLINGTON MAVERICKS","UTA"
"mbb","UT MARTIN","UTM"
"mbb","UT MARTIN SKYHAWKS","UTM"
"mbb","UT RIO GRANDE","RGV"
"mbb","UT RIO GRANDE VALLEY","RGV"
"mbb","UT RIO GRANDE VALLEY VAQUEROS","RGV"
"mbb","UTA","UTA"
"mbb","UTAH","UTAH"
"mbb","UTAH ST.","USU"
"mbb","UTAH STATE","USU"
"mbb","UTAH STATE AGGIES","USU"
"mbb","UTAH TECH","UTU"
"mbb","UTAH TECH TRAILBLAZERS","UTU"
"mbb","UTAH UTES","UTAH"
"mbb","UTAH VALLEY","UVU"
"mbb","UTAH VALLEY WOLVERINES","UVU"
"mbb","UTC","UTC"
"mbb","UTEP","UTEP"
"mbb","UTEP MINERS","UTEP"
"mbb","UTM","UTM"
"mbb","UTRGV","RGV"
"mbb","UTSA","UTSA"
"mbb","UTSA ROADRUNNERS","UTSA"
"mbb","UTU","UTU"
"mbb","UVA","UVA"
"mbb","UVM","UVM"
"mbb","UVU","UVU"
"mbb","UWF","UWF"
"mbb","VAL","VAL"
"mbb","VALPARAISO","VAL"
"mbb","VALPARAISO BEACONS","VAL"
"mbb","VAN","VAN"
"mbb","VANDERBILT","VAN"
"mbb","VANDERBILT COMMODORES","VAN"
"mbb","VCU","VCU"
"mbb","VCU RAMS","VCU"
"mbb","VERMONT","UVM"
"mbb","VERMONT CATAMOUNTS","UVM"
"mbb","VILL","VILL"
"mbb","VILLANOVA","VILL"
"mbb","VILLANOVA WILDCATS","VILL"
"mbb","VIRGINIA","UVA"
"mbb","VIRGINIA CAVALIERS","UVA"
"mbb","VIRGINIA COMMONWEALTH","VCU"
"mbb","VIRGINIA TECH","VT"
"mbb","VIRGINIA TECH HOKIES","VT"
"mbb","VMI","VMI"
"mbb","VMI KEYDETS","VMI"
"mbb","VT","VT"
"mbb","W CAROLINA","WCU"
"mbb","W ILLINOIS","WIU"
"mbb","W MICHIGAN","WMU"
"mbb","W&M","W&M"
"mbb","WAC","WAC"
"mbb","WAG","WAG"
"mbb","WAGNER","WAG"
"mbb","WAGNER SEAHAWKS","WAG"
"mbb","WAKE","WAKE"
"mbb","WAKE FOREST","WAKE"
"mbb","WAKE FOREST DEMON DEACONS","WAKE"
"mbb","WASH","WASH"
"mbb","WASHINGTON","WASH"
"mbb","WASHINGTON HUSKIES","WASH"
"mbb","WASHINGTON ST","WSU"
"mbb","WASHINGTON ST.","WSU"
"mbb","WASHINGTON STATE","WSU"
"mbb","WASHINGTON STATE COUGARS","WSU"
"mbb","WCC","WCC"
"mbb","WCU","WCU"
"mbb","WEB","WEB"
"mbb","WEBER ST","WEB"
"mbb","WEBER ST.","WEB"
"mbb","WEBER STATE","WEB"
"mbb","WEBER STATE WILDCATS","WEB"
"mbb","WEST COAST","WCC"
"mbb","WEST COAST CONFERENCE","WCC"
"mbb","WEST FLORIDA","UWF"
"mbb","WEST FLORIDA ARGONAUTS","UWF"
"mbb","WEST GA.","WGA"
"mbb","WEST GEORGIA","WGA"
"mbb","WEST GEORGIA WOLVES","WGA"
"mbb","WEST VIRGINIA","WVU"
"mbb","WEST VIRGINIA MOUNTAINEERS","WVU"
"mbb","WESTERN ATHLETIC CONFERENCE","WAC"
"mbb","WESTERN CARO.","WCU"
"mbb","WESTERN CAROLINA","WCU"
"mbb","WESTERN CAROLINA CATAMOUNTS","WCU"
"mbb","WESTERN ILL.","WIU"
"mbb","WESTERN ILLINOIS","WIU"
"mbb","WESTERN ILLINOIS LEATHERNECKS","WIU"
"mbb","WESTERN KENTUCKY","WKU"
"mbb","WESTERN KENTUCKY HILLTOPPERS","WKU"
"mbb","WESTERN KY","WKU"
"mbb","WESTERN KY.","WKU"
"mbb","WESTERN MICH.","WMU"
"mbb","WESTERN MICHIGAN","WMU"
"mbb","WESTERN MICHIGAN BRONCOS","WMU"
"mbb","WGA","WGA"
"mbb","WICH","WICH"
"mbb","WICHITA ST","WICH"
"mbb","WICHITA ST.","WICH"
"mbb","WICHITA STATE","WICH"
"mbb","WICHITA STATE SHOCKERS","WICH"
"mbb","WILLIAM & MARY","W&M"
"mbb","WILLIAM & MARY TRIBE","W&M"
"mbb","WIN","WIN"
"mbb","WINTHROP","WIN"
"mbb","WINTHROP EAGLES","WIN"
"mbb","WIS","WIS"
"mbb","WISCONSIN","WIS"
"mbb","WISCONSIN BADGERS","WIS"
"mbb","WIU","WIU"
"mbb","WKU","WKU"
"mbb","WMU","WMU"
"mbb","WOF","WOF"
"mbb","WOFFORD","WOF"
"mbb","WOFFORD TERRIERS","WOF"
"mbb","WRIGHT ST","WRST"
"mbb","WRIGHT ST.","WRST"
"mbb","WRIGHT STATE","WRST"
"mbb","WRIGHT STATE RAIDERS","WRST"
"mbb","WRST","WRST"
"mbb","WSU","WSU"
"mbb","WVU","WVU"
"mbb","WYO","WYO"
"mbb","WYOMING","WYO"
"mbb","WYOMING COWBOYS","WYO"
"mbb","XAV","XAV"
"mbb","XAVIER","XAV"
"mbb","XAVIER MUSKETEERS","XAV"
"mbb","YALE","YALE"
"mbb","YALE BULLDOGS","YALE"
"mbb","YOUNGSTOWN ST","YSU"
"mbb","YOUNGSTOWN ST.","YSU"
"mbb","YOUNGSTOWN STATE","YSU"
"mbb","YOUNGSTOWN STATE PENGUINS","YSU"
"mbb","YSU","YSU"
"mlb","ANA","LAA"
"mlb","ANGELS","LAA"
"mlb","ARI","ARI"
"mlb","ARIZONA","ARI"
"mlb","ARIZONA DIAMONDBACKS","ARI"
"mlb","ARZ","ARI"
"mlb","ASTROS","HOU"
"mlb","ATH","ATH"
"mlb","ATHLETICS","ATH"
"mlb","ATL","ATL"
"mlb","ATLANTA","ATL"
"mlb","ATLANTA BRAVES","ATL"
"mlb","AZ","ARI"
"mlb","BAL","BAL"
"mlb","BALTIMORE","BAL"
"mlb","BALTIMORE ORIOLES","BAL"
"mlb","BLUE JAYS","TOR"
"mlb","BOS","BOS"
"mlb","BOSTON","BOS"
"mlb","BOSTON RED SOX","BOS"
"mlb","BRAVES","ATL"
"mlb","BREWERS","MIL"
"mlb","CARDINALS","STL"
"mlb","CHA","CHW"
"mlb","CHC","CHC"
"mlb","CHICAGO","CHC"
"mlb","CHICAGO CUBS","CHC"
"mlb","CHICAGO WHITE SOX","CHW"
"mlb","CHN","CHC"
"mlb","CHW","CHW"
"mlb","CIN","CIN"
"mlb","CINCINNATI","CIN"
"mlb","CINCINNATI REDS","CIN"
"mlb","CLE","CLE"
"mlb","CLEVELAND","CLE"
"mlb","CLEVELAND GUARDIANS","CLE"
"mlb","COL","COL"
"mlb","COLORADO","COL"
"mlb","COLORADO ROCKIES","COL"
"mlb","CUBS","CHC"
"mlb","CWS","CHW"
"mlb","DET","DET"
"mlb","DETROIT","DET"
"mlb","DETROIT TIGERS","DET"
"mlb","DIAMONDBACKS","ARI"
"mlb","DODGERS","LAD"
"mlb","GIANTS","SF"
"mlb","GUARDIANS","CLE"
"mlb","HOU","HOU"
"mlb","HOUSTON","HOU"
"mlb","HOUSTON ASTROS","HOU"
"mlb","KANSAS CITY","KC"
"mlb","KANSAS CITY ROYALS","KC"
"mlb","KC","KC"
"mlb","KCA","KC"
"mlb","KCR","KC"
"mlb","LAA","LAA"
"mlb","LAD","LAD"
"mlb","LAN","LAD"
"mlb","LOS ANGELES","LAA"
"mlb","LOS ANGELES ANGELS","LAA"
"mlb","LOS ANGELES DODGERS","LAD"
"mlb","MARINERS","SEA"
"mlb","MARLINS","MIA"
"mlb","METS","NYM"
"mlb","MIA","MIA"
"mlb","MIAMI","MIA"
"mlb","MIAMI MARLINS","MIA"
"mlb","MIL","MIL"
"mlb","MILWAUKEE","MIL"
"mlb","MILWAUKEE BREWERS","MIL"
"mlb","MIN","MIN"
"mlb","MINNESOTA","MIN"
"mlb","MINNESOTA TWINS","MIN"
"mlb","NATIONALS","WSH"
"mlb","NEW YORK","NYM"
"mlb","NEW YORK METS","NYM"
"mlb","NEW YORK YANKEES","NYY"
"mlb","NYA","NYY"
"mlb","NYM","NYM"
"mlb","NYN","NYM"
"mlb","NYY","NYY"
"mlb","OAK","ATH"
"mlb","ORIOLES","BAL"
"mlb","PADRES","SD"
"mlb","PHI","PHI"
"mlb","PHILADELPHIA","PHI"
"mlb","PHILADELPHIA PHILLIES","PHI"
"mlb","PHILLIES","PHI"
"mlb","PIRATES","PIT"
"mlb","PIT","PIT"
"mlb","PITTSBURGH","PIT"
"mlb","PITTSBURGH PIRATES","PIT"
"mlb","RANGERS","TEX"
"mlb","RAYS","TB"
"mlb","RED SOX","BOS"
"mlb","REDS","CIN"
"mlb","ROCKIES","COL"
"mlb","ROYALS","KC"
"mlb","SAN DIEGO","SD"
"mlb","SAN DIEGO PADRES","SD"
"mlb","SAN FRANCISCO","SF"
"mlb","SAN FRANCISCO GIANTS","SF"
"mlb","SD","SD"
"mlb","SDN","SD"
"mlb","SDP","SD"
"mlb","SEA","SEA"
"mlb","SEATTLE","SEA"
"mlb","SEATTLE MARINERS","SEA"
"mlb","SF","SF"
"mlb","SFG","SF"
"mlb","SFN","SF"
"mlb","SLN","STL"
"mlb","ST. LOUIS","STL"
"mlb","ST. LOUIS CARDINALS","STL"
"mlb","STL","STL"
"mlb","TAMPA BAY","TB"
"mlb","TAMPA BAY RAYS","TB"
"mlb","TB","TB"
"mlb","TBA","TB"
"mlb","TBR","TB"
"mlb","TEX","TEX"
"mlb","TEXAS","TEX"
"mlb","TEXAS RANGERS","TEX"
"mlb","TIGERS","DET"
"mlb","TOR","TOR"
"mlb","TORONTO","TOR"
"mlb","TORONTO BLUE JAYS","TOR"
"mlb","TWINS","MIN"
"mlb","WAS","WSH"
"mlb","WASHINGTON","WSH"
"mlb","WASHINGTON NATIONALS","WSH"
"mlb","WHITE SOX","CHW"
"mlb","WSH","WSH"
"mlb","WSN","WSH"
"mlb","YANKEES","NYY"
"nba","76ERS","PHI"
"nba","ATL","ATL"
"nba","ATLANTA","ATL"
"nba","ATLANTA HAWKS","ATL"
"nba","BKN","BKN"
"nba","BOS","BOS"
"nba","BOSTON","BOS"
"nba","BOSTON CELTICS","BOS"
"nba","BRK","BKN"
"nba","BROOKLYN","BKN"
"nba","BROOKLYN NETS","BKN"
"nba","BUCKS","MIL"
"nba","BULLS","CHI"
"nba","CAVALIERS","CLE"
"nba","CELTICS","BOS"
"nba","CHA","CHA"
"nba","CHARLOTTE","CHA"
"nba","CHARLOTTE HORNETS","CHA"
"nba","CHH","CHA"
"nba","CHI","CHI"
"nba","CHICAGO","CHI"
"nba","CHICAGO BULLS","CHI"
"nba","CHO","CHA"
"nba","CLE","CLE"
"nba","CLEVELAND","CLE"
"nba","CLEVELAND CAVALIERS","CLE"
"nba","CLIPPERS","LAC"
"nba","DAL","DAL"
"nba","DALLAS","DAL"
"nba","DALLAS MAVERICKS","DAL"
"nba","DEN","DEN"
"nba","DENVER","DEN"
"nba","DENVER NUGGETS","DEN"
"nba","DET","DET"
"nba","DETROIT","DET"
"nba","DETROIT PISTONS","DET"
"nba","GOLDEN STATE","GS"
"nba","GOLDEN STATE WARRIORS","GS"
"nba","GRIZZLIES","MEM"
"nba","GS","GS"
"nba","GSW","GS"
"nba","HAWKS","ATL"
"nba","HEAT","MIA"
"nba","HORNETS","CHA"
"nba","HOU","HOU"
"nba","HOUSTON","HOU"
"nba","HOUSTON ROCKETS","HOU"
"nba","IND","IND"
"nba","INDIANA","IND"
"nba","INDIANA PACERS","IND"
"nba","JAZZ","UTAH"
"nba","KINGS","SAC"
"nba","KNICKS","NY"
"nba","LA","LAC"
"nba","LA CLIPPERS","LAC"
"nba","LAC","LAC"
"nba","LAKERS","LAL"
"nba","LAL","LAL"
"nba","LOS ANGELES","LAL"
"nba","LOS ANGELES LAKERS","LAL"
"nba","MAGIC","ORL"
"nba","MAVERICKS","DAL"
"nba","MEM","MEM"
"nba","MEMPHIS","MEM"
"nba","MEMPHIS GRIZZLIES","MEM"
"nba","MIA","MIA"
"nba","MIAMI","MIA"
"nba","MIAMI HEAT","MIA"
"nba","MIL","MIL"
"nba","MILWAUKEE","MIL"
"nba","MILWAUKEE BUCKS","MIL"
"nba","MIN","MIN"
"nba","MINNESOTA","MIN"
"nba","MINNESOTA TIMBERWOLVES","MIN"
"nba","NETS","BKN"
"nba","NEW ORLEANS","NO"
"nba","NEW ORLEANS PELICANS","NO"
"nba","NEW YORK","NY"
"nba","NEW YORK KNICKS","NY"
"nba","NO","NO"
"nba","NOP","NO"
"nba","NOR","NO"
"nba","NUGGETS","DEN"
"nba","NY","NY"
"nba","NYK","NY"
"nba","OKC","OKC"
"nba","OKLAHOMA CITY","OKC"
"nba","OKLAHOMA CITY THUNDER","OKC"
"nba","ORL","ORL"
"nba","ORLANDO","ORL"
"nba","ORLANDO MAGIC","ORL"
"nba","PACERS","IND"
"nba","PELICANS","NO"
"nba","PHI","PHI"
"nba","PHILADELPHIA","PHI"
"nba","PHILADELPHIA 76ERS","PHI"
"nba","PHO","PHX"
"nba","PHOENIX","PHX"
"nba","PHOENIX SUNS","PHX"
"nba","PHX","PHX"
"nba","PISTONS","DET"
"nba","POR","POR"
"nba","PORTLAND","POR"
"nba","PORTLAND TRAIL BLAZERS","POR"
"nba","RAPTORS","TOR"
"nba","ROCKETS","HOU"
"nba","SA","SA"
"nba","SAC","SAC"
"nba","SACRAMENTO","SAC"
"nba","SACRAMENTO KINGS","SAC"
"nba","SAN ANTONIO","SA"
"nba","SAN ANTONIO SPURS","SA"
"nba","SAS","SA"
"nba","SPURS","SA"
"nba","SUNS","PHX"
"nba","THUNDER","OKC"
"nba","TIMBERWOLVES","MIN"
"nba","TOR","TOR"
"nba","TORONTO","TOR"
"nba","TORONTO RAPTORS","TOR"
"nba","TRAIL BLAZERS","POR"
"nba","UTA","UTAH"
"nba","UTAH","UTAH"
"nba","UTAH JAZZ","UTAH"
"nba","WARRIORS","GS"
"nba","WAS","WSH"
"nba","WASHINGTON","WSH"
"nba","WASHINGTON WIZARDS","WSH"
"nba","WIZARDS","WSH"
"nba","WSH","WSH"
"nfl","49ERS","SF"
"nfl","AFC","AFC"
"nfl","AMERICAN FOOTBALL CONFERENCE","AFC"
"nfl","ARI","ARI"
"nfl","ARIZONA","ARI"
"nfl","ARIZONA CARDINALS","ARI"
"nfl","ARZ","ARI"
"nfl","ATL","ATL"
"nfl","ATLANTA","ATL"
"nfl","ATLANTA FALCONS","ATL"
"nfl","BAL","BAL"
"nfl","BALTIMORE","BAL"
"nfl","BALTIMORE RAVENS","BAL"
"nfl","BEARS","CHI"
"nfl","BENGALS","CIN"
"nfl","BILLS","BUF"
"nfl","BLT","BAL"
"nfl","BRONCOS","DEN"
"nfl","BROWNS","CLE"
"nfl","BUCCANEERS","TB"
"nfl","BUF","BUF"
"nfl","BUFFALO","BUF"
"nfl","BUFFALO BILLS","BUF"
"nfl","CAR","CAR"
"nfl","CARDINALS","ARI"
"nfl","CAROLINA","CAR"
"nfl","CAROLINA PANTHERS","CAR"
"nfl","CHARGERS","LAC"
"nfl","CHI","CHI"
"nfl","CHICAGO","CHI"
"nfl","CHICAGO BEARS","CHI"
"nfl","CHIEFS","KC"
"nfl","CIN","CIN"
"nfl","CINCINNATI","CIN"
"nfl","CINCINNATI BENGALS","CIN"
"nfl","CLE","CLE"
"nfl","CLEVELAND","CLE"
"nfl","CLEVELAND BROWNS","CLE"
"nfl","CLV","CLE"
"nfl","COLTS","IND"
"nfl","COMMANDERS","WAS"
"nfl","COWBOYS","DAL"
"nfl","DAL","DAL"
"nfl","DALLAS","DAL"
"nfl","DALLAS COWBOYS","DAL"
"nfl","DEN","DEN"
"nfl","DENVER","DEN"
"nfl","DENVER BRONCOS","DEN"
"nfl","DET","DET"
"nfl","DETROIT","DET"
"nfl","DETROIT LIONS","DET"
"nfl","DOLPHINS","MIA"
"nfl","EAGLES","PHI"
"nfl","FALCONS","ATL"
"nfl","GB","GB"
"nfl","GIANTS","NYG"
"nfl","GNB","GB"
"nfl","GREEN BAY","GB"
"nfl","GREEN BAY PACKERS","GB"
"nfl","HOU","HOU"
"nfl","HOUSTON","HOU"
"nfl","HOUSTON TEXANS","HOU"
"nfl","HST","HOU"
"nfl","IND","IND"
"nfl","INDIANAPOLIS","IND"
"nfl","INDIANAPOLIS COLTS","IND"
"nfl","JAC","JAX"
"nfl","JACKSONVILLE","JAX"
"nfl","JACKSONVILLE JAGUARS","JAX"
"nfl","JAGUARS","JAX"
"nfl","JAX","JAX"
"nfl","JETS","NYJ"
"nfl","KAN","KC"
"nfl","KANSAS CITY","KC"
"nfl","KANSAS CITY CHIEFS","KC"
"nfl","KC","KC"
"nfl","LA","LA"
"nfl","LAC","LAC"
"nfl","LAR","LA"
"nfl","LAS VEGAS","LV"
"nfl","LAS VEGAS RAIDERS","LV"
"nfl","LIONS","DET"
"nfl","LOS ANGELES","LA"
"nfl","LOS ANGELES CHARGERS","LAC"
"nfl","LOS ANGELES RAMS","LA"
"nfl","LV","LV"
"nfl","LVR","LV"
"nfl","MIA","MIA"
"nfl","MIAMI","MIA"
"nfl","MIAMI DOLPHINS","MIA"
"nfl","MIN","MIN"
"nfl","MINNESOTA","MIN"
"nfl","MINNESOTA VIKINGS","MIN"
"nfl","NATIONAL FOOTBALL CONFERENCE","NFC"
"nfl","NATIONAL FOOTBALL LEAGUE","NFL"
"nfl","NE","NE"
"nfl","NEW ENGLAND","NE"
"nfl","NEW ENGLAND PATRIOTS","NE"
"nfl","NEW ORLEANS","NO"
"nfl","NEW ORLEANS SAINTS","NO"
"nfl","NEW YORK","NYG"
"nfl","NEW YORK GIANTS","NYG"
"nfl","NEW YORK JETS","NYJ"
"nfl","NFC","NFC"
"nfl","NFL","NFL"
"nfl","NO","NO"
"nfl","NOR","NO"
"nfl","NWE","NE"
"nfl","NYG","NYG"
"nfl","NYJ","NYJ"
"nfl","PACKERS","GB"
"nfl","PANTHERS","CAR"
"nfl","PATRIOTS","NE"
"nfl","PHI","PHI"
"nfl","PHILADELPHIA","PHI"
"nfl","PHILADELPHIA EAGLES","PHI"
"nfl","PIT","PIT"
"nfl","PITTSBURGH","PIT"
"nfl","PITTSBURGH STEELERS","PIT"
"nfl","RAIDERS","LV"
"nfl","RAMS","LA"
"nfl","RAVENS","BAL"
"nfl","SAINTS","NO"
"nfl","SAN FRANCISCO","SF"
"nfl","SAN FRANCISCO 49ERS","SF"
"nfl","SEA","SEA"
"nfl","SEAHAWKS","SEA"
"nfl","SEATTLE","SEA"
"nfl","SEATTLE SEAHAWKS","SEA"
"nfl","SF","SF"
"nfl","SFO","SF"
"nfl","STEELERS","PIT"
"nfl","TAM","TB"
"nfl","TAMPA BAY","TB"
"nfl","TAMPA BAY BUCCANEERS","TB"
"nfl","TB","TB"
"nfl","TEN","TEN"
"nfl","TENNESSEE","TEN"
"nfl","TENNESSEE TITANS","TEN"
"nfl","TEXANS","HOU"
"nfl","TITANS","TEN"
"nfl","VIKINGS","MIN"
"nfl","WAS","WAS"
"nfl","WASHINGTON","WAS"
"nfl","WASHINGTON COMMANDERS","WAS"
"nfl","WFT","WAS"
"nfl","WSH","WAS"
"nhl","ANA","ANA"
"nhl","ANAHEIM","ANA"
"nhl","ANAHEIM DUCKS","ANA"
"nhl","AVALANCHE","COL"
"nhl","BLACKHAWKS","CHI"
"nhl","BLUE JACKETS","CBJ"
"nhl","BLUES","STL"
"nhl","BOS","BOS"
"nhl","BOSTON","BOS"
"nhl","BOSTON BRUINS","BOS"
"nhl","BRUINS","BOS"
"nhl","BUF","BUF"
"nhl","BUFFALO","BUF"
"nhl","BUFFALO SABRES","BUF"
"nhl","CALGARY","CGY"
"nhl","CALGARY FLAMES","CGY"
"nhl","CANADIENS","MTL"
"nhl","CANUCKS","VAN"
"nhl","CAPITALS","WSH"
"nhl","CAR","CAR"
"nhl","CAROLINA","CAR"
"nhl","CAROLINA HURRICANES","CAR"
"nhl","CBJ","CBJ"
"nhl","CGY","CGY"
"nhl","CHI","CHI"
"nhl","CHICAGO","CHI"
"nhl","CHICAGO BLACKHAWKS","CHI"
"nhl","CLB","CBJ"
"nhl","COL","COL"
"nhl","COLORADO","COL"
"nhl","COLORADO AVALANCHE","COL"
"nhl","COLUMBUS","CBJ"
"nhl","COLUMBUS BLUE JACKETS","CBJ"
"nhl","DAL","DAL"
"nhl","DALLAS","DAL"
"nhl","DALLAS STARS","DAL"
"nhl","DET","DET"
"nhl","DETROIT","DET"
"nhl","DETROIT RED WINGS","DET"
"nhl","DEVILS","NJ"
"nhl","DUCKS","ANA"
"nhl","EDM","EDM"
"nhl","EDMONTON","EDM"
"nhl","EDMONTON OILERS","EDM"
"nhl","FLA","FLA"
"nhl","FLAMES","CGY"
"nhl","FLORIDA","FLA"
"nhl","FLORIDA PANTHERS","FLA"
"nhl","FLYERS","PHI"
"nhl","GOLDEN KNIGHTS","VGK"
"nhl","HURRICANES","CAR"
"nhl","ISLANDERS","NYI"
"nhl","JETS","WPG"
"nhl","KINGS","LA"
"nhl","KRAKEN","SEA"
"nhl","LA","LA"
"nhl","LAK","LA"
"nhl","LIGHTNING","TB"
"nhl","LOS ANGELES","LA"
"nhl","LOS ANGELES KINGS","LA"
"nhl","MAMMOTH","UTAH"
"nhl","MAPLE LEAFS","TOR"
"nhl","MIN","MIN"
"nhl","MINNESOTA","MIN"
"nhl","MINNESOTA WILD","MIN"
"nhl","MON","MTL"
"nhl","MONTREAL","MTL"
"nhl","MONTREAL CANADIENS","MTL"
"nhl","MTL","MTL"
"nhl","NAS","NSH"
"nhl","NASHVILLE","NSH"
"nhl","NASHVILLE PREDATORS","NSH"
"nhl","NEW JERSEY","NJ"
"nhl","NEW JERSEY DEVILS","NJ"
"nhl","NEW YORK","NYI"
"nhl","NEW YORK ISLANDERS","NYI"
"nhl","NEW YORK RANGERS","NYR"
"nhl","NJ","NJ"
"nhl","NJD","NJ"
"nhl","NSH","NSH"
"nhl","NYI","NYI"
"nhl","NYR","NYR"
"nhl","OILERS","EDM"
"nhl","OTT","OTT"
"nhl","OTTAWA","OTT"
"nhl","OTTAWA SENATORS","OTT"
"nhl","PANTHERS","FLA"
"nhl","PENGUINS","PIT"
"nhl","PHI","PHI"
"nhl","PHILADELPHIA","PHI"
"nhl","PHILADELPHIA FLYERS","PHI"
"nhl","PIT","PIT"
"nhl","PITTSBURGH","PIT"
"nhl","PITTSBURGH PENGUINS","PIT"
"nhl","PREDATORS","NSH"
"nhl","RANGERS","NYR"
"nhl","RED WINGS","DET"
"nhl","SABRES","BUF"
"nhl","SAN JOSE","SJ"
"nhl","SAN JOSE SHARKS","SJ"
"nhl","SEA","SEA"
"nhl","SEATTLE","SEA"
"nhl","SEATTLE KRAKEN","SEA"
"nhl","SENATORS","OTT"
"nhl","SHARKS","SJ"
"nhl","SJ","SJ"
"nhl","SJS","SJ"
"nhl","ST. LOUIS","STL"
"nhl","ST. LOUIS BLUES","STL"
"nhl","STARS","DAL"
"nhl","STL","STL"
"nhl","TAMPA BAY","TB"
"nhl","TAMPA BAY LIGHTNING","TB"
"nhl","TB","TB"
"nhl","TBL","TB"
"nhl","TOR","TOR"
"nhl","TORONTO","TOR"
"nhl","TORONTO MAPLE LEAFS","TOR"
"nhl","UTA","UTAH"
"nhl","UTAH","UTAH"
"nhl","UTAH MAMMOTH","UTAH"
"nhl","VAN","VAN"
"nhl","VANCOUVER","VAN"
"nhl","VANCOUVER CANUCKS","VAN"
"nhl","VEG","VGK"
"nhl","VEGAS","VGK"
"nhl","VEGAS GOLDEN KNIGHTS","VGK"
"nhl","VGK","VGK"
"nhl","WAS","WSH"
"nhl","WASHINGTON","WSH"
"nhl","WASHINGTON CAPITALS","WSH"
"nhl","WILD","MIN"
"nhl","WINNIPEG","WPG"
"nhl","WINNIPEG JETS","WPG"
"nhl","WPG","WPG"
"nhl","WSH","WSH"
"wbb","A&M-CORPUS CHRISTI","AMCC"
"wbb","A-10","A-10"
"wbb","A-SUN","Atlantic Sun"
"wbb","A10","A-10"
"wbb","AAC","AAC"
"wbb","AAMU","AAMU"
"wbb","ABILENE CHRISTIAN","ACU"
"wbb","ABILENE CHRISTIAN WILDCATS","ACU"
"wbb","ABILENE CHRSTN","ACU"
"wbb","ACC","ACC"
"wbb","ACU","ACU"
"wbb","AE","Am. East"
"wbb","AEAST","Am. East"
"wbb","AEC","Am. East"
"wbb","AF","AF"
"wbb","AFA","AF"
"wbb","AIR FORCE","AF"
"wbb","AIR FORCE FALCONS","AF"
"wbb","AKR","AKR"
"wbb","AKRON","AKR"
"wbb","AKRON ZIPS","AKR"
"wbb","ALA","ALA"
"wbb","ALABAMA","ALA"
"wbb","ALABAMA A&M","AAMU"
"wbb","ALABAMA A&M BULLDOGS","AAMU"
"wbb","ALABAMA CRIMSON TIDE","ALA"
"wbb","ALABAMA ST","ALST"
"wbb","ALABAMA ST.","ALST"
"wbb","ALABAMA STATE","ALST"
"wbb","ALABAMA STATE LADY HORNETS","ALST"
"wbb","ALBANY","UALB"
"wbb","ALBANY (NY)","UALB"
"wbb","ALCN","ALCN"
"wbb","ALCORN","ALCN"
"wbb","ALCORN ST","ALCN"
"wbb","ALCORN ST.","ALCN"
"wbb","ALCORN STATE","ALCN"
"wbb","ALCORN STATE LADY BRAVES","ALCN"
"wbb","ALST","ALST"
"wbb","AM. EAST","Am. East"
"wbb","AMCC","AMCC"
"wbb","AMER","AMER"
"wbb","AMERICA EAST","Am. East"
"wbb","AMERICA EAST CONFERENCE","Am. East"
"wbb","AMERICAN","AMER"
"wbb","AMERICAN ATHLETIC CONFERENCE","AAC"
"wbb","AMERICAN CONFERENCE","AAC"
"wbb","AMERICAN UNIVERSITY","AMER"
"wbb","AMERICAN UNIVERSITY EAGLES","AMER"
"wbb","APP","APP"
"wbb","APP STATE","APP"
"wbb","APP STATE MOUNTAINEERS","APP"
"wbb","APPALACHIAN ST.","APP"
"wbb","APPALACHIAN STATE","APP"
"wbb","APSU","APSU"
"wbb","AR-PINE BLUFF","UAPB"
"wbb","ARIZ","ARIZ"
"wbb","ARIZONA","ARIZ"
"wbb","ARIZONA ST","ASU"
"wbb","ARIZONA ST.","ASU"
"wbb","ARIZONA STATE","ASU"
"wbb","ARIZONA STATE SUN DEVILS","ASU"
"wbb","ARIZONA WILDCATS","ARIZ"
"wbb","ARK","ARK"
"wbb","ARK.-PINE BLUFF","UAPB"
"wbb","ARKANSAS","ARK"
"wbb","ARKANSAS PINE BLUFF","UAPB"
"wbb","ARKANSAS RAZORBACKS","ARK"
"wbb","ARKANSAS ST","ARST"
"wbb","ARKANSAS ST.","ARST"
"wbb","ARKANSAS STATE","ARST"
"wbb","ARKANSAS STATE RED WOLVES","ARST"
"wbb","ARKANSAS-PINE BLUFF","UAPB"
"wbb","ARKANSAS-PINE BLUFF GOLDEN LIONS","UAPB"
"wbb","ARMY","ARMY"
"wbb","ARMY BLACK KNIGHTS","ARMY"
"wbb","ARMY WEST POINT","ARMY"
"wbb","ARST","ARST"
"wbb","ASU","ASU"
"wbb","ASUN","Atlantic Sun"
"wbb","ASUN CONFERENCE","Atlantic Sun"
"wbb","ATL10","A-10"
"wbb","ATLANTIC 10","A-10"
"wbb","ATLANTIC 10 CONFERENCE","A-10"
"wbb","ATLANTIC COAST CONFERENCE","ACC"
"wbb","ATLANTIC SUN","Atlantic Sun"
"wbb","ATLANTIC SUN CONFERENCE","Atlantic Sun"
"wbb","AUB","AUB"
"wbb","AUBURN","AUB"
"wbb","AUBURN TIGERS","AUB"
"wbb","AUSTIN PEAY","APSU"
"wbb","AUSTIN PEAY GOVERNORS","APSU"
"wbb","B10","Big Ten"
"wbb","B12","Big 12"
"wbb","BAKERSFIELD","CSUB"
"wbb","BALL","BALL"
"wbb","BALL ST.","BALL"
"wbb","BALL STATE","BALL"
"wbb","BALL STATE CARDINALS","BALL"
"wbb","BAY","BAY"
"wbb","BAYLOR","BAY"
"wbb","BAYLOR BEARS","BAY"
"wbb","BC","BC"
"wbb","BCU","BCU"
"wbb","BE","Big East"
"wbb","BEL","BEL"
"wbb","BELL","BELL"
"wbb","BELLARMINE","BELL"
"wbb","BELLARMINE KNIGHTS","BELL"
"wbb","BELMONT","BEL"
"wbb","BELMONT BRUINS","BEL"
"wbb","BELT","Sun Belt"
"wbb","BETHUNE","BCU"
"wbb","BETHUNE COOKMAN","BCU"
"wbb","BETHUNE-COOKMAN","BCU"
"wbb","BETHUNE-COOKMAN WILDCATS","BCU"
"wbb","BGSU","BGSU"
"wbb","BIG 12","Big 12"
"wbb","BIG 12 CONFERENCE","Big 12"
"wbb","BIG EAST","Big East"
"wbb","BIG EAST CONFERENCE","Big East"
"wbb","BIG SKY","Big Sky"
"wbb","BIG SKY CONFERENCE","Big Sky"
"wbb","BIG SOUTH","Big South"
"wbb","BIG SOUTH CONFERENCE","Big South"
"wbb","BIG TEN","Big Ten"
"wbb","BIG TEN CONFERENCE","Big Ten"
"wbb","BIG WEST","Big West"
"wbb","BIG WEST CONFERENCE","Big West"
"wbb","BIG10","Big Ten"
"wbb","BIG12","Big 12"
"wbb","BIGE","Big East"
"wbb","BIGW","Big West"
"wbb","BING","BING"
"wbb","BINGHAMTON","BING"
"wbb","BINGHAMTON BEARCATS","BING"
"wbb","BOIS","BOIS"
"wbb","BOISE ST","BOIS"
"wbb","BOISE ST.","BOIS"
"wbb","BOISE STATE","BOIS"
"wbb","BOISE STATE BRONCOS","BOIS"
"wbb","BOSTON COLLEGE","BC"
"wbb","BOSTON COLLEGE EAGLES","BC"
"wbb","BOSTON U","BU"
"wbb","BOSTON U.","BU"
"wbb","BOSTON UNIVERSITY","BU"
"wbb","BOSTON UNIVERSITY TERRIERS","BU"
"wbb","BOWLING GREEN","BGSU"
"wbb","BOWLING GREEN FALCONS","BGSU"
"wbb","BRAD","BRAD"
"wbb","BRADLEY","BRAD"
"wbb","BRADLEY BRAVES","BRAD"
"wbb","BRIGHAM YOUNG","BYU"
"wbb","BROWN","BRWN"
"wbb","BROWN BEARS","BRWN"
"wbb","BRWN","BRWN"
"wbb","BRY","BRY"
"wbb","BRYANT","BRY"
"wbb","BRYANT BULLDOGS","BRY"
"wbb","BSKY","Big Sky"
"wbb","BSOU","Big South"
"wbb","BSTH","Big South"
"wbb","BTLR","BTLR"
"wbb","BU","BU"
"wbb","BUCK","BUCK"
"wbb","BUCKNELL","BUCK"
"wbb","BUCKNELL BISON","BUCK"
"wbb","BUF","BUF"
"wbb","BUFF","BUF"
"wbb","BUFFALO","BUF"
"wbb","BUFFALO BULLS","BUF"
"wbb","BUT","BTLR"
"wbb","BUTLER","BTLR"
"wbb","BUTLER BULLDOGS","BTLR"
"wbb","BW","Big West"
"wbb","BYU","BYU"
"wbb","BYU COUGARS","BYU"
"wbb","C ARKANSAS","CARK"
"wbb","C CONNECTICUT","CCSU"
"wbb","C MICHIGAN","CMU"
"wbb","C-USA","CUSA"
"wbb","CA BAPTIST","CBU"
"wbb","CAA","CAA"
"wbb","CAL","CAL"
"wbb","CAL BAPTIST","CBU"
"wbb","CAL POLY","CP"
"wbb","CAL POLY MUSTANGS","CP"
"wbb","CAL ST. BAKERSFIELD","CSUB"
"wbb","CAL ST. FULLERTON","CSUF"
"wbb","CAL ST. NORTHRIDGE","CSUN"
"wbb","CAL STATE BAKERSFIELD","CSUB"
"wbb","CAL STATE BAKERSFIELD ROADRUNNERS","CSUB"
"wbb","CAL STATE FULLERTON","CSUF"
"wbb","CAL STATE FULLERTON TITANS","CSUF"
"wbb","CAL STATE NORTHRIDGE","CSUN"
"wbb","CAL STATE NORTHRIDGE MATADORS","CSUN"
"wbb","CALIFORNIA","CAL"
"wbb","CALIFORNIA BAPTIST","CBU"
"wbb","CALIFORNIA BAPTIST LANCERS","CBU"
"wbb","CALIFORNIA GOLDEN BEARS","CAL"
"wbb","CAM","CAM"
"wbb","CAMPBELL","CAM"
"wbb","CAMPBELL FIGHTING CAMELS","CAM"
"wbb","CAN","CAN"
"wbb","CANISIUS","CAN"
"wbb","CANISIUS GOLDEN GRIFFINS","CAN"
"wbb","CARK","CARK"
"wbb","CBU","CBU"
"wbb","CCSU","CCSU"
"wbb","CCU","CCU"
"wbb","CENTRAL ARK.","CARK"
"wbb","CENTRAL ARKANSAS","CARK"
"wbb","CENTRAL ARKANSAS BEARS","CARK"
"wbb","CENTRAL CONN. ST.","CCSU"
"wbb","CENTRAL CONNECTICUT","CCSU"
"wbb","CENTRAL CONNECTICUT BLUE DEVILS","CCSU"
"wbb","CENTRAL CONNECTICUT STATE","CCSU"
"wbb","CENTRAL MICH.","CMU"
"wbb","CENTRAL MICHIGAN","CMU"
"wbb","CENTRAL MICHIGAN CHIPPEWAS","CMU"
"wbb","CHARLESTON","COFC"
"wbb","CHARLESTON COUGARS","COFC"
"wbb","CHARLESTON SO","CHSO"
"wbb","CHARLESTON SO.","CHSO"
"wbb","CHARLESTON SOUTHERN","CHSO"
"wbb","CHARLESTON SOUTHERN BUCCANEERS","CHSO"
"wbb","CHARLOTTE","CLT"
"wbb","CHARLOTTE 49ERS","CLT"
"wbb","CHATTANOOGA","UTC"
"wbb","CHATTANOOGA MOCS","UTC"
"wbb","CHICAGO ST","CHST"
"wbb","CHICAGO ST.","CHST"
"wbb","CHICAGO STATE","CHST"
"wbb","CHICAGO STATE COUGARS","CHST"
"wbb","CHSO","CHSO"
"wbb","CHST","CHST"
"wbb","CIN","CIN"
"wbb","CINCINNATI","CIN"
"wbb","CINCINNATI BEARCATS","CIN"
"wbb","CLE","CLE"
"wbb","CLEM","CLEM"
"wbb","CLEMSON","CLEM"
"wbb","CLEMSON TIGERS","CLEM"
"wbb","CLEVELAND ST","CLE"
"wbb","CLEVELAND ST.","CLE"
"wbb","CLEVELAND STATE","CLE"
"wbb","CLEVELAND STATE VIKINGS","CLE"
"wbb","CLT","CLT"
"wbb","CMU","CMU"
"wbb","COASTAL","CCU"
"wbb","COASTAL ATHLETIC ASSOCIATION","CAA"
"wbb","COASTAL CAROLINA","CCU"
"wbb","COASTAL CAROLINA CHANTICLEERS","CCU"
"wbb","COFC","COFC"
"wbb","COL. OF CHARLESTON","COFC"
"wbb","COLG","COLG"
"wbb","COLGATE","COLG"
"wbb","COLGATE RAIDERS","COLG"
"wbb","COLLEGE OF CHARLESTON","COFC"
"wbb","COLO","COLO"
"wbb","COLONIAL","CAA"
"wbb","COLONIAL ATHLETIC ASSOCIATION","CAA"
"wbb","COLORADO","COLO"
"wbb","COLORADO BUFFALOES","COLO"
"wbb","COLORADO ST","CSU"
"wbb","COLORADO ST.","CSU"
"wbb","COLORADO STATE","CSU"
"wbb","COLORADO STATE RAMS","CSU"
"wbb","COLU","COLU"
"wbb","COLUMBIA","COLU"
"wbb","COLUMBIA LIONS","COLU"
"wbb","CONFERENCE USA","CUSA"
"wbb","CONN","CONN"
"wbb","CONNECTICUT","CONN"
"wbb","COPP","COPP"
"wbb","COPPIN ST","COPP"
"wbb","COPPIN ST.","COPP"
"wbb","COPPIN STATE","COPP"
"wbb","COPPIN STATE EAGLES","COPP"
"wbb","COR","COR"
"wbb","CORNELL","COR"
"wbb","CORNELL BIG RED","COR"
"wbb","CP","CP"
"wbb","CREI","CREI"
"wbb","CREIGHTON","CREI"
"wbb","CREIGHTON BLUEJAYS","CREI"
"wbb","CSU","CSU"
"wbb","CSU BAKERSFIELD","CSUB"
"wbb","CSU NORTHRIDGE","CSUN"
"wbb","CSUB","CSUB"
"wbb","CSUF","CSUF"
"wbb","CSUN","CSUN"
"wbb","CUSA","CUSA"
"wbb","DART","DART"
"wbb","DARTMOUTH","DART"
"wbb","DARTMOUTH BIG GREEN","DART"
"wbb","DAV","DAV"
"wbb","DAVIDSON","DAV"
"wbb","DAVIDSON WILDCATS","DAV"
"wbb","DAY","DAY"
"wbb","DAYTON","DAY"
"wbb","DAYTON FLYERS","DAY"
"wbb","DEL","DEL"
"wbb","DELAWARE","DEL"
"wbb","DELAWARE BLUE HENS","DEL"
"wbb","DELAWARE ST","DSU"
"wbb","DELAWARE ST.","DSU"
"wbb","DELAWARE STATE","DSU"
"wbb","DELAWARE STATE HORNETS","DSU"
"wbb","DEN","DEN"
"wbb","DENVER","DEN"
"wbb","DENVER PIONEERS","DEN"
"wbb","DEP","DEP"
"wbb","DEPAUL","DEP"
"wbb","DEPAUL BLUE DEMONS","DEP"
"wbb","DETM","DETM"
"wbb","DETROIT MERCY","DETM"
"wbb","DETROIT MERCY TITANS","DETM"
"wbb","DIXIE ST.","UTU"
"wbb","DRAKE","DRKE"
"wbb","DRAKE BULLDOGS","DRKE"
"wbb","DREX","DREX"
"wbb","DREXEL","DREX"
"wbb","DREXEL DRAGONS","DREX"
"wbb","DRKE","DRKE"
"wbb","DSU","DSU"
"wbb","DUKE","DUKE"
"wbb","DUKE BLUE DEVILS","DUKE"
"wbb","DUQ","DUQ"
"wbb","DUQUESNE","DUQ"
"wbb","DUQUESNE DUKES","DUQ"
"wbb","E ILLINOIS","EIU"
"wbb","E KENTUCKY","EKU"
"wbb","E MICHIGAN","EMU"
"wbb","E WASHINGTON","EWU"
"wbb","EAST CAROLINA","ECU"
"wbb","EAST CAROLINA PIRATES","ECU"
"wbb","EAST TENNESSEE ST.","ETSU"
"wbb","EAST TENNESSEE STATE","ETSU"
"wbb","EAST TENNESSEE STATE BUCS","ETSU"
"wbb","EAST TEXAS A&M","ETAM"
"wbb","EAST TEXAS A&M LIONS","ETAM"
"wbb","EASTERN ILL.","EIU"
"wbb","EASTERN ILLINOIS","EIU"
"wbb","EASTERN ILLINOIS PANTHERS","EIU"
"wbb","EASTERN KENTUCKY","EKU"
"wbb","EASTERN KENTUCKY COLONELS","EKU"
"wbb","EASTERN KY.","EKU"
"wbb","EASTERN MICH.","EMU"
"wbb","EASTERN MICHIGAN","EMU"
"wbb","EASTERN MICHIGAN EAGLES","EMU"
"wbb","EASTERN WASH.","EWU"
"wbb","EASTERN WASHINGTON","EWU"
"wbb","EASTERN WASHINGTON EAGLES","EWU"
"wbb","ECU","ECU"
"wbb","EIU","EIU"
"wbb","EKU","EKU"
"wbb","ELON","ELON"
"wbb","ELON PHOENIX","ELON"
"wbb","EMU","EMU"
"wbb","ETAM","ETAM"
"wbb","ETSU","ETSU"
"wbb","EVAN","EVAN"
"wbb","EVANSVILLE","EVAN"
"wbb","EVANSVILLE PURPLE ACES","EVAN"
"wbb","EWU","EWU"
"wbb","FAIR","FAIR"
"wbb","FAIRFIELD","FAIR"
"wbb","FAIRFIELD STAGS","FAIR"
"wbb","FAIRLEIGH DICKINSON","FDU"
"wbb","FAIRLEIGH DICKINSON KNIGHTS","FDU"
"wbb","FAMU","FAMU"
"wbb","FAU","FAU"
"wbb","FDU","FDU"
"wbb","FGCU","FGCU"
"wbb","FIU","FIU"
"wbb","FLA","FLA"
"wbb","FLA. ATLANTIC","FAU"
"wbb","FLORIDA","FLA"
"wbb","FLORIDA A&M","FAMU"
"wbb","FLORIDA A&M RATTLERS","FAMU"
"wbb","FLORIDA ATLANTIC","FAU"
"wbb","FLORIDA ATLANTIC OWLS","FAU"
"wbb","FLORIDA GATORS","FLA"
"wbb","FLORIDA GULF COAST","FGCU"
"wbb","FLORIDA GULF COAST EAGLES","FGCU"
"wbb","FLORIDA INTERNATIONAL","FIU"
"wbb","FLORIDA INTERNATIONAL PANTHERS","FIU"
"wbb","FLORIDA ST","FSU"
"wbb","FLORIDA ST.","FSU"
"wbb","FLORIDA STATE","FSU"
"wbb","FLORIDA STATE SEMINOLES","FSU"
"wbb","FOR","FOR"
"wbb","FORDHAM","FOR"
"wbb","FORDHAM RAMS","FOR"
"wbb","FRES","FRES"
"wbb","FRESNO ST","FRES"
"wbb","FRESNO ST.","FRES"
"wbb","FRESNO STATE","FRES"
"wbb","FRESNO STATE BULLDOGS","FRES"
"wbb","FSU","FSU"
"wbb","FULLERTON","CSUF"
"wbb","FUR","FUR"
"wbb","FURMAN","FUR"
"wbb","FURMAN PALADINS","FUR"
"wbb","G WASHINGTON","GW"
"wbb","GA SOUTHERN","GASO"
"wbb","GA. SOUTHERN","GASO"
"wbb","GARDNER WEBB","GWEB"
"wbb","GARDNER-WEBB","GWEB"
"wbb","GARDNER-WEBB RUNNIN' BULLDOGS","GWEB"
"wbb","GASO","GASO"
"wbb","GAST","GAST"
"wbb","GB","GB"
"wbb","GCU","GCU"
"wbb","GEORGE MASON","GMU"
"wbb","GEORGE MASON PATRIOTS","GMU"
"wbb","GEORGE WASHINGTON","GW"
"wbb","GEORGE WASHINGTON REVOLUTIONARIES","GW"
"wbb","GEORGETOWN","GTWN"
"wbb","GEORGETOWN HOYAS","GTWN"
"wbb","GEORGIA","UGA"
"wbb","GEORGIA LADY BULLDOGS","UGA"
"wbb","GEORGIA SOUTHERN","GASO"
"wbb","GEORGIA SOUTHERN EAGLES","GASO"
"wbb","GEORGIA ST","GAST"
"wbb","GEORGIA ST.","GAST"
"wbb","GEORGIA STATE","GAST"
"wbb","GEORGIA STATE PANTHERS","GAST"
"wbb","GEORGIA TECH","GT"
"wbb","GEORGIA TECH YELLOW JACKETS","GT"
"wbb","GMU","GMU"
"wbb","GONZ","GONZ"
"wbb","GONZAGA","GONZ"
"wbb","GONZAGA BULLDOGS","GONZ"
"wbb","GRAM","GRAM"
"wbb","GRAMBLING","GRAM"
"wbb","GRAMBLING LADY TIGERS","GRAM"
"wbb","GRAMBLING ST.","GRAM"
"wbb","GRAND CANYON","GCU"
"wbb","GRAND CANYON LOPES","GCU"
"wbb","GREEN BAY","GB"
"wbb","GREEN BAY PHOENIX","GB"
"wbb","GT","GT"
"wbb","GTWN","GTWN"
"wbb","GW","GW"
"wbb","GWEB","GWEB"
"wbb","HALL","HALL"
"wbb","HAMP","HAMP"
"wbb","HAMPTON","HAMP"
"wbb","HAMPTON LADY PIRATES","HAMP"
"wbb","HARV","HARV"
"wbb","HARVARD","HARV"
"wbb","HARVARD CRIMSON","HARV"
"wbb","HAW","HAW"
"wbb","HAWAI'I","HAW"
"wbb","HAWAI'I RAINBOW WARRIORS","HAW"
"wbb","HAWAII","HAW"
"wbb","HC","HC"
"wbb","HCU","HCU"
"wbb","HIGH POINT","HPU"
"wbb","HIGH POINT PANTHERS","HPU"
"wbb","HOF","HOF"
"wbb","HOFSTRA","HOF"
"wbb","HOFSTRA PRIDE","HOF"
"wbb","HOLY CROSS","HC"
"wbb","HOLY CROSS CRUSADERS","HC"
"wbb","HOR","Horizon"
"wbb","HORIZON","Horizon"
"wbb","HORIZON LEAGUE","Horizon"
"wbb","HORZ","Horizon"
"wbb","HOU","HOU"
"wbb","HOU CHRISTIAN","HCU"
"wbb","HOUSTON","HOU"
"wbb","HOUSTON BAPTIST","HCU"
"wbb","HOUSTON CHRISTIAN","HCU"
"wbb","HOUSTON CHRISTIAN HUSKIES","HCU"
"wbb","HOUSTON COUGARS","HOU"
"wbb","HOW","HOW"
"wbb","HOWARD","HOW"
"wbb","HOWARD BISON","HOW"
"wbb","HPU","HPU"
"wbb","IDAHO","IDHO"
"wbb","IDAHO ST","IDST"
"wbb","IDAHO ST.","IDST"
"wbb","IDAHO STATE","IDST"
"wbb","IDAHO STATE BENGALS","IDST"
"wbb","IDAHO VANDALS","IDHO"
"wbb","IDHO","IDHO"
"wbb","IDST","IDST"
"wbb","ILL","ILL"
"wbb","ILLINOIS","ILL"
"wbb","ILLINOIS CHICAGO","UIC"
"wbb","ILLINOIS FIGHTING ILLINI","ILL"
"wbb","ILLINOIS ST","ILST"
"wbb","ILLINOIS ST.","ILST"
"wbb","ILLINOIS STATE","ILST"
"wbb","ILLINOIS STATE REDBIRDS","ILST"
"wbb","ILLINOIS-CHICAGO","UIC"
"wbb","ILST","ILST"
"wbb","INCARNATE WORD","UIW"
"wbb","INCARNATE WORD CARDINALS","UIW"
"wbb","INDIANA","IU"
"wbb","INDIANA HOOSIERS","IU"
"wbb","INDIANA ST","INST"
"wbb","INDIANA ST.","INST"
"wbb","INDIANA STATE","INST"
"wbb","INDIANA STATE SYCAMORES","INST"
"wbb","INST","INST"
"wbb","IONA","IONA"
"wbb","IONA GAELS","IONA"
"wbb","IOWA","IOWA"
"wbb","IOWA HAWKEYES","IOWA"
"wbb","IOWA ST.","ISU"
"wbb","IOWA STATE","ISU"
"wbb","IOWA STATE CYCLONES","ISU"
"wbb","ISU","ISU"
"wbb","IU","IU"
"wbb","IU INDIANAPOLIS","IUIN"
"wbb","IU INDIANAPOLIS JAGUARS","IUIN"
"wbb","IU INDY","IUIN"
"wbb","IUIN","IUIN"
"wbb","IUPUI","IUIN"
"wbb","IVY","Ivy"
"wbb","IVY LEAGUE","Ivy"
"wbb","JACKSON ST","JKST"
"wbb","JACKSON ST.","JKST"
"wbb","JACKSON STATE","JKST"
"wbb","JACKSON STATE LADY TIGERS","JKST"
"wbb","JACKSONVILLE","JAX"
"wbb","JACKSONVILLE DOLPHINS","JAX"
"wbb","JACKSONVILLE ST.","JXST"
"wbb","JACKSONVILLE STATE","JXST"
"wbb","JACKSONVILLE STATE GAMECOCKS","JXST"
"wbb","JAMES MADISON","JMU"
"wbb","JAMES MADISON DUKES","JMU"
"wbb","JAX","JAX"
"wbb","JAX STATE","JXST"
"wbb","JKST","JKST"
"wbb","JMU","JMU"
"wbb","JOES","JOES"
"wbb","JXST","JXST"
"wbb","KANSAS","KU"
"wbb","KANSAS CITY","KC"
"wbb","KANSAS CITY ROOS","KC"
"wbb","KANSAS JAYHAWKS","KU"
"wbb","KANSAS ST","KSU"
"wbb","KANSAS ST.","KSU"
"wbb","KANSAS STATE","KSU"
"wbb","KANSAS STATE WILDCATS","KSU"
"wbb","KC","KC"
"wbb","KENN","KENN"
"wbb","KENNESAW ST","KENN"
"wbb","KENNESAW ST.","KENN"
"wbb","KENNESAW STATE","KENN"
"wbb","KENNESAW STATE OWLS","KENN"
"wbb","KENT","KENT"
"wbb","KENT ST.","KENT"
"wbb","KENT STATE","KENT"
"wbb","KENT STATE GOLDEN FLASHES","KENT"
"wbb","KENTUCKY","UK"
"wbb","KENTUCKY WILDCATS","UK"
"wbb","KSU","KSU"
"wbb","KU","KU"
"wbb","L-MD","L-MD"
"wbb","LA SALLE","LAS"
"wbb","LA SALLE EXPLORERS","LAS"
"wbb","LAF","LAF"
"wbb","LAFAYETTE","LAF"
"wbb","LAFAYETTE LEOPARDS","LAF"
"wbb","LAM","LAM"
"wbb","LAMAR","LAM"
"wbb","LAMAR CARDINALS","LAM"
"wbb","LAMAR UNIVERSITY","LAM"
"wbb","LAND","Southland"
"wbb","LAS","LAS"
"wbb","LBSU","LBSU"
"wbb","LE MOYNE","LEM"
"wbb","LE MOYNE DOLPHINS","LEM"
"wbb","LEH","LEH"
"wbb","LEHIGH","LEH"
"wbb","LEHIGH MOUNTAIN HAWKS","LEH"
"wbb","LEM","LEM"
"wbb","LIB","LIB"
"wbb","LIBERTY","LIB"
"wbb","LIBERTY FLAMES","LIB"
"wbb","LIN","LIN"
"wbb","LINDENWOOD","LIN"
"wbb","LINDENWOOD LIONS","LIN"
"wbb","LIP","LIP"
"wbb","LIPSCOMB","LIP"
"wbb","LIPSCOMB BISONS","LIP"
"wbb","LITTLE ROCK","LR"
"wbb","LITTLE ROCK TROJANS","LR"
"wbb","LIU","LIU"
"wbb","LIU BROOKLYN","LIU"
"wbb","LMU","LMU"
"wbb","LMU (CA)","LMU"
"wbb","LONG","LONG"
"wbb","LONG BEACH ST","LBSU"
"wbb","LONG BEACH ST.","LBSU"
"wbb","LONG BEACH STATE","LBSU"
"wbb","LONG BEACH STATE BEACH","LBSU"
"wbb","LONG ISLAND","LIU"
"wbb","LONG ISLAND UNIVERSITY","LIU"
"wbb","LONG ISLAND UNIVERSITY SHARKS","LIU"
"wbb","LONGWOOD","LONG"
"wbb","LONGWOOD LANCERS","LONG"
"wbb","LOU","LOU"
"wbb","LOUISIANA","UL"
"wbb","LOUISIANA MONROE","ULM"
"wbb","LOUISIANA RAGIN' CAJUNS","UL"
"wbb","LOUISIANA STATE","LSU"
"wbb","LOUISIANA TECH","LT"
"wbb","LOUISIANA TECH BULLDOGS","LT"
"wbb","LOUISIANA-MONROE","ULM"
"wbb","LOUISVILLE","LOU"
"wbb","LOUISVILLE CARDINALS","LOU"
"wbb","LOYOLA (IL)","LUC"
"wbb","LOYOLA (MD)","L-MD"
"wbb","LOYOLA CHICAGO","LUC"
"wbb","LOYOLA CHICAGO RAMBLERS","LUC"
"wbb","LOYOLA MARYLAND","L-MD"
"wbb","LOYOLA MARYLAND GREYHOUNDS","L-MD"
"wbb","LOYOLA MARYMOUNT","LMU"
"wbb","LOYOLA MARYMOUNT LIONS","LMU"
"wbb","LOYOLA MD","L-MD"
"wbb","LR","LR"
"wbb","LSU","LSU"
"wbb","LSU N ORLEANS","NOLA"
"wbb","LSU NEW ORLEANS","NOLA"
"wbb","LSU NEW ORLEANS PRIVATEERS","NOLA"
"wbb","LSU TIGERS","LSU"
"wbb","LT","LT"
"wbb","LUC","LUC"
"wbb","M-OH","M-OH"
"wbb","MAAC","MAAC"
"wbb","MAC","MAC"
"wbb","MAINE","ME"
"wbb","MAINE BLACK BEARS","ME"
"wbb","MAN","MAN"
"wbb","MANHATTAN","MAN"
"wbb","MANHATTAN JASPERS","MAN"
"wbb","MARIST","MRST"
"wbb","MARIST RED FOXES","MRST"
"wbb","MARQ","MARQ"
"wbb","MARQUETTE","MARQ"
"wbb","MARQUETTE GOLDEN EAGLES","MARQ"
"wbb","MARSHALL","MRSH"
"wbb","MARSHALL THUNDERING HERD","MRSH"
"wbb","MARYLAND","MD"
"wbb","MARYLAND EASTERN SHORE","UMES"
"wbb","MARYLAND EASTERN SHORE HAWKS","UMES"
"wbb","MARYLAND TERRAPINS","MD"
"wbb","MARYLAND-EASTERN SHORE","UMES"
"wbb","MASS","MASS"
"wbb","MASSACHUSETTS","MASS"
"wbb","MASSACHUSETTS MINUTEWOMEN","MASS"
"wbb","MASSACHUSETTS-LOWELL","UML"
"wbb","MCC","Horizon"
"wbb","MCN","MCN"
"wbb","MCNEESE","MCN"
"wbb","MCNEESE COWGIRLS","MCN"
"wbb","MCNEESE ST.","MCN"
"wbb","MD","MD"
"wbb","MD EASTERN","UMES"
"wbb","ME","ME"
"wbb","MEAC","MEAC"
"wbb","MEM","MEM"
"wbb","MEMPHIS","MEM"
"wbb","MEMPHIS TIGERS","MEM"
"wbb","MER","MER"
"wbb","MERC","MERC"
"wbb","MERCER","MER"
"wbb","MERCER BEARS","MER"
"wbb","MERCYHURST","MERC"
"wbb","MERCYHURST LAKERS","MERC"
"wbb","MERRIMACK","MRMK"
"wbb","MERRIMACK WARRIORS","MRMK"
"wbb","METRO","MAAC"
"wbb","METRO ATLANTIC ATHLETIC CONFERENCE","MAAC"
"wbb","METRO CONFERENCE","MAAC"
"wbb","MIA","MIA"
"wbb","MIAMI","MIA"
"wbb","MIAMI (FL)","MIA"
"wbb","MIAMI (OH)","M-OH"
"wbb","MIAMI (OH) REDHAWKS","M-OH"
"wbb","MIAMI FL","MIA"
"wbb","MIAMI HURRICANES","MIA"
"wbb","MIAMI OH","M-OH"
"wbb","MICH","MICH"
"wbb","MICHIGAN","MICH"
"wbb","MICHIGAN ST","MSU"
"wbb","MICHIGAN ST.","MSU"
"wbb","MICHIGAN STATE","MSU"
"wbb","MICHIGAN STATE SPARTANS","MSU"
"wbb","MICHIGAN WOLVERINES","MICH"
"wbb","MID-AMERICAN","MAC"
"wbb","MID-AMERICAN CONFERENCE","MAC"
"wbb","MID-CON","Summit"
"wbb","MID-CONTINENT CONFERENCE","Summit"
"wbb","MID-EASTERN ATHLETIC CONFERENCE","MEAC"
"wbb","MIDAM","MAC"
"wbb","MIDDLE TENN.","MTSU"
"wbb","MIDDLE TENNESSEE","MTSU"
"wbb","MIDDLE TENNESSEE BLUE RAIDERS","MTSU"
"wbb","MIDWESTERN COLLEGIATE CONFERENCE","Horizon"
"wbb","MILW","MILW"
"wbb","MILWAUKEE","MILW"
"wbb","MILWAUKEE PANTHERS","MILW"
"wbb","MINN","MINN"
"wbb","MINNESOTA","MINN"
"wbb","MINNESOTA GOLDEN GOPHERS","MINN"
"wbb","MISS","MISS"
"wbb","MISS VALLEY ST","MVSU"
"wbb","MISSISSIPPI","MISS"
"wbb","MISSISSIPPI ST","MSST"
"wbb","MISSISSIPPI ST.","MSST"
"wbb","MISSISSIPPI STATE","MSST"
"wbb","MISSISSIPPI STATE BULLDOGS","MSST"
"wbb","MISSISSIPPI VAL.","MVSU"
"wbb","MISSISSIPPI VALLEY ST.","MVSU"
"wbb","MISSISSIPPI VALLEY STATE","MVSU"
"wbb","MISSISSIPPI VALLEY STATE DEVILETTES","MVSU"
"wbb","MISSOURI","MIZ"
"wbb","MISSOURI ST","MOST"
"wbb","MISSOURI ST.","MOST"
"wbb","MISSOURI STATE","MOST"
"wbb","MISSOURI STATE LADY BEARS","MOST"
"wbb","MISSOURI TIGERS","MIZ"
"wbb","MISSOURI VALLEY","MVC"
"wbb","MISSOURI VALLEY CONFERENCE","MVC"
"wbb","MIZ","MIZ"
"wbb","MONM","MONM"
"wbb","MONMOUTH","MONM"
"wbb","MONMOUTH HAWKS","MONM"
"wbb","MONT","MONT"
"wbb","MONTANA","MONT"
"wbb","MONTANA LADY GRIZ","MONT"
"wbb","MONTANA ST","MTST"
"wbb","MONTANA ST.","MTST"
"wbb","MONTANA STATE","MTST"
"wbb","MONTANA STATE BOBCATS","MTST"
"wbb","MORE","MORE"
"wbb","MOREHEAD ST","MORE"
"wbb","MOREHEAD ST.","MORE"
"wbb","MOREHEAD STATE","MORE"
"wbb","MOREHEAD STATE EAGLES","MORE"
"wbb","MORG","MORG"
"wbb","MORGAN ST","MORG"
"wbb","MORGAN ST.","MORG"
"wbb","MORGAN STATE","MORG"
"wbb","MORGAN STATE LADY BEARS","MORG"
"wbb","MOST","MOST"
"wbb","MOUNT ST MARYS","MSM"
"wbb","MOUNT ST. MARY'S","MSM"
"wbb","MOUNT ST. MARY'S MOUNTAINEERS","MSM"
"wbb","MOUNTAIN WEST","Mountain West"
"wbb","MOUNTAIN WEST CONFERENCE","Mountain West"
"wbb","MRMK","MRMK"
"wbb","MRSH","MRSH"
"wbb","MRST","MRST"
"wbb","MSM","MSM"
"wbb","MSST","MSST"
"wbb","MSU","MSU"
"wbb","MTST","MTST"
"wbb","MTSU","MTSU"
"wbb","MUR","MUR"
"wbb","MURRAY ST","MUR"
"wbb","MURRAY ST.","MUR"
"wbb","MURRAY STATE","MUR"
"wbb","MURRAY STATE RACERS","MUR"
"wbb","MVC","MVC"
"wbb","MVSU","MVSU"
"wbb","MWC","Mountain West"
"wbb","MWEST","Mountain West"
"wbb","N ARIZONA","NAU"
"wbb","N COLORADO","UNCO"
"wbb","N DAKOTA ST","NDSU"
"wbb","N ILLINOIS","NIU"
"wbb","N KENTUCKY","NKU"
"wbb","N'WESTERN ST","NWST"
"wbb","N.C. A&T","NCAT"
"wbb","N.C. CENTRAL","NCCU"
"wbb","N.C. STATE","NCSU"
"wbb","NAU","NAU"
"wbb","NAVY","NAVY"
"wbb","NAVY MIDSHIPMEN","NAVY"
"wbb","NC A&T","NCAT"
"wbb","NC CENTRAL","NCCU"
"wbb","NC STATE","NCSU"
"wbb","NC STATE WOLFPACK","NCSU"
"wbb","NCAT","NCAT"
"wbb","NCCU","NCCU"
"wbb","NCSU","NCSU"
"wbb","ND","ND"
"wbb","NDSU","NDSU"
"wbb","NE","NE"
"wbb","NEAST","NEC"
"wbb","NEB","NEB"
"wbb","NEBRASKA","NEB"
"wbb","NEBRASKA CORNHUSKERS","NEB"
"wbb","NEBRASKA OMAHA","OMA"
"wbb","NEC","NEC"
"wbb","NEV","NEV"
"wbb","NEVADA","NEV"
"wbb","NEVADA WOLF PACK","NEV"
"wbb","NEVADA-LAS VEGAS","UNLV"
"wbb","NEW HAMPSHIRE","UNH"
"wbb","NEW HAMPSHIRE WILDCATS","UNH"
"wbb","NEW HAVEN","NHVN"
"wbb","NEW HAVEN CHARGERS","NHVN"
"wbb","NEW MEXICO","UNM"
"wbb","NEW MEXICO LOBOS","UNM"
"wbb","NEW MEXICO ST","NMSU"
"wbb","NEW MEXICO ST.","NMSU"
"wbb","NEW MEXICO STATE","NMSU"
"wbb","NEW MEXICO STATE AGGIES","NMSU"
"wbb","NEW ORLEANS","NOLA"
"wbb","NHVN","NHVN"
"wbb","NIA","NIA"
"wbb","NIAGARA","NIA"
"wbb","NIAGARA PURPLE EAGLES","NIA"
"wbb","NICH","NICH"
"wbb","NICHOLLS","NICH"
"wbb","NICHOLLS COLONELS","NICH"
"wbb","NICHOLLS ST.","NICH"
"wbb","NICHOLLS STATE","NICH"
"wbb","NIU","NIU"
"wbb","NJIT","NJIT"
"wbb","NJIT HIGHLANDERS","NJIT"
"wbb","NKU","NKU"
"wbb","NMSU","NMSU"
"wbb","NOLA","NOLA"
"wbb","NORF","NORF"
"wbb","NORFOLK ST","NORF"
"wbb","NORFOLK ST.","NORF"
"wbb","NORFOLK STATE","NORF"
"wbb","NORFOLK STATE SPARTANS","NORF"
"wbb","NORTH ALA.","UNA"
"wbb","NORTH ALABAMA","UNA"
"wbb","NORTH ALABAMA LIONS","UNA"
"wbb","NORTH CAROLINA","UNC"
"wbb","NORTH CAROLINA A&T","NCAT"
"wbb","NORTH CAROLINA A&T AGGIES","NCAT"
"wbb","NORTH CAROLINA CENTRAL","NCCU"
"wbb","NORTH CAROLINA CENTRAL EAGLES","NCCU"
"wbb","NORTH CAROLINA TAR HEELS","UNC"
"wbb","NORTH DAKOTA","UND"
"wbb","NORTH DAKOTA FIGHTING HAWKS","UND"
"wbb","NORTH DAKOTA ST.","NDSU"
"wbb","NORTH DAKOTA STATE","NDSU"
"wbb","NORTH DAKOTA STATE BISON","NDSU"
"wbb","NORTH FLORIDA","UNF"
"wbb","NORTH FLORIDA OSPREYS","UNF"
"wbb","NORTH TEXAS","UNT"
"wbb","NORTH TEXAS MEAN GREEN","UNT"
"wbb","NORTHEAST","NEC"
"wbb","NORTHEAST CONFERENCE","NEC"
"wbb","NORTHEASTERN","NE"
"wbb","NORTHEASTERN HUSKIES","NE"
"wbb","NORTHERN ARIZ.","NAU"
"wbb","NORTHERN ARIZONA","NAU"
"wbb","NORTHERN ARIZONA LUMBERJACKS","NAU"
"wbb","NORTHERN COLO.","UNCO"
"wbb","NORTHERN COLORADO","UNCO"
"wbb","NORTHERN COLORADO BEARS","UNCO"
"wbb","NORTHERN ILL.","NIU"
"wbb","NORTHERN ILLINOIS","NIU"
"wbb","NORTHERN ILLINOIS HUSKIES","NIU"
"wbb","NORTHERN IOWA","UNI"
"wbb","NORTHERN IOWA PANTHERS","UNI"
"wbb","NORTHERN KENTUCKY","NKU"
"wbb","NORTHERN KENTUCKY NORSE","NKU"
"wbb","NORTHERN KY.","NKU"
"wbb","NORTHWESTERN","NU"
"wbb","NORTHWESTERN ST.","NWST"
"wbb","NORTHWESTERN STATE","NWST"
"wbb","NORTHWESTERN STATE LADY DEMONS","NWST"
"wbb","NORTHWESTERN WILDCATS","NU"
"wbb","NOTRE DAME","ND"
"wbb","NOTRE DAME FIGHTING IRISH","ND"
"wbb","NU","NU"
"wbb","NWST","NWST"
"wbb","OAK","OAK"
"wbb","OAKLAND","OAK"
"wbb","OAKLAND GOLDEN GRIZZLIES","OAK"
"wbb","ODU","ODU"
"wbb","OHIO","OHIO"
"wbb","OHIO BOBCATS","OHIO"
"wbb","OHIO ST.","OSU"
"wbb","OHIO STATE","OSU"
"wbb","OHIO STATE BUCKEYES","OSU"
"wbb","OHIO VALLEY","OVC"
"wbb","OHIO VALLEY CONFERENCE","OVC"
"wbb","OKLAHOMA","OU"
"wbb","OKLAHOMA SOONERS","OU"
"wbb","OKLAHOMA ST","OKST"
"wbb","OKLAHOMA ST.","OKST"
"wbb","OKLAHOMA STATE","OKST"
"wbb","OKLAHOMA STATE COWGIRLS","OKST"
"wbb","OKST","OKST"
"wbb","OLD DOMINION","ODU"
"wbb","OLD DOMINION MONARCHS","ODU"
"wbb","OLE MISS","MISS"
"wbb","OLE MISS REBELS","MISS"
"wbb","OMA","OMA"
"wbb","OMAHA","OMA"
"wbb","OMAHA MAVERICKS","OMA"
"wbb","ORAL ROBERTS","ORU"
"wbb","ORAL ROBERTS GOLDEN EAGLES","ORU"
"wbb","ORE","ORE"
"wbb","OREGON","ORE"
"wbb","OREGON DUCKS","ORE"
"wbb","OREGON ST","ORST"
"wbb","OREGON ST.","ORST"
"wbb","OREGON STATE","ORST"
"wbb","OREGON STATE BEAVERS","ORST"
"wbb","ORST","ORST"
"wbb","ORU","ORU"
"wbb","OSU","OSU"
"wbb","OU","OU"
"wbb","OVC","OVC"
"wbb","PAC","PAC"
"wbb","PAC-10","Pac-12"
"wbb","PAC-12","Pac-12"
"wbb","PAC-12 CONFERENCE","Pac-12"
"wbb","PAC12","Pac-12"
"wbb","PACIFIC","PAC"
"wbb","PACIFIC TIGERS","PAC"
"wbb","PACIFIC-10 CONFERENCE","Pac-12"
"wbb","PAT","Patriot"
"wbb","PATRIOT","Patriot"
"wbb","PATRIOT LEAGUE","Patriot"
"wbb","PENN","PENN"
"wbb","PENN ST.","PSU"
"wbb","PENN STATE","PSU"
"wbb","PENN STATE LADY LIONS","PSU"
"wbb","PENNSYLVANIA","PENN"
"wbb","PENNSYLVANIA QUAKERS","PENN"
"wbb","PEPP","PEPP"
"wbb","PEPPERDINE","PEPP"
"wbb","PEPPERDINE WAVES","PEPP"
"wbb","PFW","PFW"
"wbb","PITT","PITT"
"wbb","PITTSBURGH","PITT"
"wbb","PITTSBURGH PANTHERS","PITT"
"wbb","PL","Patriot"
"wbb","PORT","PORT"
"wbb","PORTLAND","PORT"
"wbb","PORTLAND PILOTS","PORT"
"wbb","PORTLAND ST","PRST"
"wbb","PORTLAND ST.","PRST"
"wbb","PORTLAND STATE","PRST"
"wbb","PORTLAND STATE VIKINGS","PRST"
"wbb","PRAIRIE VIEW","PV"
"wbb","PRAIRIE VIEW A&M","PV"
"wbb","PRAIRIE VIEW A&M LADY PANTHERS","PV"
"wbb","PRES","PRES"
"wbb","PRESBYTERIAN","PRES"
"wbb","PRESBYTERIAN BLUE HOSE","PRES"
"wbb","PRIN","PRIN"
"wbb","PRINCETON","PRIN"
"wbb","PRINCETON TIGERS","PRIN"
"wbb","PROV","PROV"
"wbb","PROVIDENCE","PROV"
"wbb","PROVIDENCE FRIARS","PROV"
"wbb","PRST","PRST"
"wbb","PSU","PSU"
"wbb","PUR","PUR"
"wbb","PURDUE","PUR"
"wbb","PURDUE BOILERMAKERS","PUR"
"wbb","PURDUE FORT WAYNE","PFW"
"wbb","PURDUE FORT WAYNE MASTODONS","PFW"
"wbb","PURDUE FW","PFW"
"wbb","PV","PV"
"wbb","QUC","QUC"
"wbb","QUEENS","QUC"
"wbb","QUEENS (NC)","QUC"
"wbb","QUEENS UNIVERSITY","QUC"
"wbb","QUEENS UNIVERSITY ROYALS","QUC"
"wbb","QUIN","QUIN"
"wbb","QUINNIPIAC","QUIN"
"wbb","QUINNIPIAC BOBCATS","QUIN"
"wbb","RAD","RAD"
"wbb","RADFORD","RAD"
"wbb","RADFORD HIGHLANDERS","RAD"
"wbb","RGV","RGV"
"wbb","RHODE ISLAND","URI"
"wbb","RHODE ISLAND RAMS","URI"
"wbb","RICE","RICE"
"wbb","RICE OWLS","RICE"
"wbb","RICH","RICH"
"wbb","RICHMOND","RICH"
"wbb","RICHMOND SPIDERS","RICH"
"wbb","RID","RID"
"wbb","RIDER","RID"
"wbb","RIDER BRONCS","RID"
"wbb","RMU","RMU"
"wbb","ROBERT MORRIS","RMU"
"wbb","ROBERT MORRIS COLONIALS","RMU"
"wbb","RUTG","RUTG"
"wbb","RUTGERS","RUTG"
"wbb","RUTGERS SCARLET KNIGHTS","RUTG"
"wbb","S DAKOTA ST","SDST"
"wbb","S ILLINOIS","SIU"
"wbb","S INDIANA","USI"
"wbb","SAC","SAC"
"wbb","SACRAMENTO ST","SAC"
"wbb","SACRAMENTO ST.","SAC"
"wbb","SACRAMENTO STATE","SAC"
"wbb","SACRAMENTO STATE HORNETS","SAC"
"wbb","SACRED HEART","SHU"
"wbb","SACRED HEART PIONEERS","SHU"
"wbb","SAINT FRANCIS","SFPA"
"wbb","SAINT FRANCIS (PA)","SFPA"
"wbb","SAINT FRANCIS RED WOLVES","SFPA"
"wbb","SAINT JOSEPH'S","JOES"
"wbb","SAINT JOSEPH'S HAWKS","JOES"
"wbb","SAINT LOUIS","SLU"
"wbb","SAINT LOUIS BILLIKENS","SLU"
"wbb","SAINT MARY'S","SMC"
"wbb","SAINT MARY'S (CA)","SMC"
"wbb","SAINT MARY'S GAELS","SMC"
"wbb","SAINT PETER'S","SPU"
"wbb","SAINT PETER'S PEACOCKS","SPU"
"wbb","SAM","SAM"
"wbb","SAM HOUSTON","SHSU"
"wbb","SAM HOUSTON BEARKATS","SHSU"
"wbb","SAM HOUSTON ST.","SHSU"
"wbb","SAMFORD","SAM"
"wbb","SAMFORD BULLDOGS","SAM"
"wbb","SAN DIEGO","USD"
"wbb","SAN DIEGO ST","SDSU"
"wbb","SAN DIEGO ST.","SDSU"
"wbb","SAN DIEGO STATE","SDSU"
"wbb","SAN DIEGO STATE AZTECS","SDSU"
"wbb","SAN DIEGO TOREROS","USD"
"wbb","SAN FRANCISCO","SF"
"wbb","SAN FRANCISCO DONS","SF"
"wbb","SAN JOSE ST.","SJSU"
"wbb","SAN JOSÉ ST","SJSU"
"wbb","SAN JOSÉ STATE","SJSU"
"wbb","SAN JOSÉ STATE SPARTANS","SJSU"
"wbb","SANTA BARBARA","UCSB"
"wbb","SANTA CLARA","SCU"
"wbb","SANTA CLARA BRONCOS","SCU"
"wbb","SB","Sun Belt"
"wbb","SBU","SBU"
"wbb","SC","SC"
"wbb","SC STATE","SCST"
"wbb","SC UPSTATE","UPST"
"wbb","SCST","SCST"
"wbb","SCU","SCU"
"wbb","SDAK","SDAK"
"wbb","SDST","SDST"
"wbb","SDSU","SDSU"
"wbb","SE LOUISIANA","SELA"
"wbb","SE LOUISIANA LADY LIONS","SELA"
"wbb","SE MISSOURI","SEMO"
"wbb","SEA","SEA"
"wbb","SEATTLE","SEA"
"wbb","SEATTLE U","SEA"
"wbb","SEATTLE U REDHAWKS","SEA"
"wbb","SEC","SEC"
"wbb","SELA","SELA"
"wbb","SEMO","SEMO"
"wbb","SETON HALL","HALL"
"wbb","SETON HALL PIRATES","HALL"
"wbb","SF","SF"
"wbb","SF AUSTIN","SFA"
"wbb","SFA","SFA"
"wbb","SFPA","SFPA"
"wbb","SHSU","SHSU"
"wbb","SHU","SHU"
"wbb","SIE","SIE"
"wbb","SIENA","SIE"
"wbb","SIENA SAINTS","SIE"
"wbb","SIU","SIU"
"wbb","SIU EDWARDSVILLE","SIUE"
"wbb","SIU EDWARDSVILLE COUGARS","SIUE"
"wbb","SIUE","SIUE"
"wbb","SJSU","SJSU"
"wbb","SJU","SJU"
"wbb","SLND","Southland"
"wbb","SLU","SLU"
"wbb","SMC","SMC"
"wbb","SMU","SMU"
"wbb","SMU MUSTANGS","SMU"
"wbb","SOCON","SoCon"
"wbb","SOU","SOU"
"wbb","SOUTH ALABAMA","USA"
"wbb","SOUTH ALABAMA JAGUARS","USA"
"wbb","SOUTH CAROLINA","SC"
"wbb","SOUTH CAROLINA GAMECOCKS","SC"
"wbb","SOUTH CAROLINA ST.","SCST"
"wbb","SOUTH CAROLINA STATE","SCST"
"wbb","SOUTH CAROLINA STATE LADY BULLDOGS","SCST"
"wbb","SOUTH CAROLINA UPSTATE","UPST"
"wbb","SOUTH CAROLINA UPSTATE SPARTANS","UPST"
"wbb","SOUTH DAKOTA","SDAK"
"wbb","SOUTH DAKOTA COYOTES","SDAK"
"wbb","SOUTH DAKOTA ST.","SDST"
"wbb","SOUTH DAKOTA STATE","SDST"
"wbb","SOUTH DAKOTA STATE JACKRABBITS","SDST"
"wbb","SOUTH FLA.","USF"
"wbb","SOUTH FLORIDA","USF"
"wbb","SOUTH FLORIDA BULLS","USF"
"wbb","SOUTHEAST MISSOURI","SEMO"
"wbb","SOUTHEAST MISSOURI ST.","SEMO"
"wbb","SOUTHEAST MISSOURI STATE","SEMO"
"wbb","SOUTHEAST MISSOURI STATE REDHAWKS","SEMO"
"wbb","SOUTHEAST MO. ST.","SEMO"
"wbb","SOUTHEASTERN CONFERENCE","SEC"
"wbb","SOUTHEASTERN LA.","SELA"
"wbb","SOUTHEASTERN LOUISIANA","SELA"
"wbb","SOUTHERN","SOU"
"wbb","SOUTHERN CALIFORNIA","USC"
"wbb","SOUTHERN CONFERENCE","SoCon"
"wbb","SOUTHERN ILL.","SIU"
"wbb","SOUTHERN ILLINOIS","SIU"
"wbb","SOUTHERN ILLINOIS SALUKIS","SIU"
"wbb","SOUTHERN IND.","USI"
"wbb","SOUTHERN INDIANA","USI"
"wbb","SOUTHERN INDIANA SCREAMING EAGLES","USI"
"wbb","SOUTHERN JAGUARS","SOU"
"wbb","SOUTHERN METHODIST","SMU"
"wbb","SOUTHERN MISS","USM"
"wbb","SOUTHERN MISS LADY EAGLES","USM"
"wbb","SOUTHERN MISS.","USM"
"wbb","SOUTHERN MISSISSIPPI","USM"
"wbb","SOUTHERN U.","SOU"
"wbb","SOUTHERN UTAH","SUU"
"wbb","SOUTHERN UTAH THUNDERBIRDS","SUU"
"wbb","SOUTHLAND","Southland"
"wbb","SOUTHLAND CONFERENCE","Southland"
"wbb","SOUTHWESTERN ATHLETIC CONFERENCE","SWAC"
"wbb","SPU","SPU"
"wbb","ST BONAVENTURE","SBU"
"wbb","ST JOHN'S","SJU"
"wbb","ST THOMAS","STMN"
"wbb","ST. BONAVENTURE","SBU"
"wbb","ST. BONAVENTURE BONNIES","SBU"
"wbb","ST. JOHN'S","SJU"
"wbb","ST. JOHN'S (NY)","SJU"
"wbb","ST. JOHN'S RED STORM","SJU"
"wbb","ST. THOMAS","STMN"
"wbb","ST. THOMAS (MN)","STMN"
"wbb","ST. THOMAS TOMMIES","STMN"
"wbb","STAN","STAN"
"wbb","STANFORD","STAN"
"wbb","STANFORD CARDINAL","STAN"
"wbb","STBK","STBK"
"wbb","STEPHEN F. AUSTIN","SFA"
"wbb","STEPHEN F. AUSTIN LADYJACKS","SFA"
"wbb","STET","STET"
"wbb","STETSON","STET"
"wbb","STETSON HATTERS","STET"
"wbb","STMN","STMN"
"wbb","STO","STO"
"wbb","STONEHILL","STO"
"wbb","STONEHILL SKYHAWKS","STO"
"wbb","STONY BROOK","STBK"
"wbb","STONY BROOK SEAWOLVES","STBK"
"wbb","SUM","Summit"
"wbb","SUMM","Summit"
"wbb","SUMMIT","Summit"
"wbb","SUMMIT LEAGUE","Summit"
"wbb","SUN BELT","Sun Belt"
"wbb","SUN BELT CONFERENCE","Sun Belt"
"wbb","SUU","SUU"
"wbb","SWAC","SWAC"
"wbb","SYR","SYR"
"wbb","SYRACUSE","SYR"
"wbb","SYRACUSE ORANGE","SYR"
"wbb","TA&M","TA&M"
"wbb","TAAC","Atlantic Sun"
"wbb","TAMUCC","AMCC"
"wbb","TAR","TAR"
"wbb","TARLETON ST","TAR"
"wbb","TARLETON ST.","TAR"
"wbb","TARLETON STATE","TAR"
"wbb","TARLETON STATE TEXANS","TAR"
"wbb","TCU","TCU"
"wbb","TCU HORNED FROGS","TCU"
"wbb","TEM","TEM"
"wbb","TEMPLE","TEM"
"wbb","TEMPLE OWLS","TEM"
"wbb","TENN","TENN"
"wbb","TENNESSEE","TENN"
"wbb","TENNESSEE LADY VOLUNTEERS","TENN"
"wbb","TENNESSEE MARTIN","UTM"
"wbb","TENNESSEE ST","TNST"
"wbb","TENNESSEE ST.","TNST"
"wbb","TENNESSEE STATE","TNST"
"wbb","TENNESSEE STATE LADY TIGERS","TNST"
"wbb","TENNESSEE TECH","TNTC"
"wbb","TENNESSEE TECH GOLDEN EAGLES","TNTC"
"wbb","TENNESSEE-MARTIN","UTM"
"wbb","TEX","TEX"
"wbb","TEX. A&M-COMMERCE","ETAM"
"wbb","TEXAS","TEX"
"wbb","TEXAS A&M","TA&M"
"wbb","TEXAS A&M AGGIES","TA&M"
"wbb","TEXAS A&M CORPUS CHRIS","AMCC"
"wbb","TEXAS A&M-CC","AMCC"
"wbb","TEXAS A&M-CORPUS CHRISTI","AMCC"
"wbb","TEXAS A&M-CORPUS CHRISTI ISLANDERS","AMCC"
"wbb","TEXAS CHRISTIAN","TCU"
"wbb","TEXAS LONGHORNS","TEX"
"wbb","TEXAS SOUTHERN","TXSO"
"wbb","TEXAS SOUTHERN TIGERS","TXSO"
"wbb","TEXAS ST","TXST"
"wbb","TEXAS ST.","TXST"
"wbb","TEXAS STATE","TXST"
"wbb","TEXAS STATE BOBCATS","TXST"
"wbb","TEXAS TECH","TTU"
"wbb","TEXAS TECH LADY RAIDERS","TTU"
"wbb","TEXAS-RIO GRANDE VALLEY","RGV"
"wbb","THE SUMMIT LEAGUE","Summit"
"wbb","TLSA","TLSA"
"wbb","TNST","TNST"
"wbb","TNTC","TNTC"
"wbb","TOL","TOL"
"wbb","TOLEDO","TOL"
"wbb","TOLEDO ROCKETS","TOL"
"wbb","TOW","TOW"
"wbb","TOWSON","TOW"
"wbb","TOWSON TIGERS","TOW"
"wbb","TRANS AMERICA ATHLETIC CONFERENCE","Atlantic Sun"
"wbb","TROY","TROY"
"wbb","TROY TROJANS","TROY"
"wbb","TTU","TTU"
"wbb","TULANE","TULN"
"wbb","TULANE GREEN WAVE","TULN"
"wbb","TULN","TULN"
"wbb","TULSA","TLSA"
"wbb","TULSA GOLDEN HURRICANE","TLSA"
"wbb","TXSO","TXSO"
"wbb","TXST","TXST"
"wbb","UAB","UAB"
"wbb","UAB BLAZERS","UAB"
"wbb","UALB","UALB"
"wbb","UALBANY","UALB"
"wbb","UALBANY GREAT DANES","UALB"
"wbb","UAPB","UAPB"
"wbb","UC DAVIS","UCD"
"wbb","UC DAVIS AGGIES","UCD"
"wbb","UC IRVINE","UCI"
"wbb","UC IRVINE ANTEATERS","UCI"
"wbb","UC RIVERSIDE","UCR"
"wbb","UC RIVERSIDE HIGHLANDERS","UCR"
"wbb","UC SAN DIEGO","UCSD"
"wbb","UC SAN DIEGO TRITONS","UCSD"
"wbb","UC SANTA BARBARA","UCSB"
"wbb","UC SANTA BARBARA GAUCHOS","UCSB"
"wbb","UCD","UCD"
"wbb","UCF","UCF"
"wbb","UCF KNIGHTS","UCF"
"wbb","UCI","UCI"
"wbb","UCLA","UCLA"
"wbb","UCLA BRUINS","UCLA"
"wbb","UCONN","CONN"
"wbb","UCONN HUSKIES","CONN"
"wbb","UCR","UCR"
"wbb","UCSB","UCSB"
"wbb","UCSD","UCSD"
"wbb","UGA","UGA"
"wbb","UIC","UIC"
"wbb","UIC FLAMES","UIC"
"wbb","UIW","UIW"
"wbb","UK","UK"
"wbb","UL","UL"
"wbb","UL MONROE","ULM"
"wbb","UL MONROE WARHAWKS","ULM"
"wbb","ULM","ULM"
"wbb","UMASS","MASS"
"wbb","UMASS LOWELL","UML"
"wbb","UMASS LOWELL RIVER HAWKS","UML"
"wbb","UMBC","UMBC"
"wbb","UMBC RETRIEVERS","UMBC"
"wbb","UMES","UMES"
"wbb","UMKC","KC"
"wbb","UML","UML"
"wbb","UNA","UNA"
"wbb","UNC","UNC"
"wbb","UNC ASHEVILLE","UNCA"
"wbb","UNC ASHEVILLE BULLDOGS","UNCA"
"wbb","UNC GREENSBORO","UNCG"
"wbb","UNC GREENSBORO SPARTANS","UNCG"
"wbb","UNC WILMINGTON","UNCW"
"wbb","UNC WILMINGTON SEAHAWKS","UNCW"
"wbb","UNCA","UNCA"
"wbb","UNCG","UNCG"
"wbb","UNCO","UNCO"
"wbb","UNCW","UNCW"
"wbb","UND","UND"
"wbb","UNF","UNF"
"wbb","UNH","UNH"
"wbb","UNI","UNI"
"wbb","UNLV","UNLV"
"wbb","UNLV LADY REBELS","UNLV"
"wbb","UNM","UNM"
"wbb","UNO","NOLA"
"wbb","UNT","UNT"
"wbb","UPST","UPST"
"wbb","URI","URI"
"wbb","USA","USA"
"wbb","USC","USC"
"wbb","USC TROJANS","USC"
"wbb","USC UPSTATE","UPST"
"wbb","USD","USD"
"wbb","USF","USF"
"wbb","USI","USI"
"wbb","USM","USM"
"wbb","USU","USU"
"wbb","UT ARLINGTON","UTA"
"wbb","UT ARLINGTON MAVERICKS","UTA"
"wbb","UT MARTIN","UTM"
"wbb","UT MARTIN SKYHAWKS","UTM"
"wbb","UT RIO GRANDE","RGV"
"wbb","UT RIO GRANDE VALLEY","RGV"
"wbb","UT RIO GRANDE VALLEY VAQUEROS","RGV"
"wbb","UTA","UTA"
"wbb","UTAH","UTAH"
"wbb","UTAH ST.","USU"
"wbb","UTAH STATE","USU"
"wbb","UTAH STATE AGGIES","USU"
"wbb","UTAH TECH","UTU"
"wbb","UTAH TECH TRAILBLAZERS","UTU"
"wbb","UTAH UTES","UTAH"
"wbb","UTAH VALLEY","UVU"
"wbb","UTAH VALLEY WOLVERINES","UVU"
"wbb","UTC","UTC"
"wbb","UTEP","UTEP"
"wbb","UTEP MINERS","UTEP"
"wbb","UTM","UTM"
"wbb","UTRGV","RGV"
"wbb","UTSA","UTSA"
"wbb","UTSA ROADRUNNERS","UTSA"
"wbb","UTU","UTU"
"wbb","UVA","UVA"
"wbb","UVM","UVM"
"wbb","UVU","UVU"
"wbb","UWF","UWF"
"wbb","VAL","VAL"
"wbb","VALPARAISO","VAL"
"wbb","VALPARAISO BEACONS","VAL"
"wbb","VAN","VAN"
"wbb","VANDERBILT","VAN"
"wbb","VANDERBILT COMMODORES","VAN"
"wbb","VCU","VCU"
"wbb","VCU RAMS","VCU"
"wbb","VERMONT","UVM"
"wbb","VERMONT CATAMOUNTS","UVM"
"wbb","VILL","VILL"
"wbb","VILLANOVA","VILL"
"wbb","VILLANOVA WILDCATS","VILL"
"wbb","VIRGINIA","UVA"
"wbb","VIRGINIA CAVALIERS","UVA"
"wbb","VIRGINIA COMMONWEALTH","VCU"
"wbb","VIRGINIA TECH","VT"
"wbb","VIRGINIA TECH HOKIES","VT"
"wbb","VT","VT"
"wbb","W CAROLINA","WCU"
"wbb","W ILLINOIS","WIU"
"wbb","W MICHIGAN","WMU"
"wbb","W&M","W&M"
"wbb","WAC","WAC"
"wbb","WAG","WAG"
"wbb","WAGNER","WAG"
"wbb","WAGNER SEAHAWKS","WAG"
"wbb","WAKE","WAKE"
"wbb","WAKE FOREST","WAKE"
"wbb","WAKE FOREST DEMON DEACONS","WAKE"
"wbb","WASH","WASH"
"wbb","WASHINGTON","WASH"
"wbb","WASHINGTON HUSKIES","WASH"
"wbb","WASHINGTON ST","WSU"
"wbb","WASHINGTON ST.","WSU"
"wbb","WASHINGTON STATE","WSU"
"wbb","WASHINGTON STATE COUGARS","WSU"
"wbb","WCC","WCC"
"wbb","WCU","WCU"
"wbb","WEB","WEB"
"wbb","WEBER ST","WEB"
"wbb","WEBER ST.","WEB"
"wbb","WEBER STATE","WEB"
"wbb","WEBER STATE WILDCATS","WEB"
"wbb","WEST COAST","WCC"
"wbb","WEST COAST CONFERENCE","WCC"
"wbb","WEST FLORIDA","UWF"
"wbb","WEST FLORIDA ARGONAUTS","UWF"
"wbb","WEST GA.","WGA"
"wbb","WEST GEORGIA","WGA"
"wbb","WEST GEORGIA WOLVES","WGA"
"wbb","WEST VIRGINIA","WVU"
"wbb","WEST VIRGINIA MOUNTAINEERS","WVU"
"wbb","WESTERN ATHLETIC CONFERENCE","WAC"
"wbb","WESTERN CARO.","WCU"
"wbb","WESTERN CAROLINA","WCU"
"wbb","WESTERN CAROLINA CATAMOUNTS","WCU"
"wbb","WESTERN ILL.","WIU"
"wbb","WESTERN ILLINOIS","WIU"
"wbb","WESTERN ILLINOIS LEATHERNECKS","WIU"
"wbb","WESTERN KENTUCKY","WKU"
"wbb","WESTERN KENTUCKY LADY TOPPERS","WKU"
"wbb","WESTERN KY","WKU"
"wbb","WESTERN KY.","WKU"
"wbb","WESTERN MICH.","WMU"
"wbb","WESTERN MICHIGAN","WMU"
"wbb","WESTERN MICHIGAN BRONCOS","WMU"
"wbb","WGA","WGA"
"wbb","WICH","WICH"
"wbb","WICHITA ST","WICH"
"wbb","WICHITA ST.","WICH"
"wbb","WICHITA STATE","WICH"
"wbb","WICHITA STATE SHOCKERS","WICH"
"wbb","WILLIAM & MARY","W&M"
"wbb","WILLIAM & MARY TRIBE","W&M"
"wbb","WIN","WIN"
"wbb","WINTHROP","WIN"
"wbb","WINTHROP EAGLES","WIN"
"wbb","WIS","WIS"
"wbb","WISCONSIN","WIS"
"wbb","WISCONSIN BADGERS","WIS"
"wbb","WIU","WIU"
"wbb","WKU","WKU"
"wbb","WMU","WMU"
"wbb","WOF","WOF"
"wbb","WOFFORD","WOF"
"wbb","WOFFORD TERRIERS","WOF"
"wbb","WRIGHT ST","WRST"
"wbb","WRIGHT ST.","WRST"
"wbb","WRIGHT STATE","WRST"
"wbb","WRIGHT STATE RAIDERS","WRST"
"wbb","WRST","WRST"
"wbb","WSU","WSU"
"wbb","WVU","WVU"
"wbb","WYO","WYO"
"wbb","WYOMING","WYO"
"wbb","WYOMING COWGIRLS","WYO"
"wbb","XAV","XAV"
"wbb","XAVIER","XAV"
"wbb","XAVIER MUSKETEERS","XAV"
"wbb","YALE","YALE"
"wbb","YALE BULLDOGS","YALE"
"wbb","YOUNGSTOWN ST","YSU"
"wbb","YOUNGSTOWN ST.","YSU"
"wbb","YOUNGSTOWN STATE","YSU"
"wbb","YOUNGSTOWN STATE PENGUINS","YSU"
"wbb","YSU","YSU"
"wnba","ACES","LV"
"wnba","ATL","ATL"
"wnba","ATLANTA","ATL"
"wnba","ATLANTA DREAM","ATL"
"wnba","CHI","CHI"
"wnba","CHICAGO","CHI"
"wnba","CHICAGO SKY","CHI"
"wnba","CON","CON"
"wnba","CONN","CON"
"wnba","CONNECTICUT","CON"
"wnba","CONNECTICUT SUN","CON"
"wnba","DAL","DAL"
"wnba","DALLAS","DAL"
"wnba","DALLAS WINGS","DAL"
"wnba","DREAM","ATL"
"wnba","FEVER","IND"
"wnba","FIRE","POR"
"wnba","GOLDEN STATE","GS"
"wnba","GOLDEN STATE VALKYRIES","GS"
"wnba","GS","GS"
"wnba","GSV","GS"
"wnba","IND","IND"
"wnba","INDIANA","IND"
"wnba","INDIANA FEVER","IND"
"wnba","LA","LA"
"wnba","LAS","LA"
"wnba","LAS VEGAS","LV"
"wnba","LAS VEGAS ACES","LV"
"wnba","LIBERTY","NY"
"wnba","LOS ANGELES","LA"
"wnba","LOS ANGELES SPARKS","LA"
"wnba","LV","LV"
"wnba","LVA","LV"
"wnba","LYNX","MIN"
"wnba","MERCURY","PHX"
"wnba","MIN","MIN"
"wnba","MINNESOTA","MIN"
"wnba","MINNESOTA LYNX","MIN"
"wnba","MYSTICS","WSH"
"wnba","NEW YORK","NY"
"wnba","NEW YORK LIBERTY","NY"
"wnba","NY","NY"
"wnba","NYL","NY"
"wnba","PHO","PHX"
"wnba","PHOENIX","PHX"
"wnba","PHOENIX MERCURY","PHX"
"wnba","PHX","PHX"
"wnba","POR","POR"
"wnba","PORTLAND","POR"
"wnba","PORTLAND FIRE","POR"
"wnba","SEA","SEA"
"wnba","SEATTLE","SEA"
"wnba","SEATTLE STORM","SEA"
"wnba","SKY","CHI"
"wnba","SPARKS","LA"
"wnba","STORM","SEA"
"wnba","SUN","CON"
"wnba","TEMPO","TOR"
"wnba","TOR","TOR"
"wnba","TORONTO","TOR"
"wnba","TORONTO TEMPO","TOR"
"wnba","VALKYRIES","GS"
"wnba","WAS","WSH"
"wnba","WASHINGTON","WSH"
"wnba","WASHINGTON MYSTICS","WSH"
"wnba","WINGS","DAL"
"wnba","WSH","WSH"
